"Year","Plot","Tag","Xcoor","Ycoor","No.leaves","Stalk_Height","Leaf.length","No.umbels","umbel.diam","demo.note","plantid","trt","death_year","state","psurvival","life_st","pflower","proc.note","No.leavesT1","No.umbelsT1","pflowerT1","psurvivalT1","pflowerTminus1"
2021,4,1411,6,"G","3",NA,19,0,NA,"","1411_4","irrigated",NA,"alive",1,"Vegetative",0,NA,"3",2,1,1,NA
2022,4,1411,6,"G","3",48,19,2,"SOS","","1411_4","irrigated",NA,"alive",1,"Flowering",1,NA,"4",3,1,1,0
2023,4,1411,6,"G","4",60,18,3,"SOS","","1411_4","irrigated",NA,"alive",1,"Flowering",1,NA,"3",1,1,1,1
2024,4,1411,6,"G","3",37,17,1,"4","","1411_4","irrigated",NA,"alive",1,"Flowering",1,NA,"4",1,1,1,1
2025,4,1411,6,"G","4",38,20,1,"6","","1411_4","irrigated",NA,"alive",1,"Flowering",1,NA,NA,NA,NA,NA,1
2021,5,5022,8,"F","2",NA,12,0,NA,"","2055_5","drought",NA,"alive",1,"Vegetative",0,NA,"3",1,1,1,NA
2022,5,5022,8,"F","3",21,13,1,"3","Tag is 5022","2055_5","drought",NA,"alive",1,"Flowering",1,NA,"1",1,1,1,0
2023,5,5022,8,"F","1",29,14,1,"4","tag is 5022","2055_5","drought",NA,"alive",1,"Flowering",1,NA,"2",1,1,1,1
2024,5,5022,8,"F","2",7,NA,1,"1.5","longest leaf gone; second longest 1cm; tag is 5022","2055_5","drought",NA,"alive",1,"Flowering",1,NA,"1",0,0,1,1
2025,5,5022,8,"F","1",NA,17,0,NA,"tag is 5022","2055_5","drought",NA,"alive",1,"Vegetative",0,NA,NA,NA,NA,NA,1
2016,14,2107,13,"A","3",NA,6,0,NA,"","2107_14","drought",NA,"alive",1,"Vegetative",0,NA,NA,NA,NA,NA,NA
2021,4,2230,10,"J","3",33,19.5,2,"SOS","","2230_4","irrigated",NA,"alive",1,"Flowering",1,NA,"4",3,1,1,NA
2022,4,2230,10,"J","4",36.5,22.5,3,"SOS","","2230_4","irrigated",NA,"alive",1,"Flowering",1,NA,"5",3,1,1,1
2023,4,2230,10,"J","5",49,23,3,"SOS","","2230_4","irrigated",NA,"alive",1,"Flowering",1,NA,"3",0,0,1,1
2024,4,2230,10,"J","3",NA,25,0,NA,"","2230_4","irrigated",NA,"alive",1,"Vegetative",0,NA,"7",3,1,1,1
2025,4,2230,10,"J","7",37.5,25,3,"10.5","","2230_4","irrigated",NA,"alive",1,"Flowering",1,NA,NA,NA,NA,NA,0
2016,14,2928,17,"B","1",NA,7.1,0,NA,"","2928_14","drought",NA,"alive",1,"Vegetative",0,NA,NA,NA,NA,NA,NA
2016,5,3001,16,"I","4",NA,8.3,1,"1","","3001_5","drought",2017,"alive",1,"Flowering",1,NA,"0",NA,NA,0,NA
2017,5,3001,16,"I","0",NA,NA,NA,NA,"No plant/dead?","3001_5","drought",2017,"dead",0,"Dead",NA,NA,NA,NA,NA,NA,1
2016,12,3002,3,"B","5",NA,7.4,0,NA,"","3002_12","irrigated",NA,"alive",1,"Vegetative",0,NA,"1",2,1,1,NA
2017,12,3002,3,"B","1",NA,7,2,"2.5","","3002_12","irrigated",NA,"alive",1,"Flowering",1,NA,"2",0,0,1,0
2018,12,3002,3,"B","2",12.5,12.5,0,NA,"","3002_12","irrigated",NA,"alive",1,"Vegetative",0,NA,"4",2,1,1,1
2019,12,3002,3,"B","4",24,12,2,"4","","3002_12","irrigated",NA,"alive",1,"Flowering",1,NA,"2",0,0,1,0
2020,12,3002,3,"B","2",NA,13.2,0,NA,"","3002_12","irrigated",NA,"alive",1,"Vegetative",0,NA,"3",0,0,1,1
2021,12,3002,3,"B","3",NA,17.5,0,NA,"","3002_12","irrigated",NA,"alive",1,"Vegetative",0,NA,"7",3,1,1,0
2022,12,3002,3,"B","7",32,16.5,3,"SOS","","3002_12","irrigated",NA,"alive",1,"Flowering",1,NA,"1",0,0,1,0
2023,12,3002,3,"B","1",NA,18,0,NA,"","3002_12","irrigated",NA,"alive",1,"Vegetative",0,NA,"3",1,1,1,1
2024,12,3002,3,"B","3",41,15.5,1,"7","","3002_12","irrigated",NA,"alive",1,"Flowering",1,NA,"3",0,0,1,0
2025,12,3002,3,"B","3",NA,29,0,NA,"","3002_12","irrigated",NA,"alive",1,"Vegetative",0,NA,NA,NA,NA,NA,1
2017,5,3003,10,"C","2",NA,10,1,"2.5","","3003_5","drought",2021,"alive",1,"Flowering",1,NA,"1",0,0,1,NA
2018,5,3003,10,"C","1",11.5,11.5,0,NA,"","3003_5","drought",2021,"alive",1,"Vegetative",0,NA,"1",0,0,1,1
2019,5,3003,10,"C","1",NA,8,0,NA,"","3003_5","drought",2021,"alive",1,"Vegetative",0,NA,NA,NA,NA,NA,0
2020,5,3003,10,"C",NA,NA,NA,NA,NA,"","3003_5","drought",2021,NA,NA,NA,NA,NA,"0",NA,NA,0,0
2021,5,3003,10,"C","0",NA,NA,NA,NA,"NP","3003_5","drought",2021,"dead",0,"Dead",NA,NA,NA,NA,NA,NA,NA
2021,14,3004,0,"A","1",NA,12,0,NA,"","3004_14","drought",NA,"alive",1,"Vegetative",0,NA,"4",3,1,1,NA
2022,14,3004,0,"A","4",64.5,26,3,"SOS","one umbel eaten ","3004_14","drought",NA,"alive",1,"Flowering",1,NA,"1",0,0,1,0
2023,14,3004,0,"A","1",NA,20,0,NA,"","3004_14","drought",NA,"alive",1,"Vegetative",0,NA,"1",0,0,1,1
2024,14,3004,0,"A","1",NA,16,0,NA,"sticking up out of moss","3004_14","drought",NA,"alive",1,"Vegetative",0,NA,"1",0,0,1,0
2025,14,3004,0,"A","1",NA,17,0,NA,"sticking up out of moss","3004_14","drought",NA,"alive",1,"Vegetative",0,NA,NA,NA,NA,NA,0
2016,6,3005,18,"E","13",NA,8.1,3,"4","Dead leaves, 2 stems","3005_6","irrigated",NA,"alive",1,"Flowering",1,NA,"2",1,1,1,NA
2017,6,3005,18,"E","2",NA,10.5,1,"3","","3005_6","irrigated",NA,"alive",1,"Flowering",1,NA,"2",1,1,1,1
2018,6,3005,18,"E","2",16,13.5,1,"2.3","","3005_6","irrigated",NA,"alive",1,"Flowering",1,NA,"1",1,1,1,1
2019,6,3005,18,"E","1",12,9,1,"1.5","","3005_6","irrigated",NA,"alive",1,"Flowering",1,NA,"1",1,1,1,1
2020,6,3005,18,"E","1",19.5,10.2,1,"2.2","","3005_6","irrigated",NA,"alive",1,"Flowering",1,NA,"1",0,0,1,1
2021,6,3005,18,"E","1",NA,14,0,NA,"","3005_6","irrigated",NA,"alive",1,"Vegetative",0,NA,"2",1,1,1,1
2022,6,3005,18,"E","2",24,13.5,1,"3.5"," ","3005_6","irrigated",NA,"alive",1,"Flowering",1,NA,"2",1,1,1,0
2023,6,3005,18,"E","2",30,18,1,"4","at some point we saw 4 umbels, but now there's only 1","3005_6","irrigated",NA,"alive",1,"Flowering",1,NA,"1",0,0,1,1
2024,6,3005,18,"E","1",NA,18,0,NA,"","3005_6","irrigated",NA,"alive",1,"Vegetative",0,NA,"1",1,1,1,1
2025,6,3005,18,"E","1",24,19,1,"3","","3005_6","irrigated",NA,"alive",1,"Flowering",1,NA,NA,NA,NA,NA,0
2018,15,3006,18,"B","3",23,23,0,NA,"","3006_15","drought",2024,"alive",1,"Vegetative",0,NA,"2",1,1,1,NA
2019,15,3006,18,"B","2",17,13,1,"1.5","","3006_15","drought",2024,"alive",1,"Flowering",1,NA,NA,NA,NA,NA,0
2020,15,3006,18,"B",NA,NA,NA,NA,NA,"","3006_15","drought",2024,NA,NA,NA,NA,NA,"3",1,1,1,1
2021,15,3006,18,"B","3",29.5,23.5,1,"3","","3006_15","drought",2024,"alive",1,"Flowering",1,NA,"3",1,1,1,NA
2022,15,3006,18,"B","3",37,25,1,"4","","3006_15","drought",2024,"alive",1,"Flowering",1,NA,"3",2,1,1,1
2023,15,3006,18,"B","3",64,20.5,2,"SOS","","3006_15","drought",2024,"alive",1,"Flowering",1,NA,"0",NA,NA,0,1
2024,15,3006,18,"B","0",NA,NA,NA,NA,"NP","3006_15","drought",2024,"dead",0,"Dead",NA,NA,NA,NA,NA,NA,1
2016,4,3007,4,"H","9",NA,6.4,0,NA,"","3007_4","irrigated",NA,"alive",1,"Vegetative",0,NA,"3",0,0,1,NA
2017,4,3007,4,"H","3",NA,12,0,NA,"","3007_4","irrigated",NA,"alive",1,"Vegetative",0,NA,"2",0,0,1,0
2018,4,3007,4,"H","2",13,13,0,NA,"","3007_4","irrigated",NA,"alive",1,"Vegetative",0,NA,NA,NA,NA,NA,0
2019,4,3007,4,"H",NA,NA,NA,NA,NA,"NPNT","3007_4","irrigated",NA,NA,NA,NA,NA,NA,"1",0,0,1,0
2020,4,3007,4,"H","1",NA,16.1,0,NA,"","3007_4","irrigated",NA,"alive",1,"Vegetative",0,NA,"1",0,0,1,NA
2021,4,3007,4,"H","1",NA,18,0,NA,"","3007_4","irrigated",NA,"alive",1,"Vegetative",0,NA,"3",1,1,1,0
2022,4,3007,4,"H","3",41,13.5,1,"5","","3007_4","irrigated",NA,"alive",1,"Flowering",1,NA,"1",0,0,1,0
2023,4,3007,4,"H","1",NA,26,0,NA,"","3007_4","irrigated",NA,"alive",1,"Vegetative",0,NA,"2",0,0,1,1
2024,4,3007,4,"H","2",NA,21,0,NA,"","3007_4","irrigated",NA,"alive",1,"Vegetative",0,NA,"2",0,0,1,0
2025,4,3007,4,"H","2",NA,25,0,NA,"","3007_4","irrigated",NA,"alive",1,"Vegetative",0,NA,NA,NA,NA,NA,0
2016,6,3008,4,"J","6",NA,7.8,1,"6.1","Dead leaves","3008_6","irrigated",NA,"alive",1,"Flowering",1,NA,"5",3,1,1,NA
2017,6,3008,4,"J","5",NA,12.5,3,"4","","3008_6","irrigated",NA,"alive",1,"Flowering",1,NA,"2",0,0,1,1
2018,6,3008,4,"J","2",12.5,12.5,0,NA,"","3008_6","irrigated",NA,"alive",1,"Vegetative",0,NA,"1",0,0,1,1
2019,6,3008,4,"J","1",NA,21.5,0,NA,"","3008_6","irrigated",NA,"alive",1,"Vegetative",0,NA,"1",0,0,1,0
2020,6,3008,4,"J","1",NA,15.5,0,NA,"","3008_6","irrigated",NA,"alive",1,"Vegetative",0,NA,"2",0,0,1,0
2021,6,3008,4,"J","2",NA,24.5,0,NA,"","3008_6","irrigated",NA,"alive",1,"Vegetative",0,NA,"2",1,1,1,0
2022,6,3008,4,"J","2",51,27,1,"7","","3008_6","irrigated",NA,"alive",1,"Flowering",1,NA,"3",2,1,1,0
2023,6,3008,4,"J","3",39,19,2,"SOS","","3008_6","irrigated",NA,"alive",1,"Flowering",1,NA,"2",1,1,1,1
2024,6,3008,4,"J","2",23,16.5,1,"4","","3008_6","irrigated",NA,"alive",1,"Flowering",1,NA,"0",NA,NA,NA,1
2025,6,3008,4,"J","0",NA,NA,NA,NA,"NP","3008_6","irrigated",NA,NA,NA,NA,NA,NA,NA,NA,NA,NA,1
2016,13,3009,17,"J","4",NA,7.6,1,"3.4","","3009_13","control",2020,"alive",1,"Flowering",1,NA,"5",1,1,1,NA
2017,13,3009,17,"J","5",NA,12.5,1,"2.5","","3009_13","control",2020,"alive",1,"Flowering",1,NA,"6",2,1,1,1
2018,13,3009,17,"J","6",11,9.5,2,"3.5","","3009_13","control",2020,"alive",1,"Flowering",1,NA,"5",1,1,1,1
2019,13,3009,17,"J","5",21,13.5,1,"3","","3009_13","control",2020,"alive",1,"Flowering",1,NA,"0",NA,NA,0,1
2020,13,3009,17,"J","0",NA,NA,NA,NA,"no plant","3009_13","control",2020,"dead",0,"Dead",NA,NA,NA,NA,NA,NA,1
2016,5,3010,14,"G","3",NA,3.9,0,NA,"","3010_5","drought",NA,"alive",1,"Vegetative",0,NA,"3",1,1,1,NA
2017,5,3010,14,"G","3",NA,13,1,"2.5","","3010_5","drought",NA,"alive",1,"Flowering",1,NA,"2",1,1,1,0
2018,5,3010,14,"G","2",15,11,1,"2.8","","3010_5","drought",NA,"alive",1,"Flowering",1,NA,"1",0,0,1,1
2019,5,3010,14,"G","1",NA,17.5,0,NA,"","3010_5","drought",NA,"alive",1,"Vegetative",0,NA,NA,NA,NA,NA,1
2020,5,3010,14,"G",NA,NA,NA,NA,NA,"","3010_5","drought",NA,NA,NA,NA,NA,NA,"1",0,0,1,0
2021,5,3010,14,"G","1",NA,5,0,NA,"","3010_5","drought",NA,"alive",1,"Vegetative",0,NA,"3",2,1,1,NA
2022,5,3010,14,"G","3",25,18,2,"SOS","","3010_5","drought",NA,"alive",1,"Flowering",1,NA,"5",3,1,1,0
2023,5,3010,14,"G","5",33,13,3,"SOS","","3010_5","drought",NA,"alive",1,"Flowering",1,NA,"5",2,1,1,1
2024,5,3010,14,"G","5",18,16,2,"6","","3010_5","drought",NA,"alive",1,"Flowering",1,NA,"4",1,1,1,1
2025,5,3010,14,"G","4",14,14,1,"3","","3010_5","drought",NA,"alive",1,"Flowering",1,NA,NA,NA,NA,NA,1
2016,4,3011,3,"H","3",NA,8.8,NA,NA,"","3011_4","irrigated",2022,"alive",1,NA,NA,NA,"4",1,1,1,NA
2017,4,3011,3,"H","4",NA,10,1,"2.5","","3011_4","irrigated",2022,"alive",1,"Flowering",1,NA,"1",0,0,1,NA
2018,4,3011,3,"H","1",10,10,0,"0","","3011_4","irrigated",2022,"alive",1,"Vegetative",0,NA,"1",0,0,1,1
2019,4,3011,3,"H","1",NA,10,0,NA,"","3011_4","irrigated",2022,"alive",1,"Vegetative",0,NA,"1",0,0,1,0
2020,4,3011,3,"H","1",NA,9.4,0,NA,"","3011_4","irrigated",2022,"alive",1,"Vegetative",0,NA,NA,NA,NA,NA,0
2021,4,3011,3,"H",NA,NA,NA,NA,NA,"NPNT","3011_4","irrigated",2022,NA,NA,NA,NA,NA,"0",NA,NA,0,0
2022,4,3011,3,"H","0",NA,NA,NA,NA,"NP. Tag pulled","3011_4","irrigated",2022,"dead",0,"Dead",NA,NA,NA,NA,NA,NA,NA
2021,1,3012,17,"G","1",NA,10,0,NA,"","3012_1","irrigated",NA,"alive",1,"Vegetative",0,NA,"1",0,0,1,NA
2022,1,3012,17,"G","1",NA,20,0,NA,"","3012_1","irrigated",NA,"alive",1,"Vegetative",0,NA,"1",1,1,1,0
2023,1,3012,17,"G","1",27,11.5,1,"3","","3012_1","irrigated",NA,"alive",1,"Flowering",1,NA,"1",1,1,1,0
2024,1,3012,17,"G","1",23.5,9,1,"2","","3012_1","irrigated",NA,"alive",1,"Flowering",1,NA,"0",NA,NA,NA,1
2025,1,3012,17,"G","0",NA,NA,NA,NA,"NP","3012_1","irrigated",NA,NA,NA,NA,NA,NA,NA,NA,NA,NA,1
2017,2,3013,3,"I","1",NA,9.5,0,NA,"","3013_2","control",NA,"alive",1,"Vegetative",0,NA,"2",0,0,1,NA
2018,2,3013,3,"I","2",13.5,13.5,0,NA,"","3013_2","control",NA,"alive",1,"Vegetative",0,NA,"1",0,0,1,0
2019,2,3013,3,"I","1",NA,8.5,0,NA,"","3013_2","control",NA,"alive",1,"Vegetative",0,NA,"1",0,0,1,0
2020,2,3013,3,"I","1",NA,9.8,0,NA,"","3013_2","control",NA,"alive",1,"Vegetative",0,NA,"2",0,0,1,0
2021,2,3013,3,"I","2",NA,12,0,NA,"","3013_2","control",NA,"alive",1,"Vegetative",0,NA,"1",1,1,1,0
2022,2,3013,3,"I","1",27,13,1,"3","","3013_2","control",NA,"alive",1,"Flowering",1,NA,"1",1,1,1,0
2023,2,3013,3,"I","1",13,23,1,NA,"dead umbel. Did not track phenology.","3013_2","control",NA,"alive",1,"Flowering",1,NA,"2",1,1,1,1
2024,2,3013,3,"I","2",30.5,12.5,1,"4","","3013_2","control",NA,"alive",1,"Flowering",1,NA,"0",NA,NA,NA,1
2025,2,3013,3,"I","0",NA,NA,NA,NA,"NP","3013_2","control",NA,NA,NA,NA,NA,NA,NA,NA,NA,NA,1
2016,15,3014,9,"I","8",NA,10.2,2,"1.5","","3014_15","drought",NA,"alive",1,"Flowering",1,NA,"8",3,1,1,NA
2017,15,3014,9,"I","8",NA,10,3,"2.5","","3014_15","drought",NA,"alive",1,"Flowering",1,NA,"3",0,0,1,1
2018,15,3014,9,"I","3",16,16,0,NA,"","3014_15","drought",NA,"alive",1,"Vegetative",0,NA,"4",0,0,1,1
2019,15,3014,9,"I","4",NA,13.5,0,NA,"","3014_15","drought",NA,"alive",1,"Vegetative",0,NA,"2",0,0,1,0
2020,15,3014,9,"I","2",NA,12.7,0,NA,"","3014_15","drought",NA,"alive",1,"Vegetative",0,NA,"5",2,1,1,0
2021,15,3014,9,"I","5",10,11,2,"SOS","","3014_15","drought",NA,"alive",1,"Flowering",1,NA,"6",2,1,1,0
2022,15,3014,9,"I","6",19.5,14,2,"SOS","","3014_15","drought",NA,"alive",1,"Flowering",1,NA,"7",5,1,1,1
2023,15,3014,9,"I","7",23,14,5,"SOS","","3014_15","drought",NA,"alive",1,"Flowering",1,NA,"5",4,1,1,1
2024,15,3014,9,"I","5",24.5,15.5,4,"5","two umbels are buds; counted not measured","3014_15","drought",NA,"alive",1,"Flowering",1,NA,"0",NA,NA,NA,1
2025,15,3014,9,"I","0",NA,NA,NA,NA,"NP","3014_15","drought",NA,NA,NA,NA,NA,NA,NA,NA,NA,NA,1
2017,3,3015,0,"F","2",NA,12.5,3,"4.5","","3015_3","control",NA,"alive",1,"Flowering",1,NA,"3",1,1,1,NA
2018,3,3015,0,"F","3",24,18.5,1,"2.5","","3015_3","control",NA,"alive",1,"Flowering",1,NA,"1",0,0,1,1
2019,3,3015,0,"F","1",NA,11,0,NA,"one leaf partially eaten","3015_3","control",NA,"alive",1,"Vegetative",0,NA,"0",NA,NA,1,1
2020,3,3015,0,"F","0",NA,NA,NA,NA,"no plant","3015_3","control",NA,"dormant",1,"Dormant",NA,NA,"2",0,0,1,0
2021,3,3015,0,"F","2",NA,14,0,NA,"","3015_3","control",NA,"alive",1,"Vegetative",0,NA,"3",1,1,1,NA
2022,3,3015,0,"F","3",34,17,1,"5","","3015_3","control",NA,"alive",1,"Flowering",1,NA,"6",3,1,1,0
2023,3,3015,0,"F","6",45,20,3,"SOS","","3015_3","control",NA,"alive",1,"Flowering",1,NA,"4",2,1,1,1
2024,3,3015,0,"F","4",41.5,24,2,"8","","3015_3","control",NA,"alive",1,"Flowering",1,NA,"2",1,1,1,1
2025,3,3015,0,"F","2",26,22,1,"3.5","","3015_3","control",NA,"alive",1,"Flowering",1,NA,NA,NA,NA,NA,1
2016,15,3017,7,"G","3",NA,12,1,"2.8","","3017_15","drought",NA,"alive",1,"Flowering",1,NA,"8",4,1,1,NA
2017,15,3017,7,"G","8",NA,12,4,"3.5","","3017_15","drought",NA,"alive",1,"Flowering",1,NA,"4",2,1,1,1
2018,15,3017,7,"G","4",24,13,2,"2.4","","3017_15","drought",NA,"alive",1,"Flowering",1,NA,"2",1,1,1,1
2019,15,3017,7,"G","2",16.5,11,1,"2","","3017_15","drought",NA,"alive",1,"Flowering",1,NA,"1",0,0,1,1
2020,15,3017,7,"G","1",NA,15.2,0,NA,"","3017_15","drought",NA,"alive",1,"Vegetative",0,NA,"2",0,0,1,1
2021,15,3017,7,"G","2",NA,16,0,NA,"","3017_15","drought",NA,"alive",1,"Vegetative",0,NA,"6",2,1,1,0
2022,15,3017,7,"G","6",36,19,2,"SOS","","3017_15","drought",NA,"alive",1,"Flowering",1,NA,"4",3,1,1,0
2023,15,3017,7,"G","4",39,16,3,"SOS","1 umbel dead","3017_15","drought",NA,"alive",1,"Flowering",1,NA,"3",2,1,1,1
2024,15,3017,7,"G","3",32,16,2,"5","","3017_15","drought",NA,"alive",1,"Flowering",1,NA,"3",0,0,1,1
2025,15,3017,7,"G","3",NA,15,0,NA,"","3017_15","drought",NA,"alive",1,"Vegetative",0,NA,NA,NA,NA,NA,1
2017,13,3018,10,"G","2",NA,13,2,"4","","3018_13","control",NA,"alive",1,"Flowering",1,NA,"3",1,1,1,NA
2018,13,3018,10,"G","3",9.5,10.5,1,"2.4","","3018_13","control",NA,"alive",1,"Flowering",1,NA,"4",2,1,1,1
2019,13,3018,10,"G","4",21,15.5,2,"4.5","one leaf pulled off","3018_13","control",NA,"alive",1,"Flowering",1,NA,NA,NA,NA,NA,1
2020,13,3018,10,"G",NA,NA,NA,NA,NA,"","3018_13","control",NA,NA,NA,NA,NA,NA,"3",1,1,1,1
2021,13,3018,10,"G","3",20,15.5,1,"3.5","","3018_13","control",NA,"alive",1,"Flowering",1,NA,"4",3,1,1,NA
2022,13,3018,10,"G","4",36,13,3,"SOS","","3018_13","control",NA,"alive",1,"Flowering",1,NA,"6",5,1,1,1
2023,13,3018,10,"G","6",32,12,5,"SOS","","3018_13","control",NA,"alive",1,"Flowering",1,NA,"4",3,1,1,1
2024,13,3018,10,"G","4",31.5,9,3,"5","two basal leaves gone","3018_13","control",NA,"alive",1,"Flowering",1,NA,"3",4,1,1,1
2025,13,3018,10,"G","3",23.5,13,4,"10","","3018_13","control",NA,"alive",1,"Flowering",1,NA,NA,NA,NA,NA,1
2017,3,3019,2,"A","6",NA,18.5,1,"2.2","","3019_3","control",2021,"alive",1,"Flowering",1,NA,"2",1,1,1,NA
2018,3,3019,2,"A","2",15,19,1,"0.8","","3019_3","control",2021,"alive",1,"Flowering",1,NA,"2",1,1,1,1
2019,3,3019,2,"A","2",9,15,1,"2","","3019_3","control",2021,"alive",1,"Flowering",1,NA,"1",0,0,1,1
2020,3,3019,2,"A","1",NA,12,0,NA,"","3019_3","control",2021,"alive",1,"Vegetative",0,NA,NA,NA,NA,0,1
2021,3,3019,2,"A",NA,NA,NA,NA,NA,"NPNT","3019_3","control",2021,"dead",0,"Dead",NA,NA,NA,NA,NA,NA,0
2021,4,3020,0,"D","1",NA,9,0,NA,"","3020_4","irrigated",NA,"alive",1,"Vegetative",0,NA,"0",NA,NA,1,NA
2022,4,3020,0,"D","0",NA,NA,NA,NA,"NP","3020_4","irrigated",NA,"dormant",1,"Dormant",NA,NA,"1",0,0,1,0
2023,4,3020,0,"D","1",NA,20.5,0,NA,"next to hose","3020_4","irrigated",NA,"alive",1,"Vegetative",0,NA,"2",0,0,1,NA
2024,4,3020,0,"D","2",NA,14,0,NA,"","3020_4","irrigated",NA,"alive",1,"Vegetative",0,NA,"1",0,0,1,0
2025,4,3020,0,"D","1",NA,16.5,0,NA,"","3020_4","irrigated",NA,"alive",1,"Vegetative",0,NA,NA,NA,NA,NA,0
2021,15,3021,9,"J","2",NA,16,0,NA,"","3021_15","drought",2023,"alive",1,"Vegetative",0,NA,"4",2,1,1,NA
2022,15,3021,9,"J","4",57,19,2,"SOS","","3021_15","drought",2023,"alive",1,"Flowering",1,NA,"0",NA,NA,0,0
2023,15,3021,9,"J","0",NA,NA,NA,NA,"NP","3021_15","drought",2023,"dead",0,"Dead",NA,NA,NA,NA,NA,NA,1
2016,5,3022,14,"J","6",NA,3.8,2,"2.2","","3022_5","drought",2018,"alive",1,"Flowering",1,NA,"3",1,1,1,NA
2017,5,3022,14,"J","3",NA,11,1,"3","","3022_5","drought",2018,"alive",1,"Flowering",1,NA,"0",NA,NA,0,1
2018,5,3022,14,"J","0",NA,NA,NA,NA,"no plant","3022_5","drought",2018,"dead",0,"Dead",NA,NA,NA,NA,NA,NA,1
2016,13,3023,16,"G","7",NA,5.7,2,"3.2","2 stalks","3023_13","control",NA,"alive",1,"Flowering",1,NA,"5",2,1,1,NA
2017,13,3023,16,"G","5",NA,14.5,2,"2","","3023_13","control",NA,"alive",1,"Flowering",1,NA,"2",1,1,1,1
2018,13,3023,16,"G","2",12,10.5,1,"1.7","","3023_13","control",NA,"alive",1,"Flowering",1,NA,"3",0,0,1,1
2019,13,3023,16,"G","3",NA,14,0,NA,"","3023_13","control",NA,"alive",1,"Vegetative",0,NA,NA,NA,NA,NA,1
2020,13,3023,16,"G",NA,NA,NA,NA,NA,"","3023_13","control",NA,NA,NA,NA,NA,NA,"3",1,1,1,0
2021,13,3023,16,"G","3",23,20,1,"2.5","","3023_13","control",NA,"alive",1,"Flowering",1,NA,"0",NA,NA,1,NA
2022,13,3023,16,"G","0",NA,NA,NA,NA,"NP","3023_13","control",NA,"dormant",1,"Dormant",NA,NA,"3",1,1,1,1
2023,13,3023,16,"G","3",32,17,1,"6","","3023_13","control",NA,"alive",1,"Flowering",1,NA,"1",1,1,1,NA
2024,13,3023,16,"G","1",21.5,14.5,1,"2.5","","3023_13","control",NA,"alive",1,"Flowering",1,NA,"3",1,1,1,1
2025,13,3023,16,"G","3",24,21,1,"3","","3023_13","control",NA,"alive",1,"Flowering",1,NA,NA,NA,NA,NA,1
2016,5,3024,0,"H","9",NA,6.7,2,"2.1","","3024_5","drought",NA,"alive",1,"Flowering",1,NA,"4",2,1,1,NA
2017,5,3024,0,"H","4",NA,15,2,"2","","3024_5","drought",NA,"alive",1,"Flowering",1,NA,"2",1,1,1,1
2018,5,3024,0,"H","2",10,11.5,1,"3.8","","3024_5","drought",NA,"alive",1,"Flowering",1,NA,"2",0,0,1,1
2019,5,3024,0,"H","2",NA,11.5,0,NA,"","3024_5","drought",NA,"alive",1,"Vegetative",0,NA,"2",0,0,1,1
2020,5,3024,0,"H","2",NA,12,0,NA,"","3024_5","drought",NA,"alive",1,"Vegetative",0,NA,"1",0,0,1,0
2021,5,3024,0,"H","1",NA,12,0,NA,"","3024_5","drought",NA,"alive",1,"Vegetative",0,NA,"1",0,0,1,0
2022,5,3024,0,"H","1",NA,17.5,0,NA,"","3024_5","drought",NA,"alive",1,"Vegetative",0,NA,"1",0,0,1,0
2023,5,3024,0,"H","1",NA,21,0,NA,"","3024_5","drought",NA,"alive",1,"Vegetative",0,NA,"1",0,0,1,0
2024,5,3024,0,"H","1",NA,20,0,NA,"","3024_5","drought",NA,"alive",1,"Vegetative",0,NA,"1",0,0,1,0
2025,5,3024,0,"H","1",NA,17.5,0,NA,"","3024_5","drought",NA,"alive",1,"Vegetative",0,NA,NA,NA,NA,NA,0
2021,13,3026,3,"E","1",NA,9,0,NA,"","3026_13","control",NA,"alive",1,"Vegetative",0,NA,"2",1,1,1,NA
2022,13,3026,3,"E","2",26,10,1,"3","","3026_13","control",NA,"alive",1,"Flowering",1,NA,"3",1,1,1,0
2023,13,3026,3,"E","3",25,15.5,1,"3","can't read note","3026_13","control",NA,"alive",1,"Flowering",1,NA,"2",1,1,1,1
2024,13,3026,3,"E","2",18.5,16.5,1,"3","","3026_13","control",NA,"alive",1,"Flowering",1,NA,"5",3,1,1,1
2025,13,3026,3,"E","5",24,15,3,"7","","3026_13","control",NA,"alive",1,"Flowering",1,NA,NA,NA,NA,NA,1
2016,13,3027,0,"C","3",NA,6.5,1,"2.1","3 stalks","3027_13","control",2023,"alive",1,"Flowering",1,NA,"4",2,1,1,NA
2017,13,3027,0,"C","4",NA,11,2,"3","","3027_13","control",2023,"alive",1,"Flowering",1,NA,"2",0,0,1,1
2018,13,3027,0,"C","2",14,14,0,NA,"","3027_13","control",2023,"alive",1,"Vegetative",0,NA,"1",0,0,1,1
2019,13,3027,0,"C","1",NA,12,0,NA,"","3027_13","control",2023,"alive",1,"Vegetative",0,NA,"1",0,0,1,0
2020,13,3027,0,"C","1",NA,8.5,0,NA,"","3027_13","control",2023,"alive",1,"Vegetative",0,NA,"3",0,0,1,0
2021,13,3027,0,"C","3",NA,12.5,0,NA,"","3027_13","control",2023,"alive",1,"Vegetative",0,NA,"1",0,0,1,0
2022,13,3027,0,"C","1",NA,12.5,0,NA,"","3027_13","control",2023,"alive",1,"Vegetative",0,NA,"0",NA,NA,0,0
2023,13,3027,0,"C","0",NA,NA,NA,NA,"NP","3027_13","control",2023,"dead",0,"Dead",NA,NA,NA,NA,NA,NA,0
2016,14,3032,6,"B","4",NA,8,2,"2.5","","3032_14","drought",2023,"alive",1,"Flowering",1,NA,"3",1,1,1,NA
2017,14,3032,6,"B","3",NA,14,1,"4.5","","3032_14","drought",2023,"alive",1,"Flowering",1,NA,"1",0,0,1,1
2018,14,3032,6,"B","1",5.5,5.5,0,NA,"","3032_14","drought",2023,"alive",1,"Vegetative",0,NA,"4",2,1,1,1
2019,14,3032,6,"B","4",21,9,2,"2.5","","3032_14","drought",2023,"alive",1,"Flowering",1,NA,"1",0,0,1,0
2020,14,3032,6,"B","1",NA,13.6,0,NA,"","3032_14","drought",2023,"alive",1,"Vegetative",0,NA,NA,NA,NA,NA,1
2021,14,3032,6,"B",NA,NA,NA,NA,NA,"NPNT","3032_14","drought",2023,NA,NA,NA,NA,NA,NA,NA,NA,NA,0
2022,14,3032,6,"B",NA,NA,NA,NA,NA,"NPNT","3032_14","drought",2023,NA,NA,NA,NA,NA,"0",NA,NA,0,NA
2023,14,3032,6,"B","0",NA,NA,NA,NA,"NP. Tag pulled.","3032_14","drought",2023,"dead",0,"Dead",NA,NA,NA,NA,NA,NA,NA
2017,5,3034,8,"G","6",NA,12,0,NA,"","3034_5","drought",2019,"alive",1,"Vegetative",0,NA,"1",0,0,1,NA
2018,5,3034,8,"G","1",6.5,6.5,0,NA,"","3034_5","drought",2019,"alive",1,"Vegetative",0,NA,"0",NA,NA,0,0
2019,5,3034,8,"G","0",NA,NA,NA,NA,"no plant","3034_5","drought",2019,"dead",0,"Dead",NA,NA,NA,NA,NA,NA,0
2016,14,3035,3,"B","3",NA,7.5,0,NA,"","3035_14","drought",NA,"alive",1,"Vegetative",0,NA,"1",0,0,1,NA
2017,14,3035,3,"B","1",NA,4,0,NA,"","3035_14","drought",NA,"alive",1,"Vegetative",0,NA,"2",0,0,1,0
2018,14,3035,3,"B","2",15,15.5,0,NA,"","3035_14","drought",NA,"alive",1,"Vegetative",0,NA,"3",1,1,1,0
2019,14,3035,3,"B","3",14,11,1,"2","","3035_14","drought",NA,"alive",1,"Flowering",1,NA,"1",0,0,1,0
2020,14,3035,3,"B","1",NA,12,0,NA,"","3035_14","drought",NA,"alive",1,"Vegetative",0,NA,"3",0,0,1,1
2021,14,3035,3,"B","3",NA,16,0,NA,"","3035_14","drought",NA,"alive",1,"Vegetative",0,NA,"6",3,1,1,0
2022,14,3035,3,"B","6",44,14,3,"SOS","","3035_14","drought",NA,"alive",1,"Flowering",1,NA,"2",1,1,1,0
2023,14,3035,3,"B","2",37.5,20,1,"4","","3035_14","drought",NA,"alive",1,"Flowering",1,NA,"1",0,0,1,1
2024,14,3035,3,"B","1",NA,18.5,0,NA,"moss","3035_14","drought",NA,"alive",1,"Vegetative",0,NA,"2",0,0,1,1
2025,14,3035,3,"B","2",NA,17,0,NA,"moss","3035_14","drought",NA,"alive",1,"Vegetative",0,NA,NA,NA,NA,NA,0
2016,3,3036,2,"B","12",NA,10.6,NA,NA,"2 stalks, top has been eaten","3036_3","control",NA,"alive",1,NA,NA,NA,"0",NA,NA,1,NA
2017,3,3036,2,"B","0",NA,NA,NA,NA,"No plant/dead?","3036_3","control",NA,"dormant",1,"Dormant",NA,NA,"2",0,0,1,NA
2018,3,3036,2,"B","2",14,14,0,NA,"","3036_3","control",NA,"alive",1,"Vegetative",0,NA,"1",NA,NA,1,NA
2019,3,3036,2,"B","1",NA,8,NA,NA,"no plant","3036_3","control",NA,"alive",1,NA,NA,NA,NA,NA,NA,NA,0
2020,3,3036,2,"B",NA,NA,NA,NA,NA,"npnt","3036_3","control",NA,NA,NA,NA,NA,NA,"1",0,0,1,NA
2021,3,3036,2,"B","1",NA,19.5,0,NA,"replacing 3036","3036_3","control",NA,"alive",1,"Vegetative",0,NA,"1",0,0,1,NA
2022,3,3036,2,"B","1",NA,22,0,NA,"was replaced by 3762 in 2021, but this year found both tags, and point at the same plant. Pulled the replacement tag","3036_3","control",NA,"alive",1,"Vegetative",0,NA,"1",0,0,1,0
2023,3,3036,2,"B","1",NA,12,0,NA,"","3036_3","control",NA,"alive",1,"Vegetative",0,NA,NA,NA,NA,NA,0
2024,3,3036,2,"B",NA,NA,NA,NA,NA,"NPNT","3036_3","control",NA,NA,NA,NA,NA,NA,"1",0,0,1,0
2025,3,3036,2,"B","1",NA,22,0,NA,"","3036_3","control",NA,"alive",1,"Vegetative",0,NA,NA,NA,NA,NA,NA
2016,5,3040,12,"D","3",NA,7.1,0,NA,"","3040_5","drought",2022,"alive",1,"Vegetative",0,NA,"4",2,1,1,NA
2017,5,3040,12,"D","4",NA,8.5,2,"2","","3040_5","drought",2022,"alive",1,"Flowering",1,NA,"0",NA,NA,1,0
2018,5,3040,12,"D","0",NA,NA,NA,NA,"no plant","3040_5","drought",2022,"dormant",1,"Dormant",NA,NA,"1",0,0,1,1
2019,5,3040,12,"D","1",NA,12,0,NA,"","3040_5","drought",2022,"alive",1,"Vegetative",0,NA,NA,NA,NA,NA,NA
2020,5,3040,12,"D",NA,NA,NA,NA,NA,"","3040_5","drought",2022,NA,NA,NA,NA,NA,NA,NA,NA,NA,0
2021,5,3040,12,"D",NA,NA,NA,NA,NA,"NPNT","3040_5","drought",2022,NA,NA,NA,NA,NA,"0",NA,NA,0,NA
2022,5,3040,12,"D","0",NA,NA,NA,NA,"NP. Tag pulled","3040_5","drought",2022,"dead",0,"Dead",NA,NA,NA,NA,NA,NA,NA
2021,13,3042,14,"B","2",NA,17,0,NA,"","3042_13","control",NA,"alive",1,"Vegetative",0,NA,"2",1,1,1,NA
2022,13,3042,14,"B","2",31.5,11,1,"3","","3042_13","control",NA,"alive",1,"Flowering",1,NA,NA,NA,NA,NA,0
2023,13,3042,14,"B",NA,NA,NA,NA,NA,"NPNT","3042_13","control",NA,NA,NA,NA,NA,NA,"2",1,1,1,1
2024,13,3042,14,"B","2",24,11,1,"2","BTP in phen","3042_13","control",NA,"alive",1,"Flowering",1,NA,"1",0,0,1,NA
2025,13,3042,14,"B","1",NA,21,0,NA,"","3042_13","control",NA,"alive",1,"Vegetative",0,NA,NA,NA,NA,NA,1
2016,7,3044,7,"D","5",NA,9,1,"3.5","","3044_7","drought",NA,"alive",1,"Flowering",1,NA,"2",1,1,1,NA
2017,7,3044,7,"D","2",NA,20,1,"2","","3044_7","drought",NA,"alive",1,"Flowering",1,NA,"4",1,1,1,1
2018,7,3044,7,"D","4",28,22.5,1,"5.2","","3044_7","drought",NA,"alive",1,"Flowering",1,NA,"2",1,1,1,1
2019,7,3044,7,"D","2",22,18,1,"3","","3044_7","drought",NA,"alive",1,"Flowering",1,NA,"2",0,0,1,1
2020,7,3044,7,"D","2",NA,13.1,0,NA,"","3044_7","drought",NA,"alive",1,"Vegetative",0,NA,"1",0,0,1,1
2021,7,3044,7,"D","1",NA,18.5,0,NA,"","3044_7","drought",NA,"alive",1,"Vegetative",0,NA,"3",2,1,1,0
2022,7,3044,7,"D","3",47.5,25.5,2,"SOS","","3044_7","drought",NA,"alive",1,"Flowering",1,NA,"3",2,1,1,0
2023,7,3044,7,"D","3",55,30.5,2,"SOS","","3044_7","drought",NA,"alive",1,"Flowering",1,NA,"4",3,1,1,1
2024,7,3044,7,"D","4",60,28,3,"10.5","","3044_7","drought",NA,"alive",1,"Flowering",1,NA,"3",1,1,1,1
2025,7,3044,7,"D","3",33,18,1,NA,"umbel dead","3044_7","drought",NA,"alive",1,"Flowering",1,NA,NA,NA,NA,NA,1
2017,1,3046,8,"B","1",NA,11,0,NA,"","3046_1","irrigated",2020,"alive",1,"Vegetative",0,NA,"2",0,0,1,NA
2018,1,3046,8,"B","2",9,9,0,NA,"","3046_1","irrigated",2020,"alive",1,"Vegetative",0,NA,"2",0,0,1,0
2019,1,3046,8,"B","2",NA,14,0,NA,"","3046_1","irrigated",2020,"alive",1,"Vegetative",0,NA,"0",NA,NA,0,0
2020,1,3046,8,"B","0",NA,NA,NA,NA,"no plant","3046_1","irrigated",2020,"dead",0,"Dead",NA,NA,NA,NA,NA,NA,0
2018,15,3047,14,"J","2",14,14,0,NA,"","3047_15","drought",NA,"alive",1,"Vegetative",0,NA,"1",0,0,1,NA
2019,15,3047,14,"J","1",NA,14,0,NA,"","3047_15","drought",NA,"alive",1,"Vegetative",0,NA,NA,NA,NA,NA,0
2020,15,3047,14,"J",NA,NA,NA,NA,NA,"","3047_15","drought",NA,NA,NA,NA,NA,NA,"2",2,1,1,0
2021,15,3047,14,"J","2",23,13.5,2,"SOS","","3047_15","drought",NA,"alive",1,"Flowering",1,NA,"6",3,1,1,NA
2022,15,3047,14,"J","6",49,24,3,"SOS","","3047_15","drought",NA,"alive",1,"Flowering",1,NA,"9",3,1,1,1
2023,15,3047,14,"J","9",44,21,3,"SOS","","3047_15","drought",NA,"alive",1,"Flowering",1,NA,"9",5,1,1,1
2024,15,3047,14,"J","9",16.5,26,5,"21","","3047_15","drought",NA,"alive",1,"Flowering",1,NA,NA,NA,NA,NA,1
2025,15,3047,14,"J",NA,NA,NA,NA,NA,"NPNT vole","3047_15","drought",NA,NA,NA,NA,NA,NA,NA,NA,NA,NA,1
2021,6,3048,8,"J","2",NA,17,0,NA,"","3048_6","irrigated",NA,"alive",1,"Vegetative",0,NA,"1",0,0,1,NA
2022,6,3048,8,"J","1",NA,20,0,NA,"outside plot","3048_6","irrigated",NA,"alive",1,"Vegetative",0,NA,"2",1,1,1,0
2023,6,3048,8,"J","2",31,11,1,"5","not tracked for phenology. Outside plot.","3048_6","irrigated",NA,"alive",1,"Flowering",1,NA,"2",1,1,1,0
2024,6,3048,8,"J","2",55,18.5,1,"6","stalk broke when measuring","3048_6","irrigated",NA,"alive",1,"Flowering",1,NA,"1",1,1,1,1
2025,6,3048,8,"J","1",25,16,1,"4","","3048_6","irrigated",NA,"alive",1,"Flowering",1,NA,NA,NA,NA,NA,1
2019,12,3049,15,"B","2",NA,10.5,0,NA,"Found tagged in plot, but not on last year's data sheet","3049_12","irrigated",NA,"alive",1,"Vegetative",0,NA,"1",0,0,1,NA
2020,12,3049,15,"B","1",NA,9.1,0,NA,"","3049_12","irrigated",NA,"alive",1,"Vegetative",0,NA,"1",0,0,1,0
2021,12,3049,15,"B","1",NA,11,0,NA,"","3049_12","irrigated",NA,"alive",1,"Vegetative",0,NA,"2",0,0,1,0
2022,12,3049,15,"B","2",NA,27,0,NA,"","3049_12","irrigated",NA,"alive",1,"Vegetative",0,NA,"2",1,1,1,0
2023,12,3049,15,"B","2",44,27,1,"6","","3049_12","irrigated",NA,"alive",1,"Flowering",1,NA,"0",NA,NA,1,0
2024,12,3049,15,"B","0",NA,NA,NA,NA,"NP","3049_12","irrigated",NA,"dormant",1,"Dormant",NA,NA,"3",0,0,1,1
2025,12,3049,15,"B","3",NA,23,0,NA,"","3049_12","irrigated",NA,"alive",1,"Vegetative",0,NA,NA,NA,NA,NA,NA
2016,15,3052,3,"J","7",NA,8,1,"2","","3052_15","drought",NA,"alive",1,"Flowering",1,NA,"4",1,1,1,NA
2017,15,3052,3,"J","4",NA,10,1,"2","","3052_15","drought",NA,"alive",1,"Flowering",1,NA,"2",0,0,1,1
2018,15,3052,3,"J","2",16.5,16.5,0,NA,"","3052_15","drought",NA,"alive",1,"Vegetative",0,NA,"3",1,1,1,1
2019,15,3052,3,"J","3",9.5,13,1,"1","","3052_15","drought",NA,"alive",1,"Flowering",1,NA,"2",1,1,1,0
2020,15,3052,3,"J","2",12.5,17.8,1,"0","eaten umbel and stalk","3052_15","drought",NA,"alive",1,"Flowering",1,NA,"3",1,1,1,1
2021,15,3052,3,"J","3",20.5,19.5,1,"3.5","","3052_15","drought",NA,"alive",1,"Flowering",1,NA,"4",2,1,1,1
2022,15,3052,3,"J","4",41,20,2,"SOS","","3052_15","drought",NA,"alive",1,"Flowering",1,NA,"5",4,1,1,1
2023,15,3052,3,"J","5",46,21,4,"SOS","1 umbel dead","3052_15","drought",NA,"alive",1,"Flowering",1,NA,"2",1,1,1,1
2024,15,3052,3,"J","2",41,23,1,"5","","3052_15","drought",NA,"alive",1,"Flowering",1,NA,"0",NA,NA,NA,1
2025,15,3052,3,"J","0",NA,NA,NA,NA,"NP","3052_15","drought",NA,NA,NA,NA,NA,NA,NA,NA,NA,NA,1
2021,2,3053,14,"B","1",NA,15,2,NA,"umbles dead","3053_2","control",2024,"alive",1,"Flowering",1,NA,"0",NA,NA,1,NA
2022,2,3053,14,"B","0",NA,NA,NA,NA,"NP","3053_2","control",2024,"dormant",1,"Dormant",NA,NA,"1",0,0,1,1
2023,2,3053,14,"B","1",NA,13,0,NA,"","3053_2","control",2024,"alive",1,"Vegetative",0,NA,"0",NA,NA,0,NA
2024,2,3053,14,"B","0",NA,NA,NA,NA,"NP","3053_2","control",2024,"dead",0,"Dead",NA,NA,NA,NA,NA,NA,0
2016,3,3056,0,"B","8",NA,7.4,0,NA,"","3056_3","control",NA,"alive",1,"Vegetative",0,NA,"2",0,0,1,NA
2017,3,3056,0,"B","2",NA,13.5,0,NA,"","3056_3","control",NA,"alive",1,"Vegetative",0,NA,"3",0,0,1,0
2018,3,3056,0,"B","3",16.5,16.5,0,NA,"","3056_3","control",NA,"alive",1,"Vegetative",0,NA,"4",0,0,1,0
2019,3,3056,0,"B","4",NA,11.5,0,NA,"","3056_3","control",NA,"alive",1,"Vegetative",0,NA,NA,NA,NA,NA,0
2020,3,3056,0,"B",NA,NA,NA,NA,NA,"NPNT","3056_3","control",NA,NA,NA,NA,NA,NA,"3",0,0,1,0
2021,3,3056,0,"B","3",NA,19,0,NA,"","3056_3","control",NA,"alive",1,"Vegetative",0,NA,"2",1,1,1,NA
2022,3,3056,0,"B","2",39,17,1,"6","","3056_3","control",NA,"alive",1,"Flowering",1,NA,"3",1,1,1,0
2023,3,3056,0,"B","3",36,23.5,1,"7","","3056_3","control",NA,"alive",1,"Flowering",1,NA,"2",1,1,1,1
2024,3,3056,0,"B","2",34,15.5,1,"4","","3056_3","control",NA,"alive",1,"Flowering",1,NA,"0",NA,NA,NA,1
2025,3,3056,0,"B","0",NA,NA,NA,NA,"NP","3056_3","control",NA,NA,NA,NA,NA,NA,NA,NA,NA,NA,1
2016,14,3058,2,"A","6",NA,5.7,1,"5","","3058_14","drought",NA,"alive",1,"Flowering",1,NA,"2",0,0,1,NA
2017,14,3058,2,"A","2",NA,12,0,NA,"","3058_14","drought",NA,"alive",1,"Vegetative",0,NA,"5",1,1,1,1
2018,14,3058,2,"A","5",19.5,14,1,"2.5","","3058_14","drought",NA,"alive",1,"Flowering",1,NA,"2",0,0,1,0
2019,14,3058,2,"A","2",NA,7,0,NA,"","3058_14","drought",NA,"alive",1,"Vegetative",0,NA,"2",0,0,1,1
2020,14,3058,2,"A","2",NA,10.6,0,NA,"","3058_14","drought",NA,"alive",1,"Vegetative",0,NA,"3",0,0,1,0
2021,14,3058,2,"A","3",NA,16,0,NA,"","3058_14","drought",NA,"alive",1,"Vegetative",0,NA,"2",0,0,1,0
2022,14,3058,2,"A","2",NA,18.5,0,NA,"","3058_14","drought",NA,"alive",1,"Vegetative",0,NA,"3",2,1,1,0
2023,14,3058,2,"A","3",30,19.5,2,"SOS","are both dead? No explanation for NA","3058_14","drought",NA,"alive",1,"Flowering",1,NA,"2",1,1,1,0
2024,14,3058,2,"A","2",28,11.5,1,"3","","3058_14","drought",NA,"alive",1,"Flowering",1,NA,"3",0,0,1,1
2025,14,3058,2,"A","3",NA,23.5,0,NA,"","3058_14","drought",NA,"alive",1,"Vegetative",0,NA,NA,NA,NA,NA,1
2017,9,3059,11,"0.21","3",NA,20,1,"3.5","Ycoord= distance from quadrat (m)","3059_9","irrigated",2021,"alive",1,"Flowering",1,NA,"2",0,0,1,NA
2018,9,3059,11,"0.21","2",19,19,0,NA,"","3059_9","irrigated",2021,"alive",1,"Vegetative",0,NA,"1",0,0,1,1
2019,9,3059,11,"0.21","1",NA,9.5,0,NA,"","3059_9","irrigated",2021,"alive",1,"Vegetative",0,NA,"2",0,0,1,0
2020,9,3059,11,"0.21","2",NA,13,0,NA,"1 leaf ripped off","3059_9","irrigated",2021,"alive",1,"Vegetative",0,NA,NA,NA,NA,0,0
2021,9,3059,11,"0.21",NA,NA,NA,NA,NA,"NPNT ,maybe new 3731 or 3770","3059_9","irrigated",2021,"dead",0,"Dead",NA,NA,NA,NA,NA,NA,0
2017,5,3060,14,"D","5",NA,8,1,"2.5","","3060_5","drought",2023,"alive",1,"Flowering",1,NA,"1",1,1,1,NA
2018,5,3060,14,"D","1",8,7,1,"2.5","","3060_5","drought",2023,"alive",1,"Flowering",1,NA,"1",0,0,1,1
2019,5,3060,14,"D","1",NA,9,0,NA,"","3060_5","drought",2023,"alive",1,"Vegetative",0,NA,NA,NA,NA,NA,1
2020,5,3060,14,"D",NA,NA,NA,NA,NA,"","3060_5","drought",2023,NA,NA,NA,NA,NA,"0",NA,NA,1,0
2021,5,3060,14,"D","0",NA,NA,NA,NA,"NP","3060_5","drought",2023,"dormant",1,"Dormant",NA,NA,NA,NA,NA,NA,NA
2022,5,3060,14,"D",NA,NA,NA,NA,NA,"NPNT","3060_5","drought",2023,NA,NA,NA,NA,NA,"0",NA,NA,0,NA
2023,5,3060,14,"D","0",NA,NA,NA,NA,"NP. Tag pulled.","3060_5","drought",2023,"dead",0,"Dead",NA,NA,NA,NA,NA,NA,NA
2016,13,3061,19,"E","3",NA,5.6,0,NA,"","3061_13","control",NA,"alive",1,"Vegetative",0,NA,"1",0,0,1,NA
2017,13,3061,19,"E","1",NA,5.5,0,NA,"","3061_13","control",NA,"alive",1,"Vegetative",0,NA,"1",0,0,1,0
2018,13,3061,19,"E","1",9.5,9.5,0,NA,"18C","3061_13","control",NA,"alive",1,"Vegetative",0,NA,"0",NA,NA,1,0
2019,13,3061,19,"E","0",NA,NA,NA,NA,"no plant","3061_13","control",NA,"dormant",1,"Dormant",NA,NA,NA,NA,NA,NA,0
2020,13,3061,19,"E",NA,NA,NA,NA,NA,"","3061_13","control",NA,NA,NA,NA,NA,NA,"1",0,0,1,NA
2021,13,3061,19,"E","1",NA,5,0,NA,"","3061_13","control",NA,"alive",1,"Vegetative",0,NA,"0",NA,NA,1,NA
2022,13,3061,19,"E","0",NA,NA,NA,NA,"NP","3061_13","control",NA,"dormant",1,"Dormant",NA,NA,"5",3,1,1,0
2023,13,3061,19,"E","5",40,15,3,"SOS","","3061_13","control",NA,"alive",1,"Flowering",1,NA,"0",NA,NA,1,NA
2024,13,3061,19,"E","0",NA,NA,NA,NA,"NP","3061_13","control",NA,"dormant",1,"Dormant",NA,NA,"1",0,0,1,1
2025,13,3061,19,"E","1",NA,20.5,0,NA,"in 18E","3061_13","control",NA,"alive",1,"Vegetative",0,NA,NA,NA,NA,NA,NA
2021,14,3062,19,"G","1",NA,15.5,0,NA,"","3062_14","drought",2022,"alive",1,"Vegetative",0,NA,"0",NA,NA,0,NA
2022,14,3062,19,"G","0",NA,NA,NA,NA,"NP","3062_14","drought",2022,"dead",0,"Dead",NA,NA,NA,NA,NA,NA,0
2016,15,3063,1,"J","3",NA,17.5,1,"6.5","","3063_15","drought",NA,"alive",1,"Flowering",1,NA,"1",1,1,1,NA
2017,15,3063,1,"J","1",NA,14,1,"3.5","","3063_15","drought",NA,"alive",1,"Flowering",1,NA,"0",NA,NA,1,1
2018,15,3063,1,"J","0",NA,NA,NA,NA,"no plant","3063_15","drought",NA,"dormant",1,"Dormant",NA,NA,"1",0,0,1,1
2019,15,3063,1,"J","1",NA,15.5,0,NA,"","3063_15","drought",NA,"alive",1,"Vegetative",0,NA,NA,NA,NA,NA,NA
2020,15,3063,1,"J",NA,NA,NA,NA,NA,"no plant","3063_15","drought",NA,NA,NA,NA,NA,NA,"2",0,0,1,0
2021,15,3063,1,"J","2",NA,13,0,NA,"may be new plant?","3063_15","drought",NA,"alive",1,"Vegetative",0,NA,"3",1,1,1,NA
2022,15,3063,1,"J","3",47,22,1,"7","maybe new plant? ","3063_15","drought",NA,"alive",1,"Flowering",1,NA,"2",2,1,1,0
2023,15,3063,1,"J","2",45,18.5,2,"SOS","1 umbel dead","3063_15","drought",NA,"alive",1,"Flowering",1,NA,"2",1,1,1,1
2024,15,3063,1,"J","2",33,20.5,1,"4","","3063_15","drought",NA,"alive",1,"Flowering",1,NA,NA,NA,NA,NA,1
2025,15,3063,1,"J",NA,NA,NA,NA,NA,"NPNT vole tunnels","3063_15","drought",NA,NA,NA,NA,NA,NA,NA,NA,NA,NA,1
2016,4,3064,1,"H","3",NA,3.5,NA,NA,"","3064_4","irrigated",NA,"alive",1,NA,NA,NA,"2",0,0,1,NA
2017,4,3064,1,"H","2",NA,9,0,NA,"","3064_4","irrigated",NA,"alive",1,"Vegetative",0,NA,"3",0,0,1,NA
2018,4,3064,1,"H","3",14,14,0,NA,"","3064_4","irrigated",NA,"alive",1,"Vegetative",0,NA,"2",0,0,1,0
2019,4,3064,1,"H","2",NA,14,0,NA,"","3064_4","irrigated",NA,"alive",1,"Vegetative",0,NA,"4",1,1,1,0
2020,4,3064,1,"H","4",23.4,12.3,1,"2.2","","3064_4","irrigated",NA,"alive",1,"Flowering",1,NA,"3",1,1,1,0
2021,4,3064,1,"H","3",22,19.5,1,"4","","3064_4","irrigated",NA,"alive",1,"Flowering",1,NA,"3",0,0,1,1
2022,4,3064,1,"H","3",NA,11.5,0,NA,"under hose","3064_4","irrigated",NA,"alive",1,"Vegetative",0,NA,"1",0,0,1,1
2023,4,3064,1,"H","1",NA,16,0,NA,"under hose","3064_4","irrigated",NA,"alive",1,"Vegetative",0,NA,"1",0,0,1,0
2024,4,3064,1,"H","1",NA,13,0,NA,"","3064_4","irrigated",NA,"alive",1,"Vegetative",0,NA,"0",NA,NA,NA,0
2025,4,3064,1,"H","0",NA,NA,NA,NA,"NP","3064_4","irrigated",NA,NA,NA,NA,NA,NA,NA,NA,NA,NA,0
2016,15,3065,2,"F","4",NA,6.5,2,"3.9","","3065_15","drought",NA,"alive",1,"Flowering",1,NA,"7",6,1,1,NA
2017,15,3065,2,"F","7",NA,14,6,"6","","3065_15","drought",NA,"alive",1,"Flowering",1,NA,"13",6,1,1,1
2018,15,3065,2,"F","13",31,21,6,"3.8","","3065_15","drought",NA,"alive",1,"Flowering",1,NA,"10",5,1,1,1
2019,15,3065,2,"F","10",32.5,18.5,5,"5","","3065_15","drought",NA,"alive",1,"Flowering",1,NA,"9",3,1,1,1
2020,15,3065,2,"F","9",32,13.2,3,"SOS","","3065_15","drought",NA,"alive",1,"Flowering",1,NA,"10",5,1,1,1
2021,15,3065,2,"F","10",26,13,5,"SOS","","3065_15","drought",NA,"alive",1,"Flowering",1,NA,"9",3,1,1,1
2022,15,3065,2,"F","9",38,22,3,"SOS","","3065_15","drought",NA,"alive",1,"Flowering",1,NA,"10",6,1,1,1
2023,15,3065,2,"F","10",60,20,6,"SOS","1 umbel dead","3065_15","drought",NA,"alive",1,"Flowering",1,NA,"16",9,1,1,1
2024,15,3065,2,"F","16",44.5,6,9,"30","spittlebug","3065_15","drought",NA,"alive",1,"Flowering",1,NA,"0",NA,NA,NA,1
2025,15,3065,2,"F","0",NA,NA,NA,NA,"NP tag pulled vole digging","3065_15","drought",NA,NA,NA,NA,NA,NA,NA,NA,NA,NA,1
2019,14,3066,17,"B","3",NA,17,0,NA,"","3066_14","drought",NA,"alive",1,"Vegetative",0,NA,"2",1,1,1,NA
2020,14,3066,17,"B","2",25,12.5,1,"4.5","","3066_14","drought",NA,"alive",1,"Flowering",1,NA,"1",0,0,1,0
2021,14,3066,17,"B","1",NA,19,0,NA,"","3066_14","drought",NA,"alive",1,"Vegetative",0,NA,"0",NA,NA,1,1
2022,14,3066,17,"B","0",NA,NA,NA,NA,"NP","3066_14","drought",NA,"dormant",1,"Dormant",NA,NA,"3",1,1,1,0
2023,14,3066,17,"B","3",49.5,16.5,1,"6","","3066_14","drought",NA,"alive",1,"Flowering",1,NA,NA,NA,NA,NA,NA
2024,14,3066,17,"B",NA,NA,NA,NA,NA,"NPNT","3066_14","drought",NA,NA,NA,NA,NA,NA,"0",NA,NA,NA,1
2025,14,3066,17,"B","0",NA,NA,NA,NA,"NP","3066_14","drought",NA,NA,NA,NA,NA,NA,NA,NA,NA,NA,NA
2016,5,3067,16,"F","6",NA,10,1,"2.2","","3067_5","drought",NA,"alive",1,"Flowering",1,NA,"2",1,1,1,NA
2017,5,3067,16,"F","2",NA,11.5,1,"2","","3067_5","drought",NA,"alive",1,"Flowering",1,NA,"3",1,1,1,1
2018,5,3067,16,"F","3",13.5,7.5,1,"2.5","","3067_5","drought",NA,"alive",1,"Flowering",1,NA,"1",0,0,1,1
2019,5,3067,16,"F","1",NA,12,0,NA,"","3067_5","drought",NA,"alive",1,"Vegetative",0,NA,NA,NA,NA,NA,1
2020,5,3067,16,"F",NA,NA,NA,NA,NA,"","3067_5","drought",NA,NA,NA,NA,NA,NA,"2",1,1,1,0
2021,5,3067,16,"F","2",23,12,1,"5","","3067_5","drought",NA,"alive",1,"Flowering",1,NA,"5",3,1,1,NA
2022,5,3067,16,"F","5",28,14,3,"SOS","","3067_5","drought",NA,"alive",1,"Flowering",1,NA,"3",3,1,1,1
2023,5,3067,16,"F","3",34,13,3,"SOS","","3067_5","drought",NA,"alive",1,"Flowering",1,NA,"3",2,1,1,1
2024,5,3067,16,"F","3",17,10.5,2,"2.5","","3067_5","drought",NA,"alive",1,"Flowering",1,NA,"3",2,1,1,1
2025,5,3067,16,"F","3",15.5,13,2,"4.5","","3067_5","drought",NA,"alive",1,"Flowering",1,NA,NA,NA,NA,NA,1
2016,15,3068,6,"I","3",NA,14.1,1,"5.5","","3068_15","drought",NA,"alive",1,"Flowering",1,NA,"3",1,1,1,NA
2017,15,3068,6,"I","3",NA,14,1,"4","","3068_15","drought",NA,"alive",1,"Flowering",1,NA,"3",1,1,1,1
2018,15,3068,6,"I","3",17,14,1,"2.3","","3068_15","drought",NA,"alive",1,"Flowering",1,NA,"2",2,1,1,1
2019,15,3068,6,"I","2",26,13.5,2,"3.5","","3068_15","drought",NA,"alive",1,"Flowering",1,NA,"1",0,0,1,1
2020,15,3068,6,"I","1",NA,12.4,0,NA,"","3068_15","drought",NA,"alive",1,"Vegetative",0,NA,"1",1,1,1,1
2021,15,3068,6,"I","1",16,17,1,"3","","3068_15","drought",NA,"alive",1,"Flowering",1,NA,"6",2,1,1,0
2022,15,3068,6,"I","6",49,17,2,"SOS","","3068_15","drought",NA,"alive",1,"Flowering",1,NA,"6",3,1,1,1
2023,15,3068,6,"I","6",42,15,3,"SOS","1 umbel dead","3068_15","drought",NA,"alive",1,"Flowering",1,NA,"4",2,1,1,1
2024,15,3068,6,"I","4",33.5,22,2,"6","","3068_15","drought",NA,"alive",1,"Flowering",1,NA,"1",0,0,1,1
2025,15,3068,6,"I","1",NA,16,0,NA,"","3068_15","drought",NA,"alive",1,"Vegetative",0,NA,NA,NA,NA,NA,1
2016,7,3069,1,"C","22",NA,5,2,"3","Dead leaves, 2 stems","3069_7","drought",NA,"alive",1,"Flowering",1,NA,"4",2,1,1,NA
2017,7,3069,1,"C","4",NA,18.5,2,"3.8","","3069_7","drought",NA,"alive",1,"Flowering",1,NA,"4",2,1,1,1
2018,7,3069,1,"C","4",22,9,2,"2.8","","3069_7","drought",NA,"alive",1,"Flowering",1,NA,"2",1,1,1,1
2019,7,3069,1,"C","2",16,17,1,"2","","3069_7","drought",NA,"alive",1,"Flowering",1,NA,NA,NA,NA,NA,1
2020,7,3069,1,"C",NA,NA,NA,NA,NA,"NPNT","3069_7","drought",NA,NA,NA,NA,NA,NA,NA,NA,NA,NA,1
2021,7,3069,1,"C",NA,NA,NA,NA,NA,"NPNT","3069_7","drought",NA,NA,NA,NA,NA,NA,"1",0,0,1,NA
2022,7,3069,1,"C","1",NA,26.5,0,NA,"","3069_7","drought",NA,"alive",1,"Vegetative",0,NA,"2",1,1,1,NA
2023,7,3069,1,"C","2",27,22,1,NA,"umbel dead","3069_7","drought",NA,"alive",1,"Flowering",1,NA,"2",1,1,1,0
2024,7,3069,1,"C","2",37.5,24,1,"3.5","","3069_7","drought",NA,"alive",1,"Flowering",1,NA,"0",NA,NA,NA,1
2025,7,3069,1,"C","0",NA,NA,NA,NA,"NP","3069_7","drought",NA,NA,NA,NA,NA,NA,NA,NA,NA,NA,1
2016,6,3070,4,"G","10",NA,9.5,2,"8.1","Dead leaves","3070_6","irrigated",NA,"alive",1,"Flowering",1,NA,"7",3,1,1,NA
2017,6,3070,4,"G","7",NA,13,3,"5","","3070_6","irrigated",NA,"alive",1,"Flowering",1,NA,"5",2,1,1,1
2018,6,3070,4,"G","5",19.5,17.5,2,"3.8","","3070_6","irrigated",NA,"alive",1,"Flowering",1,NA,"4",2,1,1,1
2019,6,3070,4,"G","4",34,16,2,"3.5","","3070_6","irrigated",NA,"alive",1,"Flowering",1,NA,"4",1,1,1,1
2020,6,3070,4,"G","4",48.3,15.4,1,"6.1","","3070_6","irrigated",NA,"alive",1,"Flowering",1,NA,"5",3,1,1,1
2021,6,3070,4,"G","5",34,17,3,"SOS","","3070_6","irrigated",NA,"alive",1,"Flowering",1,NA,"6",3,1,1,1
2022,6,3070,4,"G","6",64,22,3,"SOS","","3070_6","irrigated",NA,"alive",1,"Flowering",1,NA,"7",4,1,1,1
2023,6,3070,4,"G","7",52,19.5,4,"SOS","1 umbel dead","3070_6","irrigated",NA,"alive",1,"Flowering",1,NA,"4",3,1,1,1
2024,6,3070,4,"G","4",54,27,3,"16","","3070_6","irrigated",NA,"alive",1,"Flowering",1,NA,"1",1,1,1,1
2025,6,3070,4,"G","1",21.5,10,1,NA,"umbel dead","3070_6","irrigated",NA,"alive",1,"Flowering",1,NA,NA,NA,NA,NA,1
2017,3,3071,0,"A","2",NA,17,0,NA,"","3071_3","control",2018,"alive",1,"Vegetative",0,NA,"0",NA,NA,0,NA
2018,3,3071,0,"A","0",NA,NA,NA,NA,"no plant","3071_3","control",2018,"dead",0,"Dead",NA,NA,NA,NA,NA,NA,0
2016,5,3073,17,"G","3",NA,3.1,1,"2.1","","3073_5","drought",NA,"alive",1,"Flowering",1,NA,"4",2,1,1,NA
2017,5,3073,17,"G","4",NA,8.5,2,"3","","3073_5","drought",NA,"alive",1,"Flowering",1,NA,"2",0,0,1,1
2018,5,3073,17,"G","2",10,10,0,NA,"","3073_5","drought",NA,"alive",1,"Vegetative",0,NA,"0",NA,NA,1,1
2019,5,3073,17,"G","0",NA,NA,NA,NA,"no plant","3073_5","drought",NA,"dormant",1,"Dormant",NA,NA,NA,NA,NA,NA,0
2020,5,3073,17,"G",NA,NA,NA,NA,NA,"","3073_5","drought",NA,NA,NA,NA,NA,NA,"0",NA,NA,1,NA
2021,5,3073,17,"G","0",NA,NA,NA,NA,"NP","3073_5","drought",NA,"dormant",1,"Dormant",NA,NA,"2",0,0,1,NA
2022,5,3073,17,"G","2",NA,12.5,0,NA,"","3073_5","drought",NA,"alive",1,"Vegetative",0,NA,"3",2,1,1,NA
2023,5,3073,17,"G","3",29,11,2,"SOS","","3073_5","drought",NA,"alive",1,"Flowering",1,NA,"1",0,0,1,0
2024,5,3073,17,"G","1",NA,11.5,0,NA,"plant behind tag/pin","3073_5","drought",NA,"alive",1,"Vegetative",0,NA,"2",0,0,1,1
2025,5,3073,17,"G","2",NA,9,0,NA,"","3073_5","drought",NA,"alive",1,"Vegetative",0,NA,NA,NA,NA,NA,0
2017,5,3074,11,"C","2",NA,10,1,"1.5","","3074_5","drought",NA,"alive",1,"Flowering",1,NA,"1",0,0,1,NA
2018,5,3074,11,"C","1",13,13,0,NA,"","3074_5","drought",NA,"alive",1,"Vegetative",0,NA,"1",0,0,1,1
2019,5,3074,11,"C","1",NA,13,0,NA,"","3074_5","drought",NA,"alive",1,"Vegetative",0,NA,NA,NA,NA,NA,0
2020,5,3074,11,"C",NA,NA,NA,NA,NA,"","3074_5","drought",NA,NA,NA,NA,NA,NA,"0",NA,NA,1,0
2021,5,3074,11,"C","0",NA,NA,NA,NA,"NP","3074_5","drought",NA,"dormant",1,"Dormant",NA,NA,"4",3,1,1,NA
2022,5,3074,11,"C","4",28,17,3,"SOS","","3074_5","drought",NA,"alive",1,"Flowering",1,NA,"5",3,1,1,NA
2023,5,3074,11,"C","5",30,19,3,"SOS","","3074_5","drought",NA,"alive",1,"Flowering",1,NA,"3",2,1,1,1
2024,5,3074,11,"C","3",27,13,2,"3.5","","3074_5","drought",NA,"alive",1,"Flowering",1,NA,"2",1,1,1,1
2025,5,3074,11,"C","2",16,11,1,NA,"dead umbel","3074_5","drought",NA,"alive",1,"Flowering",1,NA,NA,NA,NA,NA,1
2016,4,3075,1,"I","3",NA,6,NA,NA,"","3075_4","irrigated",2024,"alive",1,NA,NA,NA,"3",0,0,1,NA
2017,4,3075,1,"I","3",NA,14,0,NA,"","3075_4","irrigated",2024,"alive",1,"Vegetative",0,NA,"3",0,0,1,NA
2018,4,3075,1,"I","3",13,13,0,NA,"","3075_4","irrigated",2024,"alive",1,"Vegetative",0,NA,"1",0,0,1,0
2019,4,3075,1,"I","1",NA,11,0,NA,"","3075_4","irrigated",2024,"alive",1,"Vegetative",0,NA,NA,NA,NA,NA,0
2020,4,3075,1,"I",NA,NA,NA,NA,NA,"NPNT","3075_4","irrigated",2024,NA,NA,NA,NA,NA,NA,NA,NA,NA,0
2021,4,3075,1,"I",NA,NA,NA,NA,NA,"NPNT","3075_4","irrigated",2024,NA,NA,NA,NA,NA,"2",0,0,1,NA
2022,4,3075,1,"I","2",NA,18,0,NA,"under hose","3075_4","irrigated",2024,"alive",1,"Vegetative",0,NA,"1",0,0,1,NA
2023,4,3075,1,"I","1",NA,25,0,NA,"under hose","3075_4","irrigated",2024,"alive",1,"Vegetative",0,NA,"0",NA,NA,0,0
2024,4,3075,1,"I","0",NA,NA,NA,NA,"NP","3075_4","irrigated",2024,"dead",0,"Dead",NA,NA,NA,NA,NA,NA,0
2016,15,3076,13,"I","4",NA,13,1,"6","","3076_15","drought",NA,"alive",1,"Flowering",1,NA,"3",2,1,1,NA
2017,15,3076,13,"H","3",NA,14.5,2,"3.5","","3076_15","drought",NA,"alive",1,"Flowering",1,NA,"3",1,1,1,1
2018,15,3076,13,"H","3",16,13,1,"1.2","tag says '3076'","3076_15","drought",NA,"alive",1,"Flowering",1,NA,"1",0,0,1,1
2019,15,3076,13,"H","1",NA,16,0,NA,"tag says '3076'","3076_15","drought",NA,"alive",1,"Vegetative",0,NA,NA,NA,NA,NA,1
2020,15,3076,13,"H",NA,NA,NA,NA,NA,"tag says '3076'","3076_15","drought",NA,NA,NA,NA,NA,NA,"2",1,1,1,0
2021,15,3076,13,"H","2",21,10,1,"3.5","","3076_15","drought",NA,"alive",1,"Flowering",1,NA,"4",2,1,1,NA
2022,15,3076,13,"H","4",42,20,2,"SOS","Tag says 3076","3076_15","drought",NA,"alive",1,"Flowering",1,NA,"2",2,1,1,1
2023,15,3076,13,"H","2",44,22.5,2,"SOS","tag says 3076","3076_15","drought",NA,"alive",1,"Flowering",1,NA,"1",1,1,1,1
2024,15,3076,13,"H","1",33.5,18.5,1,"3.5","tag is 3076 not 3706","3076_15","drought",NA,"alive",1,"Flowering",1,NA,"1",0,0,1,1
2025,15,3076,13,"H","1",NA,14,0,NA,"tag is 3076 not 3706","3076_15","drought",NA,"alive",1,"Vegetative",0,NA,NA,NA,NA,NA,1
2016,13,3079,9,"B","4",NA,5.1,2,"1.7","Leaves gone","3079_13","control",2022,"alive",1,"Flowering",1,NA,"13",4,1,1,NA
2017,13,3079,9,"B","13",NA,10.5,4,"4.5","","3079_13","control",2022,"alive",1,"Flowering",1,NA,"2",0,0,1,1
2018,13,3079,9,"B","2",5,5,0,NA,"","3079_13","control",2022,"alive",1,"Vegetative",0,NA,"4",1,1,1,1
2019,13,3079,9,"B","4",27.5,13.5,1,"3.5","","3079_13","control",2022,"alive",1,"Flowering",1,NA,NA,NA,NA,NA,0
2020,13,3079,9,"B",NA,NA,NA,NA,NA,"npnt","3079_13","control",2022,NA,NA,NA,NA,NA,NA,NA,NA,NA,1
2021,13,3079,9,"B",NA,NA,NA,NA,NA,"NPNT","3079_13","control",2022,NA,NA,NA,NA,NA,"0",NA,NA,0,NA
2022,13,3079,9,"B","0",NA,NA,NA,NA,"NP, tag pulled","3079_13","control",2022,"dead",0,"Dead",NA,NA,NA,NA,NA,NA,NA
2021,3,3081,1,"B","3",NA,24,0,NA,"","3081_3","control",NA,"alive",1,"Vegetative",0,NA,"4",1,1,1,NA
2022,3,3081,1,"B","4",39,22,1,"4.5","","3081_3","control",NA,"alive",1,"Flowering",1,NA,"2",1,1,1,0
2023,3,3081,1,"B","2",38,20.5,1,"4.5","","3081_3","control",NA,"alive",1,"Flowering",1,NA,"1",0,0,1,1
2024,3,3081,1,"B","1",NA,26,0,NA,"","3081_3","control",NA,"alive",1,"Vegetative",0,NA,"1",0,0,1,1
2025,3,3081,1,"B","1",NA,32,0,NA,"","3081_3","control",NA,"alive",1,"Vegetative",0,NA,NA,NA,NA,NA,0
2016,15,3083,7,"I","6",NA,10,1,"4.8","","3083_15","drought",NA,"alive",1,"Flowering",1,NA,"5",2,1,1,NA
2017,15,3083,7,"I","5",NA,12,2,"3.5","","3083_15","drought",NA,"alive",1,"Flowering",1,NA,"4",1,1,1,1
2018,15,3083,7,"I","4",17.5,11.5,1,"3.3","","3083_15","drought",NA,"alive",1,"Flowering",1,NA,"1",1,1,1,1
2019,15,3083,7,"I","1",11,17,1,"1.5","","3083_15","drought",NA,"alive",1,"Flowering",1,NA,"3",0,0,1,1
2020,15,3083,7,"I","3",NA,11.6,0,NA,"","3083_15","drought",NA,"alive",1,"Vegetative",0,NA,"5",1,1,1,1
2021,15,3083,7,"I","5",20,11.5,1,"3.5","","3083_15","drought",NA,"alive",1,"Flowering",1,NA,"7",3,1,1,0
2022,15,3083,7,"I","7",33,17.5,3,"SOS","","3083_15","drought",NA,"alive",1,"Flowering",1,NA,"4",1,1,1,1
2023,15,3083,7,"I","4",33,15,1,"3","1 stalk eaten off","3083_15","drought",NA,"alive",1,"Flowering",1,NA,"4",0,0,1,1
2024,15,3083,7,"I","4",NA,20.5,0,NA,"","3083_15","drought",NA,"alive",1,"Vegetative",0,NA,"0",NA,NA,NA,1
2025,15,3083,7,"I","0",NA,NA,NA,NA,"NP","3083_15","drought",NA,NA,NA,NA,NA,NA,NA,NA,NA,NA,0
2016,14,3084,12,"A","3",NA,7.8,0,NA,"","3084_14","drought",2024,"alive",1,"Vegetative",0,NA,"1",0,0,1,NA
2017,14,3084,12,"A","1",NA,11.5,0,NA,"","3084_14","drought",2024,"alive",1,"Vegetative",0,NA,"1",0,0,1,0
2018,14,3084,12,"A","1",3,3,0,NA,"","3084_14","drought",2024,"alive",1,"Vegetative",0,NA,"0",NA,NA,1,0
2019,14,3084,12,"A","0",NA,NA,NA,NA,"no plant","3084_14","drought",2024,"dormant",1,"Dormant",NA,NA,NA,NA,NA,NA,0
2020,14,3084,12,"A",NA,NA,NA,NA,NA,"","3084_14","drought",2024,NA,NA,NA,NA,NA,"1",0,0,1,NA
2021,14,3084,12,"A","1",NA,16,0,NA,"tag in 4A","3084_14","drought",2024,"alive",1,"Vegetative",0,NA,"0",NA,NA,1,NA
2022,14,3084,12,"A","0",NA,NA,NA,NA,"NP","3084_14","drought",2024,"dormant",1,"Dormant",NA,NA,"1",0,0,1,0
2023,14,3084,12,"A","1",NA,22.5,0,NA,"","3084_14","drought",2024,"alive",1,"Vegetative",0,NA,"0",NA,NA,0,NA
2024,14,3084,12,"A","0",NA,NA,NA,NA,"xcoord is 14 not 12; NP","3084_14","drought",2024,"dead",0,"Dead",NA,NA,NA,NA,NA,NA,0
2016,14,3085,5,"B","6",NA,6.1,0,NA,"","3085_14","drought",2022,"alive",1,"Vegetative",0,NA,NA,NA,NA,NA,NA
2017,14,3085,5,"B",NA,NA,NA,NA,NA,"NP/NT OR No plant/dead?","3085_14","drought",2022,NA,NA,NA,NA,NA,"1",0,0,1,0
2018,14,3085,5,"B","1",9.5,9.5,0,NA,"","3085_14","drought",2022,"alive",1,"Vegetative",0,NA,"2",1,1,1,NA
2019,14,3085,5,"B","2",12.5,16,1,"1.25","","3085_14","drought",2022,"alive",1,"Flowering",1,NA,"1",0,0,1,0
2020,14,3085,5,"B","1",NA,8.7,0,NA,"","3085_14","drought",2022,"alive",1,"Vegetative",0,NA,NA,NA,NA,NA,1
2021,14,3085,5,"B",NA,NA,NA,NA,NA,"NPNT","3085_14","drought",2022,NA,NA,NA,NA,NA,"0",NA,NA,0,0
2022,14,3085,5,"B","0",NA,NA,NA,NA,"NP, tag pulled","3085_14","drought",2022,"dead",0,"Dead",NA,NA,NA,NA,NA,NA,NA
2018,14,3086,9,"C","3",17,17,0,NA,"","3086_14","drought",NA,"alive",1,"Vegetative",0,NA,"2",1,1,1,NA
2019,14,3086,9,"C","2",21.5,11.5,1,"2","","3086_14","drought",NA,"alive",1,"Flowering",1,NA,NA,NA,NA,NA,0
2020,14,3086,9,"C",NA,NA,NA,NA,NA,"npnt","3086_14","drought",NA,NA,NA,NA,NA,NA,NA,NA,NA,NA,1
2021,14,3086,9,"C",NA,NA,NA,NA,NA,"NPNT","3086_14","drought",NA,NA,NA,NA,NA,NA,"3",2,1,1,NA
2022,14,3086,9,"C","3",45,23,2,"SOS","1 umbel eaten","3086_14","drought",NA,"alive",1,"Flowering",1,NA,"4",2,1,1,NA
2023,14,3086,9,"C","4",42,22.5,2,"SOS","","3086_14","drought",NA,"alive",1,"Flowering",1,NA,"2",1,1,1,1
2024,14,3086,9,"C","2",30,11,1,"2","","3086_14","drought",NA,"alive",1,"Flowering",1,NA,"2",1,1,1,1
2025,14,3086,9,"C","2",22,12.5,1,"3","closer to 11C","3086_14","drought",NA,"alive",1,"Flowering",1,NA,NA,NA,NA,NA,1
2016,13,3088,9,"B","11",NA,6,2,"7.3","","3088_13","control",NA,"alive",1,"Flowering",1,NA,"7",2,1,1,NA
2017,13,3088,9,"B","7",NA,10,2,"3","","3088_13","control",NA,"alive",1,"Flowering",1,NA,"4",1,1,1,1
2018,13,3088,9,"B","4",13,9.5,1,"4.5","","3088_13","control",NA,"alive",1,"Flowering",1,NA,"3",1,1,1,1
2019,13,3088,9,"B","3",23.5,11.5,1,"6","","3088_13","control",NA,"alive",1,"Flowering",1,NA,"2",0,0,1,1
2020,13,3088,9,"B","2",NA,8.8,0,NA,"","3088_13","control",NA,"alive",1,"Vegetative",0,NA,"4",0,0,1,1
2021,13,3088,9,"B","4",NA,16,0,NA,"","3088_13","control",NA,"alive",1,"Vegetative",0,NA,"6",5,1,1,0
2022,13,3088,9,"B","6",32,12,5,"SOS","","3088_13","control",NA,"alive",1,"Flowering",1,NA,"5",3,1,1,0
2023,13,3088,9,"B","5",28,8.5,3,"SOS","","3088_13","control",NA,"alive",1,"Flowering",1,NA,"6",4,1,1,1
2024,13,3088,9,"B","6",2.5,10.5,4,"11","","3088_13","control",NA,"alive",1,"Flowering",1,NA,"2",0,0,1,1
2025,13,3088,9,"B","2",NA,14,0,NA,"","3088_13","control",NA,"alive",1,"Vegetative",0,NA,NA,NA,NA,NA,1
2017,7,3089,5,"I","2",NA,17,2,"3","","3089_7","drought",NA,"alive",1,"Flowering",1,NA,"3",2,1,1,NA
2018,7,3089,5,"I","3",25.5,15,2,"2.8","","3089_7","drought",NA,"alive",1,"Flowering",1,NA,"4",3,1,1,1
2019,7,3089,5,"I","4",33,12,3,"3.5","","3089_7","drought",NA,"alive",1,"Flowering",1,NA,"1",1,1,1,1
2020,7,3089,5,"I","1",24.1,11.5,1,"3.1","","3089_7","drought",NA,"alive",1,"Flowering",1,NA,"4",1,1,1,1
2021,7,3089,5,"I","4",19.5,15.5,1,"2.5","","3089_7","drought",NA,"alive",1,"Flowering",1,NA,"2",2,1,1,1
2022,7,3089,5,"I","2",42.5,14,2,"SOS","","3089_7","drought",NA,"alive",1,"Flowering",1,NA,"2",2,1,1,1
2023,7,3089,5,"I","2",31.5,18,2,"SOS","","3089_7","drought",NA,"alive",1,"Flowering",1,NA,"2",1,1,1,1
2024,7,3089,5,"I","2",32,23.5,1,"2.5","","3089_7","drought",NA,"alive",1,"Flowering",1,NA,"2",0,0,1,1
2025,7,3089,5,"I","2",NA,18,0,NA,"","3089_7","drought",NA,"alive",1,"Vegetative",0,NA,NA,NA,NA,NA,1
2016,4,3090,18,"P","10",NA,8.5,1,"5.5","Diversity plot, 2 stems","3090_4","irrigated",NA,"alive",1,"Flowering",1,NA,"3",0,0,1,NA
2017,4,3090,18,"P","3",NA,16,0,NA,"Diversity Plot","3090_4","irrigated",NA,"alive",1,"Vegetative",0,NA,"0",NA,NA,1,1
2018,4,3090,18,"P","0",NA,NA,NA,NA,"no plant no tag","3090_4","irrigated",NA,"dormant",1,"Dormant",NA,NA,"7",1,1,1,0
2019,4,3090,18,"P","7",31,19,1,"4","Diversity plot, found tag but plant not very close to tag?","3090_4","irrigated",NA,"alive",1,"Flowering",1,NA,"0",NA,NA,1,NA
2020,4,3090,18,"P","0",NA,NA,NA,NA,"no plant","3090_4","irrigated",NA,"dormant",1,"Dormant",NA,NA,"9",2,1,1,1
2021,4,3090,18,"P","9",37,19,2,"SOS","","3090_4","irrigated",NA,"alive",1,"Flowering",1,NA,"1",0,0,1,NA
2022,4,3090,18,"P","1",NA,17.5,0,NA,"","3090_4","irrigated",NA,"alive",1,"Vegetative",0,NA,NA,NA,NA,NA,1
2023,4,3090,18,"P",NA,NA,NA,NA,NA,"NPNT. Giant mouse hole. = 18F.","3090_4","irrigated",NA,NA,NA,NA,NA,NA,"0",NA,NA,1,0
2024,4,3090,18,"P","0",NA,NA,NA,NA,"NP; tag pulled","3090_4","irrigated",NA,"dormant",1,"Dormant",NA,NA,NA,NA,NA,NA,NA
2017,5,3093,14,"A","2",NA,13,1,"5"," Tagged last year but no data","3093_5","drought",NA,"alive",1,"Flowering",1,NA,"3",1,1,1,NA
2018,5,3093,14,"A","3",17,15,1,"2.8","","3093_5","drought",NA,"alive",1,"Flowering",1,NA,"3",1,1,1,1
2019,5,3093,14,"A","3",11.5,14.5,1,"2.5","","3093_5","drought",NA,"alive",1,"Flowering",1,NA,NA,NA,NA,NA,1
2020,5,3093,14,"A",NA,NA,NA,NA,NA,"","3093_5","drought",NA,NA,NA,NA,NA,NA,"3",1,1,1,1
2021,5,3093,14,"A","3",21.5,15.5,1,"3.5","","3093_5","drought",NA,"alive",1,"Flowering",1,NA,"3",1,1,1,NA
2022,5,3093,14,"A","3",28,20,1,"4","","3093_5","drought",NA,"alive",1,"Flowering",1,NA,"2",2,1,1,1
2023,5,3093,14,"A","2",42,21.5,2,"SOS","","3093_5","drought",NA,"alive",1,"Flowering",1,NA,"4",2,1,1,1
2024,5,3093,14,"A","4",32,16.5,2,"8.5","","3093_5","drought",NA,"alive",1,"Flowering",1,NA,"6",2,1,1,1
2025,5,3093,14,"A","6",21,16,2,"3","","3093_5","drought",NA,"alive",1,"Flowering",1,NA,NA,NA,NA,NA,1
2016,15,3094,14,"D","2",NA,4.2,1,"1.5","","3094_15","drought",2021,"alive",1,"Flowering",1,NA,"4",0,0,1,NA
2017,15,3094,14,"D","4",NA,16,0,NA,"","3094_15","drought",2021,"alive",1,"Vegetative",0,NA,NA,NA,NA,NA,1
2018,15,3094,14,"D",NA,NA,NA,NA,NA,"no plant no tag","3094_15","drought",2021,NA,NA,NA,NA,NA,"0",NA,NA,1,0
2019,15,3094,14,"D","0",NA,NA,NA,NA,"no plant","3094_15","drought",2021,"dormant",1,"Dormant",NA,NA,NA,NA,NA,NA,NA
2020,15,3094,14,"D",NA,NA,NA,NA,NA,"pulled tag","3094_15","drought",2021,NA,NA,NA,NA,NA,"0",NA,NA,0,NA
2021,15,3094,14,"D","0",NA,NA,NA,NA,"NP","3094_15","drought",2021,"dead",0,"Dead",NA,NA,NA,NA,NA,NA,NA
2017,15,3095,6,"J","5",NA,17,2,"4","","3095_15","drought",NA,"alive",1,"Flowering",1,NA,"8",4,1,1,NA
2018,15,3095,6,"J","8",16.5,22,4,"2.7","","3095_15","drought",NA,"alive",1,"Flowering",1,NA,"3",1,1,1,1
2019,15,3095,6,"J","3",16.5,18,1,"1.5","","3095_15","drought",NA,"alive",1,"Flowering",1,NA,"5",1,1,1,1
2020,15,3095,6,"J","5",30,16,1,"2.7","","3095_15","drought",NA,"alive",1,"Flowering",1,NA,"4",2,1,1,1
2021,15,3095,6,"J","4",23,17.5,2,"SOS","","3095_15","drought",NA,"alive",1,"Flowering",1,NA,"5",2,1,1,1
2022,15,3095,6,"J","5",42,20,2,"SOS","","3095_15","drought",NA,"alive",1,"Flowering",1,NA,"8",5,1,1,1
2023,15,3095,6,"J","8",55,12,5,"SOS","1 umbel dead","3095_15","drought",NA,"alive",1,"Flowering",1,NA,"6",4,1,1,1
2024,15,3095,6,"J","6",46,18,4,"9.5","","3095_15","drought",NA,"alive",1,"Flowering",1,NA,"0",NA,NA,NA,1
2025,15,3095,6,"J","0",NA,NA,NA,NA,"NP vole ","3095_15","drought",NA,NA,NA,NA,NA,NA,NA,NA,NA,NA,1
2016,5,3095,14,"B","8",NA,7,1,"3.9","","3095_5","drought",2019,"alive",1,"Flowering",1,NA,NA,NA,NA,NA,NA
2017,5,3095,14,"B",NA,NA,NA,NA,NA,"NP/NT","3095_5","drought",2019,NA,NA,NA,NA,NA,NA,NA,NA,NA,1
2018,5,3095,14,"B",NA,NA,NA,NA,NA,"no plant no tag","3095_5","drought",2019,NA,NA,NA,NA,NA,"0",NA,NA,0,NA
2019,5,3095,14,"B","0",NA,NA,NA,NA,"no plant","3095_5","drought",2019,"dead",0,"Dead",NA,NA,NA,NA,NA,NA,NA
2021,13,3096,0,"H","1",NA,18,0,NA,"","3096_13","control",NA,"alive",1,"Vegetative",0,NA,"0",NA,NA,1,NA
2022,13,3096,0,"H","0",NA,NA,NA,NA,"NP","3096_13","control",NA,"dormant",1,"Dormant",NA,NA,"2",1,1,1,0
2023,13,3096,0,"H","2",37.5,25,1,"3","","3096_13","control",NA,"alive",1,"Flowering",1,NA,"2",1,1,1,NA
2024,13,3096,0,"H","2",37,23,1,"4","missed in phen because outside plot","3096_13","control",NA,"alive",1,"Flowering",1,NA,"0",NA,NA,NA,1
2025,13,3096,0,"H","0",NA,NA,NA,NA,"NP, outside plot","3096_13","control",NA,NA,NA,NA,NA,NA,NA,NA,NA,NA,1
2017,7,3100,9,"B","2",NA,19,1,"4.5","","3100_7","drought",NA,"alive",1,"Flowering",1,NA,"3",1,1,1,NA
2018,7,3100,9,"B","3",22,19,1,"5.2","","3100_7","drought",NA,"alive",1,"Flowering",1,NA,"3",3,1,1,1
2019,7,3100,9,"B","3",24.5,13.5,3,"4","","3100_7","drought",NA,"alive",1,"Flowering",1,NA,"1",1,1,1,1
2020,7,3100,9,"B","1",12.5,10.6,1,"4","","3100_7","drought",NA,"alive",1,"Flowering",1,NA,"2",0,0,1,1
2021,7,3100,9,"B","2",NA,14,0,NA,"","3100_7","drought",NA,"alive",1,"Vegetative",0,NA,"2",1,1,1,1
2022,7,3100,9,"B","2",37,20,1,"6","","3100_7","drought",NA,"alive",1,"Flowering",1,NA,"2",1,1,1,0
2023,7,3100,9,"B","2",43,28,1,"5.5","","3100_7","drought",NA,"alive",1,"Flowering",1,NA,"4",2,1,1,1
2024,7,3100,9,"B","4",43,31.5,2,"10","","3100_7","drought",NA,"alive",1,"Flowering",1,NA,"3",1,1,1,1
2025,7,3100,9,"B","3",25,27,1,"4.5","","3100_7","drought",NA,"alive",1,"Flowering",1,NA,NA,NA,NA,NA,1
2019,14,3101,19,"D","1",NA,18.5,0,NA,"","3101_14","drought",NA,"alive",1,"Vegetative",0,NA,"2",1,1,1,NA
2020,14,3101,19,"D","2",11,15.5,1,"2.5","","3101_14","drought",NA,"alive",1,"Flowering",1,NA,"2",0,0,1,0
2021,14,3101,19,"D","2",NA,17.5,0,NA,"","3101_14","drought",NA,"alive",1,"Vegetative",0,NA,"2",1,1,1,1
2022,14,3101,19,"D","2",36,20,1,"7.5","","3101_14","drought",NA,"alive",1,"Flowering",1,NA,"1",0,0,1,0
2023,14,3101,19,"D","1",NA,15.5,0,NA,"","3101_14","drought",NA,"alive",1,"Vegetative",0,NA,"1",0,0,1,1
2024,14,3101,19,"D","1",NA,19.5,0,NA,"","3101_14","drought",NA,"alive",1,"Vegetative",0,NA,"1",0,0,1,0
2025,14,3101,19,"D","1",NA,17,0,NA,"outside plot","3101_14","drought",NA,"alive",1,"Vegetative",0,NA,NA,NA,NA,NA,0
2017,4,3103,11,"O","1",NA,9,0,NA,"Diversity plot","3103_4","irrigated",NA,"alive",1,"Vegetative",0,NA,"1",0,0,1,NA
2018,4,3103,11,"O","1",9,9,0,NA,"","3103_4","irrigated",NA,"alive",1,"Vegetative",0,NA,"0",NA,NA,1,0
2019,4,3103,11,"O","0",NA,NA,NA,NA,"Diversity plot, no plant","3103_4","irrigated",NA,"dormant",1,"Dormant",NA,NA,"2",0,0,1,0
2020,4,3103,11,"O","2",NA,11.5,0,NA,"diversity plot","3103_4","irrigated",NA,"alive",1,"Vegetative",0,NA,"1",0,0,1,NA
2021,4,3103,11,"O","1",NA,10,0,NA,"","3103_4","irrigated",NA,"alive",1,"Vegetative",0,NA,"1",0,0,1,0
2022,4,3103,11,"O","1",NA,24,0,NA,"","3103_4","irrigated",NA,"alive",1,"Vegetative",0,NA,"2",1,1,1,0
2023,4,3103,11,"O","2",52,18,1,"5","11E","3103_4","irrigated",NA,"alive",1,"Flowering",1,NA,NA,NA,NA,NA,0
2024,4,3103,11,"O",NA,NA,NA,NA,NA,"NPNT","3103_4","irrigated",NA,NA,NA,NA,NA,NA,NA,NA,NA,NA,1
2025,4,3103,11,"O",NA,NA,NA,NA,NA,"11E in div , NPNT > 2 years","3103_4","irrigated",NA,NA,NA,NA,NA,NA,NA,NA,NA,NA,NA
2018,15,3104,15,"J","1",9.5,9.5,0,NA,"","3104_15","drought",2019,"alive",1,"Vegetative",0,NA,"0",NA,NA,0,NA
2019,15,3104,15,"J","0",NA,NA,NA,NA,"no plant","3104_15","drought",2019,"dead",0,"Dead",NA,NA,NA,NA,NA,NA,0
2016,5,3105,1,"J","4",NA,8.6,1,"1.5","","3105_5","drought",NA,"alive",1,"Flowering",1,NA,"7",2,1,1,NA
2017,5,3105,1,"J","7",NA,11.5,2,"2.2","","3105_5","drought",NA,"alive",1,"Flowering",1,NA,"4",1,1,1,1
2018,5,3105,1,"J","4",12.5,11.5,1,"1.8","","3105_5","drought",NA,"alive",1,"Flowering",1,NA,"1",0,0,1,1
2019,5,3105,1,"J","1",NA,8.5,0,NA,"","3105_5","drought",NA,"alive",1,"Vegetative",0,NA,"1",0,0,1,1
2020,5,3105,1,"J","1",NA,10.4,0,NA,"","3105_5","drought",NA,"alive",1,"Vegetative",0,NA,"1",0,0,1,0
2021,5,3105,1,"J","1",NA,12,0,NA,"","3105_5","drought",NA,"alive",1,"Vegetative",0,NA,"4",0,0,1,0
2022,5,3105,1,"J","4",NA,17,0,NA,"","3105_5","drought",NA,"alive",1,"Vegetative",0,NA,"1",0,0,1,0
2023,5,3105,1,"J","1",NA,17,0,NA,"","3105_5","drought",NA,"alive",1,"Vegetative",0,NA,"1",0,0,1,0
2024,5,3105,1,"J","1",NA,17.5,0,NA,"","3105_5","drought",NA,"alive",1,"Vegetative",0,NA,"2",0,0,1,0
2025,5,3105,1,"J","2",NA,16,0,NA,"","3105_5","drought",NA,"alive",1,"Vegetative",0,NA,NA,NA,NA,NA,0
2017,5,3106,17,"E","7",NA,15,3,"3","","3106_5","drought",2022,"alive",1,"Flowering",1,NA,"1",0,0,1,NA
2018,5,3106,17,"E","1",14,14,0,NA,"","3106_5","drought",2022,"alive",1,"Vegetative",0,NA,"1",0,0,1,1
2019,5,3106,17,"E","1",NA,7,0,NA,"","3106_5","drought",2022,"alive",1,"Vegetative",0,NA,NA,NA,NA,NA,0
2020,5,3106,17,"E",NA,NA,NA,NA,NA,"","3106_5","drought",2022,NA,NA,NA,NA,NA,NA,NA,NA,NA,0
2021,5,3106,17,"E",NA,NA,NA,NA,NA,"NPNT","3106_5","drought",2022,NA,NA,NA,NA,NA,"0",NA,NA,0,NA
2022,5,3106,17,"E","0",NA,NA,NA,NA,"NP. Tag pulled","3106_5","drought",2022,"dead",0,"Dead",NA,NA,NA,NA,NA,NA,NA
2017,14,3107,13,"A","2",NA,16.5,0,NA,"","3107_14","drought",2022,"alive",1,"Vegetative",0,NA,"1",0,0,1,NA
2018,14,3107,13,"A","1",22,22,0,NA,"","3107_14","drought",2022,"alive",1,"Vegetative",0,NA,"2",1,1,1,0
2019,14,3107,13,"A","2",19.5,13,1,"2","","3107_14","drought",2022,"alive",1,"Flowering",1,NA,NA,NA,NA,NA,0
2020,14,3107,13,"A",NA,NA,NA,NA,NA,"","3107_14","drought",2022,NA,NA,NA,NA,NA,"3",0,0,1,1
2021,14,3107,13,"A","3",NA,11,0,NA,"","3107_14","drought",2022,"alive",1,"Vegetative",0,NA,"0",NA,NA,0,NA
2022,14,3107,13,"A","0",NA,NA,NA,NA,"NP","3107_14","drought",2022,"dead",0,"Dead",NA,NA,NA,NA,NA,NA,0
2019,13,3108,12,"G","2",17,12,1,"4","","3108_13","control",NA,"alive",1,"Flowering",1,NA,NA,NA,NA,NA,NA
2020,13,3108,12,"G",NA,NA,NA,NA,NA,"","3108_13","control",NA,NA,NA,NA,NA,NA,"4",1,1,1,1
2021,13,3108,12,"G","4",NA,15,1,NA,"","3108_13","control",NA,"alive",1,"Flowering",1,NA,"2",1,1,1,NA
2022,13,3108,12,"G","2",30,15,1,"6.5","","3108_13","control",NA,"alive",1,"Flowering",1,NA,"3",2,1,1,1
2023,13,3108,12,"G","3",25,13,2,"SOS","","3108_13","control",NA,"alive",1,"Flowering",1,NA,"4",3,1,1,1
2024,13,3108,12,"G","4",25.5,18,3,"6.5","","3108_13","control",NA,"alive",1,"Flowering",1,NA,"2",1,1,1,1
2025,13,3108,12,"G","2",28,17,1,"4.5","","3108_13","control",NA,"alive",1,"Flowering",1,NA,NA,NA,NA,NA,1
2017,5,3108,1,"I","8",NA,16,4,"3","","3108_5","drought",NA,"alive",1,"Flowering",1,NA,"1",1,1,1,NA
2018,5,3108,1,"I","1",11.5,10,1,"1","","3108_5","drought",NA,"alive",1,"Flowering",1,NA,"1",0,0,1,1
2019,5,3108,1,"I","1",NA,10.5,0,NA,"","3108_5","drought",NA,"alive",1,"Vegetative",0,NA,"2",0,0,1,1
2020,5,3108,1,"I","2",NA,13.7,0,NA,"","3108_5","drought",NA,"alive",1,"Vegetative",0,NA,"1",0,0,1,0
2021,5,3108,1,"I","1",NA,12,0,NA,"","3108_5","drought",NA,"alive",1,"Vegetative",0,NA,"4",1,1,1,0
2022,5,3108,1,"I","4",27,19.5,1,"3.5","","3108_5","drought",NA,"alive",1,"Flowering",1,NA,"3",2,1,1,0
2023,5,3108,1,"I","3",33,15,2,"SOS","","3108_5","drought",NA,"alive",1,"Flowering",1,NA,"2",1,1,1,1
2024,5,3108,1,"I","2",13,14,1,"1","","3108_5","drought",NA,"alive",1,"Flowering",1,NA,"2",0,0,1,1
2025,5,3108,1,"I","2",NA,20.5,0,NA,"","3108_5","drought",NA,"alive",1,"Vegetative",0,NA,NA,NA,NA,NA,1
2019,13,3109,5,"I","1",NA,6,0,NA,"","3109_13","control",2020,"alive",1,"Vegetative",0,NA,"0",NA,NA,0,NA
2020,13,3109,5,"I","0",NA,NA,NA,NA,"no plant","3109_13","control",2020,"dead",0,"Dead",NA,NA,NA,NA,NA,NA,0
2017,5,3109,12,"F","4",NA,7,1,"2.5","","3109_5","drought",NA,"alive",1,"Flowering",1,NA,"2",0,0,1,NA
2018,5,3109,12,"F","2",13,13,0,"0","","3109_5","drought",NA,"alive",1,"Vegetative",0,NA,"1",0,0,1,1
2019,5,3109,12,"F","1",NA,11,0,NA,"","3109_5","drought",NA,"alive",1,"Vegetative",0,NA,NA,NA,NA,NA,0
2020,5,3109,12,"F",NA,NA,NA,NA,NA,"","3109_5","drought",NA,NA,NA,NA,NA,NA,"0",NA,NA,1,0
2021,5,3109,12,"F","0",NA,NA,NA,NA,"NP","3109_5","drought",NA,"dormant",1,"Dormant",NA,NA,"3",2,1,1,NA
2022,5,3109,12,"F","3",22,11,2,"SOS","","3109_5","drought",NA,"alive",1,"Flowering",1,NA,"0",NA,NA,1,NA
2023,5,3109,12,"F","0",NA,NA,NA,NA,"NP","3109_5","drought",NA,"dormant",1,"Dormant",NA,NA,"3",2,1,1,1
2024,5,3109,12,"F","3",14,10,2,"2","","3109_5","drought",NA,"alive",1,"Flowering",1,NA,"1",0,0,1,NA
2025,5,3109,12,"F","1",NA,13,0,NA,"","3109_5","drought",NA,"alive",1,"Vegetative",0,NA,NA,NA,NA,NA,1
2019,13,3110,0,"I","1",NA,16,0,NA,"","3110_13","control",2020,"alive",1,"Vegetative",0,NA,"0",NA,NA,0,NA
2020,13,3110,0,"I","0",NA,NA,NA,NA,"no plant","3110_13","control",2020,"dead",0,"Dead",NA,NA,NA,NA,NA,NA,0
2019,13,3111,0,"I","1",NA,12,0,NA,"","3111_13","control",2020,"alive",1,"Vegetative",0,NA,"0",NA,NA,0,NA
2020,13,3111,0,"I","0",NA,NA,NA,NA,"no plant","3111_13","control",2020,"dead",0,"Dead",NA,NA,NA,NA,NA,NA,0
2019,13,3112,0,"J","2",21,13,1,"3","","3112_13","control",2023,"alive",1,"Flowering",1,NA,"1",0,0,1,NA
2020,13,3112,0,"J","1",NA,15.6,0,NA,"","3112_13","control",2023,"alive",1,"Vegetative",0,NA,"1",0,0,1,1
2021,13,3112,0,"J","1",NA,14.5,0,NA,"","3112_13","control",2023,"alive",1,"Vegetative",0,NA,"2",1,1,1,0
2022,13,3112,0,"J","2",28,20,1,"4","","3112_13","control",2023,"alive",1,"Flowering",1,NA,"0",NA,NA,0,0
2023,13,3112,0,"J","0",NA,NA,NA,NA,"NP","3112_13","control",2023,"dead",0,"Dead",NA,NA,NA,NA,NA,NA,1
2018,15,3112,15,"D","3",7.5,11,1,"1.5","","3112_15","drought",2021,"alive",1,"Flowering",1,NA,"0",NA,NA,1,NA
2019,15,3112,15,"D","0",NA,NA,NA,NA,"no plant","3112_15","drought",2021,"dormant",1,"Dormant",NA,NA,NA,NA,NA,NA,1
2020,15,3112,15,"D",NA,NA,NA,NA,NA,"","3112_15","drought",2021,NA,NA,NA,NA,NA,"0",NA,NA,0,NA
2021,15,3112,15,"D","0",NA,NA,NA,NA,"NP","3112_15","drought",2021,"dead",0,"Dead",NA,NA,NA,NA,NA,NA,NA
2019,13,3113,6,"I","1",NA,2,0,NA,"","3113_13","control",2020,"alive",1,"Vegetative",0,NA,"0",NA,NA,0,NA
2020,13,3113,6,"I","0",NA,NA,NA,NA,"no plant","3113_13","control",2020,"dead",0,"Dead",NA,NA,NA,NA,NA,NA,0
2019,13,3114,8,"H","1",NA,5,0,NA,"","3114_13","control",2021,"alive",1,"Vegetative",0,NA,"1",0,0,1,NA
2020,13,3114,8,"H","1",NA,6.8,0,NA,"new tag = 3429","3114_13","control",2021,"alive",1,"Vegetative",0,NA,"0",NA,NA,0,0
2021,13,3114,8,"H","0",NA,NA,NA,NA,"NP, tag is 3429","3114_13","control",2021,"dead",0,"Dead",NA,NA,NA,NA,NA,NA,0
2019,13,3115,11,"G","1",NA,6,0,NA,"","3115_13","control",2021,"alive",1,"Vegetative",0,NA,NA,NA,NA,NA,NA
2020,13,3115,11,"G",NA,NA,NA,NA,NA,"","3115_13","control",2021,NA,NA,NA,NA,NA,"0",NA,NA,0,0
2021,13,3115,11,"G","0",NA,NA,NA,NA,"NP","3115_13","control",2021,"dead",0,"Dead",NA,NA,NA,NA,NA,NA,NA
2016,15,3116,16,"C","3",NA,10.5,0,NA,"Umbel missing?","3116_15","drought",NA,"alive",1,"Vegetative",0,NA,"5",3,1,1,NA
2017,15,3116,16,"C","5",NA,18.5,3,"4.5","","3116_15","drought",NA,"alive",1,"Flowering",1,NA,"2",0,0,1,0
2018,15,3116,16,"C","2",17.5,17.5,0,NA,"","3116_15","drought",NA,"alive",1,"Vegetative",0,NA,"3",2,1,1,1
2019,15,3116,16,"C","3",30,9.5,2,"6","","3116_15","drought",NA,"alive",1,"Flowering",1,NA,"0",NA,NA,1,0
2020,15,3116,16,"C","0",NA,NA,NA,NA,"eaten","3116_15","drought",NA,"dormant",1,"Dormant",NA,NA,"5",4,1,1,1
2021,15,3116,16,"C","5",21,16,4,"SOS","","3116_15","drought",NA,"alive",1,"Flowering",1,NA,"9",3,1,1,NA
2022,15,3116,16,"C","9",43,25,3,"SOS","","3116_15","drought",NA,"alive",1,"Flowering",1,NA,"12",9,1,1,1
2023,15,3116,16,"C","12",37,22,9,"SOS","2 umbels dead","3116_15","drought",NA,"alive",1,"Flowering",1,NA,"6",4,1,1,1
2024,15,3116,16,"C","6",32.5,19,4,"12.5","","3116_15","drought",NA,"alive",1,"Flowering",1,NA,"5",0,0,1,1
2025,15,3116,16,"C","5",NA,23.5,0,NA,"","3116_15","drought",NA,"alive",1,"Vegetative",0,NA,NA,NA,NA,NA,1
2019,13,3117,16,"H","1",NA,10,0,NA,"","3117_13","control",NA,"alive",1,"Vegetative",0,NA,NA,NA,NA,NA,NA
2020,13,3117,16,"H",NA,NA,NA,NA,NA,"","3117_13","control",NA,NA,NA,NA,NA,NA,"3",0,0,1,0
2021,13,3117,16,"H","3",NA,19,0,NA,"","3117_13","control",NA,"alive",1,"Vegetative",0,NA,"0",NA,NA,1,NA
2022,13,3117,16,"H","0",NA,NA,NA,NA,"NP","3117_13","control",NA,"dormant",1,"Dormant",NA,NA,NA,NA,NA,NA,0
2023,13,3117,16,"H",NA,NA,NA,NA,NA,"NPNT. NP in 2022.","3117_13","control",NA,NA,NA,NA,NA,NA,"1",1,1,1,NA
2024,13,3117,16,"H","1",19.5,16,1,"3","","3117_13","control",NA,"alive",1,"Flowering",1,NA,"1",0,0,1,NA
2025,13,3117,16,"H","1",NA,28.5,0,NA,"","3117_13","control",NA,"alive",1,"Vegetative",0,NA,NA,NA,NA,NA,1
2019,13,3118,11,"H","2",12,6,1,"2.5","","3118_13","control",NA,"alive",1,"Flowering",1,NA,NA,NA,NA,NA,NA
2020,13,3118,11,"H",NA,NA,NA,NA,NA,"","3118_13","control",NA,NA,NA,NA,NA,NA,"2",0,0,1,1
2021,13,3118,11,"H","2",NA,19,0,NA,"","3118_13","control",NA,"alive",1,"Vegetative",0,NA,"3",2,1,1,NA
2022,13,3118,11,"H","3",34,14,2,"SOS","","3118_13","control",NA,"alive",1,"Flowering",1,NA,"3",3,1,1,0
2023,13,3118,11,"H","3",30,18,3,"SOS","","3118_13","control",NA,"alive",1,"Flowering",1,NA,"3",2,1,1,1
2024,13,3118,11,"H","3",26,11,2,"3.5","","3118_13","control",NA,"alive",1,"Flowering",1,NA,"5",3,1,1,1
2025,13,3118,11,"H","5",19,20.5,3,"2.5","one dead umbel","3118_13","control",NA,"alive",1,"Flowering",1,NA,NA,NA,NA,NA,1
2016,14,3118,17,"A","6",NA,6.3,0,NA,"2 stalks","3118_14","drought",NA,"alive",1,"Vegetative",0,NA,"3",1,1,1,NA
2017,14,3118,17,"A","3",NA,13,1,"3.2","","3118_14","drought",NA,"alive",1,"Flowering",1,NA,"1",0,0,1,0
2018,14,3118,17,"A","1",10.5,10.5,0,NA,"","3118_14","drought",NA,"alive",1,"Vegetative",0,NA,"2",0,0,1,1
2019,14,3118,17,"A","2",NA,17,0,NA,"","3118_14","drought",NA,"alive",1,"Vegetative",0,NA,NA,NA,NA,NA,0
2020,14,3118,17,"A",NA,NA,NA,NA,NA,"","3118_14","drought",NA,NA,NA,NA,NA,NA,"3",0,0,1,0
2021,14,3118,17,"A","3",NA,20.5,0,NA,"","3118_14","drought",NA,"alive",1,"Vegetative",0,NA,"2",1,1,1,NA
2022,14,3118,17,"A","2",28.5,16,1,"5","","3118_14","drought",NA,"alive",1,"Flowering",1,NA,"1",0,0,1,0
2023,14,3118,17,"A","1",NA,16,0,NA,"","3118_14","drought",NA,"alive",1,"Vegetative",0,NA,"2",1,1,1,1
2024,14,3118,17,"A","2",26,17,1,"2","","3118_14","drought",NA,"alive",1,"Flowering",1,NA,"1",0,0,1,0
2025,14,3118,17,"A","1",NA,21,0,NA,"","3118_14","drought",NA,"alive",1,"Vegetative",0,NA,NA,NA,NA,NA,1
2017,13,3119,9,"H","3",NA,9.5,1,"1.5","","3119_13","control",NA,"alive",1,"Flowering",1,NA,"1",0,0,1,NA
2018,13,3119,9,"H","1",7.5,7.5,0,NA,"","3119_13","control",NA,"alive",1,"Vegetative",0,NA,"3",1,1,1,1
2019,13,3119,9,"H","3",10,7,1,"2","duplicate, changed to '3119'","3119_13","control",NA,"alive",1,"Flowering",1,NA,"0",NA,NA,1,0
2020,13,3119,9,"H","0",NA,NA,NA,NA,"no plant, old tag = 3388","3119_13","control",NA,"dormant",1,"Dormant",NA,NA,"3",0,0,1,1
2021,13,3119,9,"H","3",NA,14,0,NA,"old tag was 3388","3119_13","control",NA,"alive",1,"Vegetative",0,NA,"3",2,1,1,NA
2022,13,3119,9,"H","3",29.5,12.5,2,"SOS","old tag was 3388","3119_13","control",NA,"alive",1,"Flowering",1,NA,"6",4,1,1,0
2023,13,3119,9,"H","6",24,13,4,"SOS","","3119_13","control",NA,"alive",1,"Flowering",1,NA,"2",1,1,1,1
2024,13,3119,9,"H","2",13.5,14,1,"2","","3119_13","control",NA,"alive",1,"Flowering",1,NA,"4",2,1,1,1
2025,13,3119,9,"H","4",20,15,2,"5.5","","3119_13","control",NA,"alive",1,"Flowering",1,NA,NA,NA,NA,NA,1
2019,13,3120,3,"H","3",NA,13,0,NA,"","3120_13","control",NA,"alive",1,"Vegetative",0,NA,"1",0,0,1,NA
2020,13,3120,3,"H","1",NA,9.3,0,NA,"","3120_13","control",NA,"alive",1,"Vegetative",0,NA,"5",0,0,1,0
2021,13,3120,3,"H","5",NA,14.5,0,NA,"","3120_13","control",NA,"alive",1,"Vegetative",0,NA,"3",2,1,1,0
2022,13,3120,3,"H","3",29,13.5,2,"SOS","","3120_13","control",NA,"alive",1,"Flowering",1,NA,"7",5,1,1,0
2023,13,3120,3,"H","7",39,16,5,"SOS","2 umbels dead","3120_13","control",NA,"alive",1,"Flowering",1,NA,"3",2,1,1,1
2024,13,3120,3,"H","3",17.5,15,2,"4.5","","3120_13","control",NA,"alive",1,"Flowering",1,NA,"3",1,1,1,1
2025,13,3120,3,"H","3",18.5,18,1,NA,"umbel dead","3120_13","control",NA,"alive",1,"Flowering",1,NA,NA,NA,NA,NA,1
2016,5,3120,7,"G","3",NA,6.1,1,"1.9","","3120_5","drought",NA,"alive",1,"Flowering",1,NA,"4",2,1,1,NA
2017,5,3120,7,"G","4",NA,11.5,2,"2","","3120_5","drought",NA,"alive",1,"Flowering",1,NA,"2",0,0,1,1
2018,5,3120,7,"G","2",11.5,11.5,0,NA,"","3120_5","drought",NA,"alive",1,"Vegetative",0,NA,"2",0,0,1,1
2019,5,3120,7,"G","2",NA,11.5,0,NA,"","3120_5","drought",NA,"alive",1,"Vegetative",0,NA,"2",0,0,1,0
2020,5,3120,7,"G","2",NA,12.5,0,NA,"","3120_5","drought",NA,"alive",1,"Vegetative",0,NA,"3",0,0,1,0
2021,5,3120,7,"G","3",NA,14,0,NA,"","3120_5","drought",NA,"alive",1,"Vegetative",0,NA,"4",0,0,1,0
2022,5,3120,7,"G","4",NA,19,0,NA,"","3120_5","drought",NA,"alive",1,"Vegetative",0,NA,"4",2,1,1,0
2023,5,3120,7,"G","4",26,13,2,"SOS","umbels are same height","3120_5","drought",NA,"alive",1,"Flowering",1,NA,"3",1,1,1,0
2024,5,3120,7,"G","3",17,14,1,"1","","3120_5","drought",NA,"alive",1,"Flowering",1,NA,"3",0,0,1,1
2025,5,3120,7,"G","3",NA,18,0,NA,"","3120_5","drought",NA,"alive",1,"Vegetative",0,NA,NA,NA,NA,NA,1
2019,13,3121,3,"F","1",NA,7,0,NA,"","3121_13","control",2021,"alive",1,"Vegetative",0,NA,"1",0,0,1,NA
2020,13,3121,3,"F","1",NA,4.1,0,NA,"","3121_13","control",2021,"alive",1,"Vegetative",0,NA,"0",NA,NA,0,0
2021,13,3121,3,"F","0",NA,NA,NA,NA,"NP","3121_13","control",2021,"dead",0,"Dead",NA,NA,NA,NA,NA,NA,0
2019,13,3122,4,"F","1",NA,9,0,NA,"","3122_13","control",2021,"alive",1,"Vegetative",0,NA,"2",0,0,1,NA
2020,13,3122,4,"F","2",NA,5.8,0,NA,"","3122_13","control",2021,"alive",1,"Vegetative",0,NA,"0",NA,NA,0,0
2021,13,3122,4,"F","0",NA,NA,NA,NA,"NP","3122_13","control",2021,"dead",0,"Dead",NA,NA,NA,NA,NA,NA,0
2017,4,3122,8,"J","3",NA,9.5,0,NA,"","3122_4","irrigated",2024,"alive",1,"Vegetative",0,NA,"2",1,1,1,NA
2018,4,3122,8,"J","2",22,13,1,"2.4","","3122_4","irrigated",2024,"alive",1,"Flowering",1,NA,"2",1,1,1,0
2019,4,3122,8,"J","2",26,12.5,1,"3","","3122_4","irrigated",2024,"alive",1,"Flowering",1,NA,"0",NA,NA,1,1
2020,4,3122,8,"J","0",NA,NA,NA,NA,"no plant","3122_4","irrigated",2024,"dormant",1,"Dormant",NA,NA,"1",0,0,1,1
2021,4,3122,8,"J","1",NA,14,0,NA,"","3122_4","irrigated",2024,"alive",1,"Vegetative",0,NA,"5",2,1,1,NA
2022,4,3122,8,"J","5",43,14,2,"SOS","","3122_4","irrigated",2024,"alive",1,"Flowering",1,NA,"7",4,1,1,0
2023,4,3122,8,"J","7",53,17,4,"SOS","","3122_4","irrigated",2024,"alive",1,"Flowering",1,NA,"0",NA,NA,0,1
2024,4,3122,8,"J","0",NA,NA,NA,NA,"NP; lots of digging","3122_4","irrigated",2024,"dead",0,"Dead",NA,NA,NA,NA,NA,NA,1
2016,13,3123,5,"H","5",NA,3.8,1,"3.2","2 stalks, top has been eaten","3123_13","control",NA,"alive",1,"Flowering",1,NA,"24",5,1,1,NA
2017,13,3123,5,"H","24",NA,10,5,"4.5","","3123_13","control",NA,"alive",1,"Flowering",1,NA,"10",4,1,1,1
2018,13,3123,5,"H","10",13.5,7.5,4,"2.7","","3123_13","control",NA,"alive",1,"Flowering",1,NA,"15",5,1,1,1
2019,13,3123,5,"H","15",28,12,5,"6","","3123_13","control",NA,"alive",1,"Flowering",1,NA,"2",0,0,1,1
2020,13,3123,5,"H","2",NA,11.8,0,NA,"eaten","3123_13","control",NA,"alive",1,"Vegetative",0,NA,"7",0,0,1,1
2021,13,3123,5,"H","7",NA,15,0,NA,"","3123_13","control",NA,"alive",1,"Vegetative",0,NA,"10",4,1,1,0
2022,13,3123,5,"H","10",34.5,12,4,"SOS","","3123_13","control",NA,"alive",1,"Flowering",1,NA,"11",9,1,1,0
2023,13,3123,5,"H","11",39,13,9,"SOS","3 umbels dead","3123_13","control",NA,"alive",1,"Flowering",1,NA,"7",3,1,1,1
2024,13,3123,5,"H","7",33,12.5,3,"11.5","","3123_13","control",NA,"alive",1,"Flowering",1,NA,"8",6,1,1,1
2025,13,3123,5,"H","8",26,17,6,"5.5","3 dead umbles","3123_13","control",NA,"alive",1,"Flowering",1,NA,NA,NA,NA,NA,1
2016,5,3124,16,"D","12",NA,6.7,2,"3","","3124_5","drought",NA,"alive",1,"Flowering",1,NA,"2",2,1,1,NA
2017,5,3124,16,"D","2",NA,12,2,"2","","3124_5","drought",NA,"alive",1,"Flowering",1,NA,"3",1,1,1,1
2018,5,3124,16,"D","3",13,13.5,1,"2.5","","3124_5","drought",NA,"alive",1,"Flowering",1,NA,"1",1,1,1,1
2019,5,3124,16,"D","1",17,7.5,1,"2","","3124_5","drought",NA,"alive",1,"Flowering",1,NA,NA,NA,NA,NA,1
2020,5,3124,16,"D",NA,NA,NA,NA,NA,"","3124_5","drought",NA,NA,NA,NA,NA,NA,"2",1,1,1,1
2021,5,3124,16,"D","2",18,18,1,"3","","3124_5","drought",NA,"alive",1,"Flowering",1,NA,"3",2,1,1,NA
2022,5,3124,16,"D","3",30,15,2,"SOS","","3124_5","drought",NA,"alive",1,"Flowering",1,NA,"3",2,1,1,1
2023,5,3124,16,"D","3",50,21,2,"SOS","","3124_5","drought",NA,"alive",1,"Flowering",1,NA,"3",1,1,1,1
2024,5,3124,16,"D","3",40,21,1,"4","","3124_5","drought",NA,"alive",1,"Flowering",1,NA,"2",1,1,1,1
2025,5,3124,16,"D","2",11,19,1,"1.5","","3124_5","drought",NA,"alive",1,"Flowering",1,NA,NA,NA,NA,NA,1
2019,5,3125,14,"C","1",NA,14,0,NA,"","3125_5.14C","drought",NA,"alive",1,"Vegetative",0,NA,"1",0,0,1,NA
2020,5,3125,14,"C","1",NA,13,0,NA,"","3125_5.14C","drought",NA,"alive",1,"Vegetative",0,NA,"2",0,0,1,0
2021,5,3125,14,"C","2",NA,14,0,NA,"","3125_5.14C","drought",NA,"alive",1,"Vegetative",0,NA,NA,NA,NA,NA,0
2022,5,3125,14,"C",NA,NA,NA,NA,NA,"NPNT","3125_5.14C","drought",NA,NA,NA,NA,NA,NA,"6",3,1,1,0
2023,5,3125,14,"C","6",41,15,3,"SOS","","3125_5.14C","drought",NA,"alive",1,"Flowering",1,NA,"3",2,1,1,NA
2024,5,3125,14,"C","3",30.5,15,2,"2","one umbel dead unmeasured","3125_5.14C","drought",NA,"alive",1,"Flowering",1,NA,"4",2,1,1,1
2025,5,3125,14,"C","4",15,12.5,2,"6.5","","3125_5.14C","drought",NA,"alive",1,"Flowering",1,NA,NA,NA,NA,NA,1
2017,5,3125,3,"I","4",NA,10.5,1,"2","","3125_5.3I","drought",NA,"alive",1,"Flowering",1,NA,"1",0,0,1,NA
2018,5,3125,3,"I","1",8,8,0,NA,"","3125_5.3I","drought",NA,"alive",1,"Vegetative",0,NA,"0",NA,NA,1,1
2019,5,3125,3,"I","0",NA,NA,NA,NA,"no plant","3125_5.3I","drought",NA,"dormant",1,"Dormant",NA,NA,"1",0,0,1,0
2020,5,3125,3,"I","1",NA,13,0,NA,"","3125_5.3I","drought",NA,"alive",1,"Vegetative",0,NA,"1",0,0,1,NA
2021,5,3125,3,"I","1",NA,11,0,NA,"","3125_5.3I","drought",NA,"alive",1,"Vegetative",0,NA,"2",1,1,1,0
2022,5,3125,3,"I","2",28,18,1,"4","","3125_5.3I","drought",NA,"alive",1,"Flowering",1,NA,"4",2,1,1,0
2023,5,3125,3,"I","4",42.5,17,2,"SOS","","3125_5.3I","drought",NA,"alive",1,"Flowering",1,NA,"2",1,1,1,1
2024,5,3125,3,"I","2",19.5,14,1,"2.5","","3125_5.3I","drought",NA,"alive",1,"Flowering",1,NA,"2",1,1,1,1
2025,5,3125,3,"I","2",26,14,1,"3","","3125_5.3I","drought",NA,"alive",1,"Flowering",1,NA,NA,NA,NA,NA,1
2021,1,3126,6,"D","2",NA,18,0,NA,"","3126_1","irrigated",NA,"alive",1,"Vegetative",0,NA,"3",2,1,1,NA
2022,1,3126,6,"D","3",50,17.5,2,"SOS","","3126_1","irrigated",NA,"alive",1,"Flowering",1,NA,"4",2,1,1,0
2023,1,3126,6,"D","4",47,18.5,2,"SOS","","3126_1","irrigated",NA,"alive",1,"Flowering",1,NA,"1",0,0,1,1
2024,1,3126,6,"D","1",NA,20.5,0,NA,"","3126_1","irrigated",NA,"alive",1,"Vegetative",0,NA,"3",1,1,1,1
2025,1,3126,6,"D","3",41,22.5,1,"4","","3126_1","irrigated",NA,"alive",1,"Flowering",1,NA,NA,NA,NA,NA,0
2019,13,3126,17,"B","2",NA,16,0,NA,"","3126_13","control",NA,"alive",1,"Vegetative",0,NA,NA,NA,NA,NA,NA
2020,13,3126,17,"B",NA,NA,NA,NA,NA,"","3126_13","control",NA,NA,NA,NA,NA,NA,"2",0,0,1,0
2021,13,3126,17,"B","2",NA,15,0,NA,"","3126_13","control",NA,"alive",1,"Vegetative",0,NA,"4",2,1,1,NA
2022,13,3126,17,"B","4",32.5,18,2,"SOS","","3126_13","control",NA,"alive",1,"Flowering",1,NA,"2",1,1,1,0
2023,13,3126,17,"B","2",24,14,1,"5","","3126_13","control",NA,"alive",1,"Flowering",1,NA,"1",0,0,1,1
2024,13,3126,17,"B","1",NA,14.5,0,NA,"in moss","3126_13","control",NA,"alive",1,"Vegetative",0,NA,"1",0,0,1,1
2025,13,3126,17,"B","1",NA,20,0,NA,"in moss","3126_13","control",NA,"alive",1,"Vegetative",0,NA,NA,NA,NA,NA,0
2019,5,3127,16,"B","1",NA,13.5,0,NA,"","3127_5","drought",NA,"alive",1,"Vegetative",0,NA,NA,NA,NA,NA,NA
2020,5,3127,16,"B",NA,NA,NA,NA,NA,"","3127_5","drought",NA,NA,NA,NA,NA,NA,"2",1,1,1,0
2021,5,3127,16,"B","2",15,12,1,"2.5","","3127_5","drought",NA,"alive",1,"Flowering",1,NA,"3",2,1,1,NA
2022,5,3127,16,"B","3",26,9,2,"SOS","","3127_5","drought",NA,"alive",1,"Flowering",1,NA,"6",3,1,1,1
2023,5,3127,16,"B","6",41,13,3,"SOS","","3127_5","drought",NA,"alive",1,"Flowering",1,NA,"2",1,1,1,1
2024,5,3127,16,"B","2",21,8.5,1,"3","","3127_5","drought",NA,"alive",1,"Flowering",1,NA,"2",1,1,1,1
2025,5,3127,16,"B","2",9.5,12,1,"2","","3127_5","drought",NA,"alive",1,"Flowering",1,NA,NA,NA,NA,NA,1
2016,13,3128,13,"H","12",NA,8.4,3,"2.7","3 stalks","3128_13","control",NA,"alive",1,"Flowering",1,NA,"5",3,1,1,NA
2017,13,3128,13,"H","5",NA,10,3,"3","","3128_13","control",NA,"alive",1,"Flowering",1,NA,"3",0,0,1,1
2018,13,3128,13,"H","3",10,10,0,NA,"","3128_13","control",NA,"alive",1,"Vegetative",0,NA,"5",1,1,1,1
2019,13,3128,13,"H","5",13,13,1,"1","","3128_13","control",NA,"alive",1,"Flowering",1,NA,"2",0,0,1,0
2020,13,3128,13,"H","2",NA,15.2,0,NA,"","3128_13","control",NA,"alive",1,"Vegetative",0,NA,"3",1,1,1,1
2021,13,3128,13,"H","3",10,16,1,NA,"","3128_13","control",NA,"alive",1,"Flowering",1,NA,"3",1,1,1,0
2022,13,3128,13,"H","3",30,13,1,"3","","3128_13","control",NA,"alive",1,"Flowering",1,NA,"4",2,1,1,1
2023,13,3128,13,"H","4",35,15,2,"SOS","","3128_13","control",NA,"alive",1,"Flowering",1,NA,"2",1,1,1,1
2024,13,3128,13,"H","2",22,13.5,1,"3","","3128_13","control",NA,"alive",1,"Flowering",1,NA,"2",0,0,1,1
2025,13,3128,13,"H","2",NA,14,0,NA,"","3128_13","control",NA,"alive",1,"Vegetative",0,NA,NA,NA,NA,NA,1
2019,12,3129,15,"H","1",NA,11,0,NA,"","3129_12","irrigated",NA,"alive",1,"Vegetative",0,NA,"2",0,0,1,NA
2020,12,3129,15,"H","2",NA,14.1,0,NA,"","3129_12","irrigated",NA,"alive",1,"Vegetative",0,NA,"3",0,0,1,0
2021,12,3129,15,"H","3",NA,29,0,NA,"","3129_12","irrigated",NA,"alive",1,"Vegetative",0,NA,"3",2,1,1,0
2022,12,3129,15,"H","3",35,19,2,"SOS","weird split stalk","3129_12","irrigated",NA,"alive",1,"Flowering",1,NA,"4",1,1,1,0
2023,12,3129,15,"H","4",34,19,1,"4","","3129_12","irrigated",NA,"alive",1,"Flowering",1,NA,"3",2,1,1,1
2024,12,3129,15,"H","3",28.5,12.5,2,"4.5","","3129_12","irrigated",NA,"alive",1,"Flowering",1,NA,"1",1,1,1,1
2025,12,3129,15,"H","1",30,18,1,"6","","3129_12","irrigated",NA,"alive",1,"Flowering",1,NA,NA,NA,NA,NA,1
2019,12,3130,3,"B","1",NA,6,0,NA,"","3130_12","irrigated",2021,"alive",1,"Vegetative",0,NA,NA,NA,NA,NA,NA
2020,12,3130,3,"B",NA,NA,NA,NA,NA,"npnt","3130_12","irrigated",2021,NA,NA,NA,NA,NA,NA,NA,NA,0,0
2021,12,3130,3,"B",NA,NA,NA,NA,NA,"NPNT","3130_12","irrigated",2021,"dead",0,"Dead",NA,NA,NA,NA,NA,NA,NA
2019,12,3131,13,"H","1",NA,7.5,0,NA,"","3131_12","irrigated",NA,"alive",1,"Vegetative",0,NA,"2",0,0,1,NA
2020,12,3131,13,"H","2",NA,8.8,0,NA,"","3131_12","irrigated",NA,"alive",1,"Vegetative",0,NA,"3",0,0,1,0
2021,12,3131,13,"H","3",NA,15,0,NA,"","3131_12","irrigated",NA,"alive",1,"Vegetative",0,NA,"3",1,1,1,0
2022,12,3131,13,"H","3",30,12,1,"5","","3131_12","irrigated",NA,"alive",1,"Flowering",1,NA,"2",1,1,1,0
2023,12,3131,13,"H","2",35,16.5,1,"5.5","","3131_12","irrigated",NA,"alive",1,"Flowering",1,NA,"1",0,0,1,1
2024,12,3131,13,"H","1",NA,18,0,NA,"","3131_12","irrigated",NA,"alive",1,"Vegetative",0,NA,"3",2,1,1,1
2025,12,3131,13,"H","3",26,17,2,"5","","3131_12","irrigated",NA,"alive",1,"Flowering",1,NA,NA,NA,NA,NA,0
2016,7,3131,12,"F","8",NA,3,1,"2.5","Diversity plot","3131_7","drought",2019,"alive",1,"Flowering",1,NA,NA,NA,NA,NA,NA
2017,7,3131,12,"F",NA,NA,NA,NA,NA,"NP/NT","3131_7","drought",2019,NA,NA,NA,NA,NA,NA,NA,NA,NA,1
2018,7,3131,12,"F",NA,NA,NA,NA,NA,"no plant no tag","3131_7","drought",2019,NA,NA,NA,NA,NA,"0",NA,NA,0,NA
2019,7,3131,12,"F","0",NA,NA,NA,NA,"no plant","3131_7","drought",2019,"dead",0,"Dead",NA,NA,NA,NA,NA,NA,NA
2019,12,3132,18,"F","2",NA,5.5,0,NA,"","3132_12","irrigated",NA,"alive",1,"Vegetative",0,NA,"1",0,0,1,NA
2020,12,3132,18,"F","1",NA,7.2,0,NA,"","3132_12","irrigated",NA,"alive",1,"Vegetative",0,NA,"2",0,0,1,0
2021,12,3132,18,"F","2",NA,9,0,NA,"","3132_12","irrigated",NA,"alive",1,"Vegetative",0,NA,"1",0,0,1,0
2022,12,3132,18,"F","1",NA,12.5,0,NA,"","3132_12","irrigated",NA,"alive",1,"Vegetative",0,NA,"1",0,0,1,0
2023,12,3132,18,"F","1",NA,14,0,NA,"","3132_12","irrigated",NA,"alive",1,"Vegetative",0,NA,"1",0,0,1,0
2024,12,3132,18,"F","1",NA,7,0,NA,"","3132_12","irrigated",NA,"alive",1,"Vegetative",0,NA,"1",0,0,1,0
2025,12,3132,18,"F","1",NA,12,0,NA,"","3132_12","irrigated",NA,"alive",1,"Vegetative",0,NA,NA,NA,NA,NA,0
2019,12,3133,5,"C","2",NA,8,0,NA,"","3133_12","irrigated",NA,"alive",1,"Vegetative",0,NA,"2",0,0,1,NA
2020,12,3133,5,"C","2",NA,13.8,0,NA,"","3133_12","irrigated",NA,"alive",1,"Vegetative",0,NA,"1",0,0,1,0
2021,12,3133,5,"C","1",NA,9.5,0,NA,"","3133_12","irrigated",NA,"alive",1,"Vegetative",0,NA,"0",NA,NA,1,0
2022,12,3133,5,"C","0",NA,NA,NA,NA,"NP","3133_12","irrigated",NA,"dormant",1,"Dormant",NA,NA,"3",0,0,1,0
2023,12,3133,5,"C","3",NA,18,0,NA,"","3133_12","irrigated",NA,"alive",1,"Vegetative",0,NA,"2",1,1,1,NA
2024,12,3133,5,"C","2",30,14.5,1,"3.5","","3133_12","irrigated",NA,"alive",1,"Flowering",1,NA,"2",1,1,1,0
2025,12,3133,5,"C","2",22,15,1,"2.5","","3133_12","irrigated",NA,"alive",1,"Flowering",1,NA,NA,NA,NA,NA,1
2019,12,3134,13,"H","1",NA,8,0,NA,"","3134_12","irrigated",NA,"alive",1,"Vegetative",0,NA,"1",0,0,1,NA
2020,12,3134,13,"H","1",NA,10.5,0,NA,"","3134_12","irrigated",NA,"alive",1,"Vegetative",0,NA,"2",0,0,1,0
2021,12,3134,13,"H","2",NA,14.5,0,NA,"","3134_12","irrigated",NA,"alive",1,"Vegetative",0,NA,"1",0,0,1,0
2022,12,3134,13,"H","1",NA,21.5,0,NA,"","3134_12","irrigated",NA,"alive",1,"Vegetative",0,NA,"4",2,1,1,0
2023,12,3134,13,"H","4",49,23,2,"SOS","","3134_12","irrigated",NA,"alive",1,"Flowering",1,NA,"3",2,1,1,0
2024,12,3134,13,"H","3",33,17.5,2,"4","","3134_12","irrigated",NA,"alive",1,"Flowering",1,NA,"3",1,1,1,1
2025,12,3134,13,"H","3",30,20,1,"3.5","","3134_12","irrigated",NA,"alive",1,"Flowering",1,NA,NA,NA,NA,NA,1
2019,12,3135,7,"G","3",21,10.5,1,"2","","3135_12","irrigated",NA,"alive",1,"Flowering",1,NA,"2",2,1,1,NA
2020,12,3135,7,"G","2",14,10.2,2,"SOS","","3135_12","irrigated",NA,"alive",1,"Flowering",1,NA,"3",2,1,1,1
2021,12,3135,7,"G","3",21.5,9,2,"4","","3135_12","irrigated",NA,"alive",1,"Flowering",1,NA,"4",3,1,1,1
2022,12,3135,7,"G","4",34,9,3,"SOS","","3135_12","irrigated",NA,"alive",1,"Flowering",1,NA,"2",1,1,1,1
2023,12,3135,7,"G","2",41,15,1,"7","","3135_12","irrigated",NA,"alive",1,"Flowering",1,NA,"6",3,1,1,1
2024,12,3135,7,"G","6",37,14,3,"12","","3135_12","irrigated",NA,"alive",1,"Flowering",1,NA,"3",1,1,1,1
2025,12,3135,7,"G","3",22,16,1,"4.5","","3135_12","irrigated",NA,"alive",1,"Flowering",1,NA,NA,NA,NA,NA,1
2016,5,3135,18,"D","3",NA,10.1,0,NA,"Main stem missing, probably had one","3135_5","drought",NA,"alive",1,"Vegetative",0,NA,"3",2,1,1,NA
2017,5,3135,18,"D","3",NA,12.5,2,"3","","3135_5","drought",NA,"alive",1,"Flowering",1,NA,"2",1,1,1,0
2018,5,3135,18,"D","2",11.5,10,1,"4.5","","3135_5","drought",NA,"alive",1,"Flowering",1,NA,"3",2,1,1,1
2019,5,3135,18,"D","3",27.3,9,2,"3.5","","3135_5","drought",NA,"alive",1,"Flowering",1,NA,NA,NA,NA,NA,1
2020,5,3135,18,"D",NA,NA,NA,NA,NA,"","3135_5","drought",NA,NA,NA,NA,NA,NA,"2",1,1,1,1
2021,5,3135,18,"D","2",16,9,1,"3","","3135_5","drought",NA,"alive",1,"Flowering",1,NA,"4",3,1,1,NA
2022,5,3135,18,"D","4",28,11.5,3,"SOS","","3135_5","drought",NA,"alive",1,"Flowering",1,NA,"3",2,1,1,1
2023,5,3135,18,"D","3",55,14,2,"SOS","1 leaf broken off","3135_5","drought",NA,"alive",1,"Flowering",1,NA,"3",2,1,1,1
2024,5,3135,18,"D","3",37.5,13.5,2,"10","","3135_5","drought",NA,"alive",1,"Flowering",1,NA,"1",0,0,1,1
2025,5,3135,18,"D","1",NA,13,0,NA,"","3135_5","drought",NA,"alive",1,"Vegetative",0,NA,NA,NA,NA,NA,1
2019,13,3136,14,"A","2",NA,15,0,NA,"","3136_13","control",NA,"alive",1,"Vegetative",0,NA,NA,NA,NA,NA,NA
2020,13,3136,14,"A",NA,NA,NA,NA,NA,"","3136_13","control",NA,NA,NA,NA,NA,NA,"1",0,0,1,0
2021,13,3136,14,"A","1",NA,12.5,0,NA,"","3136_13","control",NA,"alive",1,"Vegetative",0,NA,"1",0,0,1,NA
2022,13,3136,14,"A","1",NA,13,0,NA,"","3136_13","control",NA,"alive",1,"Vegetative",0,NA,"2",2,1,1,0
2023,13,3136,14,"A","2",24,11,2,"SOS","","3136_13","control",NA,"alive",1,"Flowering",1,NA,"1",0,0,1,0
2024,13,3136,14,"A","1",NA,8.5,0,NA,"","3136_13","control",NA,"alive",1,"Vegetative",0,NA,"1",0,0,1,1
2025,13,3136,14,"A","1",NA,20.5,0,NA,"","3136_13","control",NA,"alive",1,"Vegetative",0,NA,NA,NA,NA,NA,0
2016,6,3136,16,"B","9",NA,8.5,1,"3.5","Dead leaves","3136_6","irrigated",NA,"alive",1,"Flowering",1,NA,"3",2,1,1,NA
2017,6,3136,16,"B","3",NA,13.5,2,"2.8","","3136_6","irrigated",NA,"alive",1,"Flowering",1,NA,"2",1,1,1,1
2018,6,3136,16,"B","2",18,15,1,"2.3","","3136_6","irrigated",NA,"alive",1,"Flowering",1,NA,"2",2,1,1,1
2019,6,3136,16,"B","2",29,11.5,2,"4","","3136_6","irrigated",NA,"alive",1,"Flowering",1,NA,"3",2,1,1,1
2020,6,3136,16,"B","3",24,10.8,2,"SOS","","3136_6","irrigated",NA,"alive",1,"Flowering",1,NA,"2",2,1,1,1
2021,6,3136,16,"B","2",33,13.5,2,"SOS","","3136_6","irrigated",NA,"alive",1,"Flowering",1,NA,"5",3,1,1,1
2022,6,3136,16,"B","5",53,15,3,"SOS","","3136_6","irrigated",NA,"alive",1,"Flowering",1,NA,"6",3,1,1,1
2023,6,3136,16,"B","6",45,24,3,"SOS","","3136_6","irrigated",NA,"alive",1,"Flowering",1,NA,"2",2,1,1,1
2024,6,3136,16,"B","2",4,20,2,"7","","3136_6","irrigated",NA,"alive",1,"Flowering",1,NA,"3",1,1,1,1
2025,6,3136,16,"B","3",39,23,1,"3.5","","3136_6","irrigated",NA,"alive",1,"Flowering",1,NA,NA,NA,NA,NA,1
2019,12,3137,12,"G","1",NA,9,0,NA,"","3137_12","irrigated",NA,"alive",1,"Vegetative",0,NA,"1",0,0,1,NA
2020,12,3137,12,"G","1",NA,9.7,0,NA,"","3137_12","irrigated",NA,"alive",1,"Vegetative",0,NA,"3",0,0,1,0
2021,12,3137,12,"G","3",NA,11.5,0,NA,"","3137_12","irrigated",NA,"alive",1,"Vegetative",0,NA,"3",1,1,1,0
2022,12,3137,12,"G","3",24,12.5,1,"3.5","","3137_12","irrigated",NA,"alive",1,"Flowering",1,NA,"2",0,0,1,0
2023,12,3137,12,"G","2",NA,16,0,NA,"","3137_12","irrigated",NA,"alive",1,"Vegetative",0,NA,"1",0,0,1,1
2024,12,3137,12,"G","1",NA,11.5,0,NA,"","3137_12","irrigated",NA,"alive",1,"Vegetative",0,NA,"2",0,0,1,0
2025,12,3137,12,"G","2",NA,14,0,NA,"","3137_12","irrigated",NA,"alive",1,"Vegetative",0,NA,NA,NA,NA,NA,0
2019,13,3138,12,"A","1",NA,6.5,0,NA,"","3138_13","control",NA,"alive",1,"Vegetative",0,NA,NA,NA,NA,NA,NA
2020,13,3138,12,"A",NA,NA,NA,NA,NA,"","3138_13","control",NA,NA,NA,NA,NA,NA,"1",0,0,1,0
2021,13,3138,12,"A","1",NA,10,0,NA,"","3138_13","control",NA,"alive",1,"Vegetative",0,NA,"0",NA,NA,1,NA
2022,13,3138,12,"A","0",NA,NA,NA,NA,"NP","3138_13","control",NA,"dormant",1,"Dormant",NA,NA,"1",0,0,1,0
2023,13,3138,12,"A","1",NA,10,0,NA,"","3138_13","control",NA,"alive",1,"Vegetative",0,NA,"1",0,0,1,NA
2024,13,3138,12,"A","1",NA,11,0,NA,"","3138_13","control",NA,"alive",1,"Vegetative",0,NA,"1",0,0,1,0
2025,13,3138,12,"A","1",NA,10.5,0,NA,"","3138_13","control",NA,"alive",1,"Vegetative",0,NA,NA,NA,NA,NA,0
2019,12,3139,17,"A","2",NA,5.5,0,NA,"","3139_12","irrigated",NA,"alive",1,"Vegetative",0,NA,"1",0,0,1,NA
2020,12,3139,17,"A","1",NA,2.3,0,NA,"","3139_12","irrigated",NA,"alive",1,"Vegetative",0,NA,"2",0,0,1,0
2021,12,3139,17,"A","2",NA,5.5,0,NA,"","3139_12","irrigated",NA,"alive",1,"Vegetative",0,NA,"4",NA,NA,1,0
2022,12,3139,17,"A","4",NA,11,NA,NA,"","3139_12","irrigated",NA,"alive",1,NA,NA,NA,"4",0,0,1,0
2023,12,3139,17,"A","4",NA,17,0,NA,"","3139_12","irrigated",NA,"alive",1,"Vegetative",0,NA,"1",0,0,1,NA
2024,12,3139,17,"A","1",NA,13,0,NA,"","3139_12","irrigated",NA,"alive",1,"Vegetative",0,NA,"3",0,0,1,0
2025,12,3139,17,"A","3",NA,14.5,0,NA,"","3139_12","irrigated",NA,"alive",1,"Vegetative",0,NA,NA,NA,NA,NA,0
2019,12,3140,16,"C","3",NA,9,0,NA,"","3140_12","irrigated",NA,"alive",1,"Vegetative",0,NA,"2",0,0,1,NA
2020,12,3140,16,"C","2",NA,4.9,0,NA,"","3140_12","irrigated",NA,"alive",1,"Vegetative",0,NA,"1",0,0,1,0
2021,12,3140,16,"C","1",NA,10,0,NA,"","3140_12","irrigated",NA,"alive",1,"Vegetative",0,NA,"2",0,0,1,0
2022,12,3140,16,"C","2",NA,14,0,NA,"","3140_12","irrigated",NA,"alive",1,"Vegetative",0,NA,"2",0,0,1,0
2023,12,3140,16,"C","2",NA,12,0,NA,"","3140_12","irrigated",NA,"alive",1,"Vegetative",0,NA,"1",0,0,1,0
2024,12,3140,16,"C","1",NA,9,0,NA,"moss","3140_12","irrigated",NA,"alive",1,"Vegetative",0,NA,"4",0,0,1,0
2025,12,3140,16,"C","4",NA,14.5,0,NA,"","3140_12","irrigated",NA,"alive",1,"Vegetative",0,NA,NA,NA,NA,NA,0
2016,6,3140,18,"F","3",NA,2.5,1,"2.3","Partly eaten","3140_6","irrigated",NA,"alive",1,"Flowering",1,NA,"2",2,1,1,NA
2017,6,3140,18,"F","2",NA,15,2,"3.5","","3140_6","irrigated",NA,"alive",1,"Flowering",1,NA,"6",1,1,1,1
2018,6,3140,18,"F","6",13.5,19,1,"0.7","","3140_6","irrigated",NA,"alive",1,"Flowering",1,NA,"2",2,1,1,1
2019,6,3140,18,"F","2",15,14,2,"2.5","","3140_6","irrigated",NA,"alive",1,"Flowering",1,NA,"1",0,0,1,1
2020,6,3140,18,"F","1",NA,12.1,0,NA,"","3140_6","irrigated",NA,"alive",1,"Vegetative",0,NA,"4",1,1,1,1
2021,6,3140,18,"F","4",24,18,1,"4","","3140_6","irrigated",NA,"alive",1,"Flowering",1,NA,"4",3,1,1,0
2022,6,3140,18,"F","4",41,20.5,3,"SOS","","3140_6","irrigated",NA,"alive",1,"Flowering",1,NA,"5",4,1,1,1
2023,6,3140,18,"F","5",30,19,4,"SOS","","3140_6","irrigated",NA,"alive",1,"Flowering",1,NA,"2",1,1,1,1
2024,6,3140,18,"F","2",23,23,1,"2.5","","3140_6","irrigated",NA,"alive",1,"Flowering",1,NA,"1",0,0,1,1
2025,6,3140,18,"F","1",NA,16,0,NA,"","3140_6","irrigated",NA,"alive",1,"Vegetative",0,NA,NA,NA,NA,NA,1
2019,13,3141,10,"A","2",NA,10,0,NA,"","3141_13","control",2021,"alive",1,"Vegetative",0,NA,NA,NA,NA,NA,NA
2020,13,3141,10,"A",NA,NA,NA,NA,NA,"","3141_13","control",2021,NA,NA,NA,NA,NA,"0",NA,NA,0,0
2021,13,3141,10,"A","0",NA,NA,NA,NA,"NP","3141_13","control",2021,"dead",0,"Dead",NA,NA,NA,NA,NA,NA,NA
2016,6,3141,15,"E","6",NA,4.1,1,"4.3","","3141_6","irrigated",NA,"alive",1,"Flowering",1,NA,"6",0,0,1,NA
2017,6,3141,15,"E","6",NA,19,0,NA,"","3141_6","irrigated",NA,"alive",1,"Vegetative",0,NA,"1",0,0,1,1
2018,6,3141,15,"E","1",12,12,0,NA,"","3141_6","irrigated",NA,"alive",1,"Vegetative",0,NA,"2",1,1,1,0
2019,6,3141,15,"E","2",9,7.5,1,"3","","3141_6","irrigated",NA,"alive",1,"Flowering",1,NA,"4",2,1,1,0
2020,6,3141,15,"E","4",27,13.1,2,"SOS","","3141_6","irrigated",NA,"alive",1,"Flowering",1,NA,"4",3,1,1,1
2021,6,3141,15,"E","4",27.5,14,3,"SOS","","3141_6","irrigated",NA,"alive",1,"Flowering",1,NA,"5",3,1,1,1
2022,6,3141,15,"E","5",50,19,3,"SOS","","3141_6","irrigated",NA,"alive",1,"Flowering",1,NA,"5",3,1,1,1
2023,6,3141,15,"E","5",28,16,3,"SOS","last flower is sad and small","3141_6","irrigated",NA,"alive",1,"Flowering",1,NA,"2",1,1,1,1
2024,6,3141,15,"E","2",32.5,14,1,"4","","3141_6","irrigated",NA,"alive",1,"Flowering",1,NA,"1",0,0,1,1
2025,6,3141,15,"E","1",NA,20,0,NA,"","3141_6","irrigated",NA,"alive",1,"Vegetative",0,NA,NA,NA,NA,NA,1
2017,13,3142,17,"A","2",NA,13,2,"2.5","","3142_13","control",NA,"alive",1,"Flowering",1,NA,"1",0,0,1,NA
2018,13,3142,17,"A","1",9.5,9.5,0,NA,"","3142_13","control",NA,"alive",1,"Vegetative",0,NA,"3",0,0,1,1
2019,13,3142,17,"A","3",NA,16,0,NA,"duplicate, changed to '3142","3142_13","control",NA,"alive",1,"Vegetative",0,NA,NA,NA,NA,NA,0
2020,13,3142,17,"A",NA,NA,NA,NA,NA,"new tag: 3142","3142_13","control",NA,NA,NA,NA,NA,NA,"3",1,1,1,0
2021,13,3142,17,"A","3",13,16,1,"2","tag is 3142","3142_13","control",NA,"alive",1,"Flowering",1,NA,"1",0,0,1,NA
2022,13,3142,17,"A","1",NA,14,0,NA,"2021: tag is 3142. 2022: changed previously","3142_13","control",NA,"alive",1,"Vegetative",0,NA,"0",NA,NA,1,1
2023,13,3142,17,"A","0",NA,NA,NA,NA,"tag is 3142. NP.","3142_13","control",NA,"dormant",1,"Dormant",NA,NA,"1",0,0,1,0
2024,13,3142,17,"A","1",NA,13,0,NA,"","3142_13","control",NA,"alive",1,"Vegetative",0,NA,"1",0,0,1,NA
2025,13,3142,17,"A","1",NA,13,0,NA,"tag is 3142","3142_13","control",NA,"alive",1,"Vegetative",0,NA,NA,NA,NA,NA,0
2016,6,3142,19,"D","13",NA,6.7,2,"4.2","2 stalks","3142_6","irrigated",NA,"alive",1,"Flowering",1,NA,"3",2,1,1,NA
2017,6,3142,19,"D","3",NA,13,2,"3.2","","3142_6","irrigated",NA,"alive",1,"Flowering",1,NA,"3",1,1,1,1
2018,6,3142,19,"D","3",13,14,1,"2","","3142_6","irrigated",NA,"alive",1,"Flowering",1,NA,"2",1,1,1,1
2019,6,3142,19,"D","2",13.5,13,1,"2","","3142_6","irrigated",NA,"alive",1,"Flowering",1,NA,"1",1,1,1,1
2020,6,3142,19,"D","1",14.5,10,1,"1.8","tag missing, new tag=3792","3142_6","irrigated",NA,"alive",1,"Flowering",1,NA,"0",NA,NA,1,1
2021,6,3142,19,"D","0",NA,NA,NA,NA,"NP, tag is 3792","3142_6","irrigated",NA,"dormant",1,"Dormant",NA,NA,"2",1,1,1,1
2022,6,3142,19,"D","2",37,19,1,"4","had repleacement tag 3792, but found both this year pointing at same plant. 2022: 3792 tag pulled","3142_6","irrigated",NA,"alive",1,"Flowering",1,NA,"1",2,1,1,NA
2023,6,3142,19,"D","1",23,17,2,"SOS","","3142_6","irrigated",NA,"alive",1,"Flowering",1,NA,"1",0,0,1,1
2024,6,3142,19,"D","1",NA,16.5,0,NA,"","3142_6","irrigated",NA,"alive",1,"Vegetative",0,NA,"0",NA,NA,NA,1
2025,6,3142,19,"D","0",NA,NA,NA,NA,"NP, outside plot","3142_6","irrigated",NA,NA,NA,NA,NA,NA,NA,NA,NA,NA,0
2019,13,3143,11,"A","1",NA,10,0,NA,"","3143_13","control",NA,"alive",1,"Vegetative",0,NA,NA,NA,NA,NA,NA
2020,13,3143,11,"A",NA,NA,NA,NA,NA,"","3143_13","control",NA,NA,NA,NA,NA,NA,"2",1,1,1,0
2021,13,3143,11,"A","2",12,11,1,"2.5","","3143_13","control",NA,"alive",1,"Flowering",1,NA,"3",1,1,1,NA
2022,13,3143,11,"A","3",29,13.5,1,"5.5","","3143_13","control",NA,"alive",1,"Flowering",1,NA,"3",2,1,1,1
2023,13,3143,11,"A","3",32,13,2,"SOS","","3143_13","control",NA,"alive",1,"Flowering",1,NA,"3",1,1,1,1
2024,13,3143,11,"A","3",21.5,11.5,1,"2.5","","3143_13","control",NA,"alive",1,"Flowering",1,NA,"1",0,0,1,1
2025,13,3143,11,"A","1",NA,17.5,0,NA,"","3143_13","control",NA,"alive",1,"Vegetative",0,NA,NA,NA,NA,NA,1
2017,9,3143,14,"0.95","4",NA,22,1,"3","Ycoord= distance from quadrat (m)","3143_9","irrigated",NA,"alive",1,"Flowering",1,NA,"9",2,1,1,NA
2018,9,3143,14,"0.95","9",36,23.5,2,"3.5","","3143_9","irrigated",NA,"alive",1,"Flowering",1,NA,"6",3,1,1,1
2019,9,3143,14,"0.95","6",38,22,3,"6","","3143_9","irrigated",NA,"alive",1,"Flowering",1,NA,"4",3,1,1,1
2020,9,3143,14,"0.95","4",47.8,20.1,3,"SOS","","3143_9","irrigated",NA,"alive",1,"Flowering",1,NA,"3",2,1,1,1
2021,9,3143,14,"0.95","3",37,20,2,"5","14T","3143_9","irrigated",NA,"alive",1,"Flowering",1,NA,"6",3,1,1,1
2022,9,3143,14,"0.95","6",50,20,3,"SOS","14T","3143_9","irrigated",NA,"alive",1,"Flowering",1,NA,"3",2,1,1,1
2023,9,3143,14,"0.95","3",52,18,2,"SOS","14J (div)","3143_9","irrigated",NA,"alive",1,"Flowering",1,NA,"4",1,1,1,1
2024,9,3143,14,"0.95","4",44,19,1,"7","14J (div); phen flp 17 may","3143_9","irrigated",NA,"alive",1,"Flowering",1,NA,NA,NA,NA,NA,1
2025,9,3143,14,"0.95",NA,NA,NA,NA,NA,"14J (div); NPNT, big hole","3143_9","irrigated",NA,NA,NA,NA,NA,NA,NA,NA,NA,NA,1
2019,12,3144,17,"A","1",NA,5.5,0,NA,"","3144_12","irrigated",2021,"alive",1,"Vegetative",0,NA,"1",0,0,1,NA
2020,12,3144,17,"A","1",NA,5.8,0,NA,"","3144_12","irrigated",2021,"alive",1,"Vegetative",0,NA,"0",NA,NA,0,0
2021,12,3144,17,"A","0",NA,NA,NA,NA,"NP","3144_12","irrigated",2021,"dead",0,"Dead",NA,NA,NA,NA,NA,NA,0
2017,5,3144,14,"J","3",NA,10,1,"4","","3144_5","drought",2022,"alive",1,"Flowering",1,NA,"2",0,0,1,NA
2018,5,3144,14,"J","2",9.5,11.5,0,NA,"","3144_5","drought",2022,"alive",1,"Vegetative",0,NA,"0",NA,NA,1,1
2019,5,3144,14,"J","0",NA,NA,NA,NA,"no plant","3144_5","drought",2022,"dormant",1,"Dormant",NA,NA,NA,NA,NA,NA,0
2020,5,3144,14,"J",NA,NA,NA,NA,NA,"","3144_5","drought",2022,NA,NA,NA,NA,NA,"1",1,1,1,NA
2021,5,3144,14,"J","1",10,9,1,"3.5","","3144_5","drought",2022,"alive",1,"Flowering",1,NA,"0",NA,NA,0,NA
2022,5,3144,14,"J","0",NA,NA,NA,NA,"NP","3144_5","drought",2022,"dead",0,"Dead",NA,NA,NA,NA,NA,NA,1
2019,12,3145,11,"D","3",NA,12.5,0,NA,"","3145_12","irrigated",NA,"alive",1,"Vegetative",0,NA,"4",0,0,1,NA
2020,12,3145,11,"D","4",NA,12,0,NA,"","3145_12","irrigated",NA,"alive",1,"Vegetative",0,NA,"2",0,0,1,0
2021,12,3145,11,"D","2",NA,15,0,NA,"","3145_12","irrigated",NA,"alive",1,"Vegetative",0,NA,"3",1,1,1,0
2022,12,3145,11,"D","3",29.5,12,1,"4.5","","3145_12","irrigated",NA,"alive",1,"Flowering",1,NA,"4",0,0,1,0
2023,12,3145,11,"D","4",NA,22,0,NA,"","3145_12","irrigated",NA,"alive",1,"Vegetative",0,NA,"2",1,1,1,1
2024,12,3145,11,"D","2",24,17,1,"2.5","","3145_12","irrigated",NA,"alive",1,"Flowering",1,NA,"3",0,0,1,0
2025,12,3145,11,"D","3",NA,20,0,NA,"","3145_12","irrigated",NA,"alive",1,"Vegetative",0,NA,NA,NA,NA,NA,1
2019,12,3146,16,"B","2",NA,4.5,0,NA,"","3146_12","irrigated",NA,"alive",1,"Vegetative",0,NA,"1",0,0,1,NA
2020,12,3146,16,"B","1",NA,5,0,NA,"","3146_12","irrigated",NA,"alive",1,"Vegetative",0,NA,"2",0,0,1,0
2021,12,3146,16,"B","2",NA,14.5,0,NA,"","3146_12","irrigated",NA,"alive",1,"Vegetative",0,NA,"1",0,0,1,0
2022,12,3146,16,"B","1",NA,18,0,NA,"","3146_12","irrigated",NA,"alive",1,"Vegetative",0,NA,"1",0,0,1,0
2023,12,3146,16,"B","1",NA,25,0,NA,"","3146_12","irrigated",NA,"alive",1,"Vegetative",0,NA,"3",1,1,1,0
2024,12,3146,16,"B","3",32.5,18.5,1,"3.5","missed in phen?","3146_12","irrigated",NA,"alive",1,"Flowering",1,NA,"2",0,0,1,0
2025,12,3146,16,"B","2",NA,22,0,NA,"","3146_12","irrigated",NA,"alive",1,"Vegetative",0,NA,NA,NA,NA,NA,1
2019,12,3147,17,"B","2",NA,10.5,0,NA,"","3147_12","irrigated",NA,"alive",1,"Vegetative",0,NA,"1",0,0,1,NA
2020,12,3147,17,"B","1",NA,11.3,0,NA,"","3147_12","irrigated",NA,"alive",1,"Vegetative",0,NA,NA,NA,NA,NA,0
2021,12,3147,17,"B",NA,NA,NA,NA,NA,"NPNT","3147_12","irrigated",NA,NA,NA,NA,NA,NA,"1",0,0,1,0
2022,12,3147,17,"B","1",NA,19,0,NA,"near plant 99","3147_12","irrigated",NA,"alive",1,"Vegetative",0,NA,"3",2,1,1,NA
2023,12,3147,17,"B","3",43,22,2,"SOS","","3147_12","irrigated",NA,"alive",1,"Flowering",1,NA,"3",1,1,1,0
2024,12,3147,17,"B","3",28,15,1,"5","","3147_12","irrigated",NA,"alive",1,"Flowering",1,NA,"2",0,0,1,1
2025,12,3147,17,"B","2",NA,21,0,NA,"","3147_12","irrigated",NA,"alive",1,"Vegetative",0,NA,NA,NA,NA,NA,1
2019,12,3148,17,"D","2",NA,8,0,NA,"","3148_12","irrigated",NA,"alive",1,"Vegetative",0,NA,"1",0,0,1,NA
2020,12,3148,17,"D","1",NA,8.3,0,NA,"","3148_12","irrigated",NA,"alive",1,"Vegetative",0,NA,"1",0,0,1,0
2021,12,3148,17,"D","1",NA,15,0,NA,"","3148_12","irrigated",NA,"alive",1,"Vegetative",0,NA,"2",0,0,1,0
2022,12,3148,17,"D","2",NA,17.5,0,NA,"","3148_12","irrigated",NA,"alive",1,"Vegetative",0,NA,"2",0,0,1,0
2023,12,3148,17,"D","2",NA,6,0,NA,"","3148_12","irrigated",NA,"alive",1,"Vegetative",0,NA,"1",0,0,1,0
2024,12,3148,17,"D","1",NA,6.5,0,NA,"","3148_12","irrigated",NA,"alive",1,"Vegetative",0,NA,"2",0,0,1,0
2025,12,3148,17,"D","2",NA,12,0,NA,"","3148_12","irrigated",NA,"alive",1,"Vegetative",0,NA,NA,NA,NA,NA,0
2017,5,3148,2,"C","2",NA,11,2,"3","","3148_5","drought",2019,"alive",1,"Flowering",1,NA,"1",1,1,1,NA
2018,5,3148,2,"C","1",11,8.5,1,"2.25","","3148_5","drought",2019,"alive",1,"Flowering",1,NA,"0",NA,NA,0,1
2019,5,3148,2,"C","0",NA,NA,NA,NA,"no plant","3148_5","drought",2019,"dead",0,"Dead",NA,NA,NA,NA,NA,NA,1
2019,12,3149,16,"C","3",NA,9,0,NA,"","3149_12","irrigated",NA,"alive",1,"Vegetative",0,NA,"2",0,0,1,NA
2020,12,3149,16,"C","2",NA,5.7,0,NA,"","3149_12","irrigated",NA,"alive",1,"Vegetative",0,NA,"1",0,0,1,0
2021,12,3149,16,"C","1",NA,11,0,NA,"","3149_12","irrigated",NA,"alive",1,"Vegetative",0,NA,"2",0,0,1,0
2022,12,3149,16,"C","2",NA,18,0,NA,"","3149_12","irrigated",NA,"alive",1,"Vegetative",0,NA,"1",0,0,1,0
2023,12,3149,16,"C","1",NA,15,0,NA,"","3149_12","irrigated",NA,"alive",1,"Vegetative",0,NA,"0",NA,NA,1,0
2024,12,3149,16,"C","0",NA,NA,NA,NA,"NP","3149_12","irrigated",NA,"dormant",1,"Dormant",NA,NA,"2",0,0,1,0
2025,12,3149,16,"C","2",NA,13,0,NA,"","3149_12","irrigated",NA,"alive",1,"Vegetative",0,NA,NA,NA,NA,NA,NA
2016,14,3149,19,"A","2",NA,3.6,1,"1.5","","3149_14","drought",NA,"alive",1,"Flowering",1,NA,"3",1,1,1,NA
2017,14,3149,19,"A","3",NA,12,1,"2.7","","3149_14","drought",NA,"alive",1,"Flowering",1,NA,"2",0,0,1,1
2018,14,3149,19,"A","2",14.5,14.5,0,NA,"","3149_14","drought",NA,"alive",1,"Vegetative",0,NA,"1",1,1,1,1
2019,14,3149,19,"A","1",22,12,1,"3.5","","3149_14","drought",NA,"alive",1,"Flowering",1,NA,NA,NA,NA,NA,0
2020,14,3149,19,"A",NA,NA,NA,NA,NA,"","3149_14","drought",NA,NA,NA,NA,NA,NA,"2",1,1,1,1
2021,14,3149,19,"A","2",21,14.5,1,"2","","3149_14","drought",NA,"alive",1,"Flowering",1,NA,"5",3,1,1,NA
2022,14,3149,19,"A","5",49,16,3,"SOS","Outside of plot","3149_14","drought",NA,"alive",1,"Flowering",1,NA,"4",0,0,1,1
2023,14,3149,19,"A","4",NA,27,0,NA,"outside of plot","3149_14","drought",NA,"alive",1,"Vegetative",0,NA,"1",0,0,1,1
2024,14,3149,19,"A","1",NA,14.5,0,NA,"","3149_14","drought",NA,"alive",1,"Vegetative",0,NA,"1",1,1,1,0
2025,14,3149,19,"A","1",32,8,1,"3.5","outside plot","3149_14","drought",NA,"alive",1,"Flowering",1,NA,NA,NA,NA,NA,0
2019,7,3150,13,"G","2",NA,17,0,NA,"","3150_7","drought",NA,"alive",1,"Vegetative",0,NA,"1",0,0,1,NA
2020,7,3150,13,"G","1",NA,15.8,0,NA,"","3150_7","drought",NA,"alive",1,"Vegetative",0,NA,"1",0,0,1,0
2021,7,3150,13,"G","1",NA,17,0,NA,"","3150_7","drought",NA,"alive",1,"Vegetative",0,NA,"1",0,0,1,0
2022,7,3150,13,"G","1",NA,24,0,NA,"","3150_7","drought",NA,"alive",1,"Vegetative",0,NA,"1",1,1,1,0
2023,7,3150,13,"G","1",38,20.5,1,"5","","3150_7","drought",NA,"alive",1,"Flowering",1,NA,"3",2,1,1,0
2024,7,3150,13,"G","3",39,30,2,"5","","3150_7","drought",NA,"alive",1,"Flowering",1,NA,"0",NA,NA,NA,1
2025,7,3150,13,"G","0",NA,NA,NA,NA,"NP","3150_7","drought",NA,NA,NA,NA,NA,NA,NA,NA,NA,NA,1
2016,1,3151,8,"H","4",NA,11.5,1,"2.5","","3151_1","irrigated",NA,"alive",1,"Flowering",1,NA,"1",1,1,1,NA
2017,1,3151,8,"H","1",NA,8.5,1,"1.5","","3151_1","irrigated",NA,"alive",1,"Flowering",1,NA,"3",1,1,1,1
2018,1,3151,8,"H","3",12,12,1,"2.2","","3151_1","irrigated",NA,"alive",1,"Flowering",1,NA,"2",1,1,1,1
2019,1,3151,8,"H","2",13,7,1,"2.5","","3151_1","irrigated",NA,"alive",1,"Flowering",1,NA,"2",1,1,1,1
2020,1,3151,8,"H","2",16.6,9.6,1,"2.3","","3151_1","irrigated",NA,"alive",1,"Flowering",1,NA,"2",1,1,1,1
2021,1,3151,8,"H","2",28,15,1,"3.5","","3151_1","irrigated",NA,"alive",1,"Flowering",1,NA,"5",1,1,1,1
2022,1,3151,8,"H","5",34,20,1,"4","","3151_1","irrigated",NA,"alive",1,"Flowering",1,NA,"3",3,1,1,1
2023,1,3151,8,"H","3",37,18,3,"SOS","","3151_1","irrigated",NA,"alive",1,"Flowering",1,NA,"2",1,1,1,1
2024,1,3151,8,"H","2",19.5,11,1,"2.5","","3151_1","irrigated",NA,"alive",1,"Flowering",1,NA,"2",0,0,1,1
2025,1,3151,8,"H","2",NA,22,0,NA,"","3151_1","irrigated",NA,"alive",1,"Vegetative",0,NA,NA,NA,NA,NA,1
2019,4,3151,4,"I","1",NA,11,0,NA,"","3151_4","irrigated",2023,"alive",1,"Vegetative",0,NA,"1",0,0,1,NA
2020,4,3151,4,"I","1",NA,10.2,0,NA,"","3151_4","irrigated",2023,"alive",1,"Vegetative",0,NA,NA,NA,NA,NA,0
2021,4,3151,4,"I",NA,NA,NA,NA,NA,"NPNT","3151_4","irrigated",2023,NA,NA,NA,NA,NA,NA,NA,NA,NA,0
2022,4,3151,4,"I",NA,NA,NA,NA,NA,"NPNT","3151_4","irrigated",2023,NA,NA,NA,NA,NA,"0",NA,NA,0,NA
2023,4,3151,4,"I","0",NA,NA,NA,NA,"under grass clump. NP; tag pulled.","3151_4","irrigated",2023,"dead",0,"Dead",NA,NA,NA,NA,NA,NA,NA
2019,4,3152,1,"I","1",NA,12,0,NA,"","3152_4","irrigated",NA,"alive",1,"Vegetative",0,NA,"1",0,0,1,NA
2020,4,3152,1,"I","1",NA,12.3,0,NA,"","3152_4","irrigated",NA,"alive",1,"Vegetative",0,NA,"1",0,0,1,0
2021,4,3152,1,"I","1",NA,17,0,NA,"","3152_4","irrigated",NA,"alive",1,"Vegetative",0,NA,"0",NA,NA,1,0
2022,4,3152,1,"I","0",NA,NA,NA,NA,"NP","3152_4","irrigated",NA,"dormant",1,"Dormant",NA,NA,"1",0,0,1,0
2023,4,3152,1,"I","1",NA,16,0,NA,"","3152_4","irrigated",NA,"alive",1,"Vegetative",0,NA,"1",0,0,1,NA
2024,4,3152,1,"I","1",NA,4.5,0,NA,"","3152_4","irrigated",NA,"alive",1,"Vegetative",0,NA,"1",0,0,1,0
2025,4,3152,1,"I","1",NA,9.5,0,NA,"","3152_4","irrigated",NA,"alive",1,"Vegetative",0,NA,NA,NA,NA,NA,0
2017,5,3152,1,"G","2",NA,11.5,1,"2","","3152_5","drought",2020,"alive",1,"Flowering",1,NA,"1",0,0,1,NA
2018,5,3152,1,"G","1",10.5,10.5,0,NA,"","3152_5","drought",2020,"alive",1,"Vegetative",0,NA,"1",0,0,1,1
2019,5,3152,1,"G","1",NA,14,0,NA,"","3152_5","drought",2020,"alive",1,"Vegetative",0,NA,"0",NA,NA,0,0
2020,5,3152,1,"G","0",NA,NA,NA,NA,"no plant","3152_5","drought",2020,"dead",0,"Dead",NA,NA,NA,NA,NA,NA,0
2019,12,3153,13,"E","1",NA,5,0,NA,"","3153_12","irrigated",2022,"alive",1,"Vegetative",0,NA,"1",0,0,1,NA
2020,12,3153,13,"E","1",NA,6.5,0,NA,"removed","3153_12","irrigated",2022,"alive",1,"Vegetative",0,NA,NA,NA,NA,NA,0
2021,12,3153,13,"E",NA,NA,NA,NA,NA,"NPNT, was the tag pulled?","3153_12","irrigated",2022,NA,NA,NA,NA,NA,"0",NA,NA,0,0
2022,12,3153,13,"E","0",NA,NA,NA,NA,"NP, tag pulled","3153_12","irrigated",2022,"dead",0,"Dead",NA,NA,NA,NA,NA,NA,NA
2017,5,3153,14,"D","2",NA,13,1,"3.5","","3153_5","drought",NA,"alive",1,"Flowering",1,NA,"1",0,0,1,NA
2018,5,3153,14,"D","1",11.5,11.5,0,NA,"","3153_5","drought",NA,"alive",1,"Vegetative",0,NA,"0",NA,NA,1,1
2019,5,3153,14,"D","0",NA,NA,NA,NA,"no plant","3153_5","drought",NA,"dormant",1,"Dormant",NA,NA,NA,NA,NA,NA,0
2020,5,3153,14,"D",NA,NA,NA,NA,NA,"","3153_5","drought",NA,NA,NA,NA,NA,NA,"1",0,0,1,NA
2021,5,3153,14,"D","1",NA,10.5,0,NA,"","3153_5","drought",NA,"alive",1,"Vegetative",0,NA,"2",1,1,1,NA
2022,5,3153,14,"D","2",20,18,1,"4","","3153_5","drought",NA,"alive",1,"Flowering",1,NA,"4",2,1,1,0
2023,5,3153,14,"D","4",36,16,2,"SOS","","3153_5","drought",NA,"alive",1,"Flowering",1,NA,NA,NA,NA,NA,1
2024,5,3153,14,"D",NA,NA,NA,NA,NA,"NPNT","3153_5","drought",NA,NA,NA,NA,NA,NA,"3",1,1,1,1
2025,5,3153,14,"D","3",20,13,1,"4.5","","3153_5","drought",NA,"alive",1,"Flowering",1,NA,NA,NA,NA,NA,NA
2016,13,3154,16,"J","8",NA,6.6,1,"4.5","2 stalks","3154_13","control",NA,"alive",1,"Flowering",1,NA,"4",2,1,1,NA
2017,13,3154,16,"J","4",NA,14.5,2,"3","","3154_13","control",NA,"alive",1,"Flowering",1,NA,"6",2,1,1,1
2018,13,3154,16,"J","6",12.5,10.5,2,"3.8","","3154_13","control",NA,"alive",1,"Flowering",1,NA,"10",1,1,1,1
2019,13,3154,16,"J","10",22,14,1,"2.5","","3154_13","control",NA,"alive",1,"Flowering",1,NA,"2",0,0,1,1
2020,13,3154,16,"J","2",NA,21,0,NA,"","3154_13","control",NA,"alive",1,"Vegetative",0,NA,"5",0,0,1,1
2021,13,3154,16,"J","5",NA,14,0,NA,"","3154_13","control",NA,"alive",1,"Vegetative",0,NA,"4",0,0,1,0
2022,13,3154,16,"J","4",NA,15,0,NA,"","3154_13","control",NA,"alive",1,"Vegetative",0,NA,"5",1,1,1,0
2023,13,3154,16,"J","5",18,20,1,"0.5","a bud, prob won't make seeds","3154_13","control",NA,"alive",1,"Flowering",1,NA,"4",2,1,1,0
2024,13,3154,16,"J","4",9,11,2,"5","in moss","3154_13","control",NA,"alive",1,"Flowering",1,NA,"3",0,0,1,1
2025,13,3154,16,"J","3",NA,20,0,NA,"in moss","3154_13","control",NA,"alive",1,"Vegetative",0,NA,NA,NA,NA,NA,1
2019,4,3154,1,"A","1",NA,6,0,NA,"","3154_4","irrigated",NA,"alive",1,"Vegetative",0,NA,"1",0,0,1,NA
2020,4,3154,1,"A","1",NA,13.3,0,NA,"","3154_4","irrigated",NA,"alive",1,"Vegetative",0,NA,"1",0,0,1,0
2021,4,3154,1,"A","1",NA,10,0,NA,"","3154_4","irrigated",NA,"alive",1,"Vegetative",0,NA,"2",0,0,1,0
2022,4,3154,1,"A","2",NA,20,0,NA,"","3154_4","irrigated",NA,"alive",1,"Vegetative",0,NA,"2",1,1,1,0
2023,4,3154,1,"A","2",42,14.5,1,"4","on plot edge, not tracket for phenology","3154_4","irrigated",NA,"alive",1,"Flowering",1,NA,"2",1,1,1,0
2024,4,3154,1,"A","2",34,17,1,"6","","3154_4","irrigated",NA,"alive",1,"Flowering",1,NA,"2",1,1,1,1
2025,4,3154,1,"A","2",34,15.5,1,"4","","3154_4","irrigated",NA,"alive",1,"Flowering",1,NA,NA,NA,NA,NA,1
2016,13,3155,5,"A","3",NA,5.5,1,"7.9","1 stem missing top","3155_13","control",NA,"alive",1,"Flowering",1,NA,"4",4,1,1,NA
2017,13,3155,5,"A","4",NA,13,4,"3","","3155_13","control",NA,"alive",1,"Flowering",1,NA,"1",0,0,1,1
2018,13,3155,5,"A","1",11,11,0,NA,"","3155_13","control",NA,"alive",1,"Vegetative",0,NA,"3",2,1,1,1
2019,13,3155,5,"A","3",19,11,2,"2.5","","3155_13","control",NA,"alive",1,"Flowering",1,NA,"1",0,0,1,0
2020,13,3155,5,"A","1",NA,8.4,0,NA,"","3155_13","control",NA,"alive",1,"Vegetative",0,NA,"5",1,1,1,1
2021,13,3155,5,"A","5",19,11,1,"2","","3155_13","control",NA,"alive",1,"Flowering",1,NA,"3",1,1,1,0
2022,13,3155,5,"A","3",27,13,1,"4","","3155_13","control",NA,"alive",1,"Flowering",1,NA,"5",3,1,1,1
2023,13,3155,5,"A","5",59,18.5,3,"SOS","1 umbel dead, 1 eaten","3155_13","control",NA,"alive",1,"Flowering",1,NA,"5",2,1,1,1
2024,13,3155,5,"A","5",22.5,11,2,"6","","3155_13","control",NA,"alive",1,"Flowering",1,NA,"1",1,1,1,1
2025,13,3155,5,"A","1",17,11,1,"2","","3155_13","control",NA,"alive",1,"Flowering",1,NA,NA,NA,NA,NA,1
2019,2,3155,16,"A","1",NA,12.5,0,NA,"","3155_2","control",NA,"alive",1,"Vegetative",0,NA,NA,NA,NA,NA,NA
2020,2,3155,16,"A",NA,NA,NA,NA,NA,"","3155_2","control",NA,NA,NA,NA,NA,NA,"1",1,1,1,0
2021,2,3155,16,"A","1",NA,13.5,1,NA,"umble eaten","3155_2","control",NA,"alive",1,"Flowering",1,NA,"2",1,1,1,NA
2022,2,3155,16,"A","2",28.5,15,1,"4.5","","3155_2","control",NA,"alive",1,"Flowering",1,NA,"4",2,1,1,1
2023,2,3155,16,"A","4",35,13,2,"SOS","","3155_2","control",NA,"alive",1,"Flowering",1,NA,"2",1,1,1,1
2024,2,3155,16,"A","2",25,18.5,1,"2.5","","3155_2","control",NA,"alive",1,"Flowering",1,NA,"0",NA,NA,NA,1
2025,2,3155,16,"A","0",NA,NA,NA,NA,"NP, tag in dactylis","3155_2","control",NA,NA,NA,NA,NA,NA,NA,NA,NA,NA,1
2016,15,3156,19,"D","4",NA,13.2,2,"3.3","","3156_15","drought",2021,"alive",1,"Flowering",1,NA,"2",0,0,1,NA
2017,15,3156,19,"D","2",NA,21.5,0,NA,"","3156_15","drought",2021,"alive",1,"Vegetative",0,NA,"3",0,0,1,1
2018,15,3156,19,"D","3",19.5,19.5,0,NA,"","3156_15","drought",2021,"alive",1,"Vegetative",0,NA,"0",NA,NA,1,0
2019,15,3156,19,"D","0",NA,NA,NA,NA,"no plant","3156_15","drought",2021,"dormant",1,"Dormant",NA,NA,NA,NA,NA,NA,0
2020,15,3156,19,"D",NA,NA,NA,NA,NA,"","3156_15","drought",2021,NA,NA,NA,NA,NA,"0",NA,NA,0,NA
2021,15,3156,19,"D","0",NA,NA,NA,NA,"NP","3156_15","drought",2021,"dead",0,"Dead",NA,NA,NA,NA,NA,NA,NA
2019,2,3156,11,"E","3",14.5,7,2,"2.5","","3156_2","control",NA,"alive",1,"Flowering",1,NA,NA,NA,NA,NA,NA
2020,2,3156,11,"E",NA,NA,NA,NA,NA,"","3156_2","control",NA,NA,NA,NA,NA,NA,"2",2,1,1,1
2021,2,3156,11,"E","2",29,17,2,"SOS","","3156_2","control",NA,"alive",1,"Flowering",1,NA,"2",2,1,1,NA
2022,2,3156,11,"E","2",32.5,6,2,"SOS","","3156_2","control",NA,"alive",1,"Flowering",1,NA,"2",2,1,1,1
2023,2,3156,11,"E","2",20,10,2,"SOS","untagged plant next to it","3156_2","control",NA,"alive",1,"Flowering",1,NA,"1",0,0,1,1
2024,2,3156,11,"E","1",NA,11.5,0,NA,"accidentally pulled when measured","3156_2","control",NA,"alive",1,"Vegetative",0,NA,"2",2,1,1,1
2025,2,3156,11,"E","2",17,13,2,"7","","3156_2","control",NA,"alive",1,"Flowering",1,NA,NA,NA,NA,NA,0
2017,15,3157,0,"J","6",NA,12,2,"4.5","","3157_15","drought",2019,"alive",1,"Flowering",1,NA,NA,NA,NA,NA,NA
2018,15,3157,0,"J",NA,NA,NA,NA,NA,"NPNT","3157_15","drought",2019,NA,NA,NA,NA,NA,"0",NA,NA,0,1
2019,15,3157,0,"J","0",NA,NA,NA,NA,"found tag, no plant","3157_15","drought",2019,"dead",0,"Dead",NA,NA,NA,NA,NA,NA,NA
2019,2,3157,18,"E","3",26,10,2,"3","","3157_2","control",NA,"alive",1,"Flowering",1,NA,NA,NA,NA,NA,NA
2020,2,3157,18,"E",NA,NA,NA,NA,NA,"","3157_2","control",NA,NA,NA,NA,NA,NA,"6",2,1,1,1
2021,2,3157,18,"E","6",20.5,10,2,"SOS","","3157_2","control",NA,"alive",1,"Flowering",1,NA,"5",3,1,1,NA
2022,2,3157,18,"E","5",41,16,3,"SOS","","3157_2","control",NA,"alive",1,"Flowering",1,NA,"2",1,1,1,1
2023,2,3157,18,"E","2",34,11,1,"5","","3157_2","control",NA,"alive",1,"Flowering",1,NA,NA,NA,NA,NA,1
2024,2,3157,18,"E",NA,NA,NA,NA,NA,"NPNT","3157_2","control",NA,NA,NA,NA,NA,NA,"1",0,0,1,1
2025,2,3157,18,"E","1",NA,23,0,NA,"","3157_2","control",NA,"alive",1,"Vegetative",0,NA,NA,NA,NA,NA,NA
2021,14,3158,4,"C","1",NA,11.5,0,NA,"","3158_14","drought",NA,"alive",1,"Vegetative",0,NA,"3",2,1,1,NA
2022,14,3158,4,"C","3",52,16,2,"SOS","","3158_14","drought",NA,"alive",1,"Flowering",1,NA,"4",3,1,1,0
2023,14,3158,4,"C","4",48,18,3,"SOS","","3158_14","drought",NA,"alive",1,"Flowering",1,NA,"2",1,1,1,1
2024,14,3158,4,"C","2",26,15,1,"3","","3158_14","drought",NA,"alive",1,"Flowering",1,NA,"1",0,0,1,1
2025,14,3158,4,"C","1",NA,27.5,0,NA,"","3158_14","drought",NA,"alive",1,"Vegetative",0,NA,NA,NA,NA,NA,1
2019,2,3159,13,"H","3",10,8,2,"2","","3159_2","control",NA,"alive",1,"Flowering",1,NA,NA,NA,NA,NA,NA
2020,2,3159,13,"H",NA,NA,NA,NA,NA,"","3159_2","control",NA,NA,NA,NA,NA,NA,"5",3,1,1,1
2021,2,3159,13,"H","5",20.5,16.5,3,"SOS","","3159_2","control",NA,"alive",1,"Flowering",1,NA,"6",2,1,1,NA
2022,2,3159,13,"H","6",23,14,2,"SOS","","3159_2","control",NA,"alive",1,"Flowering",1,NA,"10",6,1,1,1
2023,2,3159,13,"H","10",28,15,6,"SOS","all seeding are same height","3159_2","control",NA,"alive",1,"Flowering",1,NA,"3",1,1,1,1
2024,2,3159,13,"H","3",32,12,1,"6","","3159_2","control",NA,"alive",1,"Flowering",1,NA,"1",0,0,1,1
2025,2,3159,13,"H","1",NA,18,0,NA,"","3159_2","control",NA,"alive",1,"Vegetative",0,NA,NA,NA,NA,NA,1
2019,2,3160,10,"H","1",NA,10.5,0,NA,"","3160_2","control",2021,"alive",1,"Vegetative",0,NA,NA,NA,NA,NA,NA
2020,2,3160,10,"H",NA,NA,NA,NA,NA,"","3160_2","control",2021,NA,NA,NA,NA,NA,"0",NA,NA,0,0
2021,2,3160,10,"H","0",NA,NA,NA,NA,"NP","3160_2","control",2021,"dead",0,"Dead",NA,NA,NA,NA,NA,NA,NA
2019,2,3161,10,"H","1",11.5,11,1,"2","","3161_2","control",2021,"alive",1,"Flowering",1,NA,NA,NA,NA,NA,NA
2020,2,3161,10,"H",NA,NA,NA,NA,NA,"","3161_2","control",2021,NA,NA,NA,NA,NA,"0",NA,NA,0,1
2021,2,3161,10,"H","0",NA,NA,NA,NA,"NP","3161_2","control",2021,"dead",0,"Dead",NA,NA,NA,NA,NA,NA,NA
2017,5,3161,2,"F","4",NA,14.5,3,"3","","3161_5","drought",NA,"alive",1,"Flowering",1,NA,"3",1,1,1,NA
2018,5,3161,2,"F","3",12,15,1,"1.5","","3161_5","drought",NA,"alive",1,"Flowering",1,NA,"1",1,1,1,1
2019,5,3161,2,"F","1",15,9,1,"2.5","","3161_5","drought",NA,"alive",1,"Flowering",1,NA,"0",NA,NA,1,1
2020,5,3161,2,"F","0",NA,NA,NA,NA,"no plant","3161_5","drought",NA,"dormant",1,"Dormant",NA,NA,"4",0,0,1,1
2021,5,3161,2,"F","4",NA,13.5,0,NA,"","3161_5","drought",NA,"alive",1,"Vegetative",0,NA,"4",3,1,1,NA
2022,5,3161,2,"F","4",24,13,3,"SOS","","3161_5","drought",NA,"alive",1,"Flowering",1,NA,"4",2,1,1,0
2023,5,3161,2,"F","4",30,17,2,"SOS","","3161_5","drought",NA,"alive",1,"Flowering",1,NA,"4",2,1,1,1
2024,5,3161,2,"F","4",30,19,2,"5","","3161_5","drought",NA,"alive",1,"Flowering",1,NA,"2",0,0,1,1
2025,5,3161,2,"F","2",NA,20,0,NA,"","3161_5","drought",NA,"alive",1,"Vegetative",0,NA,NA,NA,NA,NA,1
2019,2,3162,11,"I","1",NA,10,0,NA,"","3162_2","control",NA,"alive",1,"Vegetative",0,NA,NA,NA,NA,NA,NA
2020,2,3162,11,"I",NA,NA,NA,NA,NA,"","3162_2","control",NA,NA,NA,NA,NA,NA,"1",1,1,1,0
2021,2,3162,11,"I","1",NA,9,1,NA,"umble eaten","3162_2","control",NA,"alive",1,"Flowering",1,NA,"0",NA,NA,1,NA
2022,2,3162,11,"I","0",NA,NA,NA,NA,"NP","3162_2","control",NA,"dormant",1,"Dormant",NA,NA,"1",0,0,1,1
2023,2,3162,11,"I","1",NA,8,0,NA,"","3162_2","control",NA,"alive",1,"Vegetative",0,NA,NA,NA,NA,NA,NA
2024,2,3162,11,"I",NA,NA,NA,NA,NA,"NPNT","3162_2","control",NA,NA,NA,NA,NA,NA,"0",NA,NA,NA,0
2025,2,3162,11,"I","0",NA,NA,NA,NA,"NP","3162_2","control",NA,NA,NA,NA,NA,NA,NA,NA,NA,NA,NA
2019,2,3163,11,"D","1",7,8,1,"2.5","","3163_2","control",NA,"alive",1,"Flowering",1,NA,NA,NA,NA,NA,NA
2020,2,3163,11,"D",NA,NA,NA,NA,NA,"","3163_2","control",NA,NA,NA,NA,NA,NA,"3",2,1,1,1
2021,2,3163,11,"D","3",17,16.5,2,"5.5","","3163_2","control",NA,"alive",1,"Flowering",1,NA,"2",1,1,1,NA
2022,2,3163,11,"D","2",18.5,15,1,"3","","3163_2","control",NA,"alive",1,"Flowering",1,NA,"1",1,1,1,1
2023,2,3163,11,"D","1",17,13,1,NA,"umbel chewed off; not tracking phenology.","3163_2","control",NA,"alive",1,"Flowering",1,NA,"0",NA,NA,1,1
2024,2,3163,11,"D","0",NA,NA,NA,NA,"NP","3163_2","control",NA,"dormant",1,"Dormant",NA,NA,"1",0,0,1,1
2025,2,3163,11,"D","1",NA,13.5,0,NA,"","3163_2","control",NA,"alive",1,"Vegetative",0,NA,NA,NA,NA,NA,NA
2017,13,3164,17,"C","3",NA,13,1,"2.5","","3164_13","control",NA,"alive",1,"Flowering",1,NA,"2",0,0,1,NA
2018,13,3164,17,"C","2",14,14,0,NA,"tag is 3614","3164_13","control",NA,"alive",1,"Vegetative",0,NA,"3",1,1,1,1
2019,13,3164,17,"C","3",14,13,1,"2","tag says 3614","3164_13","control",NA,"alive",1,"Flowering",1,NA,NA,NA,NA,NA,0
2020,13,3164,17,"C",NA,NA,NA,NA,NA,"tag says 3614","3164_13","control",NA,NA,NA,NA,NA,NA,"2",0,0,1,1
2021,13,3164,17,"C","2",NA,17.5,0,NA,"","3164_13","control",NA,"alive",1,"Vegetative",0,NA,"2",1,1,1,NA
2022,13,3164,17,"C","2",28.5,15,1,"5","tag says 3614","3164_13","control",NA,"alive",1,"Flowering",1,NA,"1",1,1,1,0
2023,13,3164,17,"C","1",28.5,12,1,"4","tag says 3614","3164_13","control",NA,"alive",1,"Flowering",1,NA,"1",0,0,1,1
2024,13,3164,17,"C","1",NA,15.5,0,NA,"","3164_13","control",NA,"alive",1,"Vegetative",0,NA,"2",0,0,1,1
2025,13,3164,17,"C","2",NA,19,0,NA,"tag is 3614","3164_13","control",NA,"alive",1,"Vegetative",0,NA,NA,NA,NA,NA,0
2019,2,3164,14,"B","1",NA,11,0,NA,"","3164_2","control",2024,"alive",1,"Vegetative",0,NA,NA,NA,NA,NA,NA
2020,2,3164,14,"B",NA,NA,NA,NA,NA,"","3164_2","control",2024,NA,NA,NA,NA,NA,"4",2,1,1,0
2021,2,3164,14,"B","4",14,15.5,2,"SOS","","3164_2","control",2024,"alive",1,"Flowering",1,NA,"1",1,1,1,NA
2022,2,3164,14,"B","1",18,10,1,"4","","3164_2","control",2024,"alive",1,"Flowering",1,NA,"2",1,1,1,1
2023,2,3164,14,"B","2",28,16,1,"5","","3164_2","control",2024,"alive",1,"Flowering",1,NA,"0",NA,NA,0,1
2024,2,3164,14,"B","0",NA,NA,NA,NA,"NP","3164_2","control",2024,"dead",0,"Dead",NA,NA,NA,NA,NA,NA,1
2019,4,3165,4,"H","1",NA,7,0,NA,"","3165_4","irrigated",NA,"alive",1,"Vegetative",0,NA,"1",0,0,1,NA
2020,4,3165,4,"H","1",NA,16.1,0,NA,"","3165_4","irrigated",NA,"alive",1,"Vegetative",0,NA,"2",0,0,1,0
2021,4,3165,4,"H","2",NA,11.5,0,NA,"","3165_4","irrigated",NA,"alive",1,"Vegetative",0,NA,"2",0,0,1,0
2022,4,3165,4,"H","2",NA,17,0,NA,"","3165_4","irrigated",NA,"alive",1,"Vegetative",0,NA,"1",0,0,1,0
2023,4,3165,4,"H","1",NA,25,0,NA,"","3165_4","irrigated",NA,"alive",1,"Vegetative",0,NA,"1",0,0,1,0
2024,4,3165,4,"H","1",NA,22.5,0,NA,"","3165_4","irrigated",NA,"alive",1,"Vegetative",0,NA,"2",0,0,1,0
2025,4,3165,4,"H","2",NA,18,0,NA,"","3165_4","irrigated",NA,"alive",1,"Vegetative",0,NA,NA,NA,NA,NA,0
2019,2,3166,12,"B","3",7,8.5,2,"1","","3166_2","control",NA,"alive",1,"Flowering",1,NA,NA,NA,NA,NA,NA
2020,2,3166,12,"B",NA,NA,NA,NA,NA,"","3166_2","control",NA,NA,NA,NA,NA,NA,"4",1,1,1,1
2021,2,3166,12,"B","4",19,14,1,"3.5","","3166_2","control",NA,"alive",1,"Flowering",1,NA,"2",2,1,1,NA
2022,2,3166,12,"B","2",29,12.5,2,"SOS","","3166_2","control",NA,"alive",1,"Flowering",1,NA,"4",3,1,1,1
2023,2,3166,12,"B","4",26,12.5,3,"SOS","","3166_2","control",NA,"alive",1,"Flowering",1,NA,"1",0,0,1,1
2024,2,3166,12,"B","1",NA,14.5,0,NA,"more in 12D","3166_2","control",NA,"alive",1,"Vegetative",0,NA,"1",0,0,1,1
2025,2,3166,12,"B","1",NA,18,0,NA,"more in 12D","3166_2","control",NA,"alive",1,"Vegetative",0,NA,NA,NA,NA,NA,0
2016,13,3167,12,"G","3",NA,4,1,"3","Dead leaves","3167_13","control",2024,"alive",1,"Flowering",1,NA,"3",2,1,1,NA
2017,13,3167,12,"G","3",NA,8,2,"2.2","","3167_13","control",2024,"alive",1,"Flowering",1,NA,"1",0,0,1,1
2018,13,3167,12,"G","1",6.5,6.5,0,NA,"","3167_13","control",2024,"alive",1,"Vegetative",0,NA,"1",0,0,1,1
2019,13,3167,12,"G","1",NA,10,0,NA,"","3167_13","control",2024,"alive",1,"Vegetative",0,NA,NA,NA,NA,NA,0
2020,13,3167,12,"G",NA,NA,NA,NA,NA,"","3167_13","control",2024,NA,NA,NA,NA,NA,"3",0,0,1,0
2021,13,3167,12,"G","3",NA,12.5,0,NA,"","3167_13","control",2024,"alive",1,"Vegetative",0,NA,"1",1,1,1,NA
2022,13,3167,12,"G","1",14.5,6.5,1,"2.5","","3167_13","control",2024,"alive",1,"Flowering",1,NA,"10",2,1,1,0
2023,13,3167,12,"G","10",30,3,2,"SOS","1 umbel dead","3167_13","control",2024,"alive",1,"Flowering",1,NA,"0",NA,NA,0,1
2024,13,3167,12,"G","0",NA,NA,NA,NA,"NP but found unattached leaves nearby","3167_13","control",2024,"dead",0,"Dead",NA,NA,NA,NA,NA,NA,1
2019,2,3167,15,"B","1",NA,15.5,0,NA,"","3167_2","control",2024,"alive",1,"Vegetative",0,NA,NA,NA,NA,NA,NA
2020,2,3167,15,"B",NA,NA,NA,NA,NA,"","3167_2","control",2024,NA,NA,NA,NA,NA,"7",3,1,1,0
2021,2,3167,15,"B","7",28,10,3,"SOS","","3167_2","control",2024,"alive",1,"Flowering",1,NA,"3",2,1,1,NA
2022,2,3167,15,"B","3",42,12.5,2,"SOS","","3167_2","control",2024,"alive",1,"Flowering",1,NA,"1",0,0,1,1
2023,2,3167,15,"B","1",NA,19.5,0,NA,"","3167_2","control",2024,"alive",1,"Vegetative",0,NA,"0",NA,NA,0,1
2024,2,3167,15,"B","0",NA,NA,NA,NA,"pulled red toothpick here","3167_2","control",2024,"dead",0,"Dead",NA,NA,NA,NA,NA,NA,0
2019,2,3168,13,"J","1",15,3.5,1,"2.5","","3168_2","control",NA,"alive",1,"Flowering",1,NA,NA,NA,NA,NA,NA
2020,2,3168,13,"J",NA,NA,NA,NA,NA,"","3168_2","control",NA,NA,NA,NA,NA,NA,"2",1,1,1,1
2021,2,3168,13,"J","2",17.5,14,1,"3","","3168_2","control",NA,"alive",1,"Flowering",1,NA,"2",0,0,1,NA
2022,2,3168,13,"J","2",NA,19,0,NA,"","3168_2","control",NA,"alive",1,"Vegetative",0,NA,"3",2,1,1,1
2023,2,3168,13,"J","3",28,8,2,"SOS","","3168_2","control",NA,"alive",1,"Flowering",1,NA,"1",1,1,1,0
2024,2,3168,13,"J","1",18.5,14,1,"2","","3168_2","control",NA,"alive",1,"Flowering",1,NA,"2",2,1,1,1
2025,2,3168,13,"J","2",20,15,2,"5","second umble dead","3168_2","control",NA,"alive",1,"Flowering",1,NA,NA,NA,NA,NA,1
2016,14,3169,15,"A","4",NA,6,0,NA,"Dead","3169_14","drought",NA,"alive",1,"Vegetative",0,NA,"2",0,0,1,NA
2017,14,3169,15,"A","2",NA,14,0,NA,"","3169_14","drought",NA,"alive",1,"Vegetative",0,NA,"1",0,0,1,0
2018,14,3169,15,"A","1",11,11,0,NA,"","3169_14","drought",NA,"alive",1,"Vegetative",0,NA,"1",0,0,1,0
2019,14,3169,15,"A","1",NA,12,0,NA,"","3169_14","drought",NA,"alive",1,"Vegetative",0,NA,NA,NA,NA,NA,0
2020,14,3169,15,"A",NA,NA,NA,NA,NA,"","3169_14","drought",NA,NA,NA,NA,NA,NA,"2",0,0,1,0
2021,14,3169,15,"A","2",NA,8,0,NA,"","3169_14","drought",NA,"alive",1,"Vegetative",0,NA,"1",0,0,1,NA
2022,14,3169,15,"A","1",NA,12,0,NA,"","3169_14","drought",NA,"alive",1,"Vegetative",0,NA,"0",NA,NA,1,0
2023,14,3169,15,"A","0",NA,NA,NA,NA,"NP","3169_14","drought",NA,"dormant",1,"Dormant",NA,NA,"1",0,0,1,0
2024,14,3169,15,"A","1",NA,17,0,NA,"","3169_14","drought",NA,"alive",1,"Vegetative",0,NA,"1",0,0,1,NA
2025,14,3169,15,"A","1",NA,17,0,NA,"closer to 16A","3169_14","drought",NA,"alive",1,"Vegetative",0,NA,NA,NA,NA,NA,0
2019,2,3169,12,"J","2",NA,12.5,0,NA,"","3169_2","control",NA,"alive",1,"Vegetative",0,NA,NA,NA,NA,NA,NA
2020,2,3169,12,"J",NA,NA,NA,NA,NA,"","3169_2","control",NA,NA,NA,NA,NA,NA,"1",0,0,1,0
2021,2,3169,12,"J","1",NA,12.5,0,NA,"","3169_2","control",NA,"alive",1,"Vegetative",0,NA,"3",2,1,1,NA
2022,2,3169,12,"J","3",33,9,2,"SOS","","3169_2","control",NA,"alive",1,"Flowering",1,NA,"2",1,1,1,0
2023,2,3169,12,"J","2",23,11,1,"5","","3169_2","control",NA,"alive",1,"Flowering",1,NA,"1",0,0,1,1
2024,2,3169,12,"J","1",NA,10,0,NA,"","3169_2","control",NA,"alive",1,"Vegetative",0,NA,"1",0,0,1,1
2025,2,3169,12,"J","1",NA,16,0,NA,"","3169_2","control",NA,"alive",1,"Vegetative",0,NA,NA,NA,NA,NA,0
2016,5,3170,9,"D","4",NA,6.8,1,"2.2","","3170_5","drought",2023,"alive",1,"Flowering",1,NA,"3",1,1,1,NA
2017,5,3170,9,"D","3",NA,13,1,"2.5","","3170_5","drought",2023,"alive",1,"Flowering",1,NA,"2",0,0,1,1
2018,5,3170,9,"D","2",16,16,0,NA,"","3170_5","drought",2023,"alive",1,"Vegetative",0,NA,"1",0,0,1,1
2019,5,3170,9,"D","1",NA,10.5,0,NA,"","3170_5","drought",2023,"alive",1,"Vegetative",0,NA,NA,NA,NA,NA,0
2020,5,3170,9,"D",NA,NA,NA,NA,NA,"NPNT","3170_5","drought",2023,NA,NA,NA,NA,NA,NA,NA,NA,NA,0
2021,5,3170,9,"D",NA,NA,NA,NA,NA,"NPNT","3170_5","drought",2023,NA,NA,NA,NA,NA,"3",0,0,1,NA
2022,5,3170,9,"D","3",NA,12.5,0,NA,"","3170_5","drought",2023,"alive",1,"Vegetative",0,NA,"0",NA,NA,0,NA
2023,5,3170,9,"D","0",NA,NA,NA,NA,"NP","3170_5","drought",2023,"dead",0,"Dead",NA,NA,NA,NA,NA,NA,0
2019,2,3171,11,"F","2",15,14,1,"3","one leaf partially eaten","3171_2","control",2022,"alive",1,"Flowering",1,NA,NA,NA,NA,NA,NA
2020,2,3171,11,"F",NA,NA,NA,NA,NA,"","3171_2","control",2022,NA,NA,NA,NA,NA,NA,NA,NA,NA,1
2021,2,3171,11,"F",NA,NA,NA,NA,NA,"NT, new tag is 3588","3171_2","control",2022,NA,NA,NA,NA,NA,"0",NA,NA,0,NA
2022,2,3171,11,"F","0",NA,NA,NA,NA,"NP and tag pulled. In 2021 given new tag 3588, but in 2022 it is separate from 3588","3171_2","control",2022,"dead",0,"Dead",NA,NA,NA,NA,NA,NA,NA
2019,2,3172,17,"A","2",7.5,10.5,1,"2","","3172_2","control",2024,"alive",1,"Flowering",1,NA,NA,NA,NA,NA,NA
2020,2,3172,17,"A",NA,NA,NA,NA,NA,"","3172_2","control",2024,NA,NA,NA,NA,NA,"2",1,1,1,1
2021,2,3172,17,"A","2",NA,17.5,1,NA,"umble eaten","3172_2","control",2024,"alive",1,"Flowering",1,NA,"3",2,1,1,NA
2022,2,3172,17,"A","3",38,13,2,"SOS","","3172_2","control",2024,"alive",1,"Flowering",1,NA,"2",2,1,1,1
2023,2,3172,17,"A","2",25,14,2,"SOS","","3172_2","control",2024,"alive",1,"Flowering",1,NA,"0",NA,NA,0,1
2024,2,3172,17,"A","0",NA,NA,NA,NA,"NP","3172_2","control",2024,"dead",0,"Dead",NA,NA,NA,NA,NA,NA,1
2019,2,3173,14,"B","1",9.5,12,1,"1.5","","3173_2","control",2021,"alive",1,"Flowering",1,NA,NA,NA,NA,NA,NA
2020,2,3173,14,"B",NA,NA,NA,NA,NA,"","3173_2","control",2021,NA,NA,NA,NA,NA,NA,NA,NA,0,1
2021,2,3173,14,"B",NA,NA,NA,NA,NA,"NPNT","3173_2","control",2021,"dead",0,"Dead",NA,NA,NA,NA,NA,NA,NA
2016,6,3173,18,"F","3",NA,4.8,2,"3","2 stalks","3173_6","irrigated",2018,"alive",1,"Flowering",1,NA,"4",1,1,1,NA
2017,6,3173,18,"F","4",NA,9.5,1,"2","","3173_6","irrigated",2018,"alive",1,"Flowering",1,NA,"0",NA,NA,0,1
2018,6,3173,18,"F","0",NA,NA,NA,NA,"no plant","3173_6","irrigated",2018,"dead",0,"Dead",NA,NA,NA,NA,NA,NA,1
2016,5,3174,10,"I","3",NA,4.1,1,"3.1","","3174_5","drought",2019,"alive",1,"Flowering",1,NA,"2",0,0,1,NA
2017,5,3174,10,"I","2",NA,11,0,NA,"","3174_5","drought",2019,"alive",1,"Vegetative",0,NA,"2",0,0,1,1
2018,5,3174,10,"I","2",13.5,13.5,0,NA,"","3174_5","drought",2019,"alive",1,"Vegetative",0,NA,"0",NA,NA,0,0
2019,5,3174,10,"I","0",NA,NA,NA,NA,"no plant","3174_5","drought",2019,"dead",0,"Dead",NA,NA,NA,NA,NA,NA,0
2019,2,3175,15,"A","1",NA,9,0,NA,"","3175_2","control",NA,"alive",1,"Vegetative",0,NA,NA,NA,NA,NA,NA
2020,2,3175,15,"A",NA,NA,NA,NA,NA,"","3175_2","control",NA,NA,NA,NA,NA,NA,"2",1,1,1,0
2021,2,3175,15,"A","2",18,11.5,1,"3.5","","3175_2","control",NA,"alive",1,"Flowering",1,NA,"2",1,1,1,NA
2022,2,3175,15,"A","2",18,23,1,"3","","3175_2","control",NA,"alive",1,"Flowering",1,NA,"3",2,1,1,1
2023,2,3175,15,"A","3",27,12,2,"SOS","1 umbel dead.","3175_2","control",NA,"alive",1,"Flowering",1,NA,"0",NA,NA,1,1
2024,2,3175,15,"A","0",NA,NA,NA,NA,"NP","3175_2","control",NA,"dormant",1,"Dormant",NA,NA,"2",1,1,1,1
2025,2,3175,15,"A","2",19,21,1,NA,"umble dead","3175_2","control",NA,"alive",1,"Flowering",1,NA,NA,NA,NA,NA,NA
2016,5,3176,18,"E","6",NA,3.8,1,"3.8","","3176_5","drought",NA,"alive",1,"Flowering",1,NA,NA,NA,NA,NA,NA
2019,7,3176,18,"I","1",NA,10,0,NA,"","3176_7","drought",NA,"alive",1,"Vegetative",0,NA,"1",0,0,1,NA
2020,7,3176,18,"I","1",NA,9.5,0,NA,"","3176_7","drought",NA,"alive",1,"Vegetative",0,NA,"1",0,0,1,0
2021,7,3176,18,"I","1",NA,17,0,NA,"","3176_7","drought",NA,"alive",1,"Vegetative",0,NA,"1",0,0,1,0
2022,7,3176,18,"I","1",NA,32,0,NA,"","3176_7","drought",NA,"alive",1,"Vegetative",0,NA,"1",1,1,1,0
2023,7,3176,18,"I","1",34,21.5,1,"4.5","","3176_7","drought",NA,"alive",1,"Flowering",1,NA,"0",NA,NA,1,0
2024,7,3176,18,"I","0",NA,NA,NA,NA,"NP; moss","3176_7","drought",NA,"dormant",1,"Dormant",NA,NA,"1",0,0,1,1
2025,7,3176,18,"I","1",NA,23,0,NA,"","3176_7","drought",NA,"alive",1,"Vegetative",0,NA,NA,NA,NA,NA,NA
2016,15,3177,6,"G","3",NA,15.5,1,"1.5","","3177_15","drought",NA,"alive",1,"Flowering",1,NA,"7",3,1,1,NA
2017,15,3177,6,"G","7",NA,16,3,"3","","3177_15","drought",NA,"alive",1,"Flowering",1,NA,"4",2,1,1,1
2018,15,3177,6,"G","4",24.5,19,2,"3.2","","3177_15","drought",NA,"alive",1,"Flowering",1,NA,"0",NA,NA,1,1
2019,15,3177,6,"G","0",NA,NA,NA,NA,"no plant","3177_15","drought",NA,"dormant",1,"Dormant",NA,NA,"1",0,0,1,1
2020,15,3177,6,"G","1",NA,19.3,0,NA,"","3177_15","drought",NA,"alive",1,"Vegetative",0,NA,"3",0,0,1,NA
2021,15,3177,6,"G","3",NA,23,0,NA,"","3177_15","drought",NA,"alive",1,"Vegetative",0,NA,"7",4,1,1,0
2022,15,3177,6,"G","7",36,22.5,4,"SOS","","3177_15","drought",NA,"alive",1,"Flowering",1,NA,"6",3,1,1,0
2023,15,3177,6,"G","6",50,24,3,"SOS","1 umbel dead","3177_15","drought",NA,"alive",1,"Flowering",1,NA,"3",1,1,1,1
2024,15,3177,6,"G","3",47,21.5,1,"5.5","","3177_15","drought",NA,"alive",1,"Flowering",1,NA,"0",NA,NA,NA,1
2025,15,3177,6,"G","0",NA,NA,NA,NA,"NP","3177_15","drought",NA,NA,NA,NA,NA,NA,NA,NA,NA,NA,1
2019,7,3177,15,"E","3",NA,11,0,NA,"","3177_7","drought",NA,"alive",1,"Vegetative",0,NA,"1",0,0,1,NA
2020,7,3177,15,"E","1",NA,11.6,0,NA,"","3177_7","drought",NA,"alive",1,"Vegetative",0,NA,"1",0,0,1,0
2021,7,3177,15,"E","1",NA,10,0,NA,"","3177_7","drought",NA,"alive",1,"Vegetative",0,NA,"2",0,0,1,0
2022,7,3177,15,"E","2",NA,23,0,NA,"","3177_7","drought",NA,"alive",1,"Vegetative",0,NA,"1",0,0,1,0
2023,7,3177,15,"E","1",NA,17,0,NA,"","3177_7","drought",NA,"alive",1,"Vegetative",0,NA,"2",1,1,1,0
2024,7,3177,15,"E","2",51.5,19.5,1,"2.5","","3177_7","drought",NA,"alive",1,"Flowering",1,NA,"2",0,0,1,0
2025,7,3177,15,"E","2",NA,21,0,NA,"","3177_7","drought",NA,"alive",1,"Vegetative",0,NA,NA,NA,NA,NA,1
2017,13,3178,2,"C","2",NA,10,2,"3","","3178_13","control",NA,"alive",1,"Flowering",1,NA,"1",0,0,1,NA
2018,13,3178,2,"C","1",8,8,0,NA,"","3178_13","control",NA,"alive",1,"Vegetative",0,NA,"1",0,0,1,1
2019,13,3178,2,"C","1",NA,11,0,NA,"duplicate, changed to '3178'","3178_13","control",NA,"alive",1,"Vegetative",0,NA,"1",0,0,1,0
2020,13,3178,2,"C","1",NA,8.2,0,NA,"old tag=3387","3178_13","control",NA,"alive",1,"Vegetative",0,NA,"1",0,0,1,0
2021,13,3178,2,"C","1",NA,11,0,NA,"old tag=3387","3178_13","control",NA,"alive",1,"Vegetative",0,NA,"2",1,1,1,0
2022,13,3178,2,"C","2",29.5,13,1,"3.5","old tag = 3387 ","3178_13","control",NA,"alive",1,"Flowering",1,NA,"3",2,1,1,0
2023,13,3178,2,"C","3",33,13,2,"SOS","old tag=3387","3178_13","control",NA,"alive",1,"Flowering",1,NA,"3",2,1,1,1
2024,13,3178,2,"C","3",22.5,10,2,"4","","3178_13","control",NA,"alive",1,"Flowering",1,NA,"2",1,1,1,1
2025,13,3178,2,"C","2",NA,13,1,NA,"stalk clipped","3178_13","control",NA,"alive",1,"Flowering",1,NA,NA,NA,NA,NA,1
2017,5,3178,18,"E","5",NA,15,3,"4","","3178_5","drought",NA,"alive",1,"Flowering",1,NA,"4",2,1,1,NA
2018,5,3178,18,"E","4",17,16.5,2,"3.3","","3178_5","drought",NA,"alive",1,"Flowering",1,NA,"2",2,1,1,1
2019,5,3178,18,"E","2",12,17,2,"3","","3178_5","drought",NA,"alive",1,"Flowering",1,NA,NA,NA,NA,NA,1
2020,5,3178,18,"E",NA,NA,NA,NA,NA,"","3178_5","drought",NA,NA,NA,NA,NA,NA,"1",0,0,1,1
2021,5,3178,18,"E","1",NA,15,0,NA,"","3178_5","drought",NA,"alive",1,"Vegetative",0,NA,"5",2,1,1,NA
2022,5,3178,18,"E","5",26,15,2,"SOS","","3178_5","drought",NA,"alive",1,"Flowering",1,NA,"4",3,1,1,0
2023,5,3178,18,"E","4",25,15,3,"SOS","last leaf munched","3178_5","drought",NA,"alive",1,"Flowering",1,NA,NA,NA,NA,NA,1
2024,5,3178,18,"E",NA,NA,NA,NA,NA,"NPNT","3178_5","drought",NA,NA,NA,NA,NA,NA,"3",0,0,1,1
2025,5,3178,18,"E","3",NA,17,0,NA,"","3178_5","drought",NA,"alive",1,"Vegetative",0,NA,NA,NA,NA,NA,NA
2019,13,3179,15,"B","2",NA,9,0,NA,"","3179_13","control",NA,"alive",1,"Vegetative",0,NA,NA,NA,NA,NA,NA
2020,13,3179,15,"B",NA,NA,NA,NA,NA,"","3179_13","control",NA,NA,NA,NA,NA,NA,"1",0,0,1,0
2021,13,3179,15,"B","1",NA,15,0,NA,"","3179_13","control",NA,"alive",1,"Vegetative",0,NA,"2",0,0,1,NA
2022,13,3179,15,"B","2",NA,21,0,NA,"","3179_13","control",NA,"alive",1,"Vegetative",0,NA,"4",2,1,1,0
2023,13,3179,15,"B","4",36,10,2,"SOS","","3179_13","control",NA,"alive",1,"Flowering",1,NA,NA,NA,NA,NA,0
2024,13,3179,15,"B",NA,NA,NA,NA,NA,"NPNT","3179_13","control",NA,NA,NA,NA,NA,NA,NA,NA,NA,NA,1
2025,13,3179,15,"B",NA,NA,NA,NA,NA,"NPNT >2 years","3179_13","control",NA,NA,NA,NA,NA,NA,NA,NA,NA,NA,NA
2017,6,3179,5,"E","4",NA,18,2,"4","","3179_6","irrigated",2024,"alive",1,"Flowering",1,NA,"5",1,1,1,NA
2018,6,3179,5,"E","5",19.5,14.5,1,"3.9","","3179_6","irrigated",2024,"alive",1,"Flowering",1,NA,"2",1,1,1,1
2019,6,3179,5,"E","2",23,21,1,"6","","3179_6","irrigated",2024,"alive",1,"Flowering",1,NA,"3",2,1,1,1
2020,6,3179,5,"E","3",32.6,12.5,2,"SOS","tag missing, new tag: 3748","3179_6","irrigated",2024,"alive",1,"Flowering",1,NA,"3",2,1,1,1
2021,6,3179,5,"E","3",25.5,15,2,"SOS","","3179_6","irrigated",2024,"alive",1,"Flowering",1,NA,"5",3,1,1,1
2022,6,3179,5,"E","5",68,16,3,"SOS","pulled replacement tag from 2021 (3748) - didn’t have its own row","3179_6","irrigated",2024,"alive",1,"Flowering",1,NA,"6",3,1,1,1
2023,6,3179,5,"E","6",44,20,3,"SOS","","3179_6","irrigated",2024,"alive",1,"Flowering",1,NA,"0",NA,NA,0,1
2024,6,3179,5,"E","0",NA,NA,NA,NA,"NP","3179_6","irrigated",2024,"dead",0,"Dead",NA,NA,NA,NA,NA,NA,1
2019,13,3180,17,"H","2",NA,15.5,0,NA,"","3180_13","control",NA,"alive",1,"Vegetative",0,NA,NA,NA,NA,NA,NA
2020,13,3180,17,"H",NA,NA,NA,NA,NA,"","3180_13","control",NA,NA,NA,NA,NA,NA,"3",0,0,1,0
2021,13,3180,17,"H","3",NA,15,0,NA,"","3180_13","control",NA,"alive",1,"Vegetative",0,NA,"2",1,1,1,NA
2022,13,3180,17,"H","2",28,15,1,"4.5","","3180_13","control",NA,"alive",1,"Flowering",1,NA,"6",3,1,1,0
2023,13,3180,17,"H","6",37,20,3,"SOS","","3180_13","control",NA,"alive",1,"Flowering",1,NA,"3",1,1,1,1
2024,13,3180,17,"H","3",18,18,1,"3","","3180_13","control",NA,"alive",1,"Flowering",1,NA,"2",1,1,1,1
2025,13,3180,17,"H","2",28,19,1,"5","in antho clump","3180_13","control",NA,"alive",1,"Flowering",1,NA,NA,NA,NA,NA,1
2016,5,3180,18,"C","7",NA,7.5,1,"3.5","","3180_5","drought",NA,"alive",1,"Flowering",1,NA,"4",2,1,1,NA
2017,5,3180,18,"C","4",NA,14.5,2,"3.5","","3180_5","drought",NA,"alive",1,"Flowering",1,NA,"3",1,1,1,1
2018,5,3180,18,"C","3",7.5,10.5,1,"1.9","","3180_5","drought",NA,"alive",1,"Flowering",1,NA,"2",0,0,1,1
2019,5,3180,18,"C","2",NA,9,0,NA,"","3180_5","drought",NA,"alive",1,"Vegetative",0,NA,NA,NA,NA,NA,1
2020,5,3180,18,"C",NA,NA,NA,NA,NA,"duplicate tag","3180_5","drought",NA,NA,NA,NA,NA,NA,"1",0,0,1,0
2021,5,3180,18,"C","1",NA,10.5,0,NA,"Duplicate in 17B. Could only find this tag","3180_5","drought",NA,"alive",1,"Vegetative",0,NA,"4",0,0,1,NA
2022,5,3180,18,"C","4",NA,14,0,NA,"Duplicate in 17B. Could only find this tag","3180_5","drought",NA,"alive",1,"Vegetative",0,NA,"1",0,0,1,0
2023,5,3180,18,"C","1",NA,15,0,NA,"this is the real 3180!","3180_5","drought",NA,"alive",1,"Vegetative",0,NA,"1",0,0,1,0
2024,5,3180,18,"C","1",NA,10.5,0,NA,"","3180_5","drought",NA,"alive",1,"Vegetative",0,NA,"2",0,0,1,0
2025,5,3180,18,"C","2",NA,11,0,NA,"","3180_5","drought",NA,"alive",1,"Vegetative",0,NA,NA,NA,NA,NA,0
2019,12,3181,11,"B","2",NA,5,0,NA,"","3181_12","irrigated",NA,"alive",1,"Vegetative",0,NA,"1",0,0,1,NA
2020,12,3181,11,"B","1",NA,5.4,0,NA,"","3181_12","irrigated",NA,"alive",1,"Vegetative",0,NA,"3",0,0,1,0
2021,12,3181,11,"B","3",NA,10.5,0,NA,"","3181_12","irrigated",NA,"alive",1,"Vegetative",0,NA,"0",NA,NA,1,0
2022,12,3181,11,"B","0",NA,NA,NA,NA,"NP","3181_12","irrigated",NA,"dormant",1,"Dormant",NA,NA,"1",0,0,1,0
2023,12,3181,11,"B","1",NA,13,0,NA,"","3181_12","irrigated",NA,"alive",1,"Vegetative",0,NA,"1",0,0,1,NA
2024,12,3181,11,"B","1",NA,16,0,NA,"plant behind tag/pin","3181_12","irrigated",NA,"alive",1,"Vegetative",0,NA,"2",0,0,1,0
2025,12,3181,11,"B","2",NA,18,0,NA,"","3181_12","irrigated",NA,"alive",1,"Vegetative",0,NA,NA,NA,NA,NA,0
2019,4,3182,16,"H","3",36.5,17.5,1,"3","","3182_4","irrigated",2023,"alive",1,"Flowering",1,NA,"1",0,0,1,NA
2020,4,3182,16,"H","1",NA,15.3,0,NA,"","3182_4","irrigated",2023,"alive",1,"Vegetative",0,NA,"2",1,1,1,1
2021,4,3182,16,"H","2",38,19,1,"4","","3182_4","irrigated",2023,"alive",1,"Flowering",1,NA,"5",2,1,1,0
2022,4,3182,16,"H","5",62,27,2,"SOS","","3182_4","irrigated",2023,"alive",1,"Flowering",1,NA,"0",NA,NA,0,1
2023,4,3182,16,"H","0",NA,NA,NA,NA,"NP. Saw it 5/4, now gone.","3182_4","irrigated",2023,"dead",0,"Dead",NA,NA,NA,NA,NA,NA,1
2019,13,3183,15,"A","2",NA,15,0,NA,"","3183_13","control",2022,"alive",1,"Vegetative",0,NA,NA,NA,NA,NA,NA
2020,13,3183,15,"A",NA,NA,NA,NA,NA,"","3183_13","control",2022,NA,NA,NA,NA,NA,NA,NA,NA,NA,0
2021,13,3183,15,"A",NA,NA,NA,NA,NA,"NPNT","3183_13","control",2022,NA,NA,NA,NA,NA,"0",NA,NA,0,NA
2022,13,3183,15,"A","0",NA,NA,NA,NA,"NP, tag pulled","3183_13","control",2022,"dead",0,"Dead",NA,NA,NA,NA,NA,NA,NA
2017,9,3183,13,"0.19","6",NA,21,2,"4","Ycoord= distance from quadrat (m)","3183_9","irrigated",NA,"alive",1,"Flowering",1,NA,"3",1,1,1,NA
2018,9,3183,13,"0.19","3",30,20,1,"4.5","no plant","3183_9","irrigated",NA,"alive",1,"Flowering",1,NA,"4",1,1,1,1
2019,9,3183,13,"0.19","4",26.5,19,1,"3","","3183_9","irrigated",NA,"alive",1,"Flowering",1,NA,"2",0,0,1,1
2020,9,3183,13,"0.19","2",NA,15.5,0,NA,"umbel eaten","3183_9","irrigated",NA,"alive",1,"Vegetative",0,NA,"2",0,0,1,1
2021,9,3183,13,"0.19","2",NA,25,0,NA,"13L","3183_9","irrigated",NA,"alive",1,"Vegetative",0,NA,"2",1,1,1,0
2022,9,3183,13,"0.19","2",34,20,1,"4.5","13L","3183_9","irrigated",NA,"alive",1,"Flowering",1,NA,"3",1,1,1,0
2023,9,3183,13,"0.19","3",20,24,1,"7","13B (div)","3183_9","irrigated",NA,"alive",1,"Flowering",1,NA,"0",NA,NA,1,1
2024,9,3183,13,"0.19","0",NA,NA,NA,NA,"13B (div); NPNT","3183_9","irrigated",NA,"dormant",1,"Dormant",NA,NA,NA,NA,NA,NA,1
2025,9,3183,13,"0.19",NA,NA,NA,NA,NA,"NPNT >2 years; 13B (div)","3183_9","irrigated",NA,NA,NA,NA,NA,NA,NA,NA,NA,NA,NA
2019,2,3184,9,"G","1",13,8.5,1,"3.5","","3184_2","control",2022,"alive",1,"Flowering",1,NA,"0",NA,NA,1,NA
2020,2,3184,9,"G","0",NA,NA,NA,NA,"no plant","3184_2","control",2022,"dormant",1,"Dormant",NA,NA,"2",1,1,1,1
2021,2,3184,9,"G","2",19,11,1,"2.5","","3184_2","control",2022,"alive",1,"Flowering",1,NA,"0",NA,NA,0,NA
2022,2,3184,9,"G","0",NA,NA,NA,NA,"NP","3184_2","control",2022,"dead",0,"Dead",NA,NA,NA,NA,NA,NA,1
2016,5,3184,11,"E","4",NA,4,1,"2.4","","3184_5","drought",2021,"alive",1,"Flowering",1,NA,"2",2,1,1,NA
2017,5,3184,11,"E","2",NA,9,2,"3","","3184_5","drought",2021,"alive",1,"Flowering",1,NA,"2",1,1,1,1
2018,5,3184,11,"E","2",17,8,1,"3","","3184_5","drought",2021,"alive",1,"Flowering",1,NA,"0",NA,NA,1,1
2019,5,3184,11,"E","0",NA,NA,NA,NA,"no plant","3184_5","drought",2021,"dormant",1,"Dormant",NA,NA,NA,NA,NA,NA,1
2020,5,3184,11,"E",NA,NA,NA,NA,NA,"","3184_5","drought",2021,NA,NA,NA,NA,NA,"0",NA,NA,0,NA
2021,5,3184,11,"E","0",NA,NA,NA,NA,"NP","3184_5","drought",2021,"dead",0,"Dead",NA,NA,NA,NA,NA,NA,NA
2019,2,3185,19,"B","1",NA,11,0,NA,"","3185_2.19B","control",2024,"alive",1,"Vegetative",0,NA,NA,NA,NA,NA,NA
2020,2,3185,19,"B",NA,NA,NA,NA,NA,"","3185_2.19B","control",2024,NA,NA,NA,NA,NA,"3",1,1,1,0
2021,2,3185,19,"B","3",16,12,1,"4","","3185_2.19B","control",2024,"alive",1,"Flowering",1,NA,"4",2,1,1,NA
2022,2,3185,19,"B","4",24,14,2,"SOS","","3185_2.19B","control",2024,"alive",1,"Flowering",1,NA,"3",2,1,1,1
2023,2,3185,19,"B","3",24,16.5,2,"SOS","","3185_2.19B","control",2024,"alive",1,"Flowering",1,NA,"0",NA,NA,0,1
2024,2,3185,19,"B","0",NA,NA,NA,NA,"NP","3185_2.19B","control",2024,"dead",0,"Dead",NA,NA,NA,NA,NA,NA,1
2017,2,3185,7,"I","1",NA,8.5,0,NA,"","3185_2.7I","control",NA,"alive",1,"Vegetative",0,NA,NA,NA,NA,NA,NA
2018,2,3185,7,"I",NA,NA,NA,NA,NA,"no plant no tag","3185_2.7I","control",NA,NA,NA,NA,NA,NA,"0",NA,NA,1,0
2019,2,3185,7,"I","0",NA,NA,NA,NA,"found tag but no plant","3185_2.7I","control",NA,"dormant",1,"Dormant",NA,NA,"1",0,0,1,NA
2020,2,3185,7,"I","1",NA,6.2,0,NA,"","3185_2.7I","control",NA,"alive",1,"Vegetative",0,NA,"1",0,0,1,NA
2021,2,3185,7,"I","1",NA,12.5,0,NA,"","3185_2.7I","control",NA,"alive",1,"Vegetative",0,NA,"1",0,0,1,0
2022,2,3185,7,"I","1",NA,14,0,NA,"","3185_2.7I","control",NA,"alive",1,"Vegetative",0,NA,"1",0,0,1,0
2023,2,3185,7,"I","1",NA,16,0,NA,"","3185_2.7I","control",NA,"alive",1,"Vegetative",0,NA,"0",NA,NA,1,0
2024,2,3185,7,"I","0",NA,NA,NA,NA,"NP","3185_2.7I","control",NA,"dormant",1,"Dormant",NA,NA,"1",0,0,1,0
2025,2,3185,7,"I","1",NA,22.5,0,NA,"","3185_2.7I","control",NA,"alive",1,"Vegetative",0,NA,NA,NA,NA,NA,NA
2019,2,3186,18,"D","2",13.5,9,1,"3","","3186_2","control",2024,"alive",1,"Flowering",1,NA,NA,NA,NA,NA,NA
2020,2,3186,18,"D",NA,NA,NA,NA,NA,"","3186_2","control",2024,NA,NA,NA,NA,NA,"1",0,0,1,1
2021,2,3186,18,"D","1",NA,9,0,NA,"","3186_2","control",2024,"alive",1,"Vegetative",0,NA,"2",0,0,1,NA
2022,2,3186,18,"D","2",NA,17.5,0,NA,"","3186_2","control",2024,"alive",1,"Vegetative",0,NA,"2",1,1,1,0
2023,2,3186,18,"D","2",36,17,1,"5.5","","3186_2","control",2024,"alive",1,"Flowering",1,NA,"0",NA,NA,0,0
2024,2,3186,18,"D","0",NA,NA,NA,NA,"NP","3186_2","control",2024,"dead",0,"Dead",NA,NA,NA,NA,NA,NA,1
2016,5,3186,15,"G","4",NA,7.8,1,"1.6","","3186_5","drought",2021,"alive",1,"Flowering",1,NA,"1",0,0,1,NA
2017,5,3186,15,"G","1",NA,11.5,0,NA,"","3186_5","drought",2021,"alive",1,"Vegetative",0,NA,"2",0,0,1,1
2018,5,3186,15,"G","2",15,15,0,NA,"","3186_5","drought",2021,"alive",1,"Vegetative",0,NA,"1",0,0,1,0
2019,5,3186,15,"G","1",NA,13,0,NA,"","3186_5","drought",2021,"alive",1,"Vegetative",0,NA,NA,NA,NA,NA,0
2020,5,3186,15,"G",NA,NA,NA,NA,NA,"","3186_5","drought",2021,NA,NA,NA,NA,NA,NA,NA,NA,0,0
2021,5,3186,15,"G",NA,NA,NA,NA,NA,"NPNT","3186_5","drought",2021,"dead",0,"Dead",NA,NA,NA,NA,NA,NA,NA
2016,13,3187,1,"J","4",NA,6.6,1,"2.1","","3187_13","control",NA,"alive",1,"Flowering",1,NA,"6",2,1,1,NA
2017,13,3187,1,"J","6",NA,14,2,"3.5","","3187_13","control",NA,"alive",1,"Flowering",1,NA,"4",2,1,1,1
2018,13,3187,1,"J","4",14.5,9.5,2,"2.5","","3187_13","control",NA,"alive",1,"Flowering",1,NA,"4",2,1,1,1
2019,13,3187,1,"J","4",25,15,2,"3","","3187_13","control",NA,"alive",1,"Flowering",1,NA,"2",0,0,1,1
2020,13,3187,1,"J","2",NA,13.2,0,NA,"","3187_13","control",NA,"alive",1,"Vegetative",0,NA,"3",1,1,1,1
2021,13,3187,1,"J","3",17,10,1,"3.5","","3187_13","control",NA,"alive",1,"Flowering",1,NA,"4",2,1,1,0
2022,13,3187,1,"J","4",39,17,2,"SOS","","3187_13","control",NA,"alive",1,"Flowering",1,NA,"7",4,1,1,1
2023,13,3187,1,"J","7",45.5,14,4,"SOS","1 umbel dead?","3187_13","control",NA,"alive",1,"Flowering",1,NA,"5",3,1,1,1
2024,13,3187,1,"J","5",28.5,9,3,"7.5","","3187_13","control",NA,"alive",1,"Flowering",1,NA,"1",1,1,1,1
2025,13,3187,1,"J","1",NA,21,1,NA,"one dead umbel","3187_13","control",NA,"alive",1,"Flowering",1,NA,NA,NA,NA,NA,1
2019,2,3187,19,"C","1",NA,11,0,NA,"","3187_2","control",2022,"alive",1,"Vegetative",0,NA,NA,NA,NA,NA,NA
2020,2,3187,19,"C",NA,NA,NA,NA,NA,"","3187_2","control",2022,NA,NA,NA,NA,NA,"1",0,0,1,0
2021,2,3187,19,"C","1",NA,12,0,NA,"","3187_2","control",2022,"alive",1,"Vegetative",0,NA,"0",NA,NA,0,NA
2022,2,3187,19,"C","0",NA,NA,NA,NA,"NP","3187_2","control",2022,"dead",0,"Dead",NA,NA,NA,NA,NA,NA,0
2019,2,3188,19,"B","1",NA,9,0,NA,"","3188_2","control",2024,"alive",1,"Vegetative",0,NA,NA,NA,NA,NA,NA
2020,2,3188,19,"B",NA,NA,NA,NA,NA,"","3188_2","control",2024,NA,NA,NA,NA,NA,"1",0,0,1,0
2021,2,3188,19,"B","1",NA,9,0,NA,"","3188_2","control",2024,"alive",1,"Vegetative",0,NA,"1",0,0,1,NA
2022,2,3188,19,"B","1",NA,17.5,0,NA,"","3188_2","control",2024,"alive",1,"Vegetative",0,NA,"2",1,1,1,0
2023,2,3188,19,"B","2",23,12,1,"4","seeding umbel","3188_2","control",2024,"alive",1,"Flowering",1,NA,"0",NA,NA,0,0
2024,2,3188,19,"B","0",NA,NA,NA,NA,"NP; in phen but gone now","3188_2","control",2024,"dead",0,"Dead",NA,NA,NA,NA,NA,NA,1
2019,2,3189,19,"C","1",NA,11,0,NA,"","3189_2","control",NA,"alive",1,"Vegetative",0,NA,NA,NA,NA,NA,NA
2020,2,3189,19,"C",NA,NA,NA,NA,NA,"","3189_2","control",NA,NA,NA,NA,NA,NA,"0",NA,NA,1,0
2021,2,3189,19,"C","0",NA,NA,NA,NA,"NP","3189_2","control",NA,"dormant",1,"Dormant",NA,NA,"1",0,0,1,NA
2022,2,3189,19,"C","1",NA,14.5,0,NA,"","3189_2","control",NA,"alive",1,"Vegetative",0,NA,"1",0,0,1,NA
2023,2,3189,19,"C","1",NA,11,0,NA,"","3189_2","control",NA,"alive",1,"Vegetative",0,NA,"0",NA,NA,1,0
2024,2,3189,19,"C","0",NA,NA,NA,NA,"NP","3189_2","control",NA,"dormant",1,"Dormant",NA,NA,"1",0,0,1,0
2025,2,3189,19,"C","1",NA,13,0,NA,"","3189_2","control",NA,"alive",1,"Vegetative",0,NA,NA,NA,NA,NA,NA
2016,10,3190,1,"B","3",NA,10.1,0,NA,"","3190_10","drought",NA,"alive",1,"Vegetative",0,NA,"1",0,0,1,NA
2017,10,3190,1,"B","1",NA,14.5,0,NA,"","3190_10","drought",NA,"alive",1,"Vegetative",0,NA,"2",1,1,1,0
2018,10,3190,1,"B","2",23,12,1,"3","","3190_10","drought",NA,"alive",1,"Flowering",1,NA,"2",1,1,1,0
2019,10,3190,1,"B","2",22,14,1,"2","","3190_10","drought",NA,"alive",1,"Flowering",1,NA,"0",NA,NA,1,1
2020,10,3190,1,"B","0",NA,NA,NA,NA,"no plant","3190_10","drought",NA,"dormant",1,"Dormant",NA,NA,"2",1,1,1,1
2021,10,3190,1,"B","2",24,13.5,1,"4","","3190_10","drought",NA,"alive",1,"Flowering",1,NA,"3",2,1,1,NA
2022,10,3190,1,"B","3",52,17,2,"SOS","","3190_10","drought",NA,"alive",1,"Flowering",1,NA,"3",2,1,1,1
2023,10,3190,1,"B","3",60,23.5,2,"SOS","","3190_10","drought",NA,"alive",1,"Flowering",1,NA,"3",1,1,1,1
2024,10,3190,1,"B","3",38,25.5,1,"5","","3190_10","drought",NA,"alive",1,"Flowering",1,NA,"3",2,1,1,1
2025,10,3190,1,"B","3",48,17,2,"13","","3190_10","drought",NA,"alive",1,"Flowering",1,NA,NA,NA,NA,NA,1
2019,2,3190,18,"C","1",NA,12,0,NA,"","3190_2","control",2023,"alive",1,"Vegetative",0,NA,NA,NA,NA,NA,NA
2020,2,3190,18,"C",NA,NA,NA,NA,NA,"","3190_2","control",2023,NA,NA,NA,NA,NA,"1",0,0,1,0
2021,2,3190,18,"C","1",NA,10.5,0,NA,"","3190_2","control",2023,"alive",1,"Vegetative",0,NA,"3",1,1,1,NA
2022,2,3190,18,"C","3",33,17,1,"3.5","","3190_2","control",2023,"alive",1,"Flowering",1,NA,"0",NA,NA,0,0
2023,2,3190,18,"C","0",NA,NA,NA,NA,"NP","3190_2","control",2023,"dead",0,"Dead",NA,NA,NA,NA,NA,NA,1
2019,1,3191,11,"A","1",NA,11.5,0,NA,"","3191_1","irrigated",2021,"alive",1,"Vegetative",0,NA,NA,NA,NA,NA,NA
2020,1,3191,11,"A",NA,NA,NA,NA,NA,"","3191_1","irrigated",2021,NA,NA,NA,NA,NA,"0",NA,NA,0,0
2021,1,3191,11,"A","0",NA,NA,NA,NA,"NP","3191_1","irrigated",2021,"dead",0,"Dead",NA,NA,NA,NA,NA,NA,NA
2016,5,3191,6,"E","7",NA,7.9,1,"2.4","Half dead","3191_5","drought",NA,"alive",1,"Flowering",1,NA,"3",2,1,1,NA
2017,5,3191,6,"E","3",NA,7,2,"5","","3191_5","drought",NA,"alive",1,"Flowering",1,NA,"1",0,0,1,1
2018,5,3191,6,"E","1",14,14,0,NA,"","3191_5","drought",NA,"alive",1,"Vegetative",0,NA,"1",0,0,1,1
2019,5,3191,6,"E","1",NA,11,0,NA,"","3191_5","drought",NA,"alive",1,"Vegetative",0,NA,"1",0,0,1,0
2020,5,3191,6,"E","1",NA,12.2,0,NA,"","3191_5","drought",NA,"alive",1,"Vegetative",0,NA,"0",NA,NA,1,0
2021,5,3191,6,"E","0",NA,NA,NA,NA,"NP","3191_5","drought",NA,"dormant",1,"Dormant",NA,NA,"2",0,0,1,0
2022,5,3191,6,"E","2",NA,22.5,0,NA,"","3191_5","drought",NA,"alive",1,"Vegetative",0,NA,"2",1,1,1,NA
2023,5,3191,6,"E","2",30,15,1,"4","","3191_5","drought",NA,"alive",1,"Flowering",1,NA,"2",1,1,1,0
2024,5,3191,6,"E","2",23.5,10.5,1,"2.5","longest leaf missing","3191_5","drought",NA,"alive",1,"Flowering",1,NA,"1",0,0,1,1
2025,5,3191,6,"E","1",NA,6.5,0,NA,"","3191_5","drought",NA,"alive",1,"Vegetative",0,NA,NA,NA,NA,NA,1
2019,1,3192,11,"B","1",NA,7.5,0,NA,"","3192_1","irrigated",NA,"alive",1,"Vegetative",0,NA,NA,NA,NA,NA,NA
2020,1,3192,11,"B",NA,NA,NA,NA,NA,"","3192_1","irrigated",NA,NA,NA,NA,NA,NA,"3",1,1,1,0
2021,1,3192,11,"B","3",33,14,1,"1","","3192_1","irrigated",NA,"alive",1,"Flowering",1,NA,"2",1,1,1,NA
2022,1,3192,11,"B","2",38,15,1,"5","","3192_1","irrigated",NA,"alive",1,"Flowering",1,NA,"5",2,1,1,1
2023,1,3192,11,"B","5",44,20.5,2,"SOS","","3192_1","irrigated",NA,"alive",1,"Flowering",1,NA,"3",2,1,1,1
2024,1,3192,11,"B","3",42,15,2,"7.5","","3192_1","irrigated",NA,"alive",1,"Flowering",1,NA,"1",1,1,1,1
2025,1,3192,11,"B","1",34,18,1,"4","","3192_1","irrigated",NA,"alive",1,"Flowering",1,NA,NA,NA,NA,NA,1
2016,5,3192,4,"C","7",NA,10.1,2,"3","","3192_5","drought",2019,"alive",1,"Flowering",1,NA,"6",1,1,1,NA
2017,5,3192,4,"C","6",NA,11,1,"2.5","","3192_5","drought",2019,"alive",1,"Flowering",1,NA,"3",1,1,1,1
2018,5,3192,4,"C","3",11,10,1,"2.8","","3192_5","drought",2019,"alive",1,"Flowering",1,NA,"0",NA,NA,0,1
2019,5,3192,4,"C","0",NA,NA,NA,NA,"no plant","3192_5","drought",2019,"dead",0,"Dead",NA,NA,NA,NA,NA,NA,1
2019,1,3193,16,"C","1",17,15,1,"3","","3193_1","irrigated",NA,"alive",1,"Flowering",1,NA,NA,NA,NA,NA,NA
2020,1,3193,16,"C",NA,NA,NA,NA,NA,"","3193_1","irrigated",NA,NA,NA,NA,NA,NA,"1",0,0,1,1
2021,1,3193,16,"C","1",NA,20,0,NA,"","3193_1","irrigated",NA,"alive",1,"Vegetative",0,NA,"0",NA,NA,1,NA
2022,1,3193,16,"C","0",NA,NA,NA,NA,"NP","3193_1","irrigated",NA,"dormant",1,"Dormant",NA,NA,"2",1,1,1,0
2023,1,3193,16,"C","2",24.5,20,1,"5","","3193_1","irrigated",NA,"alive",1,"Flowering",1,NA,"1",1,1,1,NA
2024,1,3193,16,"C","1",31,19,1,"3","","3193_1","irrigated",NA,"alive",1,"Flowering",1,NA,"0",NA,NA,NA,1
2025,1,3193,16,"C","0",NA,NA,NA,NA,"closer to 15C; NP","3193_1","irrigated",NA,NA,NA,NA,NA,NA,NA,NA,NA,NA,1
2016,5,3193,3,"B","10",NA,6,2,"5.5","","3193_5","drought",NA,"alive",1,"Flowering",1,NA,"5",3,1,1,NA
2017,5,3193,3,"B","5",NA,9.5,3,"5","","3193_5","drought",NA,"alive",1,"Flowering",1,NA,"5",1,1,1,1
2018,5,3193,3,"B","5",25.5,12,1,"4","","3193_5","drought",NA,"alive",1,"Flowering",1,NA,"1",0,0,1,1
2019,5,3193,3,"B","1",NA,11,0,NA,"","3193_5","drought",NA,"alive",1,"Vegetative",0,NA,"3",0,0,1,1
2020,5,3193,3,"B","3",NA,19,0,NA,"","3193_5","drought",NA,"alive",1,"Vegetative",0,NA,"2",0,0,1,0
2021,5,3193,3,"B","2",NA,17.5,0,NA,"","3193_5","drought",NA,"alive",1,"Vegetative",0,NA,"6",1,1,1,0
2022,5,3193,3,"B","6",25,20.5,1,"2.5","","3193_5","drought",NA,"alive",1,"Flowering",1,NA,"2",1,1,1,0
2023,5,3193,3,"B","2",23,10,1,NA,"dead umbel","3193_5","drought",NA,"alive",1,"Flowering",1,NA,NA,NA,NA,NA,1
2024,5,3193,3,"B",NA,NA,NA,NA,NA,"NPNT","3193_5","drought",NA,NA,NA,NA,NA,NA,"1",0,0,1,1
2025,5,3193,3,"B","1",NA,16.5,0,NA,"","3193_5","drought",NA,"alive",1,"Vegetative",0,NA,NA,NA,NA,NA,NA
2019,1,3194,12,"H","1",NA,18.5,0,NA,"","3194_1","irrigated",2024,"alive",1,"Vegetative",0,NA,NA,NA,NA,NA,NA
2020,1,3194,12,"H",NA,NA,NA,NA,NA,"","3194_1","irrigated",2024,NA,NA,NA,NA,NA,"1",0,0,1,0
2021,1,3194,12,"H","1",NA,14,0,NA,"","3194_1","irrigated",2024,"alive",1,"Vegetative",0,NA,"1",0,0,1,NA
2022,1,3194,12,"H","1",NA,30,0,NA,"","3194_1","irrigated",2024,"alive",1,"Vegetative",0,NA,"3",2,1,1,0
2023,1,3194,12,"H","3",34,16,2,"SOS","","3194_1","irrigated",2024,"alive",1,"Flowering",1,NA,"0",NA,NA,0,0
2024,1,3194,12,"H","0",NA,NA,NA,NA,"NP","3194_1","irrigated",2024,"dead",0,"Dead",NA,NA,NA,NA,NA,NA,1
2016,5,3194,3,"C","3",NA,6.8,1,"1.7","","3194_5","drought",2021,"alive",1,"Flowering",1,NA,"5",3,1,1,NA
2017,5,3194,3,"C","5",NA,12,3,"2","","3194_5","drought",2021,"alive",1,"Flowering",1,NA,"2",0,0,1,1
2018,5,3194,3,"C","2",12,12,0,NA,"","3194_5","drought",2021,"alive",1,"Vegetative",0,NA,"1",0,0,1,1
2019,5,3194,3,"C","1",NA,13,0,NA,"","3194_5","drought",2021,"alive",1,"Vegetative",0,NA,"1",0,0,1,0
2020,5,3194,3,"C","1",NA,11.1,0,NA,"","3194_5","drought",2021,"alive",1,"Vegetative",0,NA,NA,NA,NA,0,0
2021,5,3194,3,"C",NA,NA,NA,NA,NA,"NPNT","3194_5","drought",2021,"dead",0,"Dead",NA,NA,NA,NA,NA,NA,0
2019,1,3195,16,"B","1",12,6,1,"1.5","","3195_1","irrigated",2022,"alive",1,"Flowering",1,NA,NA,NA,NA,NA,NA
2020,1,3195,16,"B",NA,NA,NA,NA,NA,"","3195_1","irrigated",2022,NA,NA,NA,NA,NA,"1",1,1,1,1
2021,1,3195,16,"B","1",14.5,11,1,"2","","3195_1","irrigated",2022,"alive",1,"Flowering",1,NA,"0",NA,NA,0,NA
2022,1,3195,16,"B","0",NA,NA,NA,NA,"NP","3195_1","irrigated",2022,"dead",0,"Dead",NA,NA,NA,NA,NA,NA,1
2018,5,3195,1,"A","4",18.5,14.5,2,"3","found plant with unlisted tag ","3195_5","drought",2019,"alive",1,"Flowering",1,NA,"0",NA,NA,0,NA
2019,5,3195,1,"A","0",NA,NA,NA,NA,"no plant","3195_5","drought",2019,"dead",0,"Dead",NA,NA,NA,NA,NA,NA,1
2019,13,3196,14,"A","1",NA,10,0,NA,"","3196_13","control",2023,"alive",1,"Vegetative",0,NA,NA,NA,NA,NA,NA
2020,13,3196,14,"A",NA,NA,NA,NA,NA,"","3196_13","control",2023,NA,NA,NA,NA,NA,"1",0,0,1,0
2021,13,3196,14,"A","1",NA,17.5,0,NA,"","3196_13","control",2023,"alive",1,"Vegetative",0,NA,"2",2,1,1,NA
2022,13,3196,14,"A","2",23,9,2,"SOS","umbels and leaves died","3196_13","control",2023,"alive",1,"Flowering",1,NA,NA,NA,NA,0,0
2023,13,3196,14,"A",NA,NA,NA,NA,NA,"NPNT; maybe eaten by dactylis","3196_13","control",2023,"dead",0,"Dead",NA,NA,NA,NA,NA,NA,1
2016,5,3196,4,"D","5",NA,9.6,2,"2.4","","3196_5","drought",2019,"alive",1,"Flowering",1,NA,"6",4,1,1,NA
2017,5,3196,4,"D","6",NA,10.5,4,"4","","3196_5","drought",2019,"alive",1,"Flowering",1,NA,"3",1,1,1,1
2018,5,3196,4,"D","3",12.5,8.5,1,NA,"","3196_5","drought",2019,"alive",1,"Flowering",1,NA,"0",NA,NA,0,1
2019,5,3196,4,"D","0",NA,NA,NA,NA,"no plant","3196_5","drought",2019,"dead",0,"Dead",NA,NA,NA,NA,NA,NA,1
2019,1,3197,15,"J","1",NA,8,0,NA,"","3197_1","irrigated",2021,"alive",1,"Vegetative",0,NA,NA,NA,NA,NA,NA
2020,1,3197,15,"J",NA,NA,NA,NA,NA,"","3197_1","irrigated",2021,NA,NA,NA,NA,NA,"0",NA,NA,0,0
2021,1,3197,15,"J","0",NA,NA,NA,NA,"NP","3197_1","irrigated",2021,"dead",0,"Dead",NA,NA,NA,NA,NA,NA,NA
2016,5,3197,3,"A","3",NA,4.7,0,NA,"","3197_5","drought",NA,"alive",1,"Vegetative",0,NA,"0",NA,NA,1,NA
2017,5,3197,3,"A","0",NA,NA,NA,NA,"No plant/dead?","3197_5","drought",NA,"dormant",1,"Dormant",NA,NA,"5",1,1,1,0
2018,5,3197,3,"A","5",14,12,1,"2.75","","3197_5","drought",NA,"alive",1,"Flowering",1,NA,"1",0,0,1,NA
2019,5,3197,3,"A","1",NA,11,0,NA,"","3197_5","drought",NA,"alive",1,"Vegetative",0,NA,"3",0,0,1,1
2020,5,3197,3,"A","3",NA,13.8,0,NA,"","3197_5","drought",NA,"alive",1,"Vegetative",0,NA,"6",2,1,1,0
2021,5,3197,3,"A","6",25.5,17,2,"SOS","","3197_5","drought",NA,"alive",1,"Flowering",1,NA,"7",4,1,1,0
2022,5,3197,3,"A","7",29,14,4,"SOS","","3197_5","drought",NA,"alive",1,"Flowering",1,NA,"5",4,1,1,1
2023,5,3197,3,"A","5",34,11,4,"SOS","","3197_5","drought",NA,"alive",1,"Flowering",1,NA,"5",4,1,1,1
2024,5,3197,3,"A","5",27,14.5,4,"13","","3197_5","drought",NA,"alive",1,"Flowering",1,NA,"3",1,1,1,1
2025,5,3197,3,"A","3",23,17.5,1,"4","","3197_5","drought",NA,"alive",1,"Flowering",1,NA,NA,NA,NA,NA,1
2019,1,3198,16,"H","1",NA,10.5,0,NA,"","3198_1","irrigated",2023,"alive",1,"Vegetative",0,NA,NA,NA,NA,NA,NA
2020,1,3198,16,"H",NA,NA,NA,NA,NA,"","3198_1","irrigated",2023,NA,NA,NA,NA,NA,"2",0,0,1,0
2021,1,3198,16,"H","2",NA,12.5,0,NA,"","3198_1","irrigated",2023,"alive",1,"Vegetative",0,NA,"1",0,0,1,NA
2022,1,3198,16,"H","1",NA,19,0,NA,"","3198_1","irrigated",2023,"alive",1,"Vegetative",0,NA,"0",NA,NA,0,0
2023,1,3198,16,"H","0",NA,NA,NA,NA,"Accidentally pulled tag--no plant though.","3198_1","irrigated",2023,"dead",0,"Dead",NA,NA,NA,NA,NA,NA,0
2016,5,3198,9,"B","1",NA,10.1,1,"3.1","","3198_5","drought",2017,"alive",1,"Flowering",1,NA,"0",NA,NA,0,NA
2017,5,3198,9,"B","0",NA,NA,NA,NA,"No plant/dead?","3198_5","drought",2017,"dead",0,"Dead",NA,NA,NA,NA,NA,NA,1
2019,1,3199,17,"H","1",NA,14,0,NA,"","3199_1","irrigated",2022,"alive",1,"Vegetative",0,NA,NA,NA,NA,NA,NA
2020,1,3199,17,"H",NA,NA,NA,NA,NA,"","3199_1","irrigated",2022,NA,NA,NA,NA,NA,"1",0,0,1,0
2021,1,3199,17,"H","1",NA,11.5,0,NA,"","3199_1","irrigated",2022,"alive",1,"Vegetative",0,NA,"0",NA,NA,0,NA
2022,1,3199,17,"H","0",NA,NA,NA,NA,"NP","3199_1","irrigated",2022,"dead",0,"Dead",NA,NA,NA,NA,NA,NA,0
2016,5,3199,4,"B","5",NA,9.5,2,"2.9","","3199_5","drought",NA,"alive",1,"Flowering",1,NA,"5",2,1,1,NA
2017,5,3199,4,"B","5",NA,9,2,"4","","3199_5","drought",NA,"alive",1,"Flowering",1,NA,"4",2,1,1,1
2018,5,3199,4,"B","4",12.5,9.5,2,"3.5","","3199_5","drought",NA,"alive",1,"Flowering",1,NA,"2",0,0,1,1
2019,5,3199,4,"B","2",NA,12,0,NA,"","3199_5","drought",NA,"alive",1,"Vegetative",0,NA,"0",NA,NA,1,1
2020,5,3199,4,"B","0",NA,NA,NA,NA,"no plant","3199_5","drought",NA,"dormant",1,"Dormant",NA,NA,"3",0,0,1,0
2021,5,3199,4,"B","3",NA,14,0,NA,"","3199_5","drought",NA,"alive",1,"Vegetative",0,NA,"5",2,1,1,NA
2022,5,3199,4,"B","5",24,18,2,"SOS","","3199_5","drought",NA,"alive",1,"Flowering",1,NA,"7",4,1,1,0
2023,5,3199,4,"B","7",37,16,4,"SOS","","3199_5","drought",NA,"alive",1,"Flowering",1,NA,"5",3,1,1,1
2024,5,3199,4,"B","5",30.5,13,3,"7","one dead umbel maybe missing from phen","3199_5","drought",NA,"alive",1,"Flowering",1,NA,"3",2,1,1,1
2025,5,3199,4,"B","3",22,12,2,"3","one umbel eaten","3199_5","drought",NA,"alive",1,"Flowering",1,NA,NA,NA,NA,NA,1
2019,1,3200,19,"I","1",NA,5.5,0,NA,"","3200_1","irrigated",NA,"alive",1,"Vegetative",0,NA,NA,NA,NA,NA,NA
2020,1,3200,19,"I",NA,NA,NA,NA,NA,"","3200_1","irrigated",NA,NA,NA,NA,NA,NA,"1",0,0,1,0
2021,1,3200,19,"I","1",NA,11,0,NA,"","3200_1","irrigated",NA,"alive",1,"Vegetative",0,NA,"1",0,0,1,NA
2022,1,3200,19,"I","1",NA,17,0,NA,"","3200_1","irrigated",NA,"alive",1,"Vegetative",0,NA,"1",0,0,1,0
2023,1,3200,19,"I","1",NA,15,0,NA,"","3200_1","irrigated",NA,"alive",1,"Vegetative",0,NA,"0",NA,NA,1,0
2024,1,3200,19,"I","0",NA,NA,NA,NA,"NP","3200_1","irrigated",NA,"dormant",1,"Dormant",NA,NA,"3",0,0,1,0
2025,1,3200,19,"I","3",NA,21,0,NA,"","3200_1","irrigated",NA,"alive",1,"Vegetative",0,NA,NA,NA,NA,NA,NA
2016,5,3200,4,"F","4",NA,7.5,2,"4.1","","3200_5","drought",NA,"alive",1,"Flowering",1,NA,"7",4,1,1,NA
2017,5,3200,4,"F","7",NA,11.5,4,"2","","3200_5","drought",NA,"alive",1,"Flowering",1,NA,"1",0,0,1,1
2018,5,3200,4,"F","1",9,9,0,NA,"","3200_5","drought",NA,"alive",1,"Vegetative",0,NA,"1",0,0,1,1
2019,5,3200,4,"F","1",NA,9,0,NA,"","3200_5","drought",NA,"alive",1,"Vegetative",0,NA,"0",NA,NA,1,0
2020,5,3200,4,"F","0",NA,NA,NA,NA,"no plant","3200_5","drought",NA,"dormant",1,"Dormant",NA,NA,"2",1,1,1,0
2021,5,3200,4,"F","2",18.5,8,1,"4.5","","3200_5","drought",NA,"alive",1,"Flowering",1,NA,"5",3,1,1,NA
2022,5,3200,4,"F","5",22,15,3,"SOS","","3200_5","drought",NA,"alive",1,"Flowering",1,NA,"8",4,1,1,1
2023,5,3200,4,"F","8",30,14,4,"SOS","","3200_5","drought",NA,"alive",1,"Flowering",1,NA,"0",NA,NA,1,1
2024,5,3200,4,"F","0",NA,NA,NA,NA,"NP","3200_5","drought",NA,"dormant",1,"Dormant",NA,NA,"2",0,0,1,1
2025,5,3200,4,"F","2",NA,11,0,NA,"","3200_5","drought",NA,"alive",1,"Vegetative",0,NA,NA,NA,NA,NA,NA
2021,12,3226,19,"D","1",NA,7,0,NA,"","3226_12","irrigated",NA,"alive",1,"Vegetative",0,NA,"1",0,0,1,NA
2022,12,3226,19,"D","1",NA,7.5,0,NA,"","3226_12","irrigated",NA,"alive",1,"Vegetative",0,NA,"2",0,0,1,0
2023,12,3226,19,"D","2",NA,8,0,NA,"","3226_12","irrigated",NA,"alive",1,"Vegetative",0,NA,"1",0,0,1,0
2024,12,3226,19,"D","1",NA,11,0,NA,"","3226_12","irrigated",NA,"alive",1,"Vegetative",0,NA,"1",0,0,1,0
2025,12,3226,19,"D","1",NA,14,0,NA,"","3226_12","irrigated",NA,"alive",1,"Vegetative",0,NA,NA,NA,NA,NA,0
2016,13,3287,10,"H","3",NA,8,0,NA,"","3287_13","control",2018,"alive",1,"Vegetative",0,NA,"2",1,1,1,NA
2017,13,3287,10,"H","2",NA,13,1,"2","","3287_13","control",2018,"alive",1,"Flowering",1,NA,"0",NA,NA,0,0
2018,13,3287,10,"H","0",NA,NA,NA,NA,"no plant","3287_13","control",2018,"dead",0,"Dead",NA,NA,NA,NA,NA,NA,1
2017,7,3296,9,"C","3",NA,18,2,"3","","3296_7","drought",NA,"alive",1,"Flowering",1,NA,"5",3,1,1,NA
2018,7,3296,9,"C","5",26,14,3,"4.8","tag says '3298'","3296_7","drought",NA,"alive",1,"Flowering",1,NA,"5",3,1,1,1
2019,7,3296,9,"C","5",37,10.5,3,"6.5","tag says '3298'","3296_7","drought",NA,"alive",1,"Flowering",1,NA,"4",2,1,1,1
2020,7,3296,9,"C","4",22.5,11.2,2,"SOS","tag says '3298'","3296_7","drought",NA,"alive",1,"Flowering",1,NA,"5",2,1,1,1
2021,7,3296,9,"C","5",16.5,11.5,2,"SOS","","3296_7","drought",NA,"alive",1,"Flowering",1,NA,"2",1,1,1,1
2022,7,3296,9,"C","2",54,18,1,"6","tag says '3298' ","3296_7","drought",NA,"alive",1,"Flowering",1,NA,"6",3,1,1,1
2023,7,3296,9,"C","6",49,16,3,"SOS","tag says 3298!","3296_7","drought",NA,"alive",1,"Flowering",1,NA,"6",2,1,1,1
2024,7,3296,9,"C","6",43,23.5,2,"6","tag says 3298","3296_7","drought",NA,"alive",1,"Flowering",1,NA,"1",1,1,1,1
2025,7,3296,9,"C","1",24,12,1,NA,"tag says 3298","3296_7","drought",NA,"alive",1,"Flowering",1,NA,NA,NA,NA,NA,1
2016,15,3297,12,"I","1",NA,7,1,"2","","3297_15","drought",NA,"alive",1,"Flowering",1,NA,"7",3,1,1,NA
2017,15,3297,12,"I","7",NA,17.5,3,"3.5","","3297_15","drought",NA,"alive",1,"Flowering",1,NA,"6",2,1,1,1
2018,15,3297,12,"I","6",28.5,21.5,2,"3.3","","3297_15","drought",NA,"alive",1,"Flowering",1,NA,"3",2,1,1,1
2019,15,3297,12,"I","3",17,8,2,"2.5","","3297_15","drought",NA,"alive",1,"Flowering",1,NA,NA,NA,NA,NA,1
2020,15,3297,12,"I",NA,NA,NA,NA,NA,"","3297_15","drought",NA,NA,NA,NA,NA,NA,"5",1,1,1,1
2021,15,3297,12,"I","5",17,18,1,"3.5","","3297_15","drought",NA,"alive",1,"Flowering",1,NA,"4",2,1,1,NA
2022,15,3297,12,"I","4",39,21,2,"SOS","","3297_15","drought",NA,"alive",1,"Flowering",1,NA,"0",NA,NA,1,1
2023,15,3297,12,"I","0",NA,NA,NA,NA,"plant flowered, but clipped 5/15 or now gone","3297_15","drought",NA,"dormant",1,"Dormant",NA,NA,"9",5,1,1,1
2024,15,3297,12,"I","9",31,12.5,5,"14.5","","3297_15","drought",NA,"alive",1,"Flowering",1,NA,"3",1,1,1,NA
2025,15,3297,12,"I","3",NA,15,1,NA,"umbel dead","3297_15","drought",NA,"alive",1,"Flowering",1,NA,NA,NA,NA,NA,1
2016,7,3298,9,"C","8",NA,3,3,"2.5","2 stalks","3298_7","drought",NA,"alive",1,"Flowering",1,NA,NA,NA,NA,NA,NA
2021,13,3299,1,"G","1",NA,9,0,NA,"","3299_13","control",NA,"alive",1,"Vegetative",0,NA,"1",0,0,1,NA
2022,13,3299,1,"G","1",NA,14,0,NA,"","3299_13","control",NA,"alive",1,"Vegetative",0,NA,"0",NA,NA,1,0
2023,13,3299,1,"G","0",NA,NA,NA,NA,"NP","3299_13","control",NA,"dormant",1,"Dormant",NA,NA,NA,NA,NA,NA,0
2024,13,3299,1,"G",NA,NA,NA,NA,NA,"NPNT","3299_13","control",NA,NA,NA,NA,NA,NA,"1",0,0,1,NA
2025,13,3299,1,"G","1",NA,24,0,NA,"","3299_13","control",NA,"alive",1,"Vegetative",0,NA,NA,NA,NA,NA,NA
2016,14,3300,6,"B","6",NA,10.1,1,"4","","3300_14","drought",NA,"alive",1,"Flowering",1,NA,"4",1,1,1,NA
2017,14,3300,6,"B","4",NA,13,1,"3.5","","3300_14","drought",NA,"alive",1,"Flowering",1,NA,"2",0,0,1,1
2018,14,3300,6,"B","2",14.5,14.5,0,NA,"","3300_14","drought",NA,"alive",1,"Vegetative",0,NA,"3",1,1,1,1
2019,14,3300,6,"B","3",23,11,1,"4","","3300_14","drought",NA,"alive",1,"Flowering",1,NA,"1",0,0,1,0
2020,14,3300,6,"B","1",NA,9.9,0,NA,"","3300_14","drought",NA,"alive",1,"Vegetative",0,NA,"1",0,0,1,1
2021,14,3300,6,"B","1",NA,9.5,0,NA,"","3300_14","drought",NA,"alive",1,"Vegetative",0,NA,"1",0,0,1,0
2022,14,3300,6,"B","1",NA,25,0,NA,"","3300_14","drought",NA,"alive",1,"Vegetative",0,NA,"3",1,1,1,0
2023,14,3300,6,"B","3",36,18,1,"6","","3300_14","drought",NA,"alive",1,"Flowering",1,NA,"3",2,1,1,0
2024,14,3300,6,"B","3",34,14,2,"5","","3300_14","drought",NA,"alive",1,"Flowering",1,NA,"1",0,0,1,1
2025,14,3300,6,"B","1",NA,13.5,0,NA,"","3300_14","drought",NA,"alive",1,"Vegetative",0,NA,NA,NA,NA,NA,1
2016,15,3303,10,"J","4",NA,12,1,"2","","3303_15","drought",2023,"alive",1,"Flowering",1,NA,"3",0,0,1,NA
2017,15,3303,10,"J","3",NA,19,0,NA,"","3303_15","drought",2023,"alive",1,"Vegetative",0,NA,"4",3,1,1,1
2018,15,3303,10,"J","4",19,13.5,3,"3.5","","3303_15","drought",2023,"alive",1,"Flowering",1,NA,"0",NA,NA,1,0
2019,15,3303,10,"J","0",NA,NA,NA,NA,"no plant","3303_15","drought",2023,"dormant",1,"Dormant",NA,NA,NA,NA,NA,NA,1
2020,15,3303,10,"J",NA,NA,NA,NA,NA,"","3303_15","drought",2023,NA,NA,NA,NA,NA,"0",NA,NA,1,NA
2021,15,3303,10,"J","0",NA,NA,NA,NA,"NP","3303_15","drought",2023,"dormant",1,"Dormant",NA,NA,NA,NA,NA,NA,NA
2022,15,3303,10,"J",NA,NA,NA,NA,NA,"NPNT","3303_15","drought",2023,NA,NA,NA,NA,NA,"0",NA,NA,0,NA
2023,15,3303,10,"J","0",NA,NA,NA,NA,"NP. Tag pulled.","3303_15","drought",2023,"dead",0,"Dead",NA,NA,NA,NA,NA,NA,NA
2016,3,3304,3,"B","3",NA,11,1,"4.1","Dead leaves","3304_3","control",2018,"alive",1,"Flowering",1,NA,"2",1,1,1,NA
2017,3,3304,3,"B","2",NA,13,1,"3.5","","3304_3","control",2018,"alive",1,"Flowering",1,NA,"0",NA,NA,0,1
2018,3,3304,3,"B","0",NA,NA,NA,NA,"no plant","3304_3","control",2018,"dead",0,"Dead",NA,NA,NA,NA,NA,NA,1
2021,14,3305,7,"B","2",22.5,15,1,"2","","3305_14","drought",NA,"alive",1,"Flowering",1,NA,"2",1,1,1,NA
2022,14,3305,7,"B","2",30,14,1,"3.5","","3305_14","drought",NA,"alive",1,"Flowering",1,NA,"3",2,1,1,1
2023,14,3305,7,"B","3",45,16,2,"SOS","","3305_14","drought",NA,"alive",1,"Flowering",1,NA,"3",2,1,1,1
2024,14,3305,7,"B","3",37.5,5,2,"7","basal leaf gone","3305_14","drought",NA,"alive",1,"Flowering",1,NA,"3",1,1,1,1
2025,14,3305,7,"B","3",10,15,1,NA,"umbel dead, 2 leaves eaten","3305_14","drought",NA,"alive",1,"Flowering",1,NA,NA,NA,NA,NA,1
2017,7,3308,0,"I","1",NA,19,1,"2.4","","3308_7","drought",2020,"alive",1,"Flowering",1,NA,"2",1,1,1,NA
2018,7,3308,0,"I","2",28.5,13,1,"5.5","","3308_7","drought",2020,"alive",1,"Flowering",1,NA,"3",2,1,1,1
2019,7,3308,0,"I","3",28,12,2,"4","","3308_7","drought",2020,"alive",1,"Flowering",1,NA,"0",NA,NA,0,1
2020,7,3308,0,"I","0",NA,NA,NA,NA,"no plant","3308_7","drought",2020,"dead",0,"Dead",NA,NA,NA,NA,NA,NA,1
2016,3,3313,3,"B","1",NA,2.4,1,"3.2","","3313_3","control",NA,"alive",1,"Flowering",1,NA,"3",0,0,1,NA
2017,3,3313,3,"B","3",NA,8,0,NA,"","3313_3","control",NA,"alive",1,"Vegetative",0,NA,"2",0,0,1,1
2018,3,3313,3,"B","2",14.5,14.5,0,NA,"","3313_3","control",NA,"alive",1,"Vegetative",0,NA,"4",0,0,1,0
2019,3,3313,3,"B","4",NA,17,0,NA,"","3313_3","control",NA,"alive",1,"Vegetative",0,NA,"1",0,0,1,0
2020,3,3313,3,"B","1",NA,10.7,0,NA,"","3313_3","control",NA,"alive",1,"Vegetative",0,NA,"3",0,0,1,0
2021,3,3313,3,"B","3",NA,18.5,0,NA,"","3313_3","control",NA,"alive",1,"Vegetative",0,NA,"2",1,1,1,0
2022,3,3313,3,"B","2",38,18,1,"4","","3313_3","control",NA,"alive",1,"Flowering",1,NA,"2",1,1,1,0
2023,3,3313,3,"B","2",30.5,26,1,"3","","3313_3","control",NA,"alive",1,"Flowering",1,NA,"1",0,0,1,1
2024,3,3313,3,"B","1",NA,21.5,0,NA,"","3313_3","control",NA,"alive",1,"Vegetative",0,NA,"2",0,0,1,1
2025,3,3313,3,"B","2",NA,23,0,NA,"","3313_3","control",NA,"alive",1,"Vegetative",0,NA,NA,NA,NA,NA,0
2017,6,3319,11,"A","3",NA,15,1,"1.7","Killed","3319_6","irrigated",2024,"alive",1,"Flowering",1,NA,"6",1,1,1,NA
2018,6,3319,11,"A","6",18,21,1,"2.4","","3319_6","irrigated",2024,"alive",1,"Flowering",1,NA,"4",1,1,1,1
2019,6,3319,11,"A","4",22,15.5,1,"3","","3319_6","irrigated",2024,"alive",1,"Flowering",1,NA,"6",2,1,1,1
2020,6,3319,11,"A","6",36,16.6,2,"SOS","half came out of the ground","3319_6","irrigated",2024,"alive",1,"Flowering",1,NA,"5",4,1,1,1
2021,6,3319,11,"A","5",32,18,4,"SOS","","3319_6","irrigated",2024,"alive",1,"Flowering",1,NA,"7",5,1,1,1
2022,6,3319,11,"A","7",55,16.5,5,"SOS","plant accidentally pulled, won't make seeds","3319_6","irrigated",2024,"alive",1,"Flowering",1,NA,"2",1,1,1,1
2023,6,3319,11,"A","2",19,23,1,"2","new flower this week!","3319_6","irrigated",2024,"alive",1,"Flowering",1,NA,"0",NA,NA,0,1
2024,6,3319,11,"A","0",NA,NA,NA,NA,"NP","3319_6","irrigated",2024,"dead",0,"Dead",NA,NA,NA,NA,NA,NA,1
2021,4,3321,16,"L","5",41,18,3,"SOS","","3321_4","irrigated",NA,"alive",1,"Flowering",1,NA,"5",2,1,1,NA
2022,4,3321,16,"L","5",58,29.5,2,"SOS","next to 3732","3321_4","irrigated",NA,"alive",1,"Flowering",1,NA,"0",NA,NA,1,1
2023,4,3321,16,"L","0",NA,NA,NA,NA,"NP-- lots of digging by rodents (?) in area. Next to 3732.","3321_4","irrigated",NA,"dormant",1,"Dormant",NA,NA,"1",0,0,1,1
2024,4,3321,16,"L","1",NA,19.5,0,NA,"","3321_4","irrigated",NA,"alive",1,"Vegetative",0,NA,"1",0,0,1,NA
2025,4,3321,16,"L","1",NA,12.5,0,NA,"16B in div","3321_4","irrigated",NA,"alive",1,"Vegetative",0,NA,NA,NA,NA,NA,0
2017,2,3323,2,"C","1",NA,9.5,0,NA,"new tag (old tag = 3500)","3323_2","control",2022,"alive",1,"Vegetative",0,NA,"2",0,0,1,NA
2018,2,3323,2,"C","2",12,12,0,NA,"","3323_2","control",2022,"alive",1,"Vegetative",0,NA,"0",NA,NA,1,0
2019,2,3323,2,"C","0",NA,NA,NA,NA,"no plant","3323_2","control",2022,"dormant",1,"Dormant",NA,NA,"2",1,1,1,0
2020,2,3323,2,"C","2",19.3,13.1,1,"3.3","","3323_2","control",2022,"alive",1,"Flowering",1,NA,"1",0,0,1,NA
2021,2,3323,2,"C","1",NA,7.5,0,NA,"","3323_2","control",2022,"alive",1,"Vegetative",0,NA,"0",NA,NA,0,1
2022,2,3323,2,"C","0",NA,NA,NA,NA,"NP.","3323_2","control",2022,"dead",0,"Dead",NA,NA,NA,NA,NA,NA,0
2018,14,3326,4,"C","2",12,12,0,NA,"","3326_14","drought",2021,"alive",1,"Vegetative",0,NA,"2",0,0,1,NA
2019,14,3326,4,"C","2",NA,11,0,NA,"","3326_14","drought",2021,"alive",1,"Vegetative",0,NA,"1",0,0,1,0
2020,14,3326,4,"C","1",NA,11.2,0,NA,"","3326_14","drought",2021,"alive",1,"Vegetative",0,NA,"0",NA,NA,0,0
2021,14,3326,4,"C","0",NA,NA,NA,NA,"NP","3326_14","drought",2021,"dead",0,"Dead",NA,NA,NA,NA,NA,NA,0
2017,7,3327,1,"H","1",NA,15,0,NA,"","3327_7","drought",2019,"alive",1,"Vegetative",0,NA,"1",0,0,1,NA
2018,7,3327,1,"H","1",18.5,18.5,0,NA,"","3327_7","drought",2019,"alive",1,"Vegetative",0,NA,"0",NA,NA,0,0
2019,7,3327,1,"H","0",NA,NA,NA,NA,"no plant","3327_7","drought",2019,"dead",0,"Dead",NA,NA,NA,NA,NA,NA,0
2016,5,3328,0,"H","6",NA,5.5,1,"1.9","","3328_5","drought",2023,"alive",1,"Flowering",1,NA,"10",5,1,1,NA
2017,5,3328,0,"H","10",NA,17,5,"3","","3328_5","drought",2023,"alive",1,"Flowering",1,NA,"2",1,1,1,1
2018,5,3328,0,"H","2",12.5,11.5,1,"3.8","","3328_5","drought",2023,"alive",1,"Flowering",1,NA,"0",NA,NA,1,1
2019,5,3328,0,"H","0",NA,NA,NA,NA,"no plant","3328_5","drought",2023,"dormant",1,"Dormant",NA,NA,"1",0,0,1,1
2020,5,3328,0,"H","1",NA,13,0,NA,"","3328_5","drought",2023,"alive",1,"Vegetative",0,NA,NA,NA,NA,NA,NA
2021,5,3328,0,"H",NA,NA,NA,NA,NA,"NPNT","3328_5","drought",2023,NA,NA,NA,NA,NA,NA,NA,NA,NA,0
2022,5,3328,0,"H",NA,NA,NA,NA,NA,"NPNT","3328_5","drought",2023,NA,NA,NA,NA,NA,"0",NA,NA,0,NA
2023,5,3328,0,"H","0",NA,NA,NA,NA,"NP. NPNT in 2022. Was tag pulled in 2023?","3328_5","drought",2023,"dead",0,"Dead",NA,NA,NA,NA,NA,NA,NA
2017,5,3329,10,"H","3",NA,11,0,NA,"","3329_5","drought",2019,"alive",1,"Vegetative",0,NA,"2",0,0,1,NA
2018,5,3329,10,"H","2",7.5,7.5,0,NA,"","3329_5","drought",2019,"alive",1,"Vegetative",0,NA,"0",NA,NA,0,0
2019,5,3329,10,"H","0",NA,NA,NA,NA,"no plant","3329_5","drought",2019,"dead",0,"Dead",NA,NA,NA,NA,NA,NA,0
2016,5,3330,9,"B","3",NA,5.7,1,"2.9","","3330_5","drought",2019,"alive",1,"Flowering",1,NA,"1",1,1,1,NA
2017,5,3330,9,"B","1",NA,10,1,"2.5","","3330_5","drought",2019,"alive",1,"Flowering",1,NA,"1",0,0,1,1
2018,5,3330,9,"B","1",8,8,0,NA,"","3330_5","drought",2019,"alive",1,"Vegetative",0,NA,"0",NA,NA,0,1
2019,5,3330,9,"B","0",NA,NA,NA,NA,"no plant","3330_5","drought",2019,"dead",0,"Dead",NA,NA,NA,NA,NA,NA,0
2017,5,3331,13,"E","3",NA,9,1,"2.5","","3331_5","drought",2018,"alive",1,"Flowering",1,NA,"0",NA,NA,0,NA
2018,5,3331,13,"E","0",NA,NA,NA,NA,"no plant","3331_5","drought",2018,"dead",0,"Dead",NA,NA,NA,NA,NA,NA,1
2016,15,3332,5,"J","6",NA,10.5,3,"5","","3332_15","drought",NA,"alive",1,"Flowering",1,NA,"3",2,1,1,NA
2017,15,3332,5,"J","3",NA,16,2,"3","","3332_15","drought",NA,"alive",1,"Flowering",1,NA,"5",1,1,1,1
2018,15,3332,5,"J","5",20,22,1,"2.1","","3332_15","drought",NA,"alive",1,"Flowering",1,NA,"3",0,0,1,1
2019,15,3332,5,"J","3",NA,14,0,NA,"","3332_15","drought",NA,"alive",1,"Vegetative",0,NA,"2",0,0,1,1
2020,15,3332,5,"J","2",6.5,13.6,0,"0","had 1-eaten","3332_15","drought",NA,"alive",1,"Vegetative",0,NA,"1",1,1,1,0
2021,15,3332,5,"J","1",5,18,1,NA,"","3332_15","drought",NA,"alive",1,"Flowering",1,NA,"3",0,0,1,0
2022,15,3332,5,"J","3",NA,21,0,NA,"next to 3940","3332_15","drought",NA,"alive",1,"Vegetative",0,NA,"1",1,1,1,1
2023,15,3332,5,"J","1",29,15,1,"3","next to 3940","3332_15","drought",NA,"alive",1,"Flowering",1,NA,"3",1,1,1,0
2024,15,3332,5,"J","3",43,24,1,"3.5","is RSP in phen","3332_15","drought",NA,"alive",1,"Flowering",1,NA,"1",0,0,1,1
2025,15,3332,5,"J","1",NA,13,0,NA,"","3332_15","drought",NA,"alive",1,"Vegetative",0,NA,NA,NA,NA,NA,1
2016,13,3333,12,"A","3",NA,1.7,1,"1.9","","3333_13","control",NA,"alive",1,"Flowering",1,NA,"2",0,0,1,NA
2017,13,3333,12,"A","2",NA,12,0,"3","","3333_13","control",NA,"alive",1,"Vegetative",0,NA,"2",1,1,1,1
2018,13,3333,12,"A","2",12,11,1,"1.7","","3333_13","control",NA,"alive",1,"Flowering",1,NA,"2",1,1,1,0
2019,13,3333,12,"A","2",13,8,1,"2.5","","3333_13","control",NA,"alive",1,"Flowering",1,NA,NA,NA,NA,NA,1
2020,13,3333,12,"A",NA,NA,NA,NA,NA,"","3333_13","control",NA,NA,NA,NA,NA,NA,NA,NA,NA,NA,1
2021,13,3333,12,"A",NA,NA,NA,NA,NA,"NPNT","3333_13","control",NA,NA,NA,NA,NA,NA,"2",2,1,1,NA
2022,13,3333,12,"A","2",20,7.5,2,"SOS","","3333_13","control",NA,"alive",1,"Flowering",1,NA,"3",2,1,1,NA
2023,13,3333,12,"A","3",29,6,2,"SOS","1 umbel dead","3333_13","control",NA,"alive",1,"Flowering",1,NA,"3",1,1,1,1
2024,13,3333,12,"A","3",17,13,1,"1.5","not in phen because on boundary; flp 22 may","3333_13","control",NA,"alive",1,"Flowering",1,NA,"1",0,0,1,1
2025,13,3333,12,"A","1",NA,13,0,NA,"","3333_13","control",NA,"alive",1,"Vegetative",0,NA,NA,NA,NA,NA,1
2016,5,3334,18,"C",NA,NA,NA,1,"2.3","","3334_5","drought",2023,"alive",1,"Flowering",1,NA,"4",2,1,1,NA
2017,5,3334,18,"C","4",NA,15.5,2,"2.5","","3334_5","drought",2023,"alive",1,"Flowering",1,NA,"3",1,1,1,1
2018,5,3334,18,"C","3",10.5,14.5,1,"2.5","","3334_5","drought",2023,"alive",1,"Flowering",1,NA,"3",0,0,1,1
2019,5,3334,18,"C","3",NA,14,0,NA,"","3334_5","drought",2023,"alive",1,"Vegetative",0,NA,NA,NA,NA,NA,1
2020,5,3334,18,"C",NA,NA,NA,NA,NA,"","3334_5","drought",2023,NA,NA,NA,NA,NA,"0",NA,NA,1,0
2021,5,3334,18,"C","0",NA,NA,NA,NA,"NP","3334_5","drought",2023,"dormant",1,"Dormant",NA,NA,NA,NA,NA,NA,NA
2022,5,3334,18,"C",NA,NA,NA,NA,NA,"NPNT","3334_5","drought",2023,NA,NA,NA,NA,NA,"0",NA,NA,0,NA
2023,5,3334,18,"C","0",NA,NA,NA,NA,"NP. Tag pulled.","3334_5","drought",2023,"dead",0,"Dead",NA,NA,NA,NA,NA,NA,NA
2016,13,3336,3,"C","3",NA,4,1,"2.7","","3336_13","control",NA,"alive",1,"Flowering",1,NA,"5",2,1,1,NA
2017,13,3336,3,"C","5",NA,13,2,"2.5","","3336_13","control",NA,"alive",1,"Flowering",1,NA,"3",0,0,1,1
2018,13,3336,3,"C","3",9,9,0,NA,"","3336_13","control",NA,"alive",1,"Vegetative",0,NA,"2",1,1,1,1
2019,13,3336,3,"C","2",13,12,1,"2","","3336_13","control",NA,"alive",1,"Flowering",1,NA,"2",0,0,1,0
2020,13,3336,3,"C","2",NA,10.8,0,NA,"","3336_13","control",NA,"alive",1,"Vegetative",0,NA,"1",0,0,1,1
2021,13,3336,3,"C","1",NA,10,0,NA,"","3336_13","control",NA,"alive",1,"Vegetative",0,NA,"2",1,1,1,0
2022,13,3336,3,"C","2",24,18,1,"4","","3336_13","control",NA,"alive",1,"Flowering",1,NA,"4",4,1,1,0
2023,13,3336,3,"C","4",34,10,4,"SOS","2 umbels dead","3336_13","control",NA,"alive",1,"Flowering",1,NA,"4",2,1,1,1
2024,13,3336,3,"C","4",30.5,18.5,2,"7.5","","3336_13","control",NA,"alive",1,"Flowering",1,NA,"2",0,0,1,1
2025,13,3336,3,"C","2",NA,17,0,NA,"","3336_13","control",NA,"alive",1,"Vegetative",0,NA,NA,NA,NA,NA,1
2017,5,3338,3,"I","3",NA,10,2,"1.5","","3338_5","drought",NA,"alive",1,"Flowering",1,NA,"3",0,0,1,NA
2018,5,3338,3,"I","3",11,11,0,NA,"","3338_5","drought",NA,"alive",1,"Vegetative",0,NA,"1",0,0,1,1
2019,5,3338,3,"I","1",NA,14.5,0,NA,"","3338_5","drought",NA,"alive",1,"Vegetative",0,NA,"1",0,0,1,0
2020,5,3338,3,"I","1",NA,13,0,NA,"","3338_5","drought",NA,"alive",1,"Vegetative",0,NA,"1",0,0,1,0
2021,5,3338,3,"I","1",NA,12.5,0,NA,"","3338_5","drought",NA,"alive",1,"Vegetative",0,NA,"3",2,1,1,0
2022,5,3338,3,"I","3",23,15,2,"SOS","","3338_5","drought",NA,"alive",1,"Flowering",1,NA,"4",3,1,1,0
2023,5,3338,3,"I","4",25,17,3,"SOS","","3338_5","drought",NA,"alive",1,"Flowering",1,NA,"2",2,1,1,1
2024,5,3338,3,"I","2",15,7,2,"2","","3338_5","drought",NA,"alive",1,"Flowering",1,NA,"1",0,0,1,1
2025,5,3338,3,"I","1",NA,19,0,NA,"","3338_5","drought",NA,"alive",1,"Vegetative",0,NA,NA,NA,NA,NA,1
2016,14,3340,4,"A","1",NA,8.5,0,NA,"","3340_14","drought",2022,"alive",1,"Vegetative",0,NA,"1",0,0,1,NA
2017,14,3340,4,"A","1",NA,10.5,0,NA,"","3340_14","drought",2022,"alive",1,"Vegetative",0,NA,"2",0,0,1,0
2018,14,3340,4,"A","2",10.5,10.5,0,NA,"","3340_14","drought",2022,"alive",1,"Vegetative",0,NA,"1",0,0,1,0
2019,14,3340,4,"A","1",NA,8,0,NA,"","3340_14","drought",2022,"alive",1,"Vegetative",0,NA,"2",0,0,1,0
2020,14,3340,4,"A","2",NA,6.8,0,NA,"","3340_14","drought",2022,"alive",1,"Vegetative",0,NA,NA,NA,NA,NA,0
2021,14,3340,4,"A",NA,NA,NA,NA,NA,"NPNT","3340_14","drought",2022,NA,NA,NA,NA,NA,"0",NA,NA,0,0
2022,14,3340,4,"A","0",NA,NA,NA,NA,"NP, tag pulled","3340_14","drought",2022,"dead",0,"Dead",NA,NA,NA,NA,NA,NA,NA
2016,15,3341,3,"H","3",NA,4,1,"0.5","","3341_15","drought",NA,"alive",1,"Flowering",1,NA,"3",0,0,1,NA
2017,15,3341,3,"H","3",NA,23,0,NA,"","3341_15","drought",NA,"alive",1,"Vegetative",0,NA,"2",0,0,1,1
2018,15,3341,3,"H","2",16,16,0,NA,"","3341_15","drought",NA,"alive",1,"Vegetative",0,NA,"1",0,0,1,0
2019,15,3341,3,"H","1",NA,24.5,0,NA,"","3341_15","drought",NA,"alive",1,"Vegetative",0,NA,"1",0,0,1,0
2020,15,3341,3,"H","1",8,17.4,0,"0","umbel eaten","3341_15","drought",NA,"alive",1,"Vegetative",0,NA,"2",2,1,1,0
2021,15,3341,3,"H","2",24,9,2,"SOS","","3341_15","drought",NA,"alive",1,"Flowering",1,NA,"10",7,1,1,0
2022,15,3341,3,"H","10",47,24.5,7,"SOS","","3341_15","drought",NA,"alive",1,"Flowering",1,NA,"6",5,1,1,1
2023,15,3341,3,"H","6",53,17,5,"SOS","","3341_15","drought",NA,"alive",1,"Flowering",1,NA,"5",3,1,1,1
2024,15,3341,3,"H","5",53.5,26,3,"14","","3341_15","drought",NA,"alive",1,"Flowering",1,NA,"0",NA,NA,NA,1
2025,15,3341,3,"H","0",NA,NA,NA,NA,"NP","3341_15","drought",NA,NA,NA,NA,NA,NA,NA,NA,NA,NA,1
2016,4,3342,14,"D","8",NA,7.3,1,"5.8","Diversity plot","3342_4","irrigated",NA,"alive",1,"Flowering",1,NA,"4",2,1,1,NA
2017,4,3342,14,"N","4",NA,9,2,"3.5","Diversity Plot","3342_4","irrigated",NA,"alive",1,"Flowering",1,NA,"4",2,1,1,1
2018,4,3342,14,"N","4",24,9,2,"5.3","","3342_4","irrigated",NA,"alive",1,"Flowering",1,NA,"4",3,1,1,1
2019,4,3342,14,"N","4",32,11,3,"6.5","Diversity plot","3342_4","irrigated",NA,"alive",1,"Flowering",1,NA,"5",3,1,1,1
2020,4,3342,14,"N","5",38.5,11,3,"SOS","diversity plot","3342_4","irrigated",NA,"alive",1,"Flowering",1,NA,"0",NA,NA,1,1
2021,4,3342,14,"N","0",NA,NA,NA,NA,"NP","3342_4","irrigated",NA,"dormant",1,"Dormant",NA,NA,"1",0,0,1,1
2022,4,3342,14,"N","1",NA,9.5,0,NA,"","3342_4","irrigated",NA,"alive",1,"Vegetative",0,NA,"4",1,1,1,NA
2023,4,3342,14,"N","4",24,20,1,"6","14D","3342_4","irrigated",NA,"alive",1,"Flowering",1,NA,NA,NA,NA,NA,0
2024,4,3342,14,"N",NA,NA,NA,NA,NA,"NPNT","3342_4","irrigated",NA,NA,NA,NA,NA,NA,NA,NA,NA,NA,1
2025,4,3342,14,"N",NA,NA,NA,NA,NA,"14D in div , NPNT > 2 years","3342_4","irrigated",NA,NA,NA,NA,NA,NA,NA,NA,NA,NA,NA
2016,5,3342,17,"B",NA,NA,NA,1,"1.5","No leaves, just an umbel","3342_5","drought",2017,"alive",1,"Flowering",1,NA,NA,NA,NA,0,NA
2017,5,3342,17,"B",NA,NA,NA,NA,NA,"NP/NT","3342_5","drought",2017,"dead",0,"Dead",NA,NA,NA,NA,NA,NA,1
2016,5,3343,13,"C","9",NA,6.2,3,"4","","3343_5","drought",2021,"alive",1,"Flowering",1,NA,"1",0,0,1,NA
2017,5,3343,13,"C","1",NA,4.5,0,NA,"","3343_5","drought",2021,"alive",1,"Vegetative",0,NA,"1",0,0,1,1
2018,5,3343,13,"C","1",13,13,0,"0","","3343_5","drought",2021,"alive",1,"Vegetative",0,NA,"0",NA,NA,1,0
2019,5,3343,13,"C","0",NA,NA,NA,NA,"no plant","3343_5","drought",2021,"dormant",1,"Dormant",NA,NA,NA,NA,NA,NA,0
2020,5,3343,13,"C",NA,NA,NA,NA,NA,"","3343_5","drought",2021,NA,NA,NA,NA,NA,"0",NA,NA,0,NA
2021,5,3343,13,"C","0",NA,NA,NA,NA,"NP","3343_5","drought",2021,"dead",0,"Dead",NA,NA,NA,NA,NA,NA,NA
2016,6,3345,12,"D","12",NA,6.6,2,"6.2","2 stalks","3345_6","irrigated",NA,"alive",1,"Flowering",1,NA,"6",3,1,1,NA
2017,6,3345,12,"D","6",NA,16.5,3,"4.2","","3345_6","irrigated",NA,"alive",1,"Flowering",1,NA,"1",0,0,1,1
2018,6,3345,12,"D","1",16.5,16.5,0,NA,"","3345_6","irrigated",NA,"alive",1,"Vegetative",0,NA,"4",3,1,1,1
2019,6,3345,12,"D","4",27.5,13.5,3,"4","","3345_6","irrigated",NA,"alive",1,"Flowering",1,NA,"2",2,1,1,0
2020,6,3345,12,"D","2",44,15.3,2,"SOS","","3345_6","irrigated",NA,"alive",1,"Flowering",1,NA,"8",3,1,1,1
2021,6,3345,12,"D","8",36,18,3,"SOS","","3345_6","irrigated",NA,"alive",1,"Flowering",1,NA,"8",5,1,1,1
2022,6,3345,12,"D","8",47,19.5,5,"SOS","","3345_6","irrigated",NA,"alive",1,"Flowering",1,NA,"5",4,1,1,1
2023,6,3345,12,"D","5",49,23,4,"SOS","","3345_6","irrigated",NA,"alive",1,"Flowering",1,NA,"2",1,1,1,1
2024,6,3345,12,"D","2",46,17.5,1,"8","","3345_6","irrigated",NA,"alive",1,"Flowering",1,NA,"5",3,1,1,1
2025,6,3345,12,"D","5",37,22,3,"6.5","","3345_6","irrigated",NA,"alive",1,"Flowering",1,NA,NA,NA,NA,NA,1
2019,14,3346,19,"F","1",NA,10.5,0,NA,"","3346_14","drought",NA,"alive",1,"Vegetative",0,NA,"2",1,1,1,NA
2020,14,3346,19,"F","2",45.5,25.5,1,"SOS","","3346_14","drought",NA,"alive",1,"Flowering",1,NA,"1",0,0,1,0
2021,14,3346,19,"F","1",NA,9.5,0,NA,"","3346_14","drought",NA,"alive",1,"Vegetative",0,NA,"0",NA,NA,1,1
2022,14,3346,19,"F","0",NA,NA,NA,NA,"NP","3346_14","drought",NA,"dormant",1,"Dormant",NA,NA,"2",0,0,1,0
2023,14,3346,19,"F","2",NA,13,0,NA,"","3346_14","drought",NA,"alive",1,"Vegetative",0,NA,"1",0,0,1,NA
2024,14,3346,19,"F","1",NA,13,0,NA,"","3346_14","drought",NA,"alive",1,"Vegetative",0,NA,"1",0,0,1,0
2025,14,3346,19,"F","1",NA,17,0,NA,"outside plot","3346_14","drought",NA,"alive",1,"Vegetative",0,NA,NA,NA,NA,NA,0
2019,1,3347,15,"I","1",NA,13,0,NA,"","3347_1","irrigated",2023,"alive",1,"Vegetative",0,NA,NA,NA,NA,NA,NA
2020,1,3347,15,"I",NA,NA,NA,NA,NA,"","3347_1","irrigated",2023,NA,NA,NA,NA,NA,"1",0,0,1,0
2021,1,3347,15,"I","1",NA,13,0,NA,"","3347_1","irrigated",2023,"alive",1,"Vegetative",0,NA,"2",1,1,1,NA
2022,1,3347,15,"I","2",33,15,1,"7","","3347_1","irrigated",2023,"alive",1,"Flowering",1,NA,"0",NA,NA,0,0
2023,1,3347,15,"I","0",NA,NA,NA,NA,"NP","3347_1","irrigated",2023,"dead",0,"Dead",NA,NA,NA,NA,NA,NA,1
2016,3,3349,1,"F","7",NA,13.1,1,"7.3","3 stalks, top has been eaten","3349_3","control",NA,"alive",1,"Flowering",1,NA,"6",2,1,1,NA
2017,3,3349,1,"F","6",NA,25,2,"5","","3349_3","control",NA,"alive",1,"Flowering",1,NA,"3",0,0,1,1
2018,3,3349,1,"F","3",16,22,0,NA,"","3349_3","control",NA,"alive",1,"Vegetative",0,NA,"7",2,1,1,1
2019,3,3349,1,"F","7",20,17,2,"4.5","","3349_3","control",NA,"alive",1,"Flowering",1,NA,"2",1,1,1,0
2020,3,3349,1,"F","2",28.4,17.5,1,"3.6","","3349_3","control",NA,"alive",1,"Flowering",1,NA,"2",1,1,1,1
2021,3,3349,1,"F","2",35,16.5,1,"6","","3349_3","control",NA,"alive",1,"Flowering",1,NA,"5",3,1,1,1
2022,3,3349,1,"F","5",43,13,3,"SOS","","3349_3","control",NA,"alive",1,"Flowering",1,NA,"7",3,1,1,1
2023,3,3349,1,"F","7",50.5,28,3,"SOS","","3349_3","control",NA,"alive",1,"Flowering",1,NA,"6",3,1,1,1
2024,3,3349,1,"F","6",35,18,3,"13","","3349_3","control",NA,"alive",1,"Flowering",1,NA,"2",1,1,1,1
2025,3,3349,1,"F","2",34,27,1,"5.5","","3349_3","control",NA,"alive",1,"Flowering",1,NA,NA,NA,NA,NA,1
2016,14,3350,2,"A","1",NA,12,0,NA,"","3350_14","drought",2019,"alive",1,"Vegetative",0,NA,"1",0,0,1,NA
2017,14,3350,2,"A","1",NA,7.5,0,NA,"","3350_14","drought",2019,"alive",1,"Vegetative",0,NA,"3",1,1,1,0
2018,14,3350,2,"A","3",19.5,9.5,1,"2.7","","3350_14","drought",2019,"alive",1,"Flowering",1,NA,"0",NA,NA,0,0
2019,14,3350,2,"A","0",NA,NA,NA,NA,"no plant","3350_14","drought",2019,"dead",0,"Dead",NA,NA,NA,NA,NA,NA,1
2021,2,3352,19,"H","3",13.5,14,2,"3.5","","3352_2","control",NA,"alive",1,"Flowering",1,NA,"3",2,1,1,NA
2022,2,3352,19,"H","3",20,11,2,"SOS","","3352_2","control",NA,"alive",1,"Flowering",1,NA,"2",1,1,1,1
2023,2,3352,19,"H","2",16,12,1,NA,"dead umbel","3352_2","control",NA,"alive",1,"Flowering",1,NA,"0",NA,NA,1,1
2024,2,3352,19,"H","0",NA,NA,NA,NA,"NP","3352_2","control",NA,"dormant",1,"Dormant",NA,NA,"1",0,0,1,1
2025,2,3352,19,"H","1",NA,15.5,0,NA,"","3352_2","control",NA,"alive",1,"Vegetative",0,NA,NA,NA,NA,NA,NA
2016,10,3353,5,"E","3",NA,9.3,0,NA,"","3353_10","drought",NA,"alive",1,"Vegetative",0,NA,"1",0,0,1,NA
2017,10,3353,5,"E","1",NA,24.5,0,NA,"","3353_10","drought",NA,"alive",1,"Vegetative",0,NA,"1",0,0,1,0
2018,10,3353,5,"E","1",21,21,0,NA,"","3353_10","drought",NA,"alive",1,"Vegetative",0,NA,"2",1,1,1,0
2019,10,3353,5,"E","2",31,15,1,"4","","3353_10","drought",NA,"alive",1,"Flowering",1,NA,NA,NA,NA,NA,0
2020,10,3353,5,"E",NA,NA,NA,NA,NA,"npnt","3353_10","drought",NA,NA,NA,NA,NA,NA,"2",0,0,1,1
2021,10,3353,5,"E","2",NA,18,0,NA,"","3353_10","drought",NA,"alive",1,"Vegetative",0,NA,"4",2,1,1,NA
2022,10,3353,5,"E","4",67,27,2,"SOS","","3353_10","drought",NA,"alive",1,"Flowering",1,NA,"6",4,1,1,0
2023,10,3353,5,"E","6",66,21,4,"SOS","","3353_10","drought",NA,"alive",1,"Flowering",1,NA,"3",2,1,1,1
2024,10,3353,5,"E","3",34,25,2,"5.5","","3353_10","drought",NA,"alive",1,"Flowering",1,NA,"1",0,0,1,1
2025,10,3353,5,"E","1",NA,22,0,NA,"","3353_10","drought",NA,"alive",1,"Vegetative",0,NA,NA,NA,NA,NA,1
2016,12,3354,15,"G","3",NA,4.3,0,NA,"","3354_12","irrigated",NA,"alive",1,"Vegetative",0,NA,"1",0,0,1,NA
2017,12,3354,15,"G","1",NA,7,0,NA,"","3354_12","irrigated",NA,"alive",1,"Vegetative",0,NA,"2",1,1,1,0
2018,12,3354,15,"G","2",13.5,11.5,1,"2","","3354_12","irrigated",NA,"alive",1,"Flowering",1,NA,"2",1,1,1,0
2019,12,3354,15,"G","2",22,14,1,"4","","3354_12","irrigated",NA,"alive",1,"Flowering",1,NA,"1",0,0,1,1
2020,12,3354,15,"G","1",NA,10.5,0,NA,"umbel eaten","3354_12","irrigated",NA,"alive",1,"Vegetative",0,NA,"1",0,0,1,1
2021,12,3354,15,"G","1",NA,12,0,NA,"","3354_12","irrigated",NA,"alive",1,"Vegetative",0,NA,"2",0,0,1,0
2022,12,3354,15,"G","2",NA,15,0,NA,"","3354_12","irrigated",NA,"alive",1,"Vegetative",0,NA,"2",0,0,1,0
2023,12,3354,15,"G","2",NA,13,0,NA,"","3354_12","irrigated",NA,"alive",1,"Vegetative",0,NA,"0",NA,NA,1,0
2024,12,3354,15,"G","0",NA,NA,NA,NA,"under hose; NP","3354_12","irrigated",NA,"dormant",1,"Dormant",NA,NA,"1",0,0,1,0
2025,12,3354,15,"G","1",NA,16,0,NA,"","3354_12","irrigated",NA,"alive",1,"Vegetative",0,NA,NA,NA,NA,NA,NA
2017,15,3354,11,"B","3",NA,15,2,"3.5","","3354_15","drought",NA,"alive",1,"Flowering",1,NA,"4",1,1,1,NA
2018,15,3354,11,"B","4",11,11,1,"0.8","","3354_15","drought",NA,"alive",1,"Flowering",1,NA,"1",0,0,1,1
2019,15,3354,11,"B","1",NA,9.5,0,NA,"dead and dried out","3354_15","drought",NA,"alive",1,"Vegetative",0,NA,NA,NA,NA,NA,1
2020,15,3354,11,"B",NA,NA,NA,NA,NA,"","3354_15","drought",NA,NA,NA,NA,NA,NA,"4",1,1,1,0
2021,15,3354,11,"B","4",8,11.5,1,NA,"","3354_15","drought",NA,"alive",1,"Flowering",1,NA,"11",7,1,1,NA
2022,15,3354,11,"B","11",38.5,14,7,"SOS","","3354_15","drought",NA,"alive",1,"Flowering",1,NA,"15",11,1,1,1
2023,15,3354,11,"B","15",44,17.5,11,"SOS","4 umbels dead","3354_15","drought",NA,"alive",1,"Flowering",1,NA,"11",8,1,1,1
2024,15,3354,11,"B","11",3.5,15.5,8,"18","","3354_15","drought",NA,"alive",1,"Flowering",1,NA,"7",6,1,1,1
2025,15,3354,11,"B","7",9.5,11.5,6,NA,"all umbels dead","3354_15","drought",NA,"alive",1,"Flowering",1,NA,NA,NA,NA,NA,1
2017,13,3355,16,"C","1",NA,17,0,NA,"","3355_13","control",NA,"alive",1,"Vegetative",0,NA,NA,NA,NA,NA,NA
2018,13,3355,16,"C",NA,NA,NA,NA,NA,"NPNT","3355_13","control",NA,NA,NA,NA,NA,NA,"1",0,0,1,0
2019,13,3355,16,"C","1",NA,15,0,NA,"","3355_13","control",NA,"alive",1,"Vegetative",0,NA,NA,NA,NA,NA,NA
2020,13,3355,16,"C",NA,NA,NA,NA,NA,"","3355_13","control",NA,NA,NA,NA,NA,NA,"4",0,0,1,0
2021,13,3355,16,"C","4",NA,14.5,0,NA,"","3355_13","control",NA,"alive",1,"Vegetative",0,NA,"1",0,0,1,NA
2022,13,3355,16,"C","1",NA,13,0,NA,"tag is 3480, this tag pulled","3355_13","control",NA,"alive",1,"Vegetative",0,NA,"3",2,1,1,0
2023,13,3355,16,"C","3",39,17,2,"SOS","","3355_13","control",NA,"alive",1,"Flowering",1,NA,"1",0,0,1,0
2024,13,3355,16,"C","1",NA,16,0,NA,"","3355_13","control",NA,"alive",1,"Vegetative",0,NA,"2",0,0,1,1
2025,13,3355,16,"C","2",NA,18.5,0,NA,"","3355_13","control",NA,"alive",1,"Vegetative",0,NA,NA,NA,NA,NA,0
2016,13,3356,15,"G","4",NA,4.3,1,"1.7","","3356_13","control",2018,"alive",1,"Flowering",1,NA,"3",2,1,1,NA
2017,13,3356,15,"G","3",NA,8,2,"3","","3356_13","control",2018,"alive",1,"Flowering",1,NA,"0",NA,NA,0,1
2018,13,3356,15,"G","0",NA,NA,NA,NA,"no plant","3356_13","control",2018,"dead",0,"Dead",NA,NA,NA,NA,NA,NA,1
2017,13,3357,16,"J","1",NA,16,0,NA,"","3357_13","control",NA,"alive",1,"Vegetative",0,NA,"2",1,1,1,NA
2018,13,3357,16,"J","2",12.5,8.5,1,"2","","3357_13","control",NA,"alive",1,"Flowering",1,NA,"3",1,1,1,0
2019,13,3357,16,"J","3",17,11.5,1,"2","","3357_13","control",NA,"alive",1,"Flowering",1,NA,NA,NA,NA,NA,1
2020,13,3357,16,"J",NA,NA,NA,NA,NA,"","3357_13","control",NA,NA,NA,NA,NA,NA,"4",1,1,1,1
2021,13,3357,16,"J","4",10.5,11,1,"1","","3357_13","control",NA,"alive",1,"Flowering",1,NA,"3",1,1,1,NA
2022,13,3357,16,"J","3",27,13,1,"4","","3357_13","control",NA,"alive",1,"Flowering",1,NA,"5",2,1,1,1
2023,13,3357,16,"J","5",34,22,2,"SOS","","3357_13","control",NA,"alive",1,"Flowering",1,NA,NA,NA,NA,NA,1
2024,13,3357,16,"J",NA,NA,NA,NA,NA,"NPNT","3357_13","control",NA,NA,NA,NA,NA,NA,"2",0,0,1,1
2025,13,3357,16,"J","2",NA,14,0,NA,"","3357_13","control",NA,"alive",1,"Vegetative",0,NA,NA,NA,NA,NA,NA
2016,7,3357,13,"G","17",NA,5.6,1,"9","Diversity plot","3357_7","drought",2019,"alive",1,"Flowering",1,NA,NA,NA,NA,NA,NA
2017,7,3357,13,"G",NA,NA,NA,NA,NA,"NP/NT","3357_7","drought",2019,NA,NA,NA,NA,NA,NA,NA,NA,NA,1
2018,7,3357,13,"G",NA,NA,NA,NA,NA,"no plant no tag","3357_7","drought",2019,NA,NA,NA,NA,NA,"0",NA,NA,0,NA
2019,7,3357,13,"G","0",NA,NA,NA,NA,"no plant","3357_7","drought",2019,"dead",0,"Dead",NA,NA,NA,NA,NA,NA,NA
2017,13,3358,16,"A","1",NA,15,0,NA,"","3358_13","control",NA,"alive",1,"Vegetative",0,NA,"2",0,0,1,NA
2018,13,3358,16,"A","2",12.5,12.5,0,NA,"","3358_13","control",NA,"alive",1,"Vegetative",0,NA,"3",0,0,1,0
2019,13,3358,16,"A","3",NA,15,0,NA,"","3358_13","control",NA,"alive",1,"Vegetative",0,NA,NA,NA,NA,NA,0
2020,13,3358,16,"A",NA,NA,NA,NA,NA,"","3358_13","control",NA,NA,NA,NA,NA,NA,"3",0,0,1,0
2021,13,3358,16,"A","3",NA,19,0,NA,"","3358_13","control",NA,"alive",1,"Vegetative",0,NA,"5",3,1,1,NA
2022,13,3358,16,"A","5",30,10,3,"SOS","","3358_13","control",NA,"alive",1,"Flowering",1,NA,"2",1,1,1,0
2023,13,3358,16,"A","2",28,11.5,1,"4","","3358_13","control",NA,"alive",1,"Flowering",1,NA,"1",0,0,1,1
2024,13,3358,16,"A","1",NA,14.5,0,NA,"","3358_13","control",NA,"alive",1,"Vegetative",0,NA,"1",0,0,1,1
2025,13,3358,16,"A","1",NA,13.5,0,NA,"","3358_13","control",NA,"alive",1,"Vegetative",0,NA,NA,NA,NA,NA,0
2017,6,3358,12,"D","1",NA,20,0,NA,"","3358_6","irrigated",NA,"alive",1,"Vegetative",0,NA,"4",1,1,1,NA
2018,6,3358,12,"D","4",20,17,1,"3.5","","3358_6","irrigated",NA,"alive",1,"Flowering",1,NA,"5",3,1,1,0
2019,6,3358,12,"D","5",21.5,12,3,"2","","3358_6","irrigated",NA,"alive",1,"Flowering",1,NA,"3",2,1,1,1
2020,6,3358,12,"D","3",34.5,18.6,2,"SOS","","3358_6","irrigated",NA,"alive",1,"Flowering",1,NA,"7",3,1,1,1
2021,6,3358,12,"D","7",33,14.5,3,"SOS","","3358_6","irrigated",NA,"alive",1,"Flowering",1,NA,"6",4,1,1,1
2022,6,3358,12,"D","6",60,23,4,"SOS","","3358_6","irrigated",NA,"alive",1,"Flowering",1,NA,"7",4,1,1,1
2023,6,3358,12,"D","7",43,21,4,"SOS","","3358_6","irrigated",NA,"alive",1,"Flowering",1,NA,"8",5,1,1,1
2024,6,3358,12,"D","8",55,18,5,"22","","3358_6","irrigated",NA,"alive",1,"Flowering",1,NA,"3",2,1,1,1
2025,6,3358,12,"D","3",25,27,2,"7.5","","3358_6","irrigated",NA,"alive",1,"Flowering",1,NA,NA,NA,NA,NA,1
2016,13,3359,14,"H","4",NA,2.8,1,"2.4","","3359_13","control",NA,"alive",1,"Flowering",1,NA,"2",1,1,1,NA
2017,13,3359,14,"H","2",NA,8.5,1,"3","","3359_13","control",NA,"alive",1,"Flowering",1,NA,"1",0,0,1,1
2018,13,3359,14,"H","1",10.5,10.5,0,NA,"","3359_13","control",NA,"alive",1,"Vegetative",0,NA,"1",0,0,1,1
2019,13,3359,14,"H","1",NA,13,0,NA,"","3359_13","control",NA,"alive",1,"Vegetative",0,NA,NA,NA,NA,NA,0
2020,13,3359,14,"H",NA,NA,NA,NA,NA,"","3359_13","control",NA,NA,NA,NA,NA,NA,"1",0,0,1,0
2021,13,3359,14,"H","1",NA,18.5,0,NA,"","3359_13","control",NA,"alive",1,"Vegetative",0,NA,"1",0,0,1,NA
2022,13,3359,14,"H","1",NA,11,0,NA,"","3359_13","control",NA,"alive",1,"Vegetative",0,NA,"2",1,1,1,0
2023,13,3359,14,"H","2",27,12,1,"4","","3359_13","control",NA,"alive",1,"Flowering",1,NA,"1",0,0,1,0
2024,13,3359,14,"H","1",NA,13,0,NA,"in moss","3359_13","control",NA,"alive",1,"Vegetative",0,NA,"1",0,0,1,1
2025,13,3359,14,"H","1",NA,12,0,NA,"","3359_13","control",NA,"alive",1,"Vegetative",0,NA,NA,NA,NA,NA,0
2017,14,3359,14,"C","1",NA,9.5,0,NA,"","3359_14","drought",NA,"alive",1,"Vegetative",0,NA,NA,NA,NA,NA,NA
2018,14,3359,14,"C",NA,NA,NA,NA,NA,"no plant no tag","3359_14","drought",NA,NA,NA,NA,NA,NA,"1",0,0,1,0
2019,14,3359,14,"C","1",NA,8,0,NA,"","3359_14","drought",NA,"alive",1,"Vegetative",0,NA,NA,NA,NA,NA,NA
2020,14,3359,14,"C",NA,NA,NA,NA,NA,"","3359_14","drought",NA,NA,NA,NA,NA,NA,"1",0,0,1,0
2021,14,3359,14,"C","1",NA,14,0,NA,"","3359_14","drought",NA,"alive",1,"Vegetative",0,NA,"0",NA,NA,1,NA
2022,14,3359,14,"C","0",NA,NA,NA,NA,"NP","3359_14","drought",NA,"dormant",1,"Dormant",NA,NA,"1",0,0,1,0
2023,14,3359,14,"C","1",NA,16.5,0,NA,"","3359_14","drought",NA,"alive",1,"Vegetative",0,NA,NA,NA,NA,NA,NA
2024,14,3359,14,"C",NA,NA,NA,NA,NA,"NPNT","3359_14","drought",NA,NA,NA,NA,NA,NA,"0",NA,NA,NA,0
2025,14,3359,14,"C","0",NA,NA,NA,NA,"NP","3359_14","drought",NA,NA,NA,NA,NA,NA,NA,NA,NA,NA,NA
2017,14,3360,8,"D","4",NA,24,2,"5","","3360_14","drought",NA,"alive",1,"Flowering",1,NA,"0",NA,NA,1,NA
2018,14,3360,8,"D","0",NA,NA,NA,NA,"no plant","3360_14","drought",NA,"dormant",1,"Dormant",NA,NA,"2",1,1,1,1
2019,14,3360,8,"D","2",20.5,14,1,"2.5","","3360_14","drought",NA,"alive",1,"Flowering",1,NA,"0",NA,NA,1,NA
2020,14,3360,8,"D","0",NA,NA,NA,NA,"no plant","3360_14","drought",NA,"dormant",1,"Dormant",NA,NA,"2",1,1,1,1
2021,14,3360,8,"D","2",24,16.5,1,"3","","3360_14","drought",NA,"alive",1,"Flowering",1,NA,"4",3,1,1,NA
2022,14,3360,8,"D","4",55,22,3,"SOS","","3360_14","drought",NA,"alive",1,"Flowering",1,NA,"4",3,1,1,1
2023,14,3360,8,"D","4",62,25,3,"SOS","1 umbel dead?","3360_14","drought",NA,"alive",1,"Flowering",1,NA,"2",1,1,1,1
2024,14,3360,8,"D","2",42.5,24,1,"4.5","","3360_14","drought",NA,"alive",1,"Flowering",1,NA,"0",NA,NA,NA,1
2025,14,3360,8,"D","0",NA,NA,NA,NA,"NP","3360_14","drought",NA,NA,NA,NA,NA,NA,NA,NA,NA,NA,1
2016,6,3360,12,"D","15",NA,7,1,"3.9","Dead leaves","3360_6","irrigated",2019,"alive",1,"Flowering",1,NA,"2",1,1,1,NA
2017,6,3360,12,"C","2",NA,22.5,1,"2.7","","3360_6","irrigated",2019,"alive",1,"Flowering",1,NA,"8",3,1,1,1
2018,6,3360,12,"C","8",20.5,18,3,"3.4","","3360_6","irrigated",2019,"alive",1,"Flowering",1,NA,"0",NA,NA,0,1
2019,6,3360,12,"C","0",NA,NA,NA,NA,"no plant","3360_6","irrigated",2019,"dead",0,"Dead",NA,NA,NA,NA,NA,NA,1
2017,14,3361,9,"B","1",NA,10.5,0,NA,"","3361_14","drought",NA,"alive",1,"Vegetative",0,NA,"0",NA,NA,1,NA
2018,14,3361,9,"B","0",NA,NA,NA,NA,"no plant","3361_14","drought",NA,"dormant",1,"Dormant",NA,NA,"1",0,0,1,0
2019,14,3361,9,"B","1",NA,12.5,0,NA,"","3361_14","drought",NA,"alive",1,"Vegetative",0,NA,NA,NA,NA,NA,NA
2020,14,3361,9,"B",NA,NA,NA,NA,NA,"NPNT","3361_14","drought",NA,NA,NA,NA,NA,NA,NA,NA,NA,NA,0
2025,14,3361,9,"B","1",NA,16,0,NA,"","3361_14_new","drought",NA,"alive",1,"Vegetative",0,NA,NA,NA,NA,NA,NA
2017,5,3361,13,"A","4",NA,15.5,2,"3","","3361_5","drought",NA,"alive",1,"Flowering",1,NA,"2",0,0,1,NA
2018,5,3361,13,"A","2",12.5,12.5,0,"0","","3361_5","drought",NA,"alive",1,"Vegetative",0,NA,"2",0,0,1,1
2019,5,3361,13,"A","2",NA,11.5,0,NA,"","3361_5","drought",NA,"alive",1,"Vegetative",0,NA,NA,NA,NA,NA,0
2020,5,3361,13,"A",NA,NA,NA,NA,NA,"","3361_5","drought",NA,NA,NA,NA,NA,NA,"2",0,0,1,0
2021,5,3361,13,"A","2",NA,12,0,NA,"","3361_5","drought",NA,"alive",1,"Vegetative",0,NA,"4",2,1,1,NA
2022,5,3361,13,"A","4",20,9,2,"SOS","","3361_5","drought",NA,"alive",1,"Flowering",1,NA,"7",5,1,1,0
2023,5,3361,13,"A","7",38,15,5,"SOS","","3361_5","drought",NA,"alive",1,"Flowering",1,NA,"4",2,1,1,1
2024,5,3361,13,"A","4",28,13.5,2,"6.5","","3361_5","drought",NA,"alive",1,"Flowering",1,NA,"3",2,1,1,1
2025,5,3361,13,"A","3",15,12,2,"4.5","","3361_5","drought",NA,"alive",1,"Flowering",1,NA,NA,NA,NA,NA,1
2017,14,3362,8,"A","3",NA,15,1,"1.5","","3362_14","drought",NA,"alive",1,"Flowering",1,NA,"3",2,1,1,NA
2018,14,3362,8,"A","3",29.5,14,2,"3.5","","3362_14","drought",NA,"alive",1,"Flowering",1,NA,"2",1,1,1,1
2019,14,3362,8,"A","2",19,12.5,1,"3.5","","3362_14","drought",NA,"alive",1,"Flowering",1,NA,"0",NA,NA,1,1
2020,14,3362,8,"A","0",NA,NA,NA,NA,"no plant","3362_14","drought",NA,"dormant",1,"Dormant",NA,NA,"1",0,0,1,1
2021,14,3362,8,"A","1",NA,13.5,0,NA,"","3362_14","drought",NA,"alive",1,"Vegetative",0,NA,"0",NA,NA,1,NA
2022,14,3362,8,"A","0",NA,NA,NA,NA,"NP","3362_14","drought",NA,"dormant",1,"Dormant",NA,NA,"2",1,1,1,0
2023,14,3362,8,"A","2",48,18,1,"7","","3362_14","drought",NA,"alive",1,"Flowering",1,NA,"1",0,0,1,NA
2024,14,3362,8,"A","1",NA,16.5,0,NA,"","3362_14","drought",NA,"alive",1,"Vegetative",0,NA,NA,NA,NA,NA,1
2025,14,3362,8,"A",NA,NA,NA,NA,NA,"NPNT","3362_14","drought",NA,NA,NA,NA,NA,NA,NA,NA,NA,NA,0
2016,5,3362,10,"F","4",NA,5,1,"2","","3362_5","drought",2022,"alive",1,"Flowering",1,NA,"5",4,1,1,NA
2017,5,3362,10,"F","5",NA,6,4,"1.5","","3362_5","drought",2022,"alive",1,"Flowering",1,NA,"3",0,0,1,1
2018,5,3362,10,"F","3",5,8.5,0,NA,"","3362_5","drought",2022,"alive",1,"Vegetative",0,NA,"0",NA,NA,1,1
2019,5,3362,10,"F","0",NA,NA,NA,NA,"no plant","3362_5","drought",2022,"dormant",1,"Dormant",NA,NA,NA,NA,NA,NA,0
2020,5,3362,10,"F",NA,NA,NA,NA,NA,"","3362_5","drought",2022,NA,NA,NA,NA,NA,"3",0,0,1,NA
2021,5,3362,10,"F","3",NA,15,0,NA,"","3362_5","drought",2022,"alive",1,"Vegetative",0,NA,"0",NA,NA,0,NA
2022,5,3362,10,"F","0",NA,NA,NA,NA,"NP","3362_5","drought",2022,"dead",0,"Dead",NA,NA,NA,NA,NA,NA,0
2017,14,3363,15,"H","1",NA,13,0,NA,"","3363_14","drought",NA,"alive",1,"Vegetative",0,NA,"3",1,1,1,NA
2018,14,3363,15,"H","3",24,17,1,"2.7","tag says 3363","3363_14","drought",NA,"alive",1,"Flowering",1,NA,"3",2,1,1,0
2019,14,3363,15,"H","3",35,16,2,"6","tag says '3363'","3363_14","drought",NA,"alive",1,"Flowering",1,NA,NA,NA,NA,NA,1
2020,14,3363,15,"H",NA,NA,NA,NA,NA,"tag says '3363'","3363_14","drought",NA,NA,NA,NA,NA,NA,"7",3,1,1,1
2021,14,3363,15,"H","7",31,19,3,"SOS","tag says 3363","3363_14","drought",NA,"alive",1,"Flowering",1,NA,"6",4,1,1,NA
2022,14,3363,15,"H","6",41.5,20.5,4,"SOS","tag says 3363","3363_14","drought",NA,"alive",1,"Flowering",1,NA,"3",2,1,1,1
2023,14,3363,15,"H","3",60,21,2,"SOS","Tag says 3363!!! 1 umbel dead","3363_14","drought",NA,"alive",1,"Flowering",1,NA,"1",0,0,1,1
2024,14,3363,15,"H","1",NA,21.5,0,NA,"tag is 3363 not 3367","3363_14","drought",NA,"alive",1,"Vegetative",0,NA,"2",0,0,1,1
2025,14,3363,15,"H","2",NA,16,0,NA,"tag is 3363 not 3367, tunnels","3363_14","drought",NA,"alive",1,"Vegetative",0,NA,NA,NA,NA,NA,0
2016,5,3363,8,"E","3",NA,6.3,0,NA,"","3363_5","drought",2017,"alive",1,"Vegetative",0,NA,"0",NA,NA,0,NA
2017,5,3363,8,"E","0",NA,NA,NA,NA,"No plant/dead?","3363_5","drought",2017,"dead",0,"Dead",NA,NA,NA,NA,NA,NA,0
2017,14,3364,14,"H","1",NA,13.5,0,NA,"","3364_14","drought",2021,"alive",1,"Vegetative",0,NA,"1",0,0,1,NA
2018,14,3364,14,"H","1",14,14,0,NA,"","3364_14","drought",2021,"alive",1,"Vegetative",0,NA,"1",0,0,1,0
2019,14,3364,14,"H","1",NA,15,0,NA,"","3364_14","drought",2021,"alive",1,"Vegetative",0,NA,"3",2,1,1,0
2020,14,3364,14,"H","3",43,15.3,2,"SOS","","3364_14","drought",2021,"alive",1,"Flowering",1,NA,NA,NA,NA,0,0
2021,14,3364,14,"H",NA,NA,NA,NA,NA,"NPNT, maybe new tag 3838","3364_14","drought",2021,"dead",0,"Dead",NA,NA,NA,NA,NA,NA,1
2016,4,3364,3,"H","3",NA,6.5,1,"2.1","","3364_4","irrigated",2024,"alive",1,"Flowering",1,NA,"2",1,1,1,NA
2017,4,3364,3,"H","2",NA,11,1,"3","","3364_4","irrigated",2024,"alive",1,"Flowering",1,NA,"4",2,1,1,1
2018,4,3364,3,"H","4",10,8.5,2,"2.5","","3364_4","irrigated",2024,"alive",1,"Flowering",1,NA,"1",0,0,1,1
2019,4,3364,3,"H","1",NA,8.5,0,NA,"","3364_4","irrigated",2024,"alive",1,"Vegetative",0,NA,"1",0,0,1,1
2020,4,3364,3,"H","1",NA,9.2,0,NA,"","3364_4","irrigated",2024,"alive",1,"Vegetative",0,NA,"5",0,0,1,0
2021,4,3364,3,"H","5",NA,15,0,NA,"","3364_4","irrigated",2024,"alive",1,"Vegetative",0,NA,"4",3,1,1,0
2022,4,3364,3,"H","4",38,18,3,"SOS","","3364_4","irrigated",2024,"alive",1,"Flowering",1,NA,"5",5,1,1,0
2023,4,3364,3,"H","5",55,15,5,"SOS","","3364_4","irrigated",2024,"alive",1,"Flowering",1,NA,"0",NA,NA,0,1
2024,4,3364,3,"H","0",NA,NA,NA,NA,"NP","3364_4","irrigated",2024,"dead",0,"Dead",NA,NA,NA,NA,NA,NA,1
2021,1,3365,0,"J","2",NA,11.5,0,NA,"","3365_1","irrigated",2024,"alive",1,"Vegetative",0,NA,"3",2,1,1,NA
2022,1,3365,0,"J","3",37.5,10,2,"SOS","","3365_1","irrigated",2024,"alive",1,"Flowering",1,NA,"2",1,1,1,0
2023,1,3365,0,"J","2",25,14,1,"3","","3365_1","irrigated",2024,"alive",1,"Flowering",1,NA,"0",NA,NA,0,1
2024,1,3365,0,"J","0",NA,NA,NA,NA,"NP","3365_1","irrigated",2024,"dead",0,"Dead",NA,NA,NA,NA,NA,NA,1
2021,4,3365,3,"J","3",NA,7.5,0,NA,"","3365_4","irrigated",NA,"alive",1,"Vegetative",0,NA,"0",NA,NA,1,NA
2022,4,3365,3,"J","0",NA,NA,NA,NA,"NP","3365_4","irrigated",NA,"dormant",1,"Dormant",NA,NA,"2",0,0,1,0
2023,4,3365,3,"J","2",NA,12,0,NA,"","3365_4","irrigated",NA,"alive",1,"Vegetative",0,NA,"1",0,0,1,NA
2024,4,3365,3,"J","1",NA,8,0,NA,"","3365_4","irrigated",NA,"alive",1,"Vegetative",0,NA,"0",NA,NA,NA,0
2025,4,3365,3,"J","0",NA,NA,NA,NA,"NP","3365_4","irrigated",NA,NA,NA,NA,NA,NA,NA,NA,NA,NA,0
2017,12,3366,15,"D","2",NA,10.5,1,"3","","3366_12","irrigated",NA,"alive",1,"Flowering",1,NA,"2",0,0,1,NA
2018,12,3366,15,"D","2",5.5,5.5,0,NA,"","3366_12","irrigated",NA,"alive",1,"Vegetative",0,NA,"4",1,1,1,1
2019,12,3366,15,"D","4",20,13.5,1,"2.5","","3366_12","irrigated",NA,"alive",1,"Flowering",1,NA,"1",0,0,1,0
2020,12,3366,15,"D","1",NA,8.8,0,NA,"part eaten","3366_12","irrigated",NA,"alive",1,"Vegetative",0,NA,"1",0,0,1,1
2021,12,3366,15,"D","1",NA,13,0,NA,"","3366_12","irrigated",NA,"alive",1,"Vegetative",0,NA,"1",0,0,1,0
2022,12,3366,15,"D","1",NA,15,0,NA,"","3366_12","irrigated",NA,"alive",1,"Vegetative",0,NA,"1",0,0,1,0
2023,12,3366,15,"D","1",NA,20,0,NA,"","3366_12","irrigated",NA,"alive",1,"Vegetative",0,NA,"0",NA,NA,1,0
2024,12,3366,15,"D","0",NA,NA,NA,NA,"NP; moss; tag in ambiguous cluster","3366_12","irrigated",NA,"dormant",1,"Dormant",NA,NA,"1",0,0,1,0
2025,12,3366,15,"D","1",NA,16,0,NA,"","3366_12","irrigated",NA,"alive",1,"Vegetative",0,NA,NA,NA,NA,NA,NA
2017,14,3366,9,"C","1",NA,16,0,NA,"","3366_14","drought",NA,"alive",1,"Vegetative",0,NA,"1",0,0,1,NA
2018,14,3366,9,"C","1",17,17,0,NA,"","3366_14","drought",NA,"alive",1,"Vegetative",0,NA,"1",0,0,1,0
2019,14,3366,9,"C","1",NA,16,0,NA,"","3366_14","drought",NA,"alive",1,"Vegetative",0,NA,"0",NA,NA,1,0
2020,14,3366,9,"C","0",NA,NA,NA,NA,"no plant","3366_14","drought",NA,"dormant",1,"Dormant",NA,NA,"2",0,0,1,0
2021,14,3366,9,"C","2",NA,16.5,0,NA,"","3366_14","drought",NA,"alive",1,"Vegetative",0,NA,"3",2,1,1,NA
2022,14,3366,9,"C","3",28,15,2,"SOS","","3366_14","drought",NA,"alive",1,"Flowering",1,NA,"4",2,1,1,0
2023,14,3366,9,"C","4",21.5,5,2,"SOS","leaves at base chewed off","3366_14","drought",NA,"alive",1,"Flowering",1,NA,"2",0,0,1,1
2024,14,3366,9,"C","2",NA,16,0,NA,"","3366_14","drought",NA,"alive",1,"Vegetative",0,NA,NA,NA,NA,NA,1
2025,14,3366,9,"C",NA,NA,NA,NA,NA,"NPNT vole holes","3366_14","drought",NA,NA,NA,NA,NA,NA,NA,NA,NA,NA,0
2017,13,3367,3,"H","2",NA,8,1,"2.5","","3367_13","control",NA,"alive",1,"Flowering",1,NA,"2",1,1,1,NA
2018,13,3367,3,"H","2",7,6,1,"1.7","","3367_13","control",NA,"alive",1,"Flowering",1,NA,"2",1,1,1,1
2019,13,3367,3,"H","2",12,11,1,"1.5","","3367_13","control",NA,"alive",1,"Flowering",1,NA,"0",NA,NA,1,1
2020,13,3367,3,"H","0",NA,NA,NA,NA,"no plant","3367_13","control",NA,"dormant",1,"Dormant",NA,NA,"2",0,0,1,1
2021,13,3367,3,"H","2",NA,12.5,0,NA,"","3367_13","control",NA,"alive",1,"Vegetative",0,NA,"2",1,1,1,NA
2022,13,3367,3,"H","2",NA,7,1,NA,"stalk clipped","3367_13","control",NA,"alive",1,"Flowering",1,NA,"5",4,1,1,0
2023,13,3367,3,"H","5",35,15,4,"SOS","1 umbel dead","3367_13","control",NA,"alive",1,"Flowering",1,NA,"1",1,1,1,1
2024,13,3367,3,"H","1",19.5,13,1,"4","","3367_13","control",NA,"alive",1,"Flowering",1,NA,"3",1,1,1,1
2025,13,3367,3,"H","3",23,16,1,"3","","3367_13","control",NA,"alive",1,"Flowering",1,NA,NA,NA,NA,NA,1
2017,15,3367,14,"B","4",NA,16,2,"5","","3367_15","drought",2021,"alive",1,"Flowering",1,NA,"2",1,1,1,NA
2018,15,3367,14,"B","2",10.5,10.5,1,"3.5","","3367_15","drought",2021,"alive",1,"Flowering",1,NA,"0",NA,NA,1,1
2019,15,3367,14,"B","0",NA,NA,NA,NA,"no plant","3367_15","drought",2021,"dormant",1,"Dormant",NA,NA,NA,NA,NA,NA,1
2020,15,3367,14,"B",NA,NA,NA,NA,NA,"","3367_15","drought",2021,NA,NA,NA,NA,NA,"0",NA,NA,0,NA
2021,15,3367,14,"B","0",NA,NA,NA,NA,"NP","3367_15","drought",2021,"dead",0,"Dead",NA,NA,NA,NA,NA,NA,NA
2018,15,3368,14,"D","2",4,4.5,1,"2.5","","3368_15","drought",2023,"alive",1,"Flowering",1,NA,"0",NA,NA,1,NA
2019,15,3368,14,"D","0",NA,NA,NA,NA,"no plant","3368_15","drought",2023,"dormant",1,"Dormant",NA,NA,NA,NA,NA,NA,1
2020,15,3368,14,"D",NA,NA,NA,NA,NA,"","3368_15","drought",2023,NA,NA,NA,NA,NA,"0",NA,NA,1,NA
2021,15,3368,14,"D","0",NA,NA,NA,NA,"NP","3368_15","drought",2023,"dormant",1,"Dormant",NA,NA,"1",0,0,1,NA
2022,15,3368,14,"D","1",NA,17,0,NA,"","3368_15","drought",2023,"alive",1,"Vegetative",0,NA,"0",NA,NA,0,NA
2023,15,3368,14,"D","0",NA,NA,NA,NA,"saw it 5/15. NP today.","3368_15","drought",2023,"dead",0,"Dead",NA,NA,NA,NA,NA,NA,0
2017,7,3368,7,"I","8",NA,14,6,"3","","3368_7","drought",NA,"alive",1,"Flowering",1,NA,"4",2,1,1,NA
2018,7,3368,7,"I","4",24,13,2,"2.5","","3368_7","drought",NA,"alive",1,"Flowering",1,NA,"2",2,1,1,1
2019,7,3368,7,"I","2",25,14,2,"2","","3368_7","drought",NA,"alive",1,"Flowering",1,NA,"1",0,0,1,1
2020,7,3368,7,"I","1",NA,15.5,0,NA,"","3368_7","drought",NA,"alive",1,"Vegetative",0,NA,"4",0,0,1,1
2021,7,3368,7,"I","4",NA,15,0,NA,"","3368_7","drought",NA,"alive",1,"Vegetative",0,NA,"3",1,1,1,0
2022,7,3368,7,"I","3",34,32,1,"3.5","","3368_7","drought",NA,"alive",1,"Flowering",1,NA,"2",1,1,1,0
2023,7,3368,7,"I","2",22,14,1,"2","","3368_7","drought",NA,"alive",1,"Flowering",1,NA,"2",1,1,1,1
2024,7,3368,7,"I","2",27,22,1,"1.5","","3368_7","drought",NA,"alive",1,"Flowering",1,NA,"0",NA,NA,NA,1
2025,7,3368,7,"I","0",NA,NA,NA,NA,"NP","3368_7","drought",NA,NA,NA,NA,NA,NA,NA,NA,NA,NA,1
2017,12,3369,14,"C","2",NA,3.5,0,NA,"","3369_12","irrigated",NA,"alive",1,"Vegetative",0,NA,"1",0,0,1,NA
2018,12,3369,14,"C","1",4,4,0,NA,"","3369_12","irrigated",NA,"alive",1,"Vegetative",0,NA,"1",0,0,1,0
2019,12,3369,14,"C","1",NA,5.5,0,NA,"","3369_12","irrigated",NA,"alive",1,"Vegetative",0,NA,"1",0,0,1,0
2020,12,3369,14,"C","1",NA,7.4,0,NA,"","3369_12","irrigated",NA,"alive",1,"Vegetative",0,NA,"1",0,0,1,0
2021,12,3369,14,"C","1",NA,9.5,0,NA,"","3369_12","irrigated",NA,"alive",1,"Vegetative",0,NA,"1",0,0,1,0
2022,12,3369,14,"C","1",NA,13.5,0,NA,"","3369_12","irrigated",NA,"alive",1,"Vegetative",0,NA,"1",0,0,1,0
2023,12,3369,14,"C","1",NA,16,0,NA,"","3369_12","irrigated",NA,"alive",1,"Vegetative",0,NA,"1",0,0,1,0
2024,12,3369,14,"C","1",NA,12,0,NA,"moss","3369_12","irrigated",NA,"alive",1,"Vegetative",0,NA,"0",NA,NA,NA,0
2025,12,3369,14,"C","0",NA,NA,NA,NA,"NP","3369_12","irrigated",NA,NA,NA,NA,NA,NA,NA,NA,NA,NA,0
2017,15,3369,18,"D","3",NA,15,1,"4","","3369_15","drought",2021,"alive",1,"Flowering",1,NA,"2",1,1,1,NA
2018,15,3369,18,"D","2",14.5,10.5,1,"3","","3369_15","drought",2021,"alive",1,"Flowering",1,NA,"0",NA,NA,1,1
2019,15,3369,18,"D","0",NA,NA,NA,NA,"no plant","3369_15","drought",2021,"dormant",1,"Dormant",NA,NA,NA,NA,NA,NA,1
2020,15,3369,18,"D",NA,NA,NA,NA,NA,"","3369_15","drought",2021,NA,NA,NA,NA,NA,"0",NA,NA,0,NA
2021,15,3369,18,"D","0",NA,NA,NA,NA,"NP","3369_15","drought",2021,"dead",0,"Dead",NA,NA,NA,NA,NA,NA,NA
2017,14,3370,16,"A","2",NA,7.5,0,NA,"","3370_14","drought",2024,"alive",1,"Vegetative",0,NA,"1",0,0,1,NA
2018,14,3370,16,"A","1",4.5,4.5,0,NA,"","3370_14","drought",2024,"alive",1,"Vegetative",0,NA,"0",0,NA,1,0
2019,14,3370,16,"A","0",NA,NA,0,NA,"no plant","3370_14","drought",2024,"dormant",1,"Dormant",NA,NA,NA,NA,NA,NA,0
2020,14,3370,16,"A",NA,NA,NA,NA,NA,"","3370_14","drought",2024,NA,NA,NA,NA,NA,"1",0,0,1,NA
2021,14,3370,16,"A","1",NA,11.5,0,NA,"","3370_14","drought",2024,"alive",1,"Vegetative",0,NA,"1",0,0,1,NA
2022,14,3370,16,"A","1",NA,16,0,NA,"","3370_14","drought",2024,"alive",1,"Vegetative",0,NA,"1",0,0,1,0
2023,14,3370,16,"A","1",NA,19.5,0,NA,"","3370_14","drought",2024,"alive",1,"Vegetative",0,NA,"0",NA,NA,0,0
2024,14,3370,16,"A","0",NA,NA,NA,NA,"NP","3370_14","drought",2024,"dead",0,"Dead",NA,NA,NA,NA,NA,NA,0
2017,7,3370,2,"A","3",NA,17,2,"3.5","","3370_7","drought",NA,"alive",1,"Flowering",1,NA,"2",1,1,1,NA
2018,7,3370,2,"A","2",24,15,1,"3.2","","3370_7","drought",NA,"alive",1,"Flowering",1,NA,"0",NA,NA,1,1
2019,7,3370,2,"A","0",NA,NA,NA,NA,"no plant","3370_7","drought",NA,"dormant",1,"Dormant",NA,NA,"2",0,0,1,1
2020,7,3370,2,"A","2",NA,10.8,0,NA,"","3370_7","drought",NA,"alive",1,"Vegetative",0,NA,"2",0,0,1,NA
2021,7,3370,2,"A","2",NA,12,0,NA,"","3370_7","drought",NA,"alive",1,"Vegetative",0,NA,"4",1,1,1,0
2022,7,3370,2,"A","4",30,24.5,1,"4","","3370_7","drought",NA,"alive",1,"Flowering",1,NA,"0",NA,NA,1,0
2023,7,3370,2,"A","0",NA,NA,NA,NA,"NP","3370_7","drought",NA,"dormant",1,"Dormant",NA,NA,"3",2,1,1,1
2024,7,3370,2,"A","3",33,33,2,"6","first measured umbel is dead","3370_7","drought",NA,"alive",1,"Flowering",1,NA,"0",NA,NA,NA,NA
2025,7,3370,2,"A","0",NA,NA,NA,NA,"NP, tag outside plot","3370_7","drought",NA,NA,NA,NA,NA,NA,NA,NA,NA,NA,1
2017,15,3371,14,"C","6",NA,18,2,"4.5","","3371_15","drought",NA,"alive",1,"Flowering",1,NA,"3",1,1,1,NA
2018,15,3371,14,"C","3",15,14,1,"2.7","","3371_15","drought",NA,"alive",1,"Flowering",1,NA,"0",NA,NA,1,1
2019,15,3371,14,"C","0",NA,NA,NA,NA,"no plant","3371_15","drought",NA,"dormant",1,"Dormant",NA,NA,"2",0,0,1,1
2020,15,3371,14,"C","2",NA,11.3,0,NA,"alive","3371_15","drought",NA,"alive",1,"Vegetative",0,NA,"4",1,1,1,NA
2021,15,3371,14,"C","4",13,11,1,"3","","3371_15","drought",NA,"alive",1,"Flowering",1,NA,"7",3,1,1,0
2022,15,3371,14,"C","7",33.5,20,3,"SOS","","3371_15","drought",NA,"alive",1,"Flowering",1,NA,"6",3,1,1,1
2023,15,3371,14,"C","6",27,11,3,"SOS","","3371_15","drought",NA,"alive",1,"Flowering",1,NA,"2",1,1,1,1
2024,15,3371,14,"C","2",2,17.5,1,"4.5","","3371_15","drought",NA,"alive",1,"Flowering",1,NA,"2",1,1,1,1
2025,15,3371,14,"C","2",NA,12,1,NA," umbel dead","3371_15","drought",NA,"alive",1,"Flowering",1,NA,NA,NA,NA,NA,1
2017,15,3372,19,"C","1",NA,18,0,NA,"","3372_15","drought",2018,"alive",1,"Vegetative",0,NA,"0",NA,NA,0,NA
2018,15,3372,19,"C","0",NA,NA,NA,NA,"no plant","3372_15","drought",2018,"dead",0,"Dead",NA,NA,NA,NA,NA,NA,0
2017,6,3372,14,"G","2",NA,13.5,0,NA,"","3372_6","irrigated",NA,"alive",1,"Vegetative",0,NA,"2",1,1,1,NA
2018,6,3372,14,"G","2",14,8.5,1,"3.8","","3372_6","irrigated",NA,"alive",1,"Flowering",1,NA,"2",1,1,1,0
2019,6,3372,14,"G","2",15,5,1,"2","","3372_6","irrigated",NA,"alive",1,"Flowering",1,NA,"2",1,1,1,1
2020,6,3372,14,"G","2",23.5,11.6,1,"3.5","","3372_6","irrigated",NA,"alive",1,"Flowering",1,NA,"2",1,1,1,1
2021,6,3372,14,"G","2",13,10,1,NA,"","3372_6","irrigated",NA,"alive",1,"Flowering",1,NA,"2",1,1,1,1
2022,6,3372,14,"G","2",39,13,1,"8.5","","3372_6","irrigated",NA,"alive",1,"Flowering",1,NA,"4",2,1,1,1
2023,6,3372,14,"G","4",34,19,2,"SOS","","3372_6","irrigated",NA,"alive",1,"Flowering",1,NA,"3",2,1,1,1
2024,6,3372,14,"G","3",31,14.5,2,"8","","3372_6","irrigated",NA,"alive",1,"Flowering",1,NA,"4",1,1,1,1
2025,6,3372,14,"G","4",23,19,1,"3.5","","3372_6","irrigated",NA,"alive",1,"Flowering",1,NA,NA,NA,NA,NA,1
2017,13,3373,13,"J","2",NA,10,0,NA,"","3373_13","control",NA,"alive",1,"Vegetative",0,NA,"1",0,0,1,NA
2018,13,3373,13,"J","1",6,6,0,NA,"","3373_13","control",NA,"alive",1,"Vegetative",0,NA,"1",0,0,1,0
2019,13,3373,13,"J","1",NA,6.5,0,NA,"","3373_13","control",NA,"alive",1,"Vegetative",0,NA,NA,NA,NA,NA,0
2020,13,3373,13,"J",NA,NA,NA,NA,NA,"","3373_13","control",NA,NA,NA,NA,NA,NA,"5",1,1,1,0
2021,13,3373,13,"J","5",14,17,1,NA,"","3373_13","control",NA,"alive",1,"Flowering",1,NA,"3",2,1,1,NA
2022,13,3373,13,"J","3",34.5,12,2,"SOS","","3373_13","control",NA,"alive",1,"Flowering",1,NA,"3",2,1,1,1
2023,13,3373,13,"J","3",31,14,2,"SOS","","3373_13","control",NA,"alive",1,"Flowering",1,NA,"1",0,0,1,1
2024,13,3373,13,"J","1",NA,14.5,0,NA,"moss","3373_13","control",NA,"alive",1,"Vegetative",0,NA,"3",1,1,1,1
2025,13,3373,13,"J","3",29.5,15.5,1,"4","moss","3373_13","control",NA,"alive",1,"Flowering",1,NA,NA,NA,NA,NA,0
2017,6,3373,14,"H","3",NA,11,0,NA,"","3373_6","irrigated",NA,"alive",1,"Vegetative",0,NA,"2",0,0,1,NA
2018,6,3373,14,"H","2",19,19,0,NA,"","3373_6","irrigated",NA,"alive",1,"Vegetative",0,NA,"1",0,0,1,0
2019,6,3373,14,"H","1",NA,17.5,0,NA,"","3373_6","irrigated",NA,"alive",1,"Vegetative",0,NA,"1",0,0,1,0
2020,6,3373,14,"H","1",NA,9.6,0,NA,"","3373_6","irrigated",NA,"alive",1,"Vegetative",0,NA,"1",0,0,1,0
2021,6,3373,14,"H","1",NA,19,0,NA,"","3373_6","irrigated",NA,"alive",1,"Vegetative",0,NA,"1",0,0,1,0
2022,6,3373,14,"H","1",NA,22.5,0,NA,"","3373_6","irrigated",NA,"alive",1,"Vegetative",0,NA,"1",0,0,1,0
2023,6,3373,14,"H","1",NA,13.5,0,NA,"","3373_6","irrigated",NA,"alive",1,"Vegetative",0,NA,"1",NA,NA,1,0
2024,6,3373,14,"H","1",NA,20,NA,NA,"umbel(s) gone; leaf broke while measuring","3373_6","irrigated",NA,"alive",1,NA,NA,NA,"1",0,0,1,0
2025,6,3373,14,"H","1",NA,19,0,NA,"","3373_6","irrigated",NA,"alive",1,"Vegetative",0,NA,NA,NA,NA,NA,NA
2017,14,3374,19,"G","1",NA,11,0,NA,"","3374_14","drought",2018,"alive",1,"Vegetative",0,NA,"0",NA,NA,0,NA
2018,14,3374,19,"G","0",NA,NA,NA,NA,"no plant","3374_14","drought",2018,"dead",0,"Dead",NA,NA,NA,NA,NA,NA,0
2017,6,3374,18,"H","2",NA,9,0,NA,"","3374_6","irrigated",NA,"alive",1,"Vegetative",0,NA,"3",0,0,1,NA
2018,6,3374,18,"H","3",15,15,0,NA,"","3374_6","irrigated",NA,"alive",1,"Vegetative",0,NA,"1",0,0,1,0
2019,6,3374,18,"H","1",NA,15,0,NA,"","3374_6","irrigated",NA,"alive",1,"Vegetative",0,NA,"1",0,0,1,0
2020,6,3374,18,"H","1",NA,15.2,0,NA,"","3374_6","irrigated",NA,"alive",1,"Vegetative",0,NA,"1",0,0,1,0
2021,6,3374,18,"H","1",NA,14.5,0,NA,"","3374_6","irrigated",NA,"alive",1,"Vegetative",0,NA,"2",1,1,1,0
2022,6,3374,18,"H","2",44,15,1,"5.5","","3374_6","irrigated",NA,"alive",1,"Flowering",1,NA,"4",1,1,1,0
2023,6,3374,18,"H","4",29,17.5,1,"5.5","","3374_6","irrigated",NA,"alive",1,"Flowering",1,NA,"0",NA,NA,1,1
2024,6,3374,18,"H","0",NA,NA,NA,NA,"sensesced? NP","3374_6","irrigated",NA,"dormant",1,"Dormant",NA,NA,"2",1,1,1,1
2025,6,3374,18,"H","2",15,18,1,"2.5","","3374_6","irrigated",NA,"alive",1,"Flowering",1,NA,NA,NA,NA,NA,NA
2017,13,3375,14,"F","1",NA,9.5,0,NA,"","3375_13","control",2022,"alive",1,"Vegetative",0,NA,"1",0,0,1,NA
2018,13,3375,14,"F","1",11.5,11,0,NA,"","3375_13","control",2022,"alive",1,"Vegetative",0,NA,"1",0,0,1,0
2019,13,3375,14,"F","1",NA,6,0,NA,"","3375_13","control",2022,"alive",1,"Vegetative",0,NA,NA,NA,NA,NA,0
2020,13,3375,14,"F",NA,NA,NA,NA,NA,"","3375_13","control",2022,NA,NA,NA,NA,NA,NA,NA,NA,NA,0
2021,13,3375,14,"F",NA,NA,NA,NA,NA,"NPNT","3375_13","control",2022,NA,NA,NA,NA,NA,"0",NA,NA,0,NA
2022,13,3375,14,"F","0",NA,NA,NA,NA,"NP, tag pulled","3375_13","control",2022,"dead",0,"Dead",NA,NA,NA,NA,NA,NA,NA
2017,7,3375,3,"C","2",NA,17,1,"1.5","","3375_7","drought",NA,"alive",1,"Flowering",1,NA,"2",0,0,1,NA
2018,7,3375,3,"C","2",7.5,7.5,0,NA,"","3375_7","drought",NA,"alive",1,"Vegetative",0,NA,"2",0,0,1,1
2019,7,3375,3,"C","2",NA,20.5,0,NA,"","3375_7","drought",NA,"alive",1,"Vegetative",0,NA,"0",NA,NA,1,0
2020,7,3375,3,"C","0",NA,NA,NA,NA,"no plant","3375_7","drought",NA,"dormant",1,"Dormant",NA,NA,NA,NA,NA,NA,0
2021,7,3375,3,"C",NA,NA,NA,NA,NA,"NPNT","3375_7","drought",NA,NA,NA,NA,NA,NA,"2",2,1,1,NA
2022,7,3375,3,"C","2",42,21,2,"SOS","","3375_7","drought",NA,"alive",1,"Flowering",1,NA,"3",2,1,1,NA
2023,7,3375,3,"C","3",35.5,10,2,"SOS","both umbels dead","3375_7","drought",NA,"alive",1,"Flowering",1,NA,"4",2,1,1,1
2024,7,3375,3,"C","4",3,29.5,2,"4","","3375_7","drought",NA,"alive",1,"Flowering",1,NA,"1",1,1,1,1
2025,7,3375,3,"C","1",NA,28.5,1,NA,"umbel dead","3375_7","drought",NA,"alive",1,"Flowering",1,NA,NA,NA,NA,NA,1
2017,12,3376,16,"E","1",NA,2,0,NA,"","3376_12","irrigated",NA,"alive",1,"Vegetative",0,NA,"2",0,0,1,NA
2018,12,3376,16,"E","2",4,4,0,NA,"","3376_12","irrigated",NA,"alive",1,"Vegetative",0,NA,"1",0,0,1,0
2019,12,3376,16,"E","1",NA,9,0,NA,"","3376_12","irrigated",NA,"alive",1,"Vegetative",0,NA,"1",0,0,1,0
2020,12,3376,16,"E","1",NA,6.7,0,NA,"","3376_12","irrigated",NA,"alive",1,"Vegetative",0,NA,"1",0,0,1,0
2021,12,3376,16,"E","1",NA,12.5,0,NA,"","3376_12","irrigated",NA,"alive",1,"Vegetative",0,NA,"1",0,0,1,0
2022,12,3376,16,"E","1",NA,14.5,0,NA,"","3376_12","irrigated",NA,"alive",1,"Vegetative",0,NA,"1",0,0,1,0
2023,12,3376,16,"E","1",NA,21,0,NA,"","3376_12","irrigated",NA,"alive",1,"Vegetative",0,NA,"1",0,0,1,0
2024,12,3376,16,"E","1",NA,11.5,0,NA,"","3376_12","irrigated",NA,"alive",1,"Vegetative",0,NA,"0",NA,NA,NA,0
2025,12,3376,16,"E","0",NA,NA,NA,NA,"NP","3376_12","irrigated",NA,NA,NA,NA,NA,NA,NA,NA,NA,NA,0
2017,13,3376,16,"F","1",NA,8.5,0,NA,"","3376_13","control",NA,"alive",1,"Vegetative",0,NA,"2",0,0,1,NA
2018,13,3376,16,"F","2",10.5,10.5,0,NA,"","3376_13","control",NA,"alive",1,"Vegetative",0,NA,"3",0,0,1,0
2019,13,3376,16,"F","3",NA,12.5,0,NA,"","3376_13","control",NA,"alive",1,"Vegetative",0,NA,NA,NA,NA,NA,0
2020,13,3376,16,"F",NA,NA,NA,NA,NA,"","3376_13","control",NA,NA,NA,NA,NA,NA,"4",1,1,1,0
2021,13,3376,16,"F","4",17,17,1,"2","","3376_13","control",NA,"alive",1,"Flowering",1,NA,"4",3,1,1,NA
2022,13,3376,16,"F","4",40,11,3,"SOS","","3376_13","control",NA,"alive",1,"Flowering",1,NA,"7",4,1,1,1
2023,13,3376,16,"F","7",39,15,4,"SOS","","3376_13","control",NA,"alive",1,"Flowering",1,NA,"2",2,1,1,1
2024,13,3376,16,"F","2",33,15,2,"5","first umbel measured was shriveled and dead","3376_13","control",NA,"alive",1,"Flowering",1,NA,"1",1,1,1,1
2025,13,3376,16,"F","1",27,18,1,"4","","3376_13","control",NA,"alive",1,"Flowering",1,NA,NA,NA,NA,NA,1
2017,13,3377,18,"D","1",NA,4,0,NA,"","3377_13","control",NA,"alive",1,"Vegetative",0,NA,"2",0,0,1,NA
2018,13,3377,18,"D","2",8,8,0,NA,"","3377_13","control",NA,"alive",1,"Vegetative",0,NA,"2",0,0,1,0
2019,13,3377,18,"D","2",NA,11.5,0,NA,"","3377_13","control",NA,"alive",1,"Vegetative",0,NA,NA,NA,NA,NA,0
2020,13,3377,18,"D",NA,NA,NA,NA,NA,"","3377_13","control",NA,NA,NA,NA,NA,NA,"2",0,0,1,0
2021,13,3377,18,"D","2",NA,12,0,NA,"","3377_13","control",NA,"alive",1,"Vegetative",0,NA,"1",0,0,1,NA
2022,13,3377,18,"D","1",NA,9,0,NA,"","3377_13","control",NA,"alive",1,"Vegetative",0,NA,"3",2,1,1,0
2023,13,3377,18,"D","3",38,12,2,"SOS","","3377_13","control",NA,"alive",1,"Flowering",1,NA,"0",NA,NA,1,0
2024,13,3377,18,"D","0",NA,NA,NA,NA,"NP","3377_13","control",NA,"dormant",1,"Dormant",NA,NA,"2",0,0,1,1
2025,13,3377,18,"D","2",NA,17,0,NA,"","3377_13","control",NA,"alive",1,"Vegetative",0,NA,NA,NA,NA,NA,NA
2017,15,3377,14,"G","2",NA,12,1,"3.5","","3377_15","drought",NA,"alive",1,"Flowering",1,NA,"3",2,1,1,NA
2018,15,3377,14,"G","3",22,15,2,"3","","3377_15","drought",NA,"alive",1,"Flowering",1,NA,"0",NA,NA,1,1
2019,15,3377,14,"G","0",NA,NA,NA,NA,"no plant","3377_15","drought",NA,"dormant",1,"Dormant",NA,NA,NA,NA,NA,NA,1
2020,15,3377,14,"G",NA,NA,NA,NA,NA,"","3377_15","drought",NA,NA,NA,NA,NA,NA,"1",1,1,1,NA
2021,15,3377,14,"G","1",11,11,1,"3.5","","3377_15","drought",NA,"alive",1,"Flowering",1,NA,"5",3,1,1,NA
2022,15,3377,14,"G","5",37,23,3,"SOS","","3377_15","drought",NA,"alive",1,"Flowering",1,NA,"6",4,1,1,1
2023,15,3377,14,"G","6",47,19,4,"SOS","1 umbel maybe dead","3377_15","drought",NA,"alive",1,"Flowering",1,NA,"4",2,1,1,1
2024,15,3377,14,"G","4",35.5,21.5,2,"5.5","","3377_15","drought",NA,"alive",1,"Flowering",1,NA,"3",0,0,1,1
2025,15,3377,14,"G","3",NA,21,0,NA,"","3377_15","drought",NA,"alive",1,"Vegetative",0,NA,NA,NA,NA,NA,1
2017,10,3378,5,"D","2",NA,19,0,NA,"","3378_10","drought",NA,"alive",1,"Vegetative",0,NA,"2",1,1,1,NA
2018,10,3378,5,"D","2",16,15,1,"3.5","","3378_10","drought",NA,"alive",1,"Flowering",1,NA,"2",1,1,1,0
2019,10,3378,5,"D","2",21,13.5,1,"5.5","","3378_10","drought",NA,"alive",1,"Flowering",1,NA,"1",0,0,1,1
2020,10,3378,5,"D","1",NA,12.2,0,NA,"","3378_10","drought",NA,"alive",1,"Vegetative",0,NA,"1",0,0,1,1
2021,10,3378,5,"D","1",NA,13,0,NA,"","3378_10","drought",NA,"alive",1,"Vegetative",0,NA,"2",0,0,1,0
2022,10,3378,5,"D","2",NA,19,0,NA,"","3378_10","drought",NA,"alive",1,"Vegetative",0,NA,"6",3,1,1,0
2023,10,3378,5,"D","6",53,17,3,"SOS","","3378_10","drought",NA,"alive",1,"Flowering",1,NA,"2",0,0,1,0
2024,10,3378,5,"D","2",NA,30,0,NA,"","3378_10","drought",NA,"alive",1,"Vegetative",0,NA,"1",0,0,1,1
2025,10,3378,5,"D","1",NA,18,0,NA,"","3378_10","drought",NA,"alive",1,"Vegetative",0,NA,NA,NA,NA,NA,0
2017,14,3378,16,"A","1",NA,9.5,0,NA,"","3378_14","drought",NA,"alive",1,"Vegetative",0,NA,"2",0,0,1,NA
2018,14,3378,16,"A","2",13.5,13.5,0,NA,"","3378_14","drought",NA,"alive",1,"Vegetative",0,NA,"0",0,NA,1,0
2019,14,3378,16,"A","0",NA,NA,0,NA,"no plant","3378_14","drought",NA,"dormant",1,"Dormant",NA,NA,NA,NA,NA,NA,0
2020,14,3378,16,"A",NA,NA,NA,NA,NA,"","3378_14","drought",NA,NA,NA,NA,NA,NA,"1",0,0,1,NA
2021,14,3378,16,"A","1",NA,8,0,NA,"","3378_14","drought",NA,"alive",1,"Vegetative",0,NA,"2",0,0,1,NA
2022,14,3378,16,"A","2",NA,11.5,0,NA,"","3378_14","drought",NA,"alive",1,"Vegetative",0,NA,"1",0,0,1,0
2023,14,3378,16,"A","1",NA,15.5,0,NA,"","3378_14","drought",NA,"alive",1,"Vegetative",0,NA,"1",0,0,1,0
2024,14,3378,16,"A","1",NA,9,0,NA,"","3378_14","drought",NA,"alive",1,"Vegetative",0,NA,"0",NA,NA,NA,0
2025,14,3378,16,"A","0",NA,NA,NA,NA,"NP","3378_14","drought",NA,NA,NA,NA,NA,NA,NA,NA,NA,NA,0
2017,14,3379,2,"A","4",NA,13,1,"2","","3379_14","drought",NA,"alive",1,"Flowering",1,NA,"2",0,0,1,NA
2018,14,3379,2,"A","2",23.5,23.5,0,NA,"","3379_14","drought",NA,"alive",1,"Vegetative",0,NA,"5",2,1,1,1
2019,14,3379,2,"A","5",16,7,2,"2","","3379_14","drought",NA,"alive",1,"Flowering",1,NA,"1",0,0,1,0
2020,14,3379,2,"A","1",NA,3.6,0,NA,"","3379_14","drought",NA,"alive",1,"Vegetative",0,NA,"2",0,0,1,1
2021,14,3379,2,"A","2",NA,15,0,NA,"","3379_14","drought",NA,"alive",1,"Vegetative",0,NA,"0",NA,NA,1,0
2022,14,3379,2,"A","0",NA,NA,NA,NA,"NP","3379_14","drought",NA,"dormant",1,"Dormant",NA,NA,"3",2,1,1,0
2023,14,3379,2,"A","3",45,17,2,"SOS","","3379_14","drought",NA,"alive",1,"Flowering",1,NA,"2",1,1,1,NA
2024,14,3379,2,"A","2",15,21.5,1,"2","","3379_14","drought",NA,"alive",1,"Flowering",1,NA,"3",1,1,1,1
2025,14,3379,2,"A","3",NA,13,1,NA,"","3379_14","drought",NA,"alive",1,"Flowering",1,NA,NA,NA,NA,NA,1
2017,14,3380,5,"A","2",NA,14,0,NA,"","3380_14","drought",2022,"alive",1,"Vegetative",0,NA,"1",0,0,1,NA
2018,14,3380,5,"A","1",6.5,6.5,0,NA,"","3380_14","drought",2022,"alive",1,"Vegetative",0,NA,"2",0,0,1,0
2019,14,3380,5,"A","2",NA,11.5,0,NA,"","3380_14","drought",2022,"alive",1,"Vegetative",0,NA,"0",NA,NA,1,0
2020,14,3380,5,"A","0",NA,NA,NA,NA,"no plant","3380_14","drought",2022,"dormant",1,"Dormant",NA,NA,"1",0,0,1,0
2021,14,3380,5,"A","1",NA,11,0,NA,"","3380_14","drought",2022,"alive",1,"Vegetative",0,NA,"0",NA,NA,0,NA
2022,14,3380,5,"A","0",NA,NA,NA,NA,"NP","3380_14","drought",2022,"dead",0,"Dead",NA,NA,NA,NA,NA,NA,0
2017,14,3381,5,"A","2",NA,11.5,0,NA,"","3381_14","drought",2021,"alive",1,"Vegetative",0,NA,"2",0,0,1,NA
2018,14,3381,5,"A","2",14.5,14.5,0,NA,"","3381_14","drought",2021,"alive",1,"Vegetative",0,NA,"1",0,0,1,0
2019,14,3381,5,"A","1",NA,9.5,0,NA,"","3381_14","drought",2021,"alive",1,"Vegetative",0,NA,"1",0,0,1,0
2020,14,3381,5,"A","1",NA,9.1,0,NA,"","3381_14","drought",2021,"alive",1,"Vegetative",0,NA,"0",NA,NA,0,0
2021,14,3381,5,"A","0",NA,NA,NA,NA,"NP","3381_14","drought",2021,"dead",0,"Dead",NA,NA,NA,NA,NA,NA,0
2017,13,3382,5,"C","2",NA,9.5,3,"2","","3382_13","control",NA,"alive",1,"Flowering",1,NA,"2",1,1,1,NA
2018,13,3382,5,"C","2",16,8.5,1,"3","","3382_13","control",NA,"alive",1,"Flowering",1,NA,"1",0,0,1,1
2019,13,3382,5,"C","1",NA,11,0,NA,"","3382_13","control",NA,"alive",1,"Vegetative",0,NA,"1",0,0,1,1
2020,13,3382,5,"C","1",NA,11.3,0,NA,"","3382_13","control",NA,"alive",1,"Vegetative",0,NA,"2",1,1,1,0
2021,13,3382,5,"C","2",22,10,1,"4","","3382_13","control",NA,"alive",1,"Flowering",1,NA,"5",3,1,1,0
2022,13,3382,5,"C","5",32,8,3,"SOS","","3382_13","control",NA,"alive",1,"Flowering",1,NA,"4",2,1,1,1
2023,13,3382,5,"C","4",29,5,2,"SOS","","3382_13","control",NA,"alive",1,"Flowering",1,NA,"2",1,1,1,1
2024,13,3382,5,"C","2",28.5,7.5,1,"3","","3382_13","control",NA,"alive",1,"Flowering",1,NA,"4",0,0,1,1
2025,13,3382,5,"C","4",NA,12.5,0,NA,"","3382_13","control",NA,"alive",1,"Vegetative",0,NA,NA,NA,NA,NA,1
2017,14,3382,4,"A","2",NA,10,0,NA,"","3382_14","drought",NA,"alive",1,"Vegetative",0,NA,"1",0,0,1,NA
2018,14,3382,4,"A","1",6.5,6.5,0,NA,"","3382_14","drought",NA,"alive",1,"Vegetative",0,NA,"1",0,0,1,0
2019,14,3382,4,"A","1",NA,12.5,0,NA,"","3382_14","drought",NA,"alive",1,"Vegetative",0,NA,"1",0,0,1,0
2020,14,3382,4,"A","1",NA,12.4,0,NA,"","3382_14","drought",NA,"alive",1,"Vegetative",0,NA,"2",0,0,1,0
2021,14,3382,4,"A","2",NA,14,0,NA,"","3382_14","drought",NA,"alive",1,"Vegetative",0,NA,"1",0,0,1,0
2022,14,3382,4,"A","1",NA,23,0,NA,"","3382_14","drought",NA,"alive",1,"Vegetative",0,NA,"2",1,1,1,0
2023,14,3382,4,"A","2",38,13,1,"5","","3382_14","drought",NA,"alive",1,"Flowering",1,NA,"0",NA,NA,1,0
2024,14,3382,4,"A","0",NA,NA,NA,NA,"NP; moss","3382_14","drought",NA,"dormant",1,"Dormant",NA,NA,"1",0,0,1,1
2025,14,3382,4,"A","1",NA,13,0,NA,"moss","3382_14","drought",NA,"alive",1,"Vegetative",0,NA,NA,NA,NA,NA,NA
2016,15,3382,2,"I","3",NA,15,1,"3.5","","3382_15","drought",NA,"alive",1,"Flowering",1,NA,NA,NA,NA,NA,NA
2017,13,3383,18,"I","1",NA,9.5,1,"1.5","","3383_13","control",NA,"alive",1,"Flowering",1,NA,"1",0,0,1,NA
2018,13,3383,18,"I","1",8.5,8.5,0,NA,"","3383_13","control",NA,"alive",1,"Vegetative",0,NA,"10",3,1,1,1
2019,13,3383,18,"I","10",21.5,11,3,"5","","3383_13","control",NA,"alive",1,"Flowering",1,NA,"2",0,0,1,0
2020,13,3383,18,"I","2",NA,10,0,NA,"","3383_13","control",NA,"alive",1,"Vegetative",0,NA,"3",0,0,1,1
2021,13,3383,18,"I","3",NA,15,0,NA,"","3383_13","control",NA,"alive",1,"Vegetative",0,NA,"1",0,0,1,0
2022,13,3383,18,"I","1",NA,9,0,NA,"","3383_13","control",NA,"alive",1,"Vegetative",0,NA,"5",3,1,1,0
2023,13,3383,18,"I","5",30,12.5,3,"SOS","","3383_13","control",NA,"alive",1,"Flowering",1,NA,"1",0,0,1,0
2024,13,3383,18,"I","1",NA,17,0,NA,"","3383_13","control",NA,"alive",1,"Vegetative",0,NA,"1",0,0,1,1
2025,13,3383,18,"I","1",NA,20,0,NA,"","3383_13","control",NA,"alive",1,"Vegetative",0,NA,NA,NA,NA,NA,0
2018,14,3383,3,"A","2",16.5,12.5,1,"3.2","","3383_14","drought",2019,"alive",1,"Flowering",1,NA,"0",NA,NA,0,NA
2019,14,3383,3,"A","0",NA,NA,NA,NA,"no plant","3383_14","drought",2019,"dead",0,"Dead",NA,NA,NA,NA,NA,NA,1
2017,13,3384,6,"G","2",NA,14,1,"3","","3384_13","control",NA,"alive",1,"Flowering",1,NA,"1",0,0,1,NA
2018,13,3384,6,"G","1",9.5,9.5,0,NA,"","3384_13","control",NA,"alive",1,"Vegetative",0,NA,"2",0,0,1,1
2019,13,3384,6,"G","2",NA,12.5,0,NA,"","3384_13","control",NA,"alive",1,"Vegetative",0,NA,"0",NA,NA,1,0
2020,13,3384,6,"G","0",NA,NA,NA,NA,"no plant","3384_13","control",NA,"dormant",1,"Dormant",NA,NA,"2",0,0,1,0
2021,13,3384,6,"G","2",NA,13.5,0,NA,"","3384_13","control",NA,"alive",1,"Vegetative",0,NA,"3",1,1,1,NA
2022,13,3384,6,"G","3",21,13.5,1,"4","","3384_13","control",NA,"alive",1,"Flowering",1,NA,"2",1,1,1,0
2023,13,3384,6,"G","2",12,17.5,1,"2.5","","3384_13","control",NA,"alive",1,"Flowering",1,NA,"1",1,1,1,1
2024,13,3384,6,"G","1",16,14,1,"2.5","","3384_13","control",NA,"alive",1,"Flowering",1,NA,"2",1,1,1,1
2025,13,3384,6,"G","2",28,18,1,"5.5","","3384_13","control",NA,"alive",1,"Flowering",1,NA,NA,NA,NA,NA,1
2017,15,3384,16,"I","7",NA,13,3,"5","","3384_15","drought",NA,"alive",1,"Flowering",1,NA,"6",1,1,1,NA
2018,15,3384,16,"I","6",14,19.5,1,"4.3","","3384_15","drought",NA,"alive",1,"Flowering",1,NA,"1",0,0,1,1
2019,15,3384,16,"I","1",NA,10,0,NA,"","3384_15","drought",NA,"alive",1,"Vegetative",0,NA,NA,NA,NA,NA,1
2020,15,3384,16,"I",NA,NA,NA,NA,NA,"","3384_15","drought",NA,NA,NA,NA,NA,NA,"3",0,0,1,0
2021,15,3384,16,"I","3",NA,14.5,0,NA,"","3384_15","drought",NA,"alive",1,"Vegetative",0,NA,"4",4,1,1,NA
2022,15,3384,16,"I","4",38,17,4,"SOS","","3384_15","drought",NA,"alive",1,"Flowering",1,NA,"2",1,1,1,0
2023,15,3384,16,"I","2",30.5,14.5,1,"6.5","","3384_15","drought",NA,"alive",1,"Flowering",1,NA,"6",4,1,1,1
2024,15,3384,16,"I","6",43,18.5,4,"13","","3384_15","drought",NA,"alive",1,"Flowering",1,NA,"0",NA,NA,NA,1
2025,15,3384,16,"I","0",NA,NA,NA,NA,"NP","3384_15","drought",NA,NA,NA,NA,NA,NA,NA,NA,NA,NA,1
2017,13,3385,16,"D","3",NA,14.5,1,"3.5","","3385_13","control",2022,"alive",1,"Flowering",1,NA,"5",1,1,1,NA
2018,13,3385,16,"D","5",9.5,11.5,1,"0.5","","3385_13","control",2022,"alive",1,"Flowering",1,NA,"3",1,1,1,1
2019,13,3385,16,"D","3",22,13.5,1,"4","","3385_13","control",2022,"alive",1,"Flowering",1,NA,NA,NA,NA,NA,1
2020,13,3385,16,"D",NA,NA,NA,NA,NA,"","3385_13","control",2022,NA,NA,NA,NA,NA,NA,NA,NA,NA,1
2021,13,3385,16,"D",NA,NA,NA,NA,NA,"NPNT","3385_13","control",2022,NA,NA,NA,NA,NA,"0",NA,NA,0,NA
2022,13,3385,16,"D","0",NA,NA,NA,NA,"NP, tag pulled","3385_13","control",2022,"dead",0,"Dead",NA,NA,NA,NA,NA,NA,NA
2017,14,3385,5,"D","1",NA,16,0,NA,"","3385_14","drought",NA,"alive",1,"Vegetative",0,NA,"2",1,1,1,NA
2018,14,3385,5,"D","2",13.5,9.5,1,"1.7","","3385_14","drought",NA,"alive",1,"Flowering",1,NA,"1",0,0,1,0
2019,14,3385,5,"D","1",NA,12.5,0,NA,"","3385_14","drought",NA,"alive",1,"Vegetative",0,NA,"1",0,0,1,1
2020,14,3385,5,"D","1",NA,12.1,0,NA,"","3385_14","drought",NA,"alive",1,"Vegetative",0,NA,"1",0,0,1,0
2021,14,3385,5,"D","1",NA,18,0,NA,"","3385_14","drought",NA,"alive",1,"Vegetative",0,NA,"3",1,1,1,0
2022,14,3385,5,"D","3",37,16.5,1,"4.5","","3385_14","drought",NA,"alive",1,"Flowering",1,NA,"3",0,0,1,0
2023,14,3385,5,"D","3",NA,23,0,NA,"","3385_14","drought",NA,"alive",1,"Vegetative",0,NA,"1",0,0,1,1
2024,14,3385,5,"D","1",NA,19,0,NA,"","3385_14","drought",NA,"alive",1,"Vegetative",0,NA,"1",0,0,1,0
2025,14,3385,5,"D","1",NA,16,0,NA,"","3385_14","drought",NA,"alive",1,"Vegetative",0,NA,NA,NA,NA,NA,0
2017,12,3386,17,"D","2",NA,4,0,NA,"","3386_12","irrigated",NA,"alive",1,"Vegetative",0,NA,"1",0,0,1,NA
2018,12,3386,17,"D","1",5.5,5.5,0,NA,"","3386_12","irrigated",NA,"alive",1,"Vegetative",0,NA,"1",0,0,1,0
2019,12,3386,17,"D","1",NA,6.5,0,NA,"","3386_12","irrigated",NA,"alive",1,"Vegetative",0,NA,"1",0,0,1,0
2020,12,3386,17,"D","1",NA,4.1,0,NA,"","3386_12","irrigated",NA,"alive",1,"Vegetative",0,NA,"1",0,0,1,0
2021,12,3386,17,"D","1",NA,13,0,NA,"","3386_12","irrigated",NA,"alive",1,"Vegetative",0,NA,"1",0,0,1,0
2022,12,3386,17,"D","1",NA,15.5,0,NA,"","3386_12","irrigated",NA,"alive",1,"Vegetative",0,NA,"1",0,0,1,0
2023,12,3386,17,"D","1",NA,12,0,NA,"","3386_12","irrigated",NA,"alive",1,"Vegetative",0,NA,"0",NA,NA,1,0
2024,12,3386,17,"D","0",NA,NA,NA,NA,"NP","3386_12","irrigated",NA,"dormant",1,"Dormant",NA,NA,"1",0,0,1,0
2025,12,3386,17,"D","1",NA,17,0,NA,"","3386_12","irrigated",NA,"alive",1,"Vegetative",0,NA,NA,NA,NA,NA,NA
2017,12,3388,18,"E","1",NA,3.5,0,NA,"","3388_12","irrigated",NA,"alive",1,"Vegetative",0,NA,"1",0,0,1,NA
2018,12,3388,18,"E","1",3,3,0,NA,"","3388_12","irrigated",NA,"alive",1,"Vegetative",0,NA,"0",NA,NA,1,0
2019,12,3388,18,"E","0",NA,NA,NA,NA,"no plant","3388_12","irrigated",NA,"dormant",1,"Dormant",NA,NA,"1",0,0,1,0
2020,12,3388,18,"E","1",NA,5.8,0,NA,"","3388_12","irrigated",NA,"alive",1,"Vegetative",0,NA,"1",0,0,1,NA
2021,12,3388,18,"E","1",NA,8,0,NA,"","3388_12","irrigated",NA,"alive",1,"Vegetative",0,NA,"1",0,0,1,0
2022,12,3388,18,"E","1",NA,19.5,0,NA,"","3388_12","irrigated",NA,"alive",1,"Vegetative",0,NA,"1",0,0,1,0
2023,12,3388,18,"E","1",NA,8,0,NA,"","3388_12","irrigated",NA,"alive",1,"Vegetative",0,NA,"2",1,1,1,0
2024,12,3388,18,"E","2",29.5,10.5,1,"4","","3388_12","irrigated",NA,"alive",1,"Flowering",1,NA,"3",1,1,1,0
2025,12,3388,18,"E","3",NA,20,1,NA,"umbel eaten","3388_12","irrigated",NA,"alive",1,"Flowering",1,NA,NA,NA,NA,NA,1
2017,13,3389,16,"D","3",NA,12.5,1,"2.5","","3389_13","control",2019,"alive",1,"Flowering",1,NA,"2",0,0,1,NA
2018,13,3389,16,"D","2",14,14,0,NA,"12F","3389_13","control",2019,"alive",1,"Vegetative",0,NA,"0",NA,NA,0,1
2019,13,3389,16,"D","0",NA,NA,NA,NA,"no plant","3389_13","control",2019,"dead",0,"Dead",NA,NA,NA,NA,NA,NA,0
2017,13,3390,7,"F","5",NA,5,1,"2","","3390_13","control",NA,"alive",1,"Flowering",1,NA,"2",0,0,1,NA
2018,13,3390,7,"F","2",7.5,7.5,0,NA,"","3390_13","control",NA,"alive",1,"Vegetative",0,NA,"3",1,1,1,1
2019,13,3390,7,"F","3",9,10,1,"2","","3390_13","control",NA,"alive",1,"Flowering",1,NA,"1",0,0,1,0
2020,13,3390,7,"F","1",NA,8.6,0,NA,"","3390_13","control",NA,"alive",1,"Vegetative",0,NA,"4",1,1,1,1
2021,13,3390,7,"G","4",12.5,14.5,1,"1.5","","3390_13","control",NA,"alive",1,"Flowering",1,NA,"6",2,1,1,0
2022,13,3390,7,"G","6",32,13.5,2,"SOS","","3390_13","control",NA,"alive",1,"Flowering",1,NA,"4",2,1,1,1
2023,13,3390,7,"G","4",28,13,2,"SOS","","3390_13","control",NA,"alive",1,"Flowering",1,NA,"3",2,1,1,1
2024,13,3390,7,"G","3",29,12.5,2,"6","was 3391 in phen","3390_13","control",NA,"alive",1,"Flowering",1,NA,"3",1,1,1,1
2025,13,3390,7,"G","3",13,15,1,"2.5","","3390_13","control",NA,"alive",1,"Flowering",1,NA,NA,NA,NA,NA,1
2017,15,3390,19,"C","3",NA,16,2,"3.5","","3390_15","drought",2021,"alive",1,"Flowering",1,NA,"3",0,0,1,NA
2018,15,3390,19,"C","3",8,8,0,NA,"","3390_15","drought",2021,"alive",1,"Vegetative",0,NA,"0",NA,NA,1,1
2019,15,3390,19,"C","0",NA,NA,NA,NA,"no plant","3390_15","drought",2021,"dormant",1,"Dormant",NA,NA,NA,NA,NA,NA,0
2020,15,3390,19,"C",NA,NA,NA,NA,NA,"","3390_15","drought",2021,NA,NA,NA,NA,NA,"0",NA,NA,0,NA
2021,15,3390,19,"C","0",NA,NA,NA,NA,"NP","3390_15","drought",2021,"dead",0,"Dead",NA,NA,NA,NA,NA,NA,NA
2017,13,3391,7,"G","1",NA,9,3,"2","","3391_13","control",NA,"alive",1,"Flowering",1,NA,"2",0,0,1,NA
2018,13,3391,7,"G","2",9.5,9.5,0,NA,"","3391_13","control",NA,"alive",1,"Vegetative",0,NA,"1",0,0,1,1
2019,13,3391,7,"G","1",NA,12.5,0,NA,"","3391_13","control",NA,"alive",1,"Vegetative",0,NA,"1",0,0,1,0
2020,13,3391,7,"G","1",NA,7.5,0,NA,"","3391_13","control",NA,"alive",1,"Vegetative",0,NA,"2",0,0,1,0
2021,13,3391,7,"G","2",NA,13,0,NA,"","3391_13","control",NA,"alive",1,"Vegetative",0,NA,"2",1,1,1,0
2022,13,3391,7,"G","2",27.5,9,1,"4.5","in 7G, not K. Next to 3390","3391_13","control",NA,"alive",1,"Flowering",1,NA,"3",2,1,1,0
2023,13,3391,7,"G","3",38,13,2,"SOS","In 7G, not K. Next to 3390.","3391_13","control",NA,"alive",1,"Flowering",1,NA,"2",1,1,1,1
2024,13,3391,7,"G","2",16,12.5,1,"2.5","in 7G not K","3391_13","control",NA,"alive",1,"Flowering",1,NA,"4",2,1,1,1
2025,13,3391,7,"G","4",29,17,2,"3","one dead umbel","3391_13","control",NA,"alive",1,"Flowering",1,NA,NA,NA,NA,NA,1
2018,15,3391,16,"A","3",5.5,8.5,2,"0.5","","3391_15","drought",2024,"alive",1,"Flowering",1,NA,"0",NA,NA,1,NA
2019,15,3391,16,"A","0",NA,NA,NA,NA,"no plant","3391_15","drought",2024,"dormant",1,"Dormant",NA,NA,"2",1,1,1,1
2020,15,3391,16,"A","2",16,8.8,1,"3.8","","3391_15","drought",2024,"alive",1,"Flowering",1,NA,"2",2,1,1,NA
2021,15,3391,16,"A","2",13.5,16,2,"SOS","","3391_15","drought",2024,"alive",1,"Flowering",1,NA,"4",2,1,1,1
2022,15,3391,16,"A","4",40.5,21,2,"SOS","","3391_15","drought",2024,"alive",1,"Flowering",1,NA,"3",2,1,1,1
2023,15,3391,16,"A","3",40,11,2,"SOS","1 dead umbel","3391_15","drought",2024,"alive",1,"Flowering",1,NA,"0",NA,NA,0,1
2024,15,3391,16,"A","0",NA,NA,NA,NA,"in phen? NP","3391_15","drought",2024,"dead",0,"Dead",NA,NA,NA,NA,NA,NA,1
2017,13,3392,18,"C","1",NA,7,0,NA,"","3392_13","control",NA,"alive",1,"Vegetative",0,NA,"1",0,0,1,NA
2018,13,3392,18,"C","1",7,7,0,NA,"","3392_13","control",NA,"alive",1,"Vegetative",0,NA,"3",0,0,1,0
2019,13,3392,18,"C","3",NA,9.5,0,NA,"","3392_13","control",NA,"alive",1,"Vegetative",0,NA,NA,NA,NA,NA,0
2020,13,3392,18,"C",NA,NA,NA,NA,NA,"","3392_13","control",NA,NA,NA,NA,NA,NA,"3",0,0,1,0
2021,13,3392,18,"C","3",NA,10.5,0,NA,"","3392_13","control",NA,"alive",1,"Vegetative",0,NA,"2",0,0,1,NA
2022,13,3392,18,"C","2",NA,12,0,NA,"","3392_13","control",NA,"alive",1,"Vegetative",0,NA,"1",0,0,1,0
2023,13,3392,18,"C","1",NA,15.5,0,NA,"","3392_13","control",NA,"alive",1,"Vegetative",0,NA,"1",0,0,1,0
2024,13,3392,18,"C","1",NA,10.5,0,NA,"","3392_13","control",NA,"alive",1,"Vegetative",0,NA,"3",0,0,1,0
2025,13,3392,18,"C","3",NA,15,0,NA,"","3392_13","control",NA,"alive",1,"Vegetative",0,NA,NA,NA,NA,NA,0
2017,15,3392,1,"I","5",NA,13.5,2,"2","","3392_15","drought",2019,"alive",1,"Flowering",1,NA,"2",1,1,1,NA
2018,15,3392,1,"I","2",13,12.5,1,"2.5","","3392_15","drought",2019,"alive",1,"Flowering",1,NA,"0",NA,NA,0,1
2019,15,3392,1,"I","0",NA,NA,NA,NA,"no plant","3392_15","drought",2019,"dead",0,"Dead",NA,NA,NA,NA,NA,NA,1
2017,13,3393,18,"C","2",NA,5,0,NA,"","3393_13","control",2018,"alive",1,"Vegetative",0,NA,"0",NA,NA,0,NA
2018,13,3393,18,"C","0",NA,NA,NA,NA,"no plant","3393_13","control",2018,"dead",0,"Dead",NA,NA,NA,NA,NA,NA,0
2017,15,3393,0,"J","3",NA,17,1,"2","","3393_15","drought",NA,"alive",1,"Flowering",1,NA,"3",1,1,1,NA
2018,15,3393,0,"J","3",19,13.5,1,"3.8","","3393_15","drought",NA,"alive",1,"Flowering",1,NA,"2",NA,NA,1,1
2019,15,3393,0,"J","2",NA,19,NA,NA,"could be '3157', very close together","3393_15","drought",NA,"alive",1,NA,NA,NA,"2",1,1,1,1
2020,15,3393,0,"J","2",15,16.6,1,"1.7","could be '3157', very close together","3393_15","drought",NA,"alive",1,"Flowering",1,NA,"2",1,1,1,NA
2021,15,3393,0,"J","2",30,11.5,1,"3","could be '3157', very close together","3393_15","drought",NA,"alive",1,"Flowering",1,NA,"3",2,1,1,1
2022,15,3393,0,"J","3",36,19,2,"SOS","could be 3157, very close together","3393_15","drought",NA,"alive",1,"Flowering",1,NA,"5",3,1,1,1
2023,15,3393,0,"J","5",44,20,3,"SOS","1 umbel dead. Could be 3157, very close together.","3393_15","drought",NA,"alive",1,"Flowering",1,NA,"2",1,1,1,1
2024,15,3393,0,"J","2",48,29.5,1,NA,"GTP in phen","3393_15","drought",NA,"alive",1,"Flowering",1,NA,"3",0,0,1,1
2025,15,3393,0,"J","3",NA,17,0,NA,"","3393_15","drought",NA,"alive",1,"Vegetative",0,NA,NA,NA,NA,NA,1
2017,12,3394,16,"C","1",NA,4,0,NA,"","3394_12","irrigated",2022,"alive",1,"Vegetative",0,NA,"2",0,0,1,NA
2018,12,3394,16,"C","2",5,5,0,NA,"","3394_12","irrigated",2022,"alive",1,"Vegetative",0,NA,"1",0,0,1,0
2019,12,3394,16,"C","1",NA,6.5,0,NA,"","3394_12","irrigated",2022,"alive",1,"Vegetative",0,NA,"1",0,0,1,0
2020,12,3394,16,"C","1",NA,6.4,0,NA,"","3394_12","irrigated",2022,"alive",1,"Vegetative",0,NA,"1",0,0,1,0
2021,12,3394,16,"C","1",NA,8,0,NA,"","3394_12","irrigated",2022,"alive",1,"Vegetative",0,NA,"0",NA,NA,0,0
2022,12,3394,16,"C","0",NA,NA,NA,NA,"NP","3394_12","irrigated",2022,"dead",0,"Dead",NA,NA,NA,NA,NA,NA,0
2017,12,3395,17,"C","1",NA,3.5,0,NA,"","3395_12","irrigated",NA,"alive",1,"Vegetative",0,NA,"1",0,0,1,NA
2018,12,3395,17,"C","1",7,7,0,NA,"","3395_12","irrigated",NA,"alive",1,"Vegetative",0,NA,"1",0,0,1,0
2019,12,3395,17,"C","1",NA,10,0,NA,"","3395_12","irrigated",NA,"alive",1,"Vegetative",0,NA,"1",0,0,1,0
2020,12,3395,17,"C","1",NA,8.6,0,NA,"","3395_12","irrigated",NA,"alive",1,"Vegetative",0,NA,"2",0,0,1,0
2021,12,3395,17,"C","2",NA,16,0,NA,"","3395_12","irrigated",NA,"alive",1,"Vegetative",0,NA,"5",3,1,1,0
2022,12,3395,17,"C","5",31,14,3,"SOS","","3395_12","irrigated",NA,"alive",1,"Flowering",1,NA,"3",1,1,1,0
2023,12,3395,17,"C","3",24,16,1,"8","","3395_12","irrigated",NA,"alive",1,"Flowering",1,NA,"2",1,1,1,1
2024,12,3395,17,"C","2",22,14.5,1,"4.5","","3395_12","irrigated",NA,"alive",1,"Flowering",1,NA,"3",1,1,1,1
2025,12,3395,17,"C","3",28,17,1,"4","","3395_12","irrigated",NA,"alive",1,"Flowering",1,NA,NA,NA,NA,NA,1
2017,15,3395,16,"G","3",NA,17,2,"1.5","","3395_15","drought",NA,"alive",1,"Flowering",1,NA,"5",2,1,1,NA
2018,15,3395,16,"G","5",22.5,16,2,"3.5","","3395_15","drought",NA,"alive",1,"Flowering",1,NA,"1",1,1,1,1
2019,15,3395,16,"G","1",25.5,11,1,"2.5","","3395_15","drought",NA,"alive",1,"Flowering",1,NA,NA,NA,NA,NA,1
2020,15,3395,16,"G",NA,NA,NA,NA,NA,"","3395_15","drought",NA,NA,NA,NA,NA,NA,"2",1,1,1,1
2021,15,3395,16,"G","2",26.5,18.5,1,"3.5","","3395_15","drought",NA,"alive",1,"Flowering",1,NA,"6",3,1,1,NA
2022,15,3395,16,"G","6",37.5,18,3,"SOS","","3395_15","drought",NA,"alive",1,"Flowering",1,NA,"6",3,1,1,1
2023,15,3395,16,"G","6",49,19.5,3,"SOS","","3395_15","drought",NA,"alive",1,"Flowering",1,NA,"3",2,1,1,1
2024,15,3395,16,"G","3",34.5,19.5,2,"5.5","","3395_15","drought",NA,"alive",1,"Flowering",1,NA,"1",0,0,1,1
2025,15,3395,16,"G","1",NA,18,0,NA,"","3395_15","drought",NA,"alive",1,"Vegetative",0,NA,NA,NA,NA,NA,1
2017,13,3396,12,"B","2",NA,9,2,"3","","3396_13","control",NA,"alive",1,"Flowering",1,NA,"1",0,0,1,NA
2018,13,3396,12,"B","1",9.5,9.5,0,NA,"","3396_13","control",NA,"alive",1,"Vegetative",0,NA,"3",1,1,1,1
2019,13,3396,12,"B","3",14,14.5,1,"3","","3396_13","control",NA,"alive",1,"Flowering",1,NA,NA,NA,NA,NA,0
2020,13,3396,12,"B",NA,NA,NA,NA,NA,"","3396_13","control",NA,NA,NA,NA,NA,NA,"6",3,1,1,1
2021,13,3396,12,"B","6",17,15.5,3,"SOS","","3396_13","control",NA,"alive",1,"Flowering",1,NA,"4",3,1,1,NA
2022,13,3396,12,"B","4",25,10,3,"SOS","","3396_13","control",NA,"alive",1,"Flowering",1,NA,"6",3,1,1,1
2023,13,3396,12,"B","6",33,17,3,"SOS","","3396_13","control",NA,"alive",1,"Flowering",1,NA,"3",1,1,1,1
2024,13,3396,12,"B","3",25,12,1,"3.5","","3396_13","control",NA,"alive",1,"Flowering",1,NA,"1",1,1,1,1
2025,13,3396,12,"B","1",24.5,21,1,"4.5","","3396_13","control",NA,"alive",1,"Flowering",1,NA,NA,NA,NA,NA,1
2017,13,3397,17,"G","2",NA,10.5,0,NA,"","3397_13","control",NA,"alive",1,"Vegetative",0,NA,"3",1,1,1,NA
2018,13,3397,17,"G","3",10.5,11,1,"2","","3397_13","control",NA,"alive",1,"Flowering",1,NA,"4",2,1,1,0
2019,13,3397,17,"G","4",17,14,2,"4","","3397_13","control",NA,"alive",1,"Flowering",1,NA,NA,NA,NA,NA,1
2020,13,3397,17,"G",NA,NA,NA,NA,NA,"","3397_13","control",NA,NA,NA,NA,NA,NA,"2",1,1,1,1
2021,13,3397,17,"G","2",13,18,1,"1","","3397_13","control",NA,"alive",1,"Flowering",1,NA,"4",2,1,1,NA
2022,13,3397,17,"G","4",26.5,14,2,"SOS","","3397_13","control",NA,"alive",1,"Flowering",1,NA,"6",3,1,1,1
2023,13,3397,17,"G","6",30,16.5,3,"SOS","","3397_13","control",NA,"alive",1,"Flowering",1,NA,"2",1,1,1,1
2024,13,3397,17,"G","2",15.5,12,1,"2","","3397_13","control",NA,"alive",1,"Flowering",1,NA,"2",1,1,1,1
2025,13,3397,17,"G","2",17,20.5,1,"3","","3397_13","control",NA,"alive",1,"Flowering",1,NA,NA,NA,NA,NA,1
2018,15,3397,11,"F","2",6,8.5,1,"1.2","","3397_15","drought",NA,"alive",1,"Flowering",1,NA,"0",NA,NA,1,NA
2019,15,3397,11,"F","0",NA,NA,NA,NA,"no plant","3397_15","drought",NA,"dormant",1,"Dormant",NA,NA,NA,NA,NA,NA,1
2020,15,3397,11,"F",NA,NA,NA,NA,NA,"","3397_15","drought",NA,NA,NA,NA,NA,NA,"1",1,1,1,NA
2021,15,3397,11,"F","1",7,9,1,"2","","3397_15","drought",NA,"alive",1,"Flowering",1,NA,"6",3,1,1,NA
2022,15,3397,11,"F","6",31.5,19,3,"SOS","","3397_15","drought",NA,"alive",1,"Flowering",1,NA,"4",2,1,1,1
2023,15,3397,11,"F","4",36,18,2,"SOS","","3397_15","drought",NA,"alive",1,"Flowering",1,NA,"7",3,1,1,1
2024,15,3397,11,"F","7",25,15.5,3,"12","spittlebug","3397_15","drought",NA,"alive",1,"Flowering",1,NA,"2",0,0,1,1
2025,15,3397,11,"F","2",NA,18.5,0,NA,"","3397_15","drought",NA,"alive",1,"Vegetative",0,NA,NA,NA,NA,NA,1
2017,14,3398,6,"A","1",NA,15,0,NA,"","3398_14","drought",2022,"alive",1,"Vegetative",0,NA,"0",NA,NA,1,NA
2018,14,3398,6,"A","0",NA,NA,NA,NA,"no plant","3398_14","drought",2022,"dormant",1,"Dormant",NA,NA,"4",1,1,1,0
2019,14,3398,6,"A","4",19,11.5,1,"2","","3398_14","drought",2022,"alive",1,"Flowering",1,NA,"3",0,0,1,NA
2020,14,3398,6,"A","3",NA,12.5,0,NA,"","3398_14","drought",2022,"alive",1,"Vegetative",0,NA,"2",0,0,1,1
2021,14,3398,6,"A","2",NA,15.5,0,NA,"","3398_14","drought",2022,"alive",1,"Vegetative",0,NA,"0",NA,NA,0,0
2022,14,3398,6,"A","0",NA,NA,NA,NA,"NP","3398_14","drought",2022,"dead",0,"Dead",NA,NA,NA,NA,NA,NA,0
2016,7,3398,9,"C","3",NA,7.2,1,"6.6","","3398_7","drought",2021,"alive",1,"Flowering",1,NA,"4",0,0,1,NA
2017,7,3398,9,"C","4",NA,14,0,NA,"","3398_7","drought",2021,"alive",1,"Vegetative",0,NA,"1",0,0,1,1
2018,7,3398,9,"C","1",6,6,0,"0","tag says '3398'","3398_7","drought",2021,"alive",1,"Vegetative",0,NA,"2",2,1,1,0
2019,7,3398,9,"C","2",23,15,2,"4","tag says '3398'","3398_7","drought",2021,"alive",1,"Flowering",1,NA,"1",1,1,1,0
2020,7,3398,9,"C","1",18,10.2,1,"4.1","tag says '3398'","3398_7","drought",2021,"alive",1,"Flowering",1,NA,"0",NA,NA,0,1
2021,7,3398,9,"C","0",NA,NA,NA,NA,"NP","3398_7","drought",2021,"dead",0,"Dead",NA,NA,NA,NA,NA,NA,1
2017,15,3399,10,"J","3",NA,12,1,"2","","3399_15","drought",2021,"alive",1,"Flowering",1,NA,"2",0,0,1,NA
2018,15,3399,10,"J","2",11,11,0,NA,"","3399_15","drought",2021,"alive",1,"Vegetative",0,NA,"0",NA,NA,1,1
2019,15,3399,10,"J","0",NA,NA,NA,NA,"no plant","3399_15","drought",2021,"dormant",1,"Dormant",NA,NA,NA,NA,NA,NA,0
2020,15,3399,10,"J",NA,NA,NA,NA,NA,"","3399_15","drought",2021,NA,NA,NA,NA,NA,"0",NA,NA,0,NA
2021,15,3399,10,"J","0",NA,NA,NA,NA,"NP","3399_15","drought",2021,"dead",0,"Dead",NA,NA,NA,NA,NA,NA,NA
2017,13,3400,3,"H","2",NA,12,1,"4","","3400_13","control",NA,"alive",1,"Flowering",1,NA,"2",1,1,1,NA
2018,13,3400,3,"H","2",9.5,6,1,"1.6","","3400_13","control",NA,"alive",1,"Flowering",1,NA,"4",3,1,1,1
2019,13,3400,3,"H","4",29,11,3,"4.5","","3400_13","control",NA,"alive",1,"Flowering",1,NA,NA,NA,NA,NA,1
2020,13,3400,3,"H",NA,NA,NA,NA,NA,"NPNT","3400_13","control",NA,NA,NA,NA,NA,NA,"1",1,1,1,1
2021,13,3400,3,"H","1",6,7,1,"2.5","","3400_13","control",NA,"alive",1,"Flowering",1,NA,"2",0,0,1,NA
2022,13,3400,3,"H","2",NA,15,0,NA,"","3400_13","control",NA,"alive",1,"Vegetative",0,NA,"4",2,1,1,1
2023,13,3400,3,"H","4",30,17,2,"SOS","","3400_13","control",NA,"alive",1,"Flowering",1,NA,"3",3,1,1,0
2024,13,3400,3,"H","3",30,9.5,3,"8.5","","3400_13","control",NA,"alive",1,"Flowering",1,NA,"2",2,1,1,1
2025,13,3400,3,"H","2",26,14,2,"7.5","","3400_13","control",NA,"alive",1,"Flowering",1,NA,NA,NA,NA,NA,1
2017,6,3400,8,"E","7",NA,15,3,"3.4","","3400_6","irrigated",NA,"alive",1,"Flowering",1,NA,"4",1,1,1,NA
2018,6,3400,8,"E","4",17.5,16,1,"3","","3400_6","irrigated",NA,"alive",1,"Flowering",1,NA,"3",2,1,1,1
2019,6,3400,8,"E","3",18,14,2,"4","","3400_6","irrigated",NA,"alive",1,"Flowering",1,NA,"2",1,1,1,1
2020,6,3400,8,"E","2",34.8,12,1,"4.3","","3400_6","irrigated",NA,"alive",1,"Flowering",1,NA,"2",1,1,1,1
2021,6,3400,8,"E","2",24.5,16,1,"4","","3400_6","irrigated",NA,"alive",1,"Flowering",1,NA,"2",1,1,1,1
2022,6,3400,8,"E","2",48,19.5,1,"5.5","","3400_6","irrigated",NA,"alive",1,"Flowering",1,NA,"3",2,1,1,1
2023,6,3400,8,"E","3",30.5,24,2,"SOS","","3400_6","irrigated",NA,"alive",1,"Flowering",1,NA,"3",2,1,1,1
2024,6,3400,8,"E","3",23,16,2,"8","","3400_6","irrigated",NA,"alive",1,"Flowering",1,NA,"1",1,1,1,1
2025,6,3400,8,"E","1",14,13,1,"3","","3400_6","irrigated",NA,"alive",1,"Flowering",1,NA,NA,NA,NA,NA,1
2017,15,3401,12,"G","4",NA,15,1,"3.5","","3401_15","drought",NA,"alive",1,"Flowering",1,NA,"2",1,1,1,NA
2018,15,3401,12,"G","2",16.5,13,1,"3","","3401_15","drought",NA,"alive",1,"Flowering",1,NA,"0",NA,NA,1,1
2019,15,3401,12,"G","0",NA,NA,NA,NA,"no plant","3401_15","drought",NA,"dormant",1,"Dormant",NA,NA,NA,NA,NA,NA,1
2020,15,3401,12,"G",NA,NA,NA,NA,NA,"","3401_15","drought",NA,NA,NA,NA,NA,NA,"1",0,0,1,NA
2021,15,3401,12,"G","1",NA,21.5,0,NA,"","3401_15","drought",NA,"alive",1,"Vegetative",0,NA,"3",2,1,1,NA
2022,15,3401,12,"G","3",36.5,21,2,"SOS","","3401_15","drought",NA,"alive",1,"Flowering",1,NA,"10",7,1,1,0
2023,15,3401,12,"G","10",43,16.5,7,"SOS","1 dead bud","3401_15","drought",NA,"alive",1,"Flowering",1,NA,"9",5,1,1,1
2024,15,3401,12,"G","9",25.5,11.5,5,"12.5","","3401_15","drought",NA,"alive",1,"Flowering",1,NA,"1",0,0,1,1
2025,15,3401,12,"G","1",NA,20.5,0,NA,"","3401_15","drought",NA,"alive",1,"Vegetative",0,NA,NA,NA,NA,NA,1
2020,7,3401,5,"H","1",NA,10.6,0,NA,"","3401_7","drought",NA,"alive",1,"Vegetative",0,NA,"1",0,0,1,NA
2021,7,3401,5,"H","1",NA,10,0,NA,"","3401_7","drought",NA,"alive",1,"Vegetative",0,NA,"1",1,1,1,0
2022,7,3401,5,"H","1",33.5,19,1,"4","","3401_7","drought",NA,"alive",1,"Flowering",1,NA,"2",1,1,1,0
2023,7,3401,5,"H","2",37,19.5,1,"5","","3401_7","drought",NA,"alive",1,"Flowering",1,NA,"3",2,1,1,1
2024,7,3401,5,"H","3",55.5,26.5,2,"9.5","","3401_7","drought",NA,"alive",1,"Flowering",1,NA,"3",3,1,1,1
2025,7,3401,5,"H","3",39,19,3,"3.5","2 umbels dead","3401_7","drought",NA,"alive",1,"Flowering",1,NA,NA,NA,NA,NA,1
2017,15,3402,9,"F","2",NA,13,0,NA,"","3402_15","drought",NA,"alive",1,"Vegetative",0,NA,"5",0,0,1,NA
2018,15,3402,9,"F","5",14.5,14.5,0,NA,"","3402_15","drought",NA,"alive",1,"Vegetative",0,NA,"1",0,0,1,0
2019,15,3402,9,"F","1",NA,9,0,NA,"","3402_15","drought",NA,"alive",1,"Vegetative",0,NA,"1",0,0,1,0
2020,15,3402,9,"F","1",NA,9.5,0,NA,"","3402_15","drought",NA,"alive",1,"Vegetative",0,NA,"3",0,0,1,0
2021,15,3402,9,"F","3",NA,10.5,0,NA,"","3402_15","drought",NA,"alive",1,"Vegetative",0,NA,"4",0,0,1,0
2022,15,3402,9,"F","4",NA,19.5,0,NA,"","3402_15","drought",NA,"alive",1,"Vegetative",0,NA,"2",1,1,1,0
2023,15,3402,9,"F","2",20,15,1,NA,"umbel dead","3402_15","drought",NA,"alive",1,"Flowering",1,NA,"2",0,0,1,0
2024,15,3402,9,"F","2",NA,20.5,0,NA,"","3402_15","drought",NA,"alive",1,"Vegetative",0,NA,"2",0,0,1,1
2025,15,3402,9,"F","2",NA,14,0,NA,"","3402_15","drought",NA,"alive",1,"Vegetative",0,NA,NA,NA,NA,NA,0
2020,7,3402,11,"I","1",NA,4.2,0,NA,"","3402_7","drought",NA,"alive",1,"Vegetative",0,NA,"1",0,0,1,NA
2021,7,3402,11,"I","1",NA,9,0,NA,"","3402_7","drought",NA,"alive",1,"Vegetative",0,NA,"1",0,0,1,0
2022,7,3402,11,"I","1",NA,21.5,0,NA,"","3402_7","drought",NA,"alive",1,"Vegetative",0,NA,"0",NA,NA,1,0
2023,7,3402,11,"I","0",NA,NA,NA,NA,"NP","3402_7","drought",NA,"dormant",1,"Dormant",NA,NA,"1",0,0,1,0
2024,7,3402,11,"I","1",NA,39.5,0,NA,"","3402_7","drought",NA,"alive",1,"Vegetative",0,NA,"2",1,1,1,NA
2025,7,3402,11,"I","2",63,29,1,"8","","3402_7","drought",NA,"alive",1,"Flowering",1,NA,NA,NA,NA,NA,0
2017,15,3403,13,"J","6",NA,18,4,"4.5","","3403_15","drought",2022,"alive",1,"Flowering",1,NA,"14",5,1,1,NA
2018,15,3403,13,"J","14",21,16,5,"3.2","","3403_15","drought",2022,"alive",1,"Flowering",1,NA,"5",0,0,1,1
2019,15,3403,13,"J","5",NA,14,0,NA,"","3403_15","drought",2022,"alive",1,"Vegetative",0,NA,NA,NA,NA,NA,1
2020,15,3403,13,"J",NA,NA,NA,NA,NA,"no plant","3403_15","drought",2022,NA,NA,NA,NA,NA,NA,NA,NA,NA,0
2021,15,3403,13,"J",NA,NA,NA,NA,NA,"NPNT","3403_15","drought",2022,NA,NA,NA,NA,NA,"0",NA,NA,0,NA
2022,15,3403,13,"J","0",NA,NA,NA,NA,"NP, tag pulled","3403_15","drought",2022,"dead",0,"Dead",NA,NA,NA,NA,NA,NA,NA
2020,7,3403,12,"I","1",NA,13.2,0,NA,"","3403_7","drought",NA,"alive",1,"Vegetative",0,NA,"1",0,0,1,NA
2021,7,3403,12,"I","1",NA,16.5,0,NA,"","3403_7","drought",NA,"alive",1,"Vegetative",0,NA,"2",1,1,1,0
2022,7,3403,12,"I","2",56,20,1,"6","","3403_7","drought",NA,"alive",1,"Flowering",1,NA,"2",1,1,1,0
2023,7,3403,12,"I","2",24.5,24.5,1,"7","","3403_7","drought",NA,"alive",1,"Flowering",1,NA,"2",1,1,1,1
2024,7,3403,12,"I","2",51,20.5,1,"6","","3403_7","drought",NA,"alive",1,"Flowering",1,NA,"1",1,1,1,1
2025,7,3403,12,"I","1",32,10,1,"3","","3403_7","drought",NA,"alive",1,"Flowering",1,NA,NA,NA,NA,NA,1
2017,15,3404,9,"G","1",NA,10.5,0,NA,"","3404_15","drought",NA,"alive",1,"Vegetative",0,NA,"1",0,0,1,NA
2018,15,3404,9,"G","1",16,16,0,NA,"","3404_15","drought",NA,"alive",1,"Vegetative",0,NA,"0",NA,NA,1,0
2019,15,3404,9,"G","0",NA,NA,NA,NA,"no plant","3404_15","drought",NA,"dormant",1,"Dormant",NA,NA,"1",0,0,1,0
2020,15,3404,9,"G","1",NA,8.1,0,NA,"","3404_15","drought",NA,"alive",1,"Vegetative",0,NA,"2",0,0,1,NA
2021,15,3404,9,"G","2",NA,8,0,NA,"","3404_15","drought",NA,"alive",1,"Vegetative",0,NA,"4",0,0,1,0
2022,15,3404,9,"G","4",NA,17.5,0,NA,"","3404_15","drought",NA,"alive",1,"Vegetative",0,NA,"7",4,1,1,0
2023,15,3404,9,"G","7",39,17,4,"SOS","","3404_15","drought",NA,"alive",1,"Flowering",1,NA,"5",5,1,1,0
2024,15,3404,9,"G","5",32.5,16.5,5,"11","3404 mistakenly 3402 in phen; one umbel eaten and not measured","3404_15","drought",NA,"alive",1,"Flowering",1,NA,"2",0,0,1,1
2025,15,3404,9,"G","2",NA,13,0,NA,"","3404_15","drought",NA,"alive",1,"Vegetative",0,NA,NA,NA,NA,NA,1
2020,7,3404,15,"H","1",NA,15.2,0,NA,"","3404_7","drought",2023,"alive",1,"Vegetative",0,NA,"0",NA,NA,1,NA
2021,7,3404,15,"H","0",NA,NA,NA,NA,"NP","3404_7","drought",2023,"dormant",1,"Dormant",NA,NA,"2",0,0,1,0
2022,7,3404,15,"H","2",NA,18,0,NA,"","3404_7","drought",2023,"alive",1,"Vegetative",0,NA,"0",NA,NA,0,NA
2023,7,3404,15,"H","0",NA,NA,NA,NA,"NP","3404_7","drought",2023,"dead",0,"Dead",NA,NA,NA,NA,NA,NA,0
2017,15,3405,8,"H","3",NA,16,2,"2.5","","3405_15","drought",2018,"alive",1,"Flowering",1,NA,"0",NA,NA,0,NA
2018,15,3405,8,"H","0",NA,NA,NA,NA,"no plant","3405_15","drought",2018,"dead",0,"Dead",NA,NA,NA,NA,NA,NA,1
2020,7,3405,15,"H","1",NA,13.5,0,NA,"","3405_7","drought",NA,"alive",1,"Vegetative",0,NA,"1",0,0,1,NA
2021,7,3405,15,"H","1",NA,16.5,0,NA,"","3405_7","drought",NA,"alive",1,"Vegetative",0,NA,"1",0,0,1,0
2022,7,3405,15,"H","1",NA,19.5,0,NA,"","3405_7","drought",NA,"alive",1,"Vegetative",0,NA,"1",0,0,1,0
2023,7,3405,15,"H","1",NA,16.5,0,NA,"","3405_7","drought",NA,"alive",1,"Vegetative",0,NA,"3",1,1,1,0
2024,7,3405,15,"H","3",1,24.5,1,"2","missed in phen? Flowering today","3405_7","drought",NA,"alive",1,"Flowering",1,NA,"0",NA,NA,NA,0
2025,7,3405,15,"H","0",NA,NA,NA,NA,"NP","3405_7","drought",NA,NA,NA,NA,NA,NA,NA,NA,NA,NA,1
2020,7,3406,12,"J","1",NA,8.2,0,NA,"","3406_7","drought",NA,"alive",1,"Vegetative",0,NA,"2",0,0,1,NA
2021,7,3406,12,"J","2",NA,13,0,NA,"","3406_7","drought",NA,"alive",1,"Vegetative",0,NA,"1",1,1,1,0
2022,7,3406,12,"J","1",30.5,9,1,"3","","3406_7","drought",NA,"alive",1,"Flowering",1,NA,"1",0,0,1,0
2023,7,3406,12,"J","1",NA,17,0,NA,"","3406_7","drought",NA,"alive",1,"Vegetative",0,NA,"2",1,1,1,1
2024,7,3406,12,"J","2",24.5,10,1,"2.5","","3406_7","drought",NA,"alive",1,"Flowering",1,NA,"0",NA,NA,NA,0
2025,7,3406,12,"J","0",NA,NA,NA,NA,"NP","3406_7","drought",NA,NA,NA,NA,NA,NA,NA,NA,NA,NA,1
2020,7,3407,16,"D","2",NA,14.1,0,NA,"","3407_7","drought",NA,"alive",1,"Vegetative",0,NA,"2",0,0,1,NA
2021,7,3407,16,"D","2",NA,19,0,NA,"","3407_7","drought",NA,"alive",1,"Vegetative",0,NA,"1",0,0,1,0
2022,7,3407,16,"D","1",NA,25.5,0,NA,"","3407_7","drought",NA,"alive",1,"Vegetative",0,NA,"1",1,1,1,0
2023,7,3407,16,"D","1",34,17,1,NA,"umbel eaten off, leaf munched","3407_7","drought",NA,"alive",1,"Flowering",1,NA,"3",1,1,1,0
2024,7,3407,16,"D","3",50.5,25,1,"6","","3407_7","drought",NA,"alive",1,"Flowering",1,NA,"0",NA,NA,NA,1
2025,7,3407,16,"D","0",NA,NA,NA,NA,"NP","3407_7","drought",NA,NA,NA,NA,NA,NA,NA,NA,NA,NA,1
2020,7,3408,17,"C","1",NA,13.5,0,NA,"","3408_7","drought",NA,"alive",1,"Vegetative",0,NA,"1",0,0,1,NA
2021,7,3408,17,"C","1",NA,19,0,NA,"","3408_7","drought",NA,"alive",1,"Vegetative",0,NA,"1",1,1,1,0
2022,7,3408,17,"C","1",47,18.5,1,"3.5","","3408_7","drought",NA,"alive",1,"Flowering",1,NA,"2",1,1,1,0
2023,7,3408,17,"C","2",56,29,1,NA,"not tracking phenology. Umbel eaten off.","3408_7","drought",NA,"alive",1,"Flowering",1,NA,"3",1,1,1,1
2024,7,3408,17,"C","3",33,27.5,1,"5","","3408_7","drought",NA,"alive",1,"Flowering",1,NA,"3",1,1,1,1
2025,7,3408,17,"C","3",55,29,1,"2.5","","3408_7","drought",NA,"alive",1,"Flowering",1,NA,NA,NA,NA,NA,1
2020,7,3409,16,"B","1",NA,12.5,0,NA,"","3409_7","drought",NA,"alive",1,"Vegetative",0,NA,"1",0,0,1,NA
2021,7,3409,16,"B","1",NA,20,0,NA,"","3409_7","drought",NA,"alive",1,"Vegetative",0,NA,"0",NA,NA,1,0
2022,7,3409,16,"B","0",NA,NA,NA,NA,"entire plant clipped but present ","3409_7","drought",NA,"dormant",1,"Dormant",NA,NA,"2",1,1,1,0
2023,7,3409,16,"B","2",53,23,1,"5","not tracked for phenology.","3409_7","drought",NA,"alive",1,"Flowering",1,NA,"3",1,1,1,NA
2024,7,3409,16,"B","3",52.5,21.5,1,"2","","3409_7","drought",NA,"alive",1,"Flowering",1,NA,NA,NA,NA,NA,1
2025,7,3409,16,"B",NA,NA,NA,NA,NA,"NPNT","3409_7","drought",NA,NA,NA,NA,NA,NA,NA,NA,NA,NA,1
2018,1,3410,4,"J","2",13.5,13.5,0,NA,"","3410_1","irrigated",NA,"alive",1,"Vegetative",0,NA,"1",0,0,1,NA
2019,1,3410,4,"J","1",NA,9,0,NA,"","3410_1","irrigated",NA,"alive",1,"Vegetative",0,NA,NA,NA,NA,NA,0
2020,1,3410,4,"J",NA,NA,NA,NA,NA,"NPNT","3410_1","irrigated",NA,NA,NA,NA,NA,NA,"4",1,1,1,0
2021,1,3410,4,"J","4",27,13.5,1,"4","","3410_1","irrigated",NA,"alive",1,"Flowering",1,NA,"2",1,1,1,NA
2022,1,3410,4,"J","2",29,14,1,"6.5","","3410_1","irrigated",NA,"alive",1,"Flowering",1,NA,"6",3,1,1,1
2023,1,3410,4,"J","6",34,14,3,"SOS","","3410_1","irrigated",NA,"alive",1,"Flowering",1,NA,"2",1,1,1,1
2024,1,3410,4,"J","2",26,15.5,1,"5","","3410_1","irrigated",NA,"alive",1,"Flowering",1,NA,"2",1,1,1,1
2025,1,3410,4,"J","2",27,13,1,"2.5","","3410_1","irrigated",NA,"alive",1,"Flowering",1,NA,NA,NA,NA,NA,1
2020,12,3410,16,"C","2",NA,5,0,NA,"","3410_12","irrigated",NA,"alive",1,"Vegetative",0,NA,"1",0,0,1,NA
2021,12,3410,16,"C","1",NA,10.5,0,NA,"","3410_12","irrigated",NA,"alive",1,"Vegetative",0,NA,"2",0,0,1,0
2022,12,3410,16,"C","2",NA,15,0,NA,"","3410_12","irrigated",NA,"alive",1,"Vegetative",0,NA,"2",0,0,1,0
2023,12,3410,16,"C","2",NA,18,0,NA,"","3410_12","irrigated",NA,"alive",1,"Vegetative",0,NA,"1",0,0,1,0
2024,12,3410,16,"C","1",NA,15,0,NA,"moss","3410_12","irrigated",NA,"alive",1,"Vegetative",0,NA,"4",0,0,1,0
2025,12,3410,16,"C","4",NA,14.5,0,NA,"","3410_12","irrigated",NA,"alive",1,"Vegetative",0,NA,NA,NA,NA,NA,0
2018,1,3411,9,"J","2",7.5,7,0,NA,"","3411_1","irrigated",NA,"alive",1,"Vegetative",0,NA,"1",0,0,1,NA
2019,1,3411,9,"J","1",NA,8,0,NA,"","3411_1","irrigated",NA,"alive",1,"Vegetative",0,NA,"1",0,0,1,0
2020,1,3411,9,"J","1",NA,7.5,0,NA,"","3411_1","irrigated",NA,"alive",1,"Vegetative",0,NA,"1",0,0,1,0
2021,1,3411,9,"J","1",NA,13,0,NA,"","3411_1","irrigated",NA,"alive",1,"Vegetative",0,NA,"1",0,0,1,0
2022,1,3411,9,"J","1",NA,11,0,NA,"","3411_1","irrigated",NA,"alive",1,"Vegetative",0,NA,"1",1,1,1,0
2023,1,3411,9,"J","1",20,15.5,1,"3","","3411_1","irrigated",NA,"alive",1,"Flowering",1,NA,"2",1,1,1,0
2024,1,3411,9,"J","2",31,8.5,1,"4.5","accidentally pulled when measuring; 22 fruits","3411_1","irrigated",NA,"alive",1,"Flowering",1,NA,"1",0,0,1,1
2025,1,3411,9,"J","1",NA,23,0,NA,"","3411_1","irrigated",NA,"alive",1,"Vegetative",0,NA,NA,NA,NA,NA,1
2020,12,3411,17,"F","1",NA,3.8,0,NA,"","3411_12","irrigated",2021,"alive",1,"Vegetative",0,NA,"0",NA,NA,0,NA
2021,12,3411,17,"F","0",NA,NA,NA,NA,"NP","3411_12","irrigated",2021,"dead",0,"Dead",NA,NA,NA,NA,NA,NA,0
2018,1,3412,9,"I","1",8.5,8.5,0,NA,"","3412_1","irrigated",NA,"alive",1,"Vegetative",0,NA,"1",0,0,1,NA
2019,1,3412,9,"I","1",NA,8,0,NA,"","3412_1","irrigated",NA,"alive",1,"Vegetative",0,NA,"1",0,0,1,0
2020,1,3412,9,"I","1",NA,10.1,0,NA,"","3412_1","irrigated",NA,"alive",1,"Vegetative",0,NA,"1",0,0,1,0
2021,1,3412,9,"I","1",NA,11,0,NA,"","3412_1","irrigated",NA,"alive",1,"Vegetative",0,NA,"2",1,1,1,0
2022,1,3412,9,"I","2",38,15,1,"6","","3412_1","irrigated",NA,"alive",1,"Flowering",1,NA,"4",2,1,1,0
2023,1,3412,9,"I","4",36,17,2,"SOS","","3412_1","irrigated",NA,"alive",1,"Flowering",1,NA,"2",0,0,1,1
2024,1,3412,9,"I","2",NA,22.5,0,NA,"moss","3412_1","irrigated",NA,"alive",1,"Vegetative",0,NA,"2",1,1,1,1
2025,1,3412,9,"I","2",37,18,1,"5.5","moss","3412_1","irrigated",NA,"alive",1,"Flowering",1,NA,NA,NA,NA,NA,0
2020,12,3412,17,"C","1",NA,6.2,0,NA,"","3412_12","irrigated",2021,"alive",1,"Vegetative",0,NA,"0",NA,NA,0,NA
2021,12,3412,17,"C","0",NA,NA,NA,NA,"NP, under hose","3412_12","irrigated",2021,"dead",0,"Dead",NA,NA,NA,NA,NA,NA,0
2020,12,3413,16,"I","1",NA,11.8,0,NA,"","3413_12","irrigated",NA,"alive",1,"Vegetative",0,NA,"1",0,0,1,NA
2021,12,3413,16,"I","1",NA,10,0,NA,"","3413_12","irrigated",NA,"alive",1,"Vegetative",0,NA,"3",1,1,1,0
2022,12,3413,16,"I","3",32.5,19,1,"5","","3413_12","irrigated",NA,"alive",1,"Flowering",1,NA,"2",0,0,1,0
2023,12,3413,16,"I","2",NA,13,0,NA,"","3413_12","irrigated",NA,"alive",1,"Vegetative",0,NA,"1",1,1,1,1
2024,12,3413,16,"I","1",25.5,21,1,"5","","3413_12","irrigated",NA,"alive",1,"Flowering",1,NA,"4",1,1,1,0
2025,12,3413,16,"I","4",30,22,1,"2.5","","3413_12","irrigated",NA,"alive",1,"Flowering",1,NA,NA,NA,NA,NA,1
2018,2,3413,2,"E","2",4.5,4.5,0,NA,"","3413_2","control",NA,"alive",1,"Vegetative",0,NA,"0",NA,NA,1,NA
2019,2,3413,2,"E","0",NA,NA,NA,NA,"no plant","3413_2","control",NA,"dormant",1,"Dormant",NA,NA,"2",0,0,1,0
2020,2,3413,2,"E","2",NA,9.6,0,NA,"1 pulledd","3413_2","control",NA,"alive",1,"Vegetative",0,NA,"3",0,0,1,NA
2021,2,3413,2,"E","3",NA,10.5,0,NA,"","3413_2","control",NA,"alive",1,"Vegetative",0,NA,"3",2,1,1,0
2022,2,3413,2,"E","3",28,11,2,"SOS","","3413_2","control",NA,"alive",1,"Flowering",1,NA,"3",1,1,1,0
2023,2,3413,2,"E","3",21,10,1,"3","","3413_2","control",NA,"alive",1,"Flowering",1,NA,"1",1,1,1,1
2024,2,3413,2,"E","1",13,11.5,1,"2.5","","3413_2","control",NA,"alive",1,"Flowering",1,NA,"3",2,1,1,1
2025,2,3413,2,"E","3",20,19,2,"4.5","","3413_2","control",NA,"alive",1,"Flowering",1,NA,NA,NA,NA,NA,1
2020,12,3414,15,"H","2",NA,12.7,0,NA,"","3414_12","irrigated",2022,"alive",1,"Vegetative",0,NA,"1",0,0,1,NA
2021,12,3414,15,"H","1",NA,11,0,NA,"","3414_12","irrigated",2022,"alive",1,"Vegetative",0,NA,"0",NA,NA,0,0
2022,12,3414,15,"H","0",NA,NA,NA,NA,"NP","3414_12","irrigated",2022,"dead",0,"Dead",NA,NA,NA,NA,NA,NA,0
2019,1,3415,17,"J","1",NA,10.5,0,NA,"","3415_1","irrigated",2024,"alive",1,"Vegetative",0,NA,NA,NA,NA,NA,NA
2020,1,3415,17,"J",NA,NA,NA,NA,NA,"","3415_1","irrigated",2024,NA,NA,NA,NA,NA,"1",0,0,1,0
2021,1,3415,17,"J","1",NA,12,0,NA,"","3415_1","irrigated",2024,"alive",1,"Vegetative",0,NA,"1",0,0,1,NA
2022,1,3415,17,"J","1",NA,20,0,NA,"","3415_1","irrigated",2024,"alive",1,"Vegetative",0,NA,"1",0,0,1,0
2023,1,3415,17,"J","1",NA,15,0,NA,"","3415_1","irrigated",2024,"alive",1,"Vegetative",0,NA,"0",NA,NA,0,0
2024,1,3415,17,"J","0",NA,NA,NA,NA,"NP","3415_1","irrigated",2024,"dead",0,"Dead",NA,NA,NA,NA,NA,NA,0
2020,12,3415,17,"H","1",NA,12.1,0,NA,"","3415_12","irrigated",NA,"alive",1,"Vegetative",0,NA,"1",0,0,1,NA
2021,12,3415,17,"H","1",NA,8,0,NA,"","3415_12","irrigated",NA,"alive",1,"Vegetative",0,NA,"1",0,0,1,0
2022,12,3415,17,"H","1",NA,14.5,0,NA,"","3415_12","irrigated",NA,"alive",1,"Vegetative",0,NA,"2",0,0,1,0
2023,12,3415,17,"H","2",NA,18,0,NA,"","3415_12","irrigated",NA,"alive",1,"Vegetative",0,NA,"1",0,0,1,0
2024,12,3415,17,"H","1",NA,11,0,NA,"","3415_12","irrigated",NA,"alive",1,"Vegetative",0,NA,"1",0,0,1,0
2025,12,3415,17,"H","1",NA,16.5,0,NA,"","3415_12","irrigated",NA,"alive",1,"Vegetative",0,NA,NA,NA,NA,NA,0
2020,12,3416,18,"G","1",NA,4.8,0,NA,"","3416_12","irrigated",NA,"alive",1,"Vegetative",0,NA,"0",NA,NA,1,NA
2021,12,3416,18,"G","0",NA,NA,NA,NA,"NP","3416_12","irrigated",NA,"dormant",1,"Dormant",NA,NA,"1",0,0,1,0
2022,12,3416,18,"G","1",NA,13.5,0,NA,"","3416_12","irrigated",NA,"alive",1,"Vegetative",0,NA,"1",0,0,1,NA
2023,12,3416,18,"G","1",NA,10,0,NA,"","3416_12","irrigated",NA,"alive",1,"Vegetative",0,NA,NA,NA,NA,NA,0
2024,12,3416,18,"G",NA,NA,NA,NA,NA,"NPNT","3416_12","irrigated",NA,NA,NA,NA,NA,NA,"1",0,0,1,0
2025,12,3416,18,"G","1",NA,15.5,0,NA,"","3416_12","irrigated",NA,"alive",1,"Vegetative",0,NA,NA,NA,NA,NA,NA
2020,12,3417,18,"F","1",NA,4.8,0,NA,"","3417_12","irrigated",NA,"alive",1,"Vegetative",0,NA,"1",0,0,1,NA
2021,12,3417,18,"F","1",NA,9,0,NA,"","3417_12","irrigated",NA,"alive",1,"Vegetative",0,NA,NA,NA,NA,NA,0
2022,12,3417,18,"F",NA,NA,NA,NA,NA,"NPNT. New tag, 7511 may be same plant? ","3417_12","irrigated",NA,NA,NA,NA,NA,NA,"2",0,0,1,0
2023,12,3417,18,"F","2",NA,17.5,0,NA,"","3417_12","irrigated",NA,"alive",1,"Vegetative",0,NA,"0",NA,NA,1,NA
2024,12,3417,18,"F","0",NA,NA,NA,NA,"NP","3417_12","irrigated",NA,"dormant",1,"Dormant",NA,NA,"1",0,0,1,0
2025,12,3417,18,"F","1",NA,16.5,0,NA,"","3417_12","irrigated",NA,"alive",1,"Vegetative",0,NA,NA,NA,NA,NA,NA
2018,15,3417,6,"I","3",22,16.5,1,"2.7","","3417_15","drought",NA,"alive",1,"Flowering",1,NA,"1",0,0,1,NA
2019,15,3417,6,"I","1",NA,15.5,0,NA,"no plant","3417_15","drought",NA,"alive",1,"Vegetative",0,NA,"1",0,0,1,1
2020,15,3417,6,"I","1",NA,13.3,0,NA,"found but killed","3417_15","drought",NA,"alive",1,"Vegetative",0,NA,"4",1,1,1,0
2021,15,3417,6,"I","4",17,19,1,"3","","3417_15","drought",NA,"alive",1,"Flowering",1,NA,"6",3,1,1,0
2022,15,3417,6,"I","6",53,20,3,"SOS","","3417_15","drought",NA,"alive",1,"Flowering",1,NA,"7",4,1,1,1
2023,15,3417,6,"I","7",53,24,4,"SOS","","3417_15","drought",NA,"alive",1,"Flowering",1,NA,"6",3,1,1,1
2024,15,3417,6,"I","6",58,30.5,3,"9","","3417_15","drought",NA,"alive",1,"Flowering",1,NA,"0",NA,NA,NA,1
2025,15,3417,6,"I","0",NA,NA,NA,NA,"NP","3417_15","drought",NA,NA,NA,NA,NA,NA,NA,NA,NA,NA,1
2019,1,3418,18,"B","1",10,13,1,"2","","3418_1","irrigated",2022,"alive",1,"Flowering",1,NA,NA,NA,NA,NA,NA
2020,1,3418,18,"B",NA,NA,NA,NA,NA,"","3418_1","irrigated",2022,NA,NA,NA,NA,NA,"2",1,1,1,1
2021,1,3418,18,"B","2",26,12,1,"3","18E not 18B","3418_1","irrigated",2022,"alive",1,"Flowering",1,NA,"0",NA,NA,0,NA
2022,1,3418,18,"B","0",NA,NA,NA,NA,"NP. In 18E","3418_1","irrigated",2022,"dead",0,"Dead",NA,NA,NA,NA,NA,NA,1
2020,12,3418,18,"C","1",NA,2.5,0,NA,"","3418_12","irrigated",NA,"alive",1,"Vegetative",0,NA,"1",0,0,1,NA
2021,12,3418,18,"C","1",NA,13,0,NA,"","3418_12","irrigated",NA,"alive",1,"Vegetative",0,NA,"1",NA,NA,1,0
2022,12,3418,18,"C","1",NA,18,NA,NA,"","3418_12","irrigated",NA,"alive",1,NA,NA,NA,"2",0,0,1,0
2023,12,3418,18,"C","2",NA,22,0,NA,"","3418_12","irrigated",NA,"alive",1,"Vegetative",0,NA,"1",0,0,1,NA
2024,12,3418,18,"C","1",NA,13,0,NA,"in moss","3418_12","irrigated",NA,"alive",1,"Vegetative",0,NA,"2",0,0,1,0
2025,12,3418,18,"C","2",NA,21,0,NA,"","3418_12","irrigated",NA,"alive",1,"Vegetative",0,NA,NA,NA,NA,NA,0
2020,12,3419,14,"C","1",NA,4.2,0,NA,"","3419_12","irrigated",2022,"alive",1,"Vegetative",0,NA,"1",0,0,1,NA
2021,12,3419,14,"C","1",NA,7,0,NA,"","3419_12","irrigated",2022,"alive",1,"Vegetative",0,NA,"0",NA,NA,0,0
2022,12,3419,14,"C","0",NA,NA,NA,NA,"NP","3419_12","irrigated",2022,"dead",0,"Dead",NA,NA,NA,NA,NA,NA,0
2018,13,3419,16,"F","1",12,12,0,NA,"","3419_13","control",2021,"alive",1,"Vegetative",0,NA,"1",0,0,1,NA
2019,13,3419,16,"F","1",NA,12,0,NA,"","3419_13","control",2021,"alive",1,"Vegetative",0,NA,NA,NA,NA,NA,0
2020,13,3419,16,"F",NA,NA,NA,NA,NA,"","3419_13","control",2021,NA,NA,NA,NA,NA,"0",NA,NA,0,0
2021,13,3419,16,"F","0",NA,NA,NA,NA,"NP","3419_13","control",2021,"dead",0,"Dead",NA,NA,NA,NA,NA,NA,NA
2020,12,3420,10,"H","1",NA,5.8,0,NA,"","3420_12","irrigated",NA,"alive",1,"Vegetative",0,NA,"1",0,0,1,NA
2021,12,3420,10,"H","1",NA,9,0,NA,"","3420_12","irrigated",NA,"alive",1,"Vegetative",0,NA,"1",0,0,1,0
2022,12,3420,10,"H","1",NA,9.5,0,NA,"","3420_12","irrigated",NA,"alive",1,"Vegetative",0,NA,"1",0,0,1,0
2023,12,3420,10,"H","1",NA,12,0,NA,"","3420_12","irrigated",NA,"alive",1,"Vegetative",0,NA,"1",0,0,1,0
2024,12,3420,10,"H","1",NA,17.5,0,NA,"ant colony","3420_12","irrigated",NA,"alive",1,"Vegetative",0,NA,"1",0,0,1,0
2025,12,3420,10,"H","1",NA,13,0,NA,"","3420_12","irrigated",NA,"alive",1,"Vegetative",0,NA,NA,NA,NA,NA,0
2018,13,3420,18,"B","1",9,9,0,NA,"","3420_13","control",2019,"alive",1,"Vegetative",0,NA,"0",NA,NA,0,NA
2019,13,3420,18,"B","0",NA,NA,NA,NA,"no plant","3420_13","control",2019,"dead",0,"Dead",NA,NA,NA,NA,NA,NA,0
2020,12,3421,15,"C","1",NA,2.6,0,NA,"","3421_12","irrigated",NA,"alive",1,"Vegetative",0,NA,"1",0,0,1,NA
2021,12,3421,15,"C","1",NA,7,0,NA,"","3421_12","irrigated",NA,"alive",1,"Vegetative",0,NA,"1",0,0,1,0
2022,12,3421,15,"C","1",NA,12,0,NA,"","3421_12","irrigated",NA,"alive",1,"Vegetative",0,NA,"1",0,0,1,0
2023,12,3421,15,"C","1",NA,13,0,NA,"","3421_12","irrigated",NA,"alive",1,"Vegetative",0,NA,"0",NA,NA,1,0
2024,12,3421,15,"C","0",NA,NA,NA,NA,"NP; moss","3421_12","irrigated",NA,"dormant",1,"Dormant",NA,NA,"2",0,0,1,0
2025,12,3421,15,"C","2",NA,18,0,NA,"","3421_12","irrigated",NA,"alive",1,"Vegetative",0,NA,NA,NA,NA,NA,NA
2018,13,3421,0,"C","2",9,9,0,NA,"","3421_13","control",NA,"alive",1,"Vegetative",0,NA,"0",NA,NA,1,NA
2019,13,3421,0,"C","0",NA,NA,NA,NA,"no plant","3421_13","control",NA,"dormant",1,"Dormant",NA,NA,"1",0,0,1,0
2020,13,3421,0,"C","1",NA,9.5,0,NA,"","3421_13","control",NA,"alive",1,"Vegetative",0,NA,"2",1,1,1,NA
2021,13,3421,0,"C","2",15,13,1,"3","","3421_13","control",NA,"alive",1,"Flowering",1,NA,"3",2,1,1,0
2022,13,3421,0,"C","3",30,19,2,"SOS","","3421_13","control",NA,"alive",1,"Flowering",1,NA,"2",2,1,1,1
2023,13,3421,0,"C","2",28,17,2,"SOS","1 umbel dead","3421_13","control",NA,"alive",1,"Flowering",1,NA,"1",1,1,1,1
2024,13,3421,0,"C","1",21.5,4,1,"2.5","leaf mostly gone","3421_13","control",NA,"alive",1,"Flowering",1,NA,"2",1,1,1,1
2025,13,3421,0,"C","2",17,12.5,1,"2.5","","3421_13","control",NA,"alive",1,"Flowering",1,NA,NA,NA,NA,NA,1
2020,12,3422,13,"H","1",NA,9.8,0,NA,"","3422_12","irrigated",NA,"alive",1,"Vegetative",0,NA,"2",0,0,1,NA
2021,12,3422,13,"H","2",NA,19,0,NA,"","3422_12","irrigated",NA,"alive",1,"Vegetative",0,NA,"1",0,0,1,0
2022,12,3422,13,"H","1",NA,11,0,NA,"","3422_12","irrigated",NA,"alive",1,"Vegetative",0,NA,"3",3,1,1,0
2023,12,3422,13,"H","3",37,10,3,"SOS","stem of third umbel broken; first umbel dead","3422_12","irrigated",NA,"alive",1,"Flowering",1,NA,"1",0,0,1,0
2024,12,3422,13,"H","1",NA,20.5,0,NA,"","3422_12","irrigated",NA,"alive",1,"Vegetative",0,NA,"3",1,1,1,1
2025,12,3422,13,"H","3",19,14,1,"4.5","","3422_12","irrigated",NA,"alive",1,"Flowering",1,NA,NA,NA,NA,NA,0
2018,13,3422,0,"C","2",14,14,0,NA,"","3422_13","control",NA,"alive",1,"Vegetative",0,NA,"1",0,0,1,NA
2019,13,3422,0,"C","1",NA,9.5,0,NA,"","3422_13","control",NA,"alive",1,"Vegetative",0,NA,"1",0,0,1,0
2020,13,3422,0,"C","1",NA,10.4,0,NA,"","3422_13","control",NA,"alive",1,"Vegetative",0,NA,"2",0,0,1,0
2021,13,3422,0,"C","2",NA,12.5,0,NA,"","3422_13","control",NA,"alive",1,"Vegetative",0,NA,"2",1,1,1,0
2022,13,3422,0,"C","2",31,14.5,1,"5","","3422_13","control",NA,"alive",1,"Flowering",1,NA,"2",1,1,1,0
2023,13,3422,0,"C","2",30,16.5,1,"6","","3422_13","control",NA,"alive",1,"Flowering",1,NA,"2",1,1,1,1
2024,13,3422,0,"C","2",30,8,1,"4","","3422_13","control",NA,"alive",1,"Flowering",1,NA,"2",1,1,1,1
2025,13,3422,0,"C","2",32,17,1,"4.5","","3422_13","control",NA,"alive",1,"Flowering",1,NA,NA,NA,NA,NA,1
2020,12,3423,13,"H","2",NA,12.4,0,NA,"","3423_12","irrigated",NA,"alive",1,"Vegetative",0,NA,NA,NA,NA,NA,NA
2021,12,3423,13,"H",NA,NA,NA,NA,NA,"NT, new tag is 3815","3423_12","irrigated",NA,NA,NA,NA,NA,NA,"5",3,1,1,0
2022,12,3423,13,"H","5",37,14.5,3,"SOS","was a replacement tag for 3815, but actually separate plants","3423_12","irrigated",NA,"alive",1,"Flowering",1,NA,"1",0,0,1,NA
2023,12,3423,13,"H","1",NA,18,0,NA,"","3423_12","irrigated",NA,"alive",1,"Vegetative",0,NA,"5",1,1,1,1
2024,12,3423,13,"H","5",36.5,22.5,1,"4.5","3422 in phen","3423_12","irrigated",NA,"alive",1,"Flowering",1,NA,"1",0,0,1,0
2025,12,3423,13,"H","1",NA,21.5,0,NA,"","3423_12","irrigated",NA,"alive",1,"Vegetative",0,NA,NA,NA,NA,NA,1
2018,15,3423,2,"I","4",17,17,0,NA,"","3423_15","drought",NA,"alive",1,"Vegetative",0,NA,"2",0,0,1,NA
2019,15,3423,2,"I","2",NA,17.5,0,NA,"","3423_15","drought",NA,"alive",1,"Vegetative",0,NA,"1",0,0,1,0
2020,15,3423,2,"I","1",NA,11.5,0,NA,"","3423_15","drought",NA,"alive",1,"Vegetative",0,NA,"2",1,1,1,0
2021,15,3423,2,"I","2",22.5,18.5,1,"3","","3423_15","drought",NA,"alive",1,"Flowering",1,NA,"3",2,1,1,0
2022,15,3423,2,"I","3",45,24,2,"SOS","","3423_15","drought",NA,"alive",1,"Flowering",1,NA,"4",2,1,1,1
2023,15,3423,2,"I","4",45,18.5,2,"SOS","","3423_15","drought",NA,"alive",1,"Flowering",1,NA,"2",1,1,1,1
2024,15,3423,2,"I","2",34,22,1,"3","spittlebug","3423_15","drought",NA,"alive",1,"Flowering",1,NA,"0",NA,NA,NA,1
2025,15,3423,2,"I","0",NA,NA,NA,NA,"NP tag pulled vole digging","3423_15","drought",NA,NA,NA,NA,NA,NA,NA,NA,NA,NA,1
2019,1,3424,12,"G","2",11.5,13,1,"2","","3424_1","irrigated",NA,"alive",1,"Flowering",1,NA,NA,NA,NA,NA,NA
2020,1,3424,12,"G",NA,NA,NA,NA,NA,"","3424_1","irrigated",NA,NA,NA,NA,NA,NA,"3",0,0,1,1
2021,1,3424,12,"G","3",NA,21,0,NA,"","3424_1","irrigated",NA,"alive",1,"Vegetative",0,NA,"3",1,1,1,NA
2022,1,3424,12,"G","3",25,25.5,1,"4","","3424_1","irrigated",NA,"alive",1,"Flowering",1,NA,"7",4,1,1,0
2023,1,3424,12,"G","7",54,20.5,4,"SOS","","3424_1","irrigated",NA,"alive",1,"Flowering",1,NA,"3",0,0,1,1
2024,1,3424,12,"G","3",NA,37,0,NA,"yes length is actually 37!","3424_1","irrigated",NA,"alive",1,"Vegetative",0,NA,"3",0,0,1,1
2025,1,3424,12,"G","3",NA,23,0,NA,"","3424_1","irrigated",NA,"alive",1,"Vegetative",0,NA,NA,NA,NA,NA,0
2020,12,3424,7,"H","1",NA,10.4,0,NA,"","3424_12","irrigated",NA,"alive",1,"Vegetative",0,NA,"1",0,0,1,NA
2021,12,3424,7,"H","1",NA,10,0,NA,"","3424_12","irrigated",NA,"alive",1,"Vegetative",0,NA,"1",0,0,1,0
2022,12,3424,7,"H","1",NA,13,0,NA,"","3424_12","irrigated",NA,"alive",1,"Vegetative",0,NA,"4",2,1,1,0
2023,12,3424,7,"H","4",41,18.5,2,"SOS","","3424_12","irrigated",NA,"alive",1,"Flowering",1,NA,"3",2,1,1,0
2024,12,3424,7,"H","3",43.5,15,2,"9","","3424_12","irrigated",NA,"alive",1,"Flowering",1,NA,"4",1,1,1,1
2025,12,3424,7,"H","4",17,15,1,"4","","3424_12","irrigated",NA,"alive",1,"Flowering",1,NA,NA,NA,NA,NA,1
2019,1,3425,19,"B","2",14,10,1,"2","","3425_1","irrigated",2021,"alive",1,"Flowering",1,NA,NA,NA,NA,NA,NA
2020,1,3425,19,"B",NA,NA,NA,NA,NA,"","3425_1","irrigated",2021,NA,NA,NA,NA,NA,"0",NA,NA,0,1
2021,1,3425,19,"B","0",NA,NA,NA,NA,"NP, under hose","3425_1","irrigated",2021,"dead",0,"Dead",NA,NA,NA,NA,NA,NA,NA
2020,12,3425,2,"I","2",NA,10.8,0,NA,"","3425_12","irrigated",NA,"alive",1,"Vegetative",0,NA,"2",0,0,1,NA
2021,12,3425,2,"I","2",NA,13.5,0,NA,"","3425_12","irrigated",NA,"alive",1,"Vegetative",0,NA,"2",0,0,1,0
2022,12,3425,2,"I","2",NA,14,0,NA,"","3425_12","irrigated",NA,"alive",1,"Vegetative",0,NA,"3",2,1,1,0
2023,12,3425,2,"I","3",28,17,2,"SOS","","3425_12","irrigated",NA,"alive",1,"Flowering",1,NA,"3",2,1,1,0
2024,12,3425,2,"I","3",34,17,2,"9","","3425_12","irrigated",NA,"alive",1,"Flowering",1,NA,"2",1,1,1,1
2025,12,3425,2,"I","2",15,16,1,"3","","3425_12","irrigated",NA,"alive",1,"Flowering",1,NA,NA,NA,NA,NA,1
2018,15,3426,1,"J","1",10.5,10.5,0,NA,"","3426_15","drought",NA,"alive",1,"Vegetative",0,NA,"0",NA,NA,1,NA
2019,15,3426,1,"J","0",NA,NA,NA,NA,"no plant","3426_15","drought",NA,"dormant",1,"Dormant",NA,NA,"1",0,0,1,0
2020,15,3426,1,"J","1",NA,6.2,0,NA,"very sad leaf","3426_15","drought",NA,"alive",1,"Vegetative",0,NA,"2",0,0,1,NA
2021,15,3426,1,"J","2",NA,10,0,NA,"","3426_15","drought",NA,"alive",1,"Vegetative",0,NA,"2",1,1,1,0
2022,15,3426,1,"J","2",30.5,21.5,1,"5","","3426_15","drought",NA,"alive",1,"Flowering",1,NA,"5",3,1,1,0
2023,15,3426,1,"J","5",40,18,3,"SOS","","3426_15","drought",NA,"alive",1,"Flowering",1,NA,"3",1,1,1,1
2024,15,3426,1,"J","3",42,28,1,"2","","3426_15","drought",NA,"alive",1,"Flowering",1,NA,NA,NA,NA,NA,1
2025,15,3426,1,"J",NA,NA,NA,NA,NA,"NPNT vole tunnels","3426_15","drought",NA,NA,NA,NA,NA,NA,NA,NA,NA,NA,1
2020,13,3427,6,"I","1",NA,5.8,0,NA,"","3427_13","control",NA,"alive",1,"Vegetative",0,NA,"1",0,0,1,NA
2021,13,3427,6,"I","1",NA,12,0,NA,"","3427_13","control",NA,"alive",1,"Vegetative",0,NA,"2",0,0,1,0
2022,13,3427,6,"I","2",NA,17,0,NA,"","3427_13","control",NA,"alive",1,"Vegetative",0,NA,"4",3,1,1,0
2023,13,3427,6,"I","4",30,16,3,"SOS","","3427_13","control",NA,"alive",1,"Flowering",1,NA,"2",1,1,1,0
2024,13,3427,6,"I","2",20,16,1,"3.5","","3427_13","control",NA,"alive",1,"Flowering",1,NA,"3",0,0,1,1
2025,13,3427,6,"I","3",NA,16,0,NA,"","3427_13","control",NA,"alive",1,"Vegetative",0,NA,NA,NA,NA,NA,1
2018,15,3427,1,"J","2",11,10.5,1,"1.6","","3427_15","drought",NA,"alive",1,"Flowering",1,NA,"1",0,0,1,NA
2019,15,3427,1,"J","1",NA,13,0,NA,"","3427_15","drought",NA,"alive",1,"Vegetative",0,NA,"3",1,1,1,1
2020,15,3427,1,"J","3",13.5,10.5,1,"1.1","","3427_15","drought",NA,"alive",1,"Flowering",1,NA,"2",1,1,1,0
2021,15,3427,1,"J","2",13,11,1,"3","","3427_15","drought",NA,"alive",1,"Flowering",1,NA,"4",2,1,1,1
2022,15,3427,1,"J","4",43,19.5,2,"SOS","","3427_15","drought",NA,"alive",1,"Flowering",1,NA,"5",3,1,1,1
2023,15,3427,1,"J","5",44,21,3,"SOS","1 umbel dead","3427_15","drought",NA,"alive",1,"Flowering",1,NA,"7",3,1,1,1
2024,15,3427,1,"J","7",48.5,25,3,"9.5","","3427_15","drought",NA,"alive",1,"Flowering",1,NA,"1",0,0,1,1
2025,15,3427,1,"J","1",NA,25.5,0,NA,"","3427_15","drought",NA,"alive",1,"Vegetative",0,NA,NA,NA,NA,NA,1
2018,13,3428,0,"D","2",10,9.5,1,"3.2","","3428_13","control",2024,"alive",1,"Flowering",1,NA,"2",1,1,1,NA
2019,13,3428,0,"D","2",13,5,1,"2","","3428_13","control",2024,"alive",1,"Flowering",1,NA,"2",1,1,1,1
2020,13,3428,0,"D","2",8.5,12.5,1,"1","","3428_13","control",2024,"alive",1,"Flowering",1,NA,"2",1,1,1,1
2021,13,3428,0,"D","2",12.5,13,1,"3","","3428_13","control",2024,"alive",1,"Flowering",1,NA,"2",1,1,1,1
2022,13,3428,0,"D","2",30,16.5,1,"3.5","","3428_13","control",2024,"alive",1,"Flowering",1,NA,NA,1,1,1,1
2023,13,3428,0,"D",NA,24,NA,1,NA,"dead umbel. leaves eaten off","3428_13","control",2024,"alive",1,"Flowering",1,NA,"0",NA,NA,0,1
2024,13,3428,0,"D","0",NA,NA,NA,NA,"NP","3428_13","control",2024,"dead",0,"Dead",NA,NA,NA,NA,NA,NA,1
2018,13,3429,0,"D","4",13,13,0,NA,"","3429_13","control",NA,"alive",1,"Vegetative",0,NA,"2",1,1,1,NA
2019,13,3429,0,"D","2",9.5,12,1,"3","","3429_13","control",NA,"alive",1,"Flowering",1,NA,"1",0,0,1,0
2020,13,3429,0,"D","1",NA,13.5,0,NA,"","3429_13","control",NA,"alive",1,"Vegetative",0,NA,"1",1,1,1,1
2021,13,3429,0,"D","1",14,13,1,"3.5","","3429_13","control",NA,"alive",1,"Flowering",1,NA,"2",1,1,1,0
2022,13,3429,0,"D","2",32,15,1,"8","","3429_13","control",NA,"alive",1,"Flowering",1,NA,"5",2,1,1,1
2023,13,3429,0,"D","5",39,14,2,"SOS","","3429_13","control",NA,"alive",1,"Flowering",1,NA,"2",1,1,1,1
2024,13,3429,0,"D","2",24.5,6,1,"3","","3429_13","control",NA,"alive",1,"Flowering",1,NA,"2",1,1,1,1
2025,13,3429,0,"D","2",NA,12,1,NA,"stalk clipped","3429_13","control",NA,"alive",1,"Flowering",1,NA,NA,NA,NA,NA,1
2019,1,3430,10,"A","1",NA,12.5,0,NA,"","3430_1","irrigated",2020,"alive",1,"Vegetative",0,NA,"0",NA,NA,0,NA
2020,1,3430,10,"A","0",NA,NA,NA,NA,"no plant","3430_1","irrigated",2020,"dead",0,"Dead",NA,NA,NA,NA,NA,NA,0
2020,14,3430,6,"B","1",NA,8.6,0,NA,"","3430_14","drought",NA,"alive",1,"Vegetative",0,NA,"2",0,0,1,NA
2021,14,3430,6,"B","2",NA,20.5,0,NA,"","3430_14","drought",NA,"alive",1,"Vegetative",0,NA,"1",2,1,1,0
2022,14,3430,6,"B","1",30,21,2,"SOS","","3430_14","drought",NA,"alive",1,"Flowering",1,NA,"4",2,1,1,0
2023,14,3430,6,"B","4",52.5,22.5,2,"SOS","","3430_14","drought",NA,"alive",1,"Flowering",1,NA,"1",0,0,1,1
2024,14,3430,6,"B","1",NA,16.5,0,NA,"","3430_14","drought",NA,"alive",1,"Vegetative",0,NA,"1",0,0,1,1
2025,14,3430,6,"B","1",NA,17.5,0,NA,"","3430_14","drought",NA,"alive",1,"Vegetative",0,NA,NA,NA,NA,NA,0
2018,13,3431,0,"D","3",11.5,11.5,0,NA,"","3431_13","control",NA,"alive",1,"Vegetative",0,NA,"2",0,0,1,NA
2019,13,3431,0,"D","2",NA,18,0,NA,"","3431_13","control",NA,"alive",1,"Vegetative",0,NA,"2",0,0,1,0
2020,13,3431,0,"D","2",NA,11,0,NA,"","3431_13","control",NA,"alive",1,"Vegetative",0,NA,"2",0,0,1,0
2021,13,3431,0,"D","2",NA,13,0,NA,"","3431_13","control",NA,"alive",1,"Vegetative",0,NA,"5",2,1,1,0
2022,13,3431,0,"D","5",41,15.5,2,"SOS","","3431_13","control",NA,"alive",1,"Flowering",1,NA,"6",5,1,1,0
2023,13,3431,0,"D","6",41,17,5,"SOS","","3431_13","control",NA,"alive",1,"Flowering",1,NA,"6",3,1,1,1
2024,13,3431,0,"D","6",25,14,3,"9.5","","3431_13","control",NA,"alive",1,"Flowering",1,NA,"5",4,1,1,1
2025,13,3431,0,"D","5",25,21,4,"2","3 dead umbles","3431_13","control",NA,"alive",1,"Flowering",1,NA,NA,NA,NA,NA,1
2020,14,3431,1,"F","1",NA,9.5,0,NA,"","3431_14","drought",NA,"alive",1,"Vegetative",0,NA,NA,NA,NA,NA,NA
2021,14,3431,1,"F",NA,NA,NA,NA,NA,"NPNT","3431_14","drought",NA,NA,NA,NA,NA,NA,"2",0,0,1,0
2022,14,3431,1,"F","2",NA,2.5,0,NA,"","3431_14","drought",NA,"alive",1,"Vegetative",0,NA,"4",2,1,1,NA
2023,14,3431,1,"F","4",56,22,2,"2","1 umbel dead","3431_14","drought",NA,"alive",1,"Flowering",1,NA,"2",1,1,1,0
2024,14,3134,1,"E","2",37.5,10.5,1,"2","broke basal leaf while searching might be longer","3431_14","drought",NA,"alive",1,"Flowering",1,NA,"2",1,1,1,1
2025,14,3431,1,"F","2",NA,31.5,1,NA,"next to 7516, last year the flowering plant should be 3431","3431_14","drought",NA,"alive",1,"Flowering",1,NA,NA,NA,NA,NA,1
2019,1,3432,19,"A","1",NA,10,0,NA,"","3432_1","irrigated",NA,"alive",1,"Vegetative",0,NA,NA,NA,NA,NA,NA
2020,1,3432,19,"A",NA,NA,NA,NA,NA,"","3432_1","irrigated",NA,NA,NA,NA,NA,NA,"2",0,0,1,0
2021,1,3432,19,"A","2",NA,21.5,0,NA,"","3432_1","irrigated",NA,"alive",1,"Vegetative",0,NA,"2",2,1,1,NA
2022,1,3432,19,"A","2",42,14,2,"SOS","","3432_1","irrigated",NA,"alive",1,"Flowering",1,NA,"4",2,1,1,0
2023,1,3432,19,"A","4",28.5,15.5,2,"SOS","","3432_1","irrigated",NA,"alive",1,"Flowering",1,NA,"1",1,1,1,1
2024,1,3432,19,"A","1",33,16,1,"5","","3432_1","irrigated",NA,"alive",1,"Flowering",1,NA,"2",0,0,1,1
2025,1,3432,19,"A","2",NA,27,0,NA,"","3432_1","irrigated",NA,"alive",1,"Vegetative",0,NA,NA,NA,NA,NA,1
2020,14,3432,2,"J","1",NA,20.8,0,NA,"","3432_14","drought",NA,"alive",1,"Vegetative",0,NA,"2",1,1,1,NA
2021,14,3432,2,"J","2",33,16,1,"3.5","","3432_14","drought",NA,"alive",1,"Flowering",1,NA,"4",3,1,1,0
2022,14,3432,2,"J","4",54,19,3,"SOS","","3432_14","drought",NA,"alive",1,"Flowering",1,NA,"2",2,1,1,1
2023,14,3432,2,"J","2",59,29,2,"6.5","1 umbel broke","3432_14","drought",NA,"alive",1,"Flowering",1,NA,"3",2,1,1,1
2024,14,3432,2,"J","3",33.5,19.5,2,"6.5","in moss","3432_14","drought",NA,"alive",1,"Flowering",1,NA,"1",0,0,1,1
2025,14,3432,2,"J","1",NA,14,0,NA,"in moss, closer to 3I","3432_14","drought",NA,"alive",1,"Vegetative",0,NA,NA,NA,NA,NA,1
2018,13,3433,3,"A","2",12.5,12.5,0,NA,"","3433_13","control",NA,"alive",1,"Vegetative",0,NA,"3",1,1,1,NA
2019,13,3433,3,"A","3",11,10.5,1,"2","","3433_13","control",NA,"alive",1,"Flowering",1,NA,"1",1,1,1,0
2020,13,3433,3,"A","1",4,8.1,1,"0.5","","3433_13","control",NA,"alive",1,"Flowering",1,NA,"2",1,1,1,1
2021,13,3433,3,"A","2",15,10,1,"2.5","","3433_13","control",NA,"alive",1,"Flowering",1,NA,"8",4,1,1,1
2022,13,3433,3,"A","8",26,13.5,4,"SOS","","3433_13","control",NA,"alive",1,"Flowering",1,NA,"3",3,1,1,1
2023,13,3433,3,"A","3",26,15,3,"SOS","1 umbel dead","3433_13","control",NA,"alive",1,"Flowering",1,NA,"4",2,1,1,1
2024,13,3433,3,"A","4",2,11,2,"5.5","","3433_13","control",NA,"alive",1,"Flowering",1,NA,"3",1,1,1,1
2025,13,3433,3,"A","3",13,13,1,NA,"one dead umbel","3433_13","control",NA,"alive",1,"Flowering",1,NA,NA,NA,NA,NA,1
2020,14,3433,0,"I","1",NA,15,0,NA,"","3433_14","drought",NA,"alive",1,"Vegetative",0,NA,"3",0,0,1,NA
2021,14,3433,0,"I","3",NA,17,0,NA,"","3433_14","drought",NA,"alive",1,"Vegetative",0,NA,"4",2,1,1,0
2022,14,3433,0,"I","4",69,20,2,"SOS","","3433_14","drought",NA,"alive",1,"Flowering",1,NA,"1",0,0,1,0
2023,14,3433,0,"I","1",NA,16.5,0,NA,"","3433_14","drought",NA,"alive",1,"Vegetative",0,NA,"1",0,0,1,1
2024,14,3433,1,"I","1",NA,24,0,NA,"moss; xcoord is 2 not 1","3433_14","drought",NA,"alive",1,"Vegetative",0,NA,"3",0,0,1,0
2025,14,3433,1,"I","3",NA,27,0,NA,"moss; xcoord is 2 not 1","3433_14","drought",NA,"alive",1,"Vegetative",0,NA,NA,NA,NA,NA,0
2019,1,3434,19,"F","1",NA,18,0,NA,"","3434_1","irrigated",2024,"alive",1,"Vegetative",0,NA,NA,NA,NA,NA,NA
2020,1,3434,19,"F",NA,NA,NA,NA,NA,"","3434_1","irrigated",2024,NA,NA,NA,NA,NA,"3",1,1,1,0
2021,1,3434,19,"F","3",30,12,1,"4","","3434_1","irrigated",2024,"alive",1,"Flowering",1,NA,"3",1,1,1,NA
2022,1,3434,19,"F","3",34,14,1,"5","stalk broken completely","3434_1","irrigated",2024,"alive",1,"Flowering",1,NA,"2",1,1,1,1
2023,1,3434,19,"F","2",40,19.5,1,"8","","3434_1","irrigated",2024,"alive",1,"Flowering",1,NA,"0",NA,NA,0,1
2024,1,3434,19,"F","0",NA,NA,NA,NA,"NP","3434_1","irrigated",2024,"dead",0,"Dead",NA,NA,NA,NA,NA,NA,1
2020,14,3434,7,"B","1",NA,4.7,0,NA,"","3434_14","drought",NA,"alive",1,"Vegetative",0,NA,"1",0,0,1,NA
2021,14,3434,7,"B","1",NA,6,0,NA,"","3434_14","drought",NA,"alive",1,"Vegetative",0,NA,"0",NA,NA,1,0
2022,14,3434,7,"B","0",NA,NA,NA,NA,"NP","3434_14","drought",NA,"dormant",1,"Dormant",NA,NA,"1",0,0,1,0
2023,14,3434,7,"B","1",NA,16,0,NA,"","3434_14","drought",NA,"alive",1,"Vegetative",0,NA,"1",0,0,1,NA
2024,14,3434,7,"B","1",NA,8.5,0,NA,"","3434_14","drought",NA,"alive",1,"Vegetative",0,NA,"1",0,0,1,0
2025,14,3434,7,"B","1",NA,15,0,NA,"closer to 8A","3434_14","drought",NA,"alive",1,"Vegetative",0,NA,NA,NA,NA,NA,0
2020,14,3435,5,"A","2",NA,9.7,0,NA,"","3435_14","drought",NA,"alive",1,"Vegetative",0,NA,"1",0,0,1,NA
2021,14,3435,5,"A","1",NA,10,0,NA,"","3435_14","drought",NA,"alive",1,"Vegetative",0,NA,"0",NA,NA,1,0
2022,14,3435,5,"A","0",NA,NA,NA,NA,"NP","3435_14","drought",NA,"dormant",1,"Dormant",NA,NA,"1",0,0,1,0
2023,14,3435,5,"A","1",NA,21,0,NA,"","3435_14","drought",NA,"alive",1,"Vegetative",0,NA,"0",NA,NA,1,NA
2024,14,3435,5,"A","0",NA,NA,NA,NA,"NP; moss","3435_14","drought",NA,"dormant",1,"Dormant",NA,NA,"1",0,0,1,0
2025,14,3435,5,"A","1",NA,12,0,NA,"moss","3435_14","drought",NA,"alive",1,"Vegetative",0,NA,NA,NA,NA,NA,NA
2018,15,3436,17,"H","2",16.5,16.5,0,NA,"","3436_15","drought",NA,"alive",1,"Vegetative",0,NA,"0",NA,NA,1,NA
2019,15,3436,17,"H","0",NA,NA,NA,NA,"no plant","3436_15","drought",NA,"dormant",1,"Dormant",NA,NA,NA,NA,NA,NA,0
2020,15,3436,17,"H",NA,NA,NA,NA,NA,"","3436_15","drought",NA,NA,NA,NA,NA,NA,"2",1,1,1,NA
2021,15,3436,17,"H","2",22.5,15.5,1,"2.5","","3436_15","drought",NA,"alive",1,"Flowering",1,NA,"4",2,1,1,NA
2022,15,3436,17,"H","4",43,20,2,"SOS","","3436_15","drought",NA,"alive",1,"Flowering",1,NA,"3",1,1,1,1
2023,15,3436,17,"H","3",34,22,1,"7.5","","3436_15","drought",NA,"alive",1,"Flowering",1,NA,"3",1,1,1,1
2024,15,3436,17,"H","3",32.5,20,1,"4","","3436_15","drought",NA,"alive",1,"Flowering",1,NA,"0",NA,NA,NA,1
2025,15,3436,17,"H","0",NA,NA,NA,NA,"NP","3436_15","drought",NA,NA,NA,NA,NA,NA,NA,NA,NA,NA,1
2019,1,3437,16,"J","1",NA,10,0,NA,"","3437_1","irrigated",2022,"alive",1,"Vegetative",0,NA,NA,NA,NA,NA,NA
2020,1,3437,16,"J",NA,NA,NA,NA,NA,"","3437_1","irrigated",2022,NA,NA,NA,NA,NA,"1",0,0,1,0
2021,1,3437,16,"J","1",NA,10,0,NA,"","3437_1","irrigated",2022,"alive",1,"Vegetative",0,NA,"0",NA,NA,0,NA
2022,1,3437,16,"J","0",NA,NA,NA,NA,"NP","3437_1","irrigated",2022,"dead",0,"Dead",NA,NA,NA,NA,NA,NA,0
2018,13,3438,17,"A","2",13,13,0,NA,"","3438_13","control",NA,"alive",1,"Vegetative",0,NA,"1",0,0,1,NA
2019,13,3438,17,"A","1",NA,9,0,NA,"","3438_13","control",NA,"alive",1,"Vegetative",0,NA,NA,NA,NA,NA,0
2020,13,3438,17,"A",NA,NA,NA,NA,NA,"","3438_13","control",NA,NA,NA,NA,NA,NA,"2",0,0,1,0
2021,13,3438,17,"A","2",NA,12,0,NA,"","3438_13","control",NA,"alive",1,"Vegetative",0,NA,"2",0,0,1,NA
2022,13,3438,17,"A","2",NA,9,0,NA,"given new tag 3953 in 2021 but not same plant as 3953. 3953 is NP but 3438 has one (they are in different spots)","3438_13","control",NA,"alive",1,"Vegetative",0,NA,"0",NA,NA,1,0
2023,13,3438,17,"A","0",NA,NA,NA,NA,"NP","3438_13","control",NA,"dormant",1,"Dormant",NA,NA,NA,NA,NA,NA,0
2024,13,3438,17,"A",NA,NA,NA,NA,NA,"NPNT","3438_13","control",NA,NA,NA,NA,NA,NA,"0",NA,NA,NA,NA
2025,13,3438,17,"A","0",NA,NA,NA,NA,"NP tag pulled","3438_13","control",NA,NA,NA,NA,NA,NA,NA,NA,NA,NA,NA
2018,12,3439,14,"G","1",4,4,0,NA,"","3439_12","irrigated",NA,"alive",1,"Vegetative",0,NA,"1",0,0,1,NA
2019,12,3439,14,"G","1",NA,6,0,NA,"","3439_12","irrigated",NA,"alive",1,"Vegetative",0,NA,"1",0,0,1,0
2020,12,3439,14,"G","1",NA,4.2,0,NA,"","3439_12","irrigated",NA,"alive",1,"Vegetative",0,NA,"1",0,0,1,0
2021,12,3439,14,"G","1",NA,13,0,NA,"","3439_12","irrigated",NA,"alive",1,"Vegetative",0,NA,"1",0,0,1,0
2022,12,3439,14,"G","1",NA,19,0,NA,"","3439_12","irrigated",NA,"alive",1,"Vegetative",0,NA,"2",1,1,1,0
2023,12,3439,14,"G","2",32,17,1,"4.5","","3439_12","irrigated",NA,"alive",1,"Flowering",1,NA,"2",0,0,1,0
2024,12,3439,14,"G","2",NA,15.5,0,NA,"","3439_12","irrigated",NA,"alive",1,"Vegetative",0,NA,"2",1,1,1,1
2025,12,3439,14,"G","2",34,16.5,1,"4","","3439_12","irrigated",NA,"alive",1,"Flowering",1,NA,NA,NA,NA,NA,0
2018,14,3440,19,"F","1",12.5,12.5,0,NA,"","3440_14","drought",NA,"alive",1,"Vegetative",0,NA,"1",0,0,1,NA
2019,14,3440,19,"F","1",NA,7.5,0,NA,"","3440_14","drought",NA,"alive",1,"Vegetative",0,NA,NA,NA,NA,NA,0
2020,14,3440,19,"F",NA,NA,NA,NA,NA,"","3440_14","drought",NA,NA,NA,NA,NA,NA,"1",0,0,1,0
2021,14,3440,19,"F","1",NA,10,0,NA,"","3440_14","drought",NA,"alive",1,"Vegetative",0,NA,"4",1,1,1,NA
2022,14,3440,19,"F","4",30,18,1,"4","outside plot","3440_14","drought",NA,"alive",1,"Flowering",1,NA,"1",0,0,1,0
2023,14,3440,19,"F","1",NA,4,0,NA,"","3440_14","drought",NA,"alive",1,"Vegetative",0,NA,"1",0,0,1,1
2024,14,3440,19,"F","1",NA,14,0,NA,"","3440_14","drought",NA,"alive",1,"Vegetative",0,NA,"1",0,0,1,0
2025,14,3440,19,"F","1",NA,15,0,NA,"","3440_14","drought",NA,"alive",1,"Vegetative",0,NA,NA,NA,NA,NA,0
2018,13,3441,2,"B","2",13.5,13.5,0,NA,"","3441_13","control",NA,"alive",1,"Vegetative",0,NA,"2",2,1,1,NA
2019,13,3441,2,"B","2",30.5,14,2,"5","","3441_13","control",NA,"alive",1,"Flowering",1,NA,"1",0,0,1,0
2020,13,3441,2,"B","1",NA,10.8,0,NA,"","3441_13","control",NA,"alive",1,"Vegetative",0,NA,"1",0,0,1,1
2021,13,3441,2,"B","1",NA,14.5,0,NA,"","3441_13","control",NA,"alive",1,"Vegetative",0,NA,"4",3,1,1,0
2022,13,3441,2,"B","4",42,14,3,"SOS","","3441_13","control",NA,"alive",1,"Flowering",1,NA,"5",3,1,1,0
2023,13,3441,2,"B","5",45,15,3,"SOS","1 dead umbel","3441_13","control",NA,"alive",1,"Flowering",1,NA,"2",1,1,1,1
2024,13,3441,2,"B","2",41,14,1,"6","","3441_13","control",NA,"alive",1,"Flowering",1,NA,"1",1,1,1,1
2025,13,3441,2,"B","1",26,16,1,"4","","3441_13","control",NA,"alive",1,"Flowering",1,NA,NA,NA,NA,NA,1
2018,9,3442,13,"0.08","1",15,15,0,NA,"","3442_9","irrigated",NA,"alive",1,"Vegetative",0,NA,"2",0,0,1,NA
2019,9,3442,13,"0.08","2",NA,23,0,NA,"","3442_9","irrigated",NA,"alive",1,"Vegetative",0,NA,"1",0,0,1,0
2020,9,3442,13,"0.08","1",NA,23.5,0,NA,"","3442_9","irrigated",NA,"alive",1,"Vegetative",0,NA,"2",0,0,1,0
2021,9,3442,13,"0.08","2",NA,26,0,NA,"13L","3442_9","irrigated",NA,"alive",1,"Vegetative",0,NA,"2",0,0,1,0
2022,9,3442,13,"0.08","2",NA,26,0,NA,"13L","3442_9","irrigated",NA,"alive",1,"Vegetative",0,NA,"1",0,0,1,0
2023,9,3442,13,"0.08","1",NA,31,0,NA,"13B (div)","3442_9","irrigated",NA,"alive",1,"Vegetative",0,NA,"2",0,0,1,0
2024,9,3442,13,"0.08","2",NA,23,0,NA,"13B (div)","3442_9","irrigated",NA,"alive",1,"Vegetative",0,NA,"1",0,0,1,0
2025,9,3442,13,"0.08","1",NA,30.5,0,NA,"13B (div)","3442_9","irrigated",NA,"alive",1,"Vegetative",0,NA,NA,NA,NA,NA,0
2018,7,3443,7,"A","3",32,18,1,"3.5","","3443_7","drought",NA,"alive",1,"Flowering",1,NA,"2",2,1,1,NA
2019,7,3443,7,"A","2",42,20,2,"3.5","","3443_7","drought",NA,"alive",1,"Flowering",1,NA,"0",NA,NA,1,1
2020,7,3443,7,"A","0",NA,NA,NA,NA,"no plant","3443_7","drought",NA,"dormant",1,"Dormant",NA,NA,"1",0,0,1,1
2021,7,3443,7,"A","1",NA,19.5,0,NA,"","3443_7","drought",NA,"alive",1,"Vegetative",0,NA,"2",1,1,1,NA
2022,7,3443,7,"A","2",43,24,1,"6","","3443_7","drought",NA,"alive",1,"Flowering",1,NA,"2",1,1,1,0
2023,7,3443,7,"A","2",53,18.5,1,"4","on plot edge. Did not track phenology.","3443_7","drought",NA,"alive",1,"Flowering",1,NA,"6",3,1,1,1
2024,7,3443,7,"A","6",62,30.5,3,"9","not in phen b/c on plot edge","3443_7","drought",NA,"alive",1,"Flowering",1,NA,"1",1,1,1,1
2025,7,3443,7,"A","1",1,17,1,"10.5",NA,"3443_7","drought",NA,"alive",1,"Flowering",1,NA,NA,NA,NA,NA,1
2018,12,3444,13,"H","1",5,5,0,NA,"","3444_12","irrigated",2022,"alive",1,"Vegetative",0,NA,"1",0,0,1,NA
2019,12,3444,13,"H","1",NA,7.5,0,NA,"","3444_12","irrigated",2022,"alive",1,"Vegetative",0,NA,"0",NA,NA,1,0
2020,12,3444,13,"H","0",NA,NA,NA,NA,"no plant","3444_12","irrigated",2022,"dormant",1,"Dormant",NA,NA,"1",0,0,1,0
2021,12,3444,13,"H","1",NA,10.5,0,NA,"","3444_12","irrigated",2022,"alive",1,"Vegetative",0,NA,"0",NA,NA,0,NA
2022,12,3444,13,"H","0",NA,NA,NA,NA,"NP","3444_12","irrigated",2022,"dead",0,"Dead",NA,NA,NA,NA,NA,NA,0
2018,12,3445,10,"B","1",6,6,0,NA,"","3445_12","irrigated",NA,"alive",1,"Vegetative",0,NA,"0",NA,NA,1,NA
2019,12,3445,10,"B","0",NA,NA,NA,NA,"no plant","3445_12","irrigated",NA,"dormant",1,"Dormant",NA,NA,"1",0,0,1,0
2020,12,3445,10,"B","1",NA,7.5,0,NA,"","3445_12","irrigated",NA,"alive",1,"Vegetative",0,NA,"1",0,0,1,NA
2021,12,3445,10,"B","1",NA,12,0,NA,"","3445_12","irrigated",NA,"alive",1,"Vegetative",0,NA,"3",1,1,1,0
2022,12,3445,10,"B","3",27.5,16,1,"3.5","","3445_12","irrigated",NA,"alive",1,"Flowering",1,NA,"2",1,1,1,0
2023,12,3445,10,"B","2",28,12,1,"5","","3445_12","irrigated",NA,"alive",1,"Flowering",1,NA,"3",2,1,1,1
2024,12,3445,10,"B","3",26,16.5,2,"3.5","","3445_12","irrigated",NA,"alive",1,"Flowering",1,NA,"1",1,1,1,1
2025,12,3445,10,"B","1",16,15,1,"4.5","","3445_12","irrigated",NA,"alive",1,"Flowering",1,NA,NA,NA,NA,NA,1
2019,15,3446,15,"C","2",8,13,1,"1.5","","3446_15","drought",NA,"alive",1,"Flowering",1,NA,"1",0,0,1,NA
2020,15,3446,15,"C","1",NA,12,0,NA,"","3446_15","drought",NA,"alive",1,"Vegetative",0,NA,"3",0,0,1,1
2021,15,3446,15,"C","3",NA,17,0,NA,"","3446_15","drought",NA,"alive",1,"Vegetative",0,NA,"3",1,1,1,0
2022,15,3446,15,"C","3",32,25,1,"4","","3446_15","drought",NA,"alive",1,"Flowering",1,NA,"1",1,1,1,0
2023,15,3446,15,"C","1",29,19,1,"6.5","","3446_15","drought",NA,"alive",1,"Flowering",1,NA,"2",1,1,1,1
2024,15,3446,15,"C","2",21,19.5,1,"1.5","","3446_15","drought",NA,"alive",1,"Flowering",1,NA,"2",0,0,1,1
2025,15,3446,15,"C","2",NA,14,0,NA,"","3446_15","drought",NA,"alive",1,"Vegetative",0,NA,NA,NA,NA,NA,1
2018,7,3446,16,"C","2",8.5,8.5,0,NA,"","3446_7","drought",NA,"alive",1,"Vegetative",0,NA,"2",0,0,1,NA
2019,7,3446,16,"C","2",NA,13,0,NA,"","3446_7","drought",NA,"alive",1,"Vegetative",0,NA,"3",0,0,1,0
2020,7,3446,16,"C","3",NA,21.8,0,NA,"","3446_7","drought",NA,"alive",1,"Vegetative",0,NA,"2",0,0,1,0
2021,7,3446,16,"C","2",NA,15,0,NA,"","3446_7","drought",NA,"alive",1,"Vegetative",0,NA,"2",2,1,1,0
2022,7,3446,16,"C","2",33,18,2,"SOS","","3446_7","drought",NA,"alive",1,"Flowering",1,NA,"6",5,1,1,0
2023,7,3446,16,"C","6",67,24,5,"SOS","3 umbels dead","3446_7","drought",NA,"alive",1,"Flowering",1,NA,NA,NA,NA,NA,1
2024,7,3446,16,"C",NA,NA,NA,NA,NA,"NPNT","3446_7","drought",NA,NA,NA,NA,NA,NA,"4",1,1,1,1
2025,7,3446,16,"C","4",61.5,24,1,"6","","3446_7","drought",NA,"alive",1,"Flowering",1,NA,NA,NA,NA,NA,NA
2018,7,3447,15,"D","2",13,13,0,NA,"","3447_7","drought",NA,"alive",1,"Vegetative",0,NA,"3",0,0,1,NA
2019,7,3447,15,"D","3",NA,15,0,NA,"","3447_7","drought",NA,"alive",1,"Vegetative",0,NA,"1",0,0,1,0
2020,7,3447,15,"D","1",NA,11.5,0,NA,"","3447_7","drought",NA,"alive",1,"Vegetative",0,NA,"2",0,0,1,0
2021,7,3447,15,"D","2",NA,11,0,NA,"","3447_7","drought",NA,"alive",1,"Vegetative",0,NA,"1",0,0,1,0
2022,7,3447,15,"D","1",NA,24,0,NA,"","3447_7","drought",NA,"alive",1,"Vegetative",0,NA,"1",0,0,1,0
2023,7,3447,15,"D","1",NA,32,0,NA,"","3447_7","drought",NA,"alive",1,"Vegetative",0,NA,"1",1,1,1,0
2024,7,3447,15,"D","1",51.5,14.5,1,"6","measured leaf very senesced","3447_7","drought",NA,"alive",1,"Flowering",1,NA,"1",1,1,1,0
2025,7,3447,15,"D","1",53,18,1,"6","","3447_7","drought",NA,"alive",1,"Flowering",1,NA,NA,NA,NA,NA,1
2018,12,3448,6,"F","1",8,8,0,NA,"","3448_12","irrigated",NA,"alive",1,"Vegetative",0,NA,"1",0,0,1,NA
2019,12,3448,6,"F","1",NA,13,0,NA,"","3448_12","irrigated",NA,"alive",1,"Vegetative",0,NA,"1",1,1,1,0
2020,12,3448,6,"F","1",NA,10.8,1,"0","umbel eaten","3448_12","irrigated",NA,"alive",1,"Flowering",1,NA,"2",0,0,1,0
2021,12,3448,6,"F","2",NA,16,0,NA,"","3448_12","irrigated",NA,"alive",1,"Vegetative",0,NA,"1",0,0,1,1
2022,12,3448,6,"F","1",NA,24,0,NA,"","3448_12","irrigated",NA,"alive",1,"Vegetative",0,NA,"4",2,1,1,0
2023,12,3448,6,"F","4",60,15,2,"SOS","","3448_12","irrigated",NA,"alive",1,"Flowering",1,NA,"4",2,1,1,0
2024,12,3448,6,"F","4",53,14.5,2,"11","","3448_12","irrigated",NA,"alive",1,"Flowering",1,NA,"3",1,1,1,1
2025,12,3448,6,"F","3",24,16,1,"5","","3448_12","irrigated",NA,"alive",1,"Flowering",1,NA,NA,NA,NA,NA,1
2018,12,3449,12,"B","1",5.5,5.5,0,NA,"","3449_12","irrigated",NA,"alive",1,"Vegetative",0,NA,"2",0,0,1,NA
2019,12,3449,12,"B","2",NA,7.5,0,NA,"","3449_12","irrigated",NA,"alive",1,"Vegetative",0,NA,"1",0,0,1,0
2020,12,3449,12,"B","1",NA,6.3,0,NA,"","3449_12","irrigated",NA,"alive",1,"Vegetative",0,NA,"2",0,0,1,0
2021,12,3449,12,"B","2",NA,14,0,NA,"","3449_12","irrigated",NA,"alive",1,"Vegetative",0,NA,"2",2,1,1,0
2022,12,3449,12,"B","2",31,16,2,"SOS","","3449_12","irrigated",NA,"alive",1,"Flowering",1,NA,"5",3,1,1,0
2023,12,3449,12,"B","5",43,16,3,"SOS","","3449_12","irrigated",NA,"alive",1,"Flowering",1,NA,"1",1,1,1,1
2024,12,3449,12,"B","1",21,16.5,1,"3","","3449_12","irrigated",NA,"alive",1,"Flowering",1,NA,"2",1,1,1,1
2025,12,3449,12,"B","2",26,18,1,"4","","3449_12","irrigated",NA,"alive",1,"Flowering",1,NA,NA,NA,NA,NA,1
2018,7,3450,4,"H","2",21,17.5,1,"3.5","","3450_7","drought",NA,"alive",1,"Flowering",1,NA,"2",2,1,1,NA
2019,7,3450,4,"H","2",24,10.5,2,"6","","3450_7","drought",NA,"alive",1,"Flowering",1,NA,"0",NA,NA,1,1
2020,7,3450,4,"H","0",NA,NA,NA,NA,"no plant","3450_7","drought",NA,"dormant",1,"Dormant",NA,NA,"2",1,1,1,1
2021,7,3450,4,"H","2",12.5,16.5,1,"4","","3450_7","drought",NA,"alive",1,"Flowering",1,NA,"4",3,1,1,NA
2022,7,3450,4,"H","4",49,23.5,3,"SOS","","3450_7","drought",NA,"alive",1,"Flowering",1,NA,"3",3,1,1,1
2023,7,3450,4,"H","3",53,22.5,3,"SOS","","3450_7","drought",NA,"alive",1,"Flowering",1,NA,"4",3,1,1,1
2024,7,3450,4,"H","4",56,26,3,"23.5","","3450_7","drought",NA,"alive",1,"Flowering",1,NA,"2",3,1,1,1
2025,7,3450,4,"H","2",32,23,3,"5","","3450_7","drought",NA,"alive",1,"Flowering",1,NA,NA,NA,NA,NA,1
2018,12,3451,17,"D","1",6,6,0,NA,"","3451_12","irrigated",NA,"alive",1,"Vegetative",0,NA,"1",0,0,1,NA
2019,12,3451,17,"D","1",NA,8,0,NA,"","3451_12","irrigated",NA,"alive",1,"Vegetative",0,NA,"1",0,0,1,0
2020,12,3451,17,"D","1",NA,8.6,0,NA,"","3451_12","irrigated",NA,"alive",1,"Vegetative",0,NA,"2",0,0,1,0
2021,12,3451,17,"D","2",NA,15.5,0,NA,"in clump of anthox.","3451_12","irrigated",NA,"alive",1,"Vegetative",0,NA,"4",3,1,1,0
2022,12,3451,17,"D","4",44.5,16,3,"SOS","in clump of anthox. ","3451_12","irrigated",NA,"alive",1,"Flowering",1,NA,"1",0,0,1,0
2023,12,3451,17,"D","1",NA,13,0,NA,"","3451_12","irrigated",NA,"alive",1,"Vegetative",0,NA,"1",0,0,1,1
2024,12,3451,17,"D","1",NA,13.5,0,NA,"","3451_12","irrigated",NA,"alive",1,"Vegetative",0,NA,"1",0,0,1,0
2025,12,3451,17,"D","1",NA,16,0,NA,"","3451_12","irrigated",NA,"alive",1,"Vegetative",0,NA,NA,NA,NA,NA,0
2018,7,3452,2,"E","3",19,14,1,"2.4","","3452_7","drought",NA,"alive",1,"Flowering",1,NA,"0",NA,NA,1,NA
2019,7,3452,2,"E","0",NA,NA,NA,NA,"no plant","3452_7","drought",NA,"dormant",1,"Dormant",NA,NA,"1",0,0,1,1
2020,7,3452,2,"E","1",NA,18.9,0,NA,"","3452_7","drought",NA,"alive",1,"Vegetative",0,NA,"1",0,0,1,NA
2021,7,3452,2,"E","1",NA,10,0,NA,"","3452_7","drought",NA,"alive",1,"Vegetative",0,NA,"8",4,1,1,0
2022,7,3452,2,"E","8",46,19,4,"SOS","","3452_7","drought",NA,"alive",1,"Flowering",1,NA,"5",3,1,1,0
2023,7,3452,2,"E","5",42,17,3,"SOS","","3452_7","drought",NA,"alive",1,"Flowering",1,NA,"4",3,1,1,1
2024,7,3452,2,"E","4",37,28,3,"6","","3452_7","drought",NA,"alive",1,"Flowering",1,NA,"2",1,1,1,1
2025,7,3452,2,"E","2",31,12,1,NA,"umbel dead","3452_7","drought",NA,"alive",1,"Flowering",1,NA,NA,NA,NA,NA,1
2018,7,3453,0,"C","1",27,13,1,"3","","3453_7","drought",2023,"alive",1,"Flowering",1,NA,"2",1,1,1,NA
2019,7,3453,0,"C","2",29,20.5,1,"3","","3453_7","drought",2023,"alive",1,"Flowering",1,NA,"0",NA,NA,1,1
2020,7,3453,0,"C","0",NA,NA,NA,NA,"no plant","3453_7","drought",2023,"dormant",1,"Dormant",NA,NA,"3",2,1,1,1
2021,7,3453,0,"C","3",23,13,2,NA,"","3453_7","drought",2023,"alive",1,"Flowering",1,NA,"3",4,1,1,NA
2022,7,3453,0,"C","3",49,22,4,"SOS","","3453_7","drought",2023,"alive",1,"Flowering",1,NA,"0",NA,NA,0,1
2023,7,3453,0,"C","0",NA,NA,NA,NA,"NP","3453_7","drought",2023,"dead",0,"Dead",NA,NA,NA,NA,NA,NA,1
2018,6,3454,15,"H","1",10.5,10.5,0,NA,"","3454_6","irrigated",2022,"alive",1,"Vegetative",0,NA,"2",1,1,1,NA
2019,6,3454,15,"H","2",8,10.5,1,"1.5","","3454_6","irrigated",2022,"alive",1,"Flowering",1,NA,"2",0,0,1,0
2020,6,3454,15,"H","2",NA,10.3,0,NA,"","3454_6","irrigated",2022,"alive",1,"Vegetative",0,NA,"2",1,1,1,1
2021,6,3454,15,"H","2",20,16.5,1,"3","","3454_6","irrigated",2022,"alive",1,"Flowering",1,NA,"0",NA,NA,0,0
2022,6,3454,15,"H","0",NA,NA,NA,NA,"NP","3454_6","irrigated",2022,"dead",0,"Dead",NA,NA,NA,NA,NA,NA,1
2019,15,3455,15,"C","1",NA,8,0,NA,"","3455_15","drought",NA,"alive",1,"Vegetative",0,NA,"0",NA,NA,1,NA
2020,15,3455,15,"C","0",NA,NA,NA,NA,"no plant","3455_15","drought",NA,"dormant",1,"Dormant",NA,NA,"2",1,1,1,0
2021,15,3455,15,"C","2",18.5,13,1,"4","","3455_15","drought",NA,"alive",1,"Flowering",1,NA,"3",2,1,1,NA
2022,15,3455,15,"C","3",44.5,17,2,"SOS","","3455_15","drought",NA,"alive",1,"Flowering",1,NA,"3",2,1,1,1
2023,15,3455,15,"C","3",36,14,2,"SOS","1 umbel dead","3455_15","drought",NA,"alive",1,"Flowering",1,NA,"3",1,1,1,1
2024,15,3455,15,"C","3",23,14,1,"3.5","","3455_15","drought",NA,"alive",1,"Flowering",1,NA,"1",0,0,1,1
2025,15,3455,15,"C","1",NA,13.5,0,NA,"","3455_15","drought",NA,"alive",1,"Vegetative",0,NA,NA,NA,NA,NA,1
2018,6,3455,11,"D","2",6,6,0,NA,"","3455_6","irrigated",2019,"alive",1,"Vegetative",0,NA,"0",NA,NA,0,NA
2019,6,3455,11,"D","0",NA,NA,NA,NA,"no plant","3455_6","irrigated",2019,"dead",0,"Dead",NA,NA,NA,NA,NA,NA,0
2018,6,3456,13,"B","3",22,22,0,NA,"","3456_6","irrigated",NA,"alive",1,"Vegetative",0,NA,"4",1,1,1,NA
2019,6,3456,13,"B","4",23.5,16,1,"3","","3456_6","irrigated",NA,"alive",1,"Flowering",1,NA,"3",2,1,1,0
2020,6,3456,13,"B","3",33,13.2,2,"SOS","","3456_6","irrigated",NA,"alive",1,"Flowering",1,NA,"2",1,1,1,1
2021,6,3456,13,"B","2",32,17,1,"4","","3456_6","irrigated",NA,"alive",1,"Flowering",1,NA,"2",2,1,1,1
2022,6,3456,13,"B","2",50,15,2,"SOS","maybe 3456 (NPNT 2022)","3456_6","irrigated",NA,"alive",1,"Flowering",1,NA,"3",2,1,1,1
2023,6,3456,13,"B","3",41,30,2,"SOS","2022: could be same plant as 3456?","3456_6","irrigated",NA,"alive",1,"Flowering",1,NA,"3",1,1,1,1
2024,6,3456,13,"B","3",46,14.5,1,"8","","3456_6","irrigated",NA,"alive",1,"Flowering",1,NA,"1",0,0,1,1
2025,6,3456,13,"B","1",NA,27.5,0,NA,"","3456_6","irrigated",NA,"alive",1,"Vegetative",0,NA,NA,NA,NA,NA,1
2019,15,3457,18,"A","2",NA,15,0,NA,"","3457_15","drought",NA,"alive",1,"Vegetative",0,NA,NA,NA,NA,NA,NA
2020,15,3457,18,"A",NA,NA,NA,NA,NA,"","3457_15","drought",NA,NA,NA,NA,NA,NA,"5",1,1,1,0
2021,15,3457,18,"A","5",14,14.5,1,"1.5","","3457_15","drought",NA,"alive",1,"Flowering",1,NA,"4",2,1,1,NA
2022,15,3457,18,"A","4",47,26,2,"SOS","","3457_15","drought",NA,"alive",1,"Flowering",1,NA,"9",5,1,1,1
2023,15,3457,18,"A","9",46,12.5,5,"SOS","1 dead umbel","3457_15","drought",NA,"alive",1,"Flowering",1,NA,"6",2,1,1,1
2024,15,3457,18,"A","6",40,20,2,"6","","3457_15","drought",NA,"alive",1,"Flowering",1,NA,"3",0,0,1,1
2025,15,3457,18,"A","3",NA,28.5,0,NA,"","3457_15","drought",NA,"alive",1,"Vegetative",0,NA,NA,NA,NA,NA,1
2019,15,3458,8,"I","2",NA,13,0,NA,"","3458_15","drought",NA,"alive",1,"Vegetative",0,NA,"0",NA,NA,1,NA
2020,15,3458,8,"I","0",NA,NA,NA,NA,"no plant","3458_15","drought",NA,"dormant",1,"Dormant",NA,NA,"7",0,0,1,0
2021,15,3458,8,"I","7",NA,12,0,NA,"","3458_15","drought",NA,"alive",1,"Vegetative",0,NA,"2",1,1,1,NA
2022,15,3458,8,"I","2",34,15,1,"4","","3458_15","drought",NA,"alive",1,"Flowering",1,NA,"3",2,1,1,0
2023,15,3458,8,"I","3",54,14,2,"SOS","","3458_15","drought",NA,"alive",1,"Flowering",1,NA,"2",1,1,1,1
2024,15,3458,8,"I","2",22.5,20,1,"3","stem grazed; likely other umbels lost check phen","3458_15","drought",NA,"alive",1,"Flowering",1,NA,"0",NA,NA,NA,1
2025,15,3458,8,"I","0",NA,NA,NA,NA,"NP","3458_15","drought",NA,NA,NA,NA,NA,NA,NA,NA,NA,NA,1
2018,4,3458,5,"F","1",12.5,12.5,0,NA,"","3458_4","irrigated",2022,"alive",1,"Vegetative",0,NA,"1",0,0,1,NA
2019,4,3458,5,"F","1",NA,12.5,0,NA,"","3458_4","irrigated",2022,"alive",1,"Vegetative",0,NA,"2",1,1,1,0
2020,4,3458,5,"F","2",30,9.8,1,"4.8","","3458_4","irrigated",2022,"alive",1,"Flowering",1,NA,NA,NA,NA,NA,0
2021,4,3458,5,"F",NA,NA,NA,NA,NA,"NPNT","3458_4","irrigated",2022,NA,NA,NA,NA,NA,"0",NA,NA,0,1
2022,4,3458,5,"F","0",NA,NA,NA,NA,"NP. Tag pulled","3458_4","irrigated",2022,"dead",0,"Dead",NA,NA,NA,NA,NA,NA,NA
2019,14,3459,1,"A","1",NA,10,0,NA,"","3459_14","drought",NA,"alive",1,"Vegetative",0,NA,"1",0,0,1,NA
2020,14,3459,1,"A","1",NA,12.2,0,NA,"","3459_14","drought",NA,"alive",1,"Vegetative",0,NA,"2",0,0,1,0
2021,14,3459,1,"A","2",NA,20,0,NA,"","3459_14","drought",NA,"alive",1,"Vegetative",0,NA,"5",3,1,1,0
2022,14,3459,1,"A","5",39,14.5,3,"SOS","has black fungus, 1 umbel clipped, one 1/2 eaten","3459_14","drought",NA,"alive",1,"Flowering",1,NA,"3",2,1,1,0
2023,14,3459,1,"A","3",39,16.5,2,"SOS","","3459_14","drought",NA,"alive",1,"Flowering",1,NA,NA,NA,NA,NA,1
2024,14,3459,1,"A",NA,NA,NA,NA,NA,"NPNT","3459_14","drought",NA,NA,NA,NA,NA,NA,NA,NA,NA,NA,1
2025,14,3459,1,"A",NA,NA,NA,NA,NA,"NPNT > 2 years","3459_14","drought",NA,NA,NA,NA,NA,NA,NA,NA,NA,NA,NA
2018,4,3459,5,"H","1",4,4,0,NA,"","3459_4","irrigated",2019,"alive",1,"Vegetative",0,NA,NA,NA,NA,0,NA
2019,4,3459,5,"H",NA,NA,NA,NA,NA,"NPNT","3459_4","irrigated",2019,"dead",0,"Dead",NA,NA,NA,NA,NA,NA,0
2019,14,3460,7,"J","5",35,22,2,"3.5","","3460_14","drought",2022,"alive",1,"Flowering",1,NA,"1",0,0,1,NA
2020,14,3460,7,"J","1",NA,18.5,0,NA,"","3460_14","drought",2022,"alive",1,"Vegetative",0,NA,"2",0,0,1,1
2021,14,3460,7,"J","2",NA,16,0,NA,"","3460_14","drought",2022,"alive",1,"Vegetative",0,NA,"0",NA,NA,0,0
2022,14,3460,7,"J","0",NA,NA,NA,NA,"NP","3460_14","drought",2022,"dead",0,"Dead",NA,NA,NA,NA,NA,NA,0
2018,4,3460,3,"J","2",12.5,8,1,"2.3","","3460_4","irrigated",2022,"alive",1,"Flowering",1,NA,"1",0,0,1,NA
2019,4,3460,3,"J","1",NA,8.5,0,NA,"","3460_4","irrigated",2022,"alive",1,"Vegetative",0,NA,"1",0,0,1,1
2020,4,3460,3,"J","1",NA,10,0,NA,"","3460_4","irrigated",2022,"alive",1,"Vegetative",0,NA,"2",1,1,1,0
2021,4,3460,3,"J","2",33,10.5,1,"5","","3460_4","irrigated",2022,"alive",1,"Flowering",1,NA,"0",NA,NA,0,0
2022,4,3460,3,"J","0",NA,NA,NA,NA,"NP","3460_4","irrigated",2022,"dead",0,"Dead",NA,NA,NA,NA,NA,NA,1
2018,3,3461,4,"C","1",13,13,0,NA,"","3461_3","control",NA,"alive",1,"Vegetative",0,NA,"1",0,0,1,NA
2019,3,3461,4,"C","1",NA,11.5,0,NA,"","3461_3","control",NA,"alive",1,"Vegetative",0,NA,"1",0,0,1,0
2020,3,3461,4,"C","1",NA,8,0,NA,"","3461_3","control",NA,"alive",1,"Vegetative",0,NA,"1",0,0,1,0
2021,3,3461,4,"C","1",NA,15,0,NA,"","3461_3","control",NA,"alive",1,"Vegetative",0,NA,"1",0,0,1,0
2022,3,3461,4,"C","1",NA,21,0,NA,"","3461_3","control",NA,"alive",1,"Vegetative",0,NA,"1",0,0,1,0
2023,3,3461,4,"C","1",NA,22,0,NA,"","3461_3","control",NA,"alive",1,"Vegetative",0,NA,"1",0,0,1,0
2024,3,3461,4,"C","1",NA,17,0,NA,"accidentally pulled leaf","3461_3","control",NA,"alive",1,"Vegetative",0,NA,"0",NA,NA,NA,0
2025,3,3461,4,"C","0",NA,NA,NA,NA,"NP","3461_3","control",NA,NA,NA,NA,NA,NA,NA,NA,NA,NA,0
2018,3,3462,2,"A","4",23,16.5,2,"3.8","","3462_3","control",NA,"alive",1,"Flowering",1,NA,"2",0,0,1,NA
2019,3,3462,2,"A","2",NA,16,0,NA,"","3462_3","control",NA,"alive",1,"Vegetative",0,NA,"0",NA,NA,1,1
2020,3,3462,2,"A","0",NA,NA,NA,NA,"no plant","3462_3","control",NA,"dormant",1,"Dormant",NA,NA,"1",0,0,1,0
2021,3,3462,2,"A","1",NA,16,0,NA,"","3462_3","control",NA,"alive",1,"Vegetative",0,NA,"6",3,1,1,NA
2022,3,3462,2,"A","6",53,18,3,"SOS","","3462_3","control",NA,"alive",1,"Flowering",1,NA,"3",2,1,1,0
2023,3,3462,2,"A","3",35,21,2,"SOS","","3462_3","control",NA,"alive",1,"Flowering",1,NA,"1",1,1,1,1
2024,3,3462,2,"A","1",24.5,24.5,1,"4","","3462_3","control",NA,"alive",1,"Flowering",1,NA,"3",1,1,1,1
2025,3,3462,2,"A","3",32,22.5,1,"2","","3462_3","control",NA,"alive",1,"Flowering",1,NA,NA,NA,NA,NA,1
2019,14,3463,5,"B","1",NA,4,0,NA,"","3463_14","drought",NA,"alive",1,"Vegetative",0,NA,"0",NA,NA,1,NA
2020,14,3463,5,"B","0",NA,NA,NA,NA,"no plant","3463_14","drought",NA,"dormant",1,"Dormant",NA,NA,"1",0,0,1,0
2021,14,3463,5,"B","1",NA,7,0,NA,"","3463_14","drought",NA,"alive",1,"Vegetative",0,NA,"2",1,1,1,NA
2022,14,3463,5,"B","2",41,20.5,1,"5","","3463_14","drought",NA,"alive",1,"Flowering",1,NA,"1",0,0,1,0
2023,14,3463,5,"B","1",NA,23,0,NA,"","3463_14","drought",NA,"alive",1,"Vegetative",0,NA,"2",1,1,1,1
2024,14,3463,5,"B","2",21.5,8.5,1,"3","basal leaf gone","3463_14","drought",NA,"alive",1,"Flowering",1,NA,"3",0,0,1,0
2025,14,3463,5,"B","3",NA,22,0,NA,"","3463_14","drought",NA,"alive",1,"Vegetative",0,NA,NA,NA,NA,NA,1
2018,3,3463,0,"B","1",13.5,13.5,0,NA,"","3463_3","control",2021,"alive",1,"Vegetative",0,NA,"1",0,0,1,NA
2019,3,3463,0,"B","1",NA,12,0,NA,"","3463_3","control",2021,"alive",1,"Vegetative",0,NA,"1",0,0,1,0
2020,3,3463,0,"B","1",NA,13.6,0,NA,"","3463_3","control",2021,"alive",1,"Vegetative",0,NA,"0",NA,NA,0,0
2021,3,3463,0,"B","0",NA,NA,NA,NA,"NP","3463_3","control",2021,"dead",0,"Dead",NA,NA,NA,NA,NA,NA,0
2019,14,3464,1,"B","1",NA,9,0,NA,"","3464_14","drought",NA,"alive",1,"Vegetative",0,NA,"1",0,0,1,NA
2020,14,3464,1,"B","1",NA,9.5,0,NA,"","3464_14","drought",NA,"alive",1,"Vegetative",0,NA,"2",0,0,1,0
2021,14,3464,1,"B","2",NA,14,0,NA,"","3464_14","drought",NA,"alive",1,"Vegetative",0,NA,"1",1,1,1,0
2022,14,3464,1,"B","1",31,9.5,1,"3.5","","3464_14","drought",NA,"alive",1,"Flowering",1,NA,"2",1,1,1,0
2023,14,3464,1,"B","2",39,13,1,"5","","3464_14","drought",NA,"alive",1,"Flowering",1,NA,"1",0,0,1,1
2024,14,3464,1,"B","1",NA,19.5,0,NA,"","3464_14","drought",NA,"alive",1,"Vegetative",0,NA,"1",0,0,1,1
2025,14,3464,1,"B","1",NA,17.5,0,NA,"","3464_14","drought",NA,"alive",1,"Vegetative",0,NA,NA,NA,NA,NA,0
2018,5,3464,3,"A","1",11,11,0,NA,"","3464_5","drought",2019,"alive",1,"Vegetative",0,NA,"0",NA,NA,0,NA
2019,5,3464,3,"A","0",NA,NA,NA,NA,"no plant","3464_5","drought",2019,"dead",0,"Dead",NA,NA,NA,NA,NA,NA,0
2018,5,3465,4,"C","2",16.5,11,1,"2.25","","3465_5","drought",NA,"alive",1,"Flowering",1,NA,"1",0,0,1,NA
2019,5,3465,4,"C","1",NA,14,0,NA,"","3465_5","drought",NA,"alive",1,"Vegetative",0,NA,"0",NA,NA,1,1
2020,5,3465,4,"C","0",NA,NA,NA,NA,"no plant","3465_5","drought",NA,"dormant",1,"Dormant",NA,NA,"1",0,0,1,0
2021,5,3465,4,"C","1",NA,19,0,NA,"","3465_5","drought",NA,"alive",1,"Vegetative",0,NA,"5",2,1,1,NA
2022,5,3465,4,"C","5",30,22,2,"SOS","","3465_5","drought",NA,"alive",1,"Flowering",1,NA,"3",2,1,1,0
2023,5,3465,4,"C","3",9,12,2,"SOS","","3465_5","drought",NA,"alive",1,"Flowering",1,NA,"3",2,1,1,1
2024,5,3465,4,"C","3",27.5,17,2,"4","","3465_5","drought",NA,"alive",1,"Flowering",1,NA,"4",2,1,1,1
2025,5,3465,4,"C","4",30,15,2,"6.5","","3465_5","drought",NA,"alive",1,"Flowering",1,NA,NA,NA,NA,NA,1
2019,6,3465,17,"F","1",14,12.5,1,"2.5","","3465_6","irrigated",NA,"alive",1,"Flowering",1,NA,"1",0,0,1,NA
2020,6,3465,17,"F","1",NA,13.2,0,NA,"","3465_6","irrigated",NA,"alive",1,"Vegetative",0,NA,"1",0,0,1,1
2021,6,3465,17,"F","1",NA,17.5,0,NA,"","3465_6","irrigated",NA,"alive",1,"Vegetative",0,NA,"1",0,0,1,0
2022,6,3465,17,"F","1",NA,17.5,0,NA,"","3465_6","irrigated",NA,"alive",1,"Vegetative",0,NA,"1",0,0,1,0
2023,6,3465,17,"F","1",NA,7,0,NA,"","3465_6","irrigated",NA,"alive",1,"Vegetative",0,NA,"1",0,0,1,0
2024,6,3465,17,"F","1",NA,18,0,NA,"","3465_6","irrigated",NA,"alive",1,"Vegetative",0,NA,"1",0,0,1,0
2025,6,3465,17,"F","1",NA,23,0,NA,"","3465_6","irrigated",NA,"alive",1,"Vegetative",0,NA,NA,NA,NA,NA,0
2018,5,3466,4,"B","1",9,9,0,NA,"","3466_5","drought",NA,"alive",1,"Vegetative",0,NA,"1",0,0,1,NA
2019,5,3466,4,"B","1",NA,6,0,NA,"","3466_5","drought",NA,"alive",1,"Vegetative",0,NA,"1",0,0,1,0
2020,5,3466,4,"B","1",NA,6.2,0,NA,"","3466_5","drought",NA,"alive",1,"Vegetative",0,NA,"2",0,0,1,0
2021,5,3466,4,"B","2",NA,10.5,0,NA,"","3466_5","drought",NA,"alive",1,"Vegetative",0,NA,"2",0,0,1,0
2022,5,3466,4,"B","2",NA,20,0,NA,"","3466_5","drought",NA,"alive",1,"Vegetative",0,NA,"2",1,1,1,0
2023,5,3466,4,"B","2",14,13,1,"2","think it's seeding?","3466_5","drought",NA,"alive",1,"Flowering",1,NA,"2",1,1,1,0
2024,5,3466,4,"B","2",12.5,16,1,"1.5","","3466_5","drought",NA,"alive",1,"Flowering",1,NA,"2",0,0,1,1
2025,5,3466,4,"B","2",NA,6,0,NA,"","3466_5","drought",NA,"alive",1,"Vegetative",0,NA,NA,NA,NA,NA,1
2019,6,3466,19,"B","2",NA,21,0,NA,"","3466_6","irrigated",NA,"alive",1,"Vegetative",0,NA,"1",0,0,1,NA
2020,6,3466,19,"B","1",NA,12,0,NA,"","3466_6","irrigated",NA,"alive",1,"Vegetative",0,NA,"2",1,1,1,0
2021,6,3466,19,"B","2",19.5,17.5,1,"6","","3466_6","irrigated",NA,"alive",1,"Flowering",1,NA,"5",3,1,1,0
2022,6,3466,19,"B","5",52,21.5,3,"SOS","edge of plot","3466_6","irrigated",NA,"alive",1,"Flowering",1,NA,"5",3,1,1,1
2023,6,3466,19,"B","5",42,23.5,3,"SOS","edge of plot","3466_6","irrigated",NA,"alive",1,"Flowering",1,NA,"3",2,1,1,1
2024,6,3466,19,"B","3",42,19,2,"6.5","","3466_6","irrigated",NA,"alive",1,"Flowering",1,NA,"4",1,1,1,1
2025,6,3466,19,"B","4",26,24,1,"5","","3466_6","irrigated",NA,"alive",1,"Flowering",1,NA,NA,NA,NA,NA,1
2018,5,3467,0,"H","3",16,11,1,"3","","3467_5","drought",NA,"alive",1,"Flowering",1,NA,"0",NA,NA,1,NA
2019,5,3467,0,"H","0",NA,NA,NA,NA,"no plant","3467_5","drought",NA,"dormant",1,"Dormant",NA,NA,"3",0,0,1,1
2020,5,3467,0,"H","3",NA,10.7,0,NA,"","3467_5","drought",NA,"alive",1,"Vegetative",0,NA,"2",0,0,1,NA
2021,5,3467,0,"H","2",NA,12,0,NA,"","3467_5","drought",NA,"alive",1,"Vegetative",0,NA,"5",0,0,1,0
2022,5,3467,0,"H","5",NA,21,0,NA,"","3467_5","drought",NA,"alive",1,"Vegetative",0,NA,"2",0,0,1,0
2023,5,3467,0,"H","2",NA,20,0,NA,"","3467_5","drought",NA,"alive",1,"Vegetative",0,NA,"0",NA,NA,1,0
2024,5,3467,0,"H","0",NA,NA,NA,NA,"NP","3467_5","drought",NA,"dormant",1,"Dormant",NA,NA,"1",0,0,1,0
2025,5,3467,0,"H","1",NA,14,0,NA,"mostly yellow but there","3467_5","drought",NA,"alive",1,"Vegetative",0,NA,NA,NA,NA,NA,NA
2019,14,3468,5,"C","2",20,11,1,"2.5","","3468_14","drought",NA,"alive",1,"Flowering",1,NA,"1",0,0,1,NA
2020,14,3468,5,"C","1",NA,13.2,0,NA,"","3468_14","drought",NA,"alive",1,"Vegetative",0,NA,"2",0,0,1,1
2021,14,3468,5,"C","2",NA,16,0,NA,"","3468_14","drought",NA,"alive",1,"Vegetative",0,NA,"1",0,0,1,0
2022,14,3468,5,"C","1",NA,19,0,NA,"","3468_14","drought",NA,"alive",1,"Vegetative",0,NA,"2",0,0,1,0
2023,14,3468,5,"C","2",NA,20,0,NA,"","3468_14","drought",NA,"alive",1,"Vegetative",0,NA,NA,NA,NA,NA,0
2024,14,3468,5,"C",NA,NA,NA,NA,NA,"NPNT; misread of 3486?","3468_14","drought",NA,NA,NA,NA,NA,NA,"1",0,0,1,0
2025,14,3468,5,"C","1",NA,19,0,NA,"","3468_14","drought",NA,"alive",1,"Vegetative",0,NA,NA,NA,NA,NA,NA
2018,5,3468,1,"J","3",11.5,15,1,"2.25","","3468_5","drought",NA,"alive",1,"Flowering",1,NA,"1",1,1,1,NA
2019,5,3468,1,"J","1",10,14,1,"3","gone to seed","3468_5","drought",NA,"alive",1,"Flowering",1,NA,"2",0,0,1,1
2020,5,3468,1,"J","2",NA,16.5,0,NA,"","3468_5","drought",NA,"alive",1,"Vegetative",0,NA,"1",0,0,1,1
2021,5,3468,1,"J","1",NA,12.5,0,NA,"","3468_5","drought",NA,"alive",1,"Vegetative",0,NA,"3",0,0,1,0
2022,5,3468,1,"J","3",NA,30,0,NA,"","3468_5","drought",NA,"alive",1,"Vegetative",0,NA,"3",2,1,1,0
2023,5,3468,1,"J","3",25,14,2,"SOS","","3468_5","drought",NA,"alive",1,"Flowering",1,NA,"2",1,1,1,0
2024,5,3468,1,"J","2",17,18.5,1,"3","","3468_5","drought",NA,"alive",1,"Flowering",1,NA,"1",0,0,1,1
2025,5,3468,1,"J","1",NA,21,0,NA,"","3468_5","drought",NA,"alive",1,"Vegetative",0,NA,NA,NA,NA,NA,1
2019,14,3469,3,"A","2",10.5,10,1,"2","","3469_14","drought",NA,"alive",1,"Flowering",1,NA,"2",0,0,1,NA
2020,14,3469,3,"A","2",NA,11,0,NA,"","3469_14","drought",NA,"alive",1,"Vegetative",0,NA,"3",0,0,1,1
2021,14,3469,3,"A","3",NA,11,0,NA,"","3469_14","drought",NA,"alive",1,"Vegetative",0,NA,"4",2,1,1,0
2022,14,3469,3,"A","4",25.5,16.5,2,"3.5","one umbel clipped ","3469_14","drought",NA,"alive",1,"Flowering",1,NA,"5",4,1,1,0
2023,14,3469,3,"A","5",34,13.5,4,"SOS","","3469_14","drought",NA,"alive",1,"Flowering",1,NA,"3",2,1,1,1
2024,14,3469,3,"A","3",25,17,2,"4.5","","3469_14","drought",NA,"alive",1,"Flowering",1,NA,"5",1,1,1,1
2025,14,3469,3,"A","5",NA,17,1,NA,"","3469_14","drought",NA,"alive",1,"Flowering",1,NA,NA,NA,NA,NA,1
2018,5,3469,3,"H","3",10,10,0,NA,"","3469_5","drought",2022,"alive",1,"Vegetative",0,NA,"1",0,0,1,NA
2019,5,3469,3,"H","1",NA,12.5,0,NA,"","3469_5","drought",2022,"alive",1,"Vegetative",0,NA,"0",NA,NA,1,0
2020,5,3469,3,"H","0",NA,NA,NA,NA,"no plant","3469_5","drought",2022,"dormant",1,"Dormant",NA,NA,"5",0,0,1,0
2021,5,3469,3,"H","5",NA,15,0,NA,"","3469_5","drought",2022,"alive",1,"Vegetative",0,NA,"0",NA,NA,0,NA
2022,5,3469,3,"H","0",NA,NA,NA,NA,"NP in 2020, tag pulled in 2022","3469_5","drought",2022,"dead",0,"Dead",NA,NA,NA,NA,NA,NA,0
2018,5,3470,13,"I","2",10,10,0,NA,"","3470_5","drought",NA,"alive",1,"Vegetative",0,NA,"0",NA,NA,1,NA
2019,5,3470,13,"I","0",NA,NA,NA,NA,"no plant","3470_5","drought",NA,"dormant",1,"Dormant",NA,NA,NA,NA,NA,NA,0
2020,5,3470,13,"I",NA,NA,NA,NA,NA,"","3470_5","drought",NA,NA,NA,NA,NA,NA,"2",1,1,1,NA
2021,5,3470,13,"I","2",10,10.5,1,"2.5","","3470_5","drought",NA,"alive",1,"Flowering",1,NA,"0",NA,NA,1,NA
2022,5,3470,13,"I","0",NA,NA,NA,NA,"NP","3470_5","drought",NA,"dormant",1,"Dormant",NA,NA,"4",2,1,1,1
2023,5,3470,13,"I","4",33,12,2,"SOS","","3470_5","drought",NA,"alive",1,"Flowering",1,NA,"3",2,1,1,NA
2024,5,3470,13,"I","3",20,12.5,2,"3","","3470_5","drought",NA,"alive",1,"Flowering",1,NA,"1",0,0,1,1
2025,5,3470,13,"I","1",NA,13,0,NA,"","3470_5","drought",NA,"alive",1,"Vegetative",0,NA,NA,NA,NA,NA,1
2019,14,3471,9,"A","1",NA,12,0,NA,"","3471_14","drought",2020,"alive",1,"Vegetative",0,NA,"0",NA,NA,0,NA
2020,14,3471,9,"A","0",NA,NA,NA,NA,"incorrectly entered as 3417 in 2019, no plant","3471_14","drought",2020,"dead",0,"Dead",NA,NA,NA,NA,NA,NA,0
2018,5,3471,11,"D","1",13.5,13.5,0,NA,"","3471_5","drought",NA,"alive",1,"Vegetative",0,NA,"0",NA,NA,1,NA
2019,5,3471,11,"D","0",NA,NA,NA,NA,"no plant","3471_5","drought",NA,"dormant",1,"Dormant",NA,NA,NA,NA,NA,NA,0
2020,5,3471,11,"D",NA,NA,NA,NA,NA,"","3471_5","drought",NA,NA,NA,NA,NA,NA,"1",0,0,1,NA
2021,5,3471,11,"D","1",NA,13.5,0,NA,"","3471_5","drought",NA,"alive",1,"Vegetative",0,NA,"0",NA,NA,1,NA
2022,5,3471,11,"D","0",NA,NA,NA,NA,"NP ","3471_5","drought",NA,"dormant",1,"Dormant",NA,NA,"1",0,0,1,0
2023,5,3471,11,"D","1",NA,14,0,NA,"","3471_5","drought",NA,"alive",1,"Vegetative",0,NA,"1",0,0,1,NA
2024,5,3471,11,"D","1",NA,NA,0,NA,"leaf senesced and not measured","3471_5","drought",NA,"alive",1,"Vegetative",0,NA,"3",0,0,1,0
2025,5,3471,11,"D","3",NA,11.5,0,NA,"","3471_5","drought",NA,"alive",1,"Vegetative",0,NA,NA,NA,NA,NA,0
2019,15,3472,6,"J","1",NA,17,0,NA,"","3472_15","drought",NA,"alive",1,"Vegetative",0,NA,"1",0,0,1,NA
2020,15,3472,6,"J","1",NA,13,0,NA,"","3472_15","drought",NA,"alive",1,"Vegetative",0,NA,"3",0,0,1,0
2021,15,3472,6,"J","3",NA,18,0,NA,"","3472_15","drought",NA,"alive",1,"Vegetative",0,NA,"5",4,1,1,0
2022,15,3472,6,"J","5",43,22,4,"SOS","","3472_15","drought",NA,"alive",1,"Flowering",1,NA,"7",5,1,1,0
2023,15,3472,6,"J","7",35,13,5,"SOS","1 eaten, 1 dead","3472_15","drought",NA,"alive",1,"Flowering",1,NA,"5",1,1,1,1
2024,15,3472,6,"J","5",42.5,27.5,1,"2.5","umbel likely missed in phen","3472_15","drought",NA,"alive",1,"Flowering",1,NA,NA,NA,NA,NA,1
2025,15,3472,6,"J",NA,NA,NA,NA,NA,"NPNT","3472_15","drought",NA,NA,NA,NA,NA,NA,NA,NA,NA,NA,1
2018,5,3472,14,"B","1",8,8,0,NA,"","3472_5","drought",2019,"alive",1,"Vegetative",0,NA,"0",NA,NA,0,NA
2019,5,3472,14,"B","0",NA,NA,NA,NA,"no plant","3472_5","drought",2019,"dead",0,"Dead",NA,NA,NA,NA,NA,NA,0
2018,5,3473,18,"G","1",14,14,0,NA,"","3473_5","drought",NA,"alive",1,"Vegetative",0,NA,"1",0,0,1,NA
2019,5,3473,18,"G","1",NA,15,0,NA,"","3473_5","drought",NA,"alive",1,"Vegetative",0,NA,NA,NA,NA,NA,0
2020,5,3473,18,"G",NA,NA,NA,NA,NA,"","3473_5","drought",NA,NA,NA,NA,NA,NA,"2",1,1,1,0
2021,5,3473,18,"G","2",13.5,15,1,"2.5","","3473_5","drought",NA,"alive",1,"Flowering",1,NA,"5",3,1,1,NA
2022,5,3473,18,"G","5",32,16,3,"SOS","","3473_5","drought",NA,"alive",1,"Flowering",1,NA,"5",3,1,1,1
2023,5,3473,18,"G","5",34,14,3,"SOS","","3473_5","drought",NA,"alive",1,"Flowering",1,NA,"4",2,1,1,1
2024,5,3473,18,"G","4",33,10,2,"6.5","","3473_5","drought",NA,"alive",1,"Flowering",1,NA,"4",1,1,1,1
2025,5,3473,18,"G","4",14.5,13,1,"3.5","one stalk broken off","3473_5","drought",NA,"alive",1,"Flowering",1,NA,NA,NA,NA,NA,1
2018,5,3474,18,"A","2",12.5,10,1,"2.7","","3474_5","drought",NA,"alive",1,"Flowering",1,NA,"1",0,0,1,NA
2019,5,3474,18,"A","1",NA,9.5,0,NA,"","3474_5","drought",NA,"alive",1,"Vegetative",0,NA,NA,NA,NA,NA,1
2020,5,3474,18,"A",NA,NA,NA,NA,NA,"","3474_5","drought",NA,NA,NA,NA,NA,NA,"1",0,0,1,0
2021,5,3474,18,"A","1",NA,10,0,NA,"","3474_5","drought",NA,"alive",1,"Vegetative",0,NA,"4",0,0,1,NA
2022,5,3474,18,"A","4",NA,20,0,NA,"","3474_5","drought",NA,"alive",1,"Vegetative",0,NA,"6",4,1,1,0
2023,5,3474,18,"A","6",39,17,4,"SOS","","3474_5","drought",NA,"alive",1,"Flowering",1,NA,"2",0,0,1,0
2024,5,3474,18,"A","2",NA,13,0,NA,"","3474_5","drought",NA,"alive",1,"Vegetative",0,NA,"1",0,0,1,1
2025,5,3474,18,"A","1",NA,16,0,NA,"","3474_5","drought",NA,"alive",1,"Vegetative",0,NA,NA,NA,NA,NA,0
2019,14,3475,5,"D","1",NA,7,0,NA,"","3475_14","drought",NA,"alive",1,"Vegetative",0,NA,NA,NA,NA,NA,NA
2020,14,3475,5,"D",NA,NA,NA,NA,NA,"npnt","3475_14","drought",NA,NA,NA,NA,NA,NA,NA,NA,NA,NA,0
2021,14,3475,5,"D",NA,NA,NA,NA,NA,"NPNT","3475_14","drought",NA,NA,NA,NA,NA,NA,"1",0,0,1,NA
2022,14,3475,5,"D","1",NA,14,0,NA,"probably a new plant instead (was missing for 2 years)","3475_14","drought",NA,"alive",1,"Vegetative",0,NA,"3",1,1,1,NA
2023,14,3475,5,"D","3",12,16,1,"5","","3475_14","drought",NA,"alive",1,"Flowering",1,NA,"1",0,0,1,0
2024,14,3475,5,"D","1",NA,22,0,NA,"","3475_14","drought",NA,"alive",1,"Vegetative",0,NA,"1",0,0,1,1
2025,14,3475,5,"D","1",NA,17,0,NA,"","3475_14","drought",NA,"alive",1,"Vegetative",0,NA,NA,NA,NA,NA,0
2018,2,3475,6,"D","2",12,12,0,NA,"","3475_2","control",2019,"alive",1,"Vegetative",0,NA,"0",NA,NA,0,NA
2019,2,3475,6,"D","0",NA,NA,NA,NA,"no plant","3475_2","control",2019,"dead",0,"Dead",NA,NA,NA,NA,NA,NA,0
2018,2,3476,7,"E","2",14.5,14.5,0,NA,"","3476_2","control",2020,"alive",1,"Vegetative",0,NA,"1",0,0,1,NA
2019,2,3476,7,"E","1",NA,9,0,NA,"","3476_2","control",2020,"alive",1,"Vegetative",0,NA,"0",NA,NA,0,0
2020,2,3476,7,"E","0",NA,NA,NA,NA,"no plant","3476_2","control",2020,"dead",0,"Dead",NA,NA,NA,NA,NA,NA,0
2019,5,3476,12,"E","2",NA,12.5,0,NA,"","3476_5","drought",NA,"alive",1,"Vegetative",0,NA,NA,NA,NA,NA,NA
2020,5,3476,12,"E",NA,NA,NA,NA,NA,"","3476_5","drought",NA,NA,NA,NA,NA,NA,"2",1,1,1,0
2021,5,3476,12,"E","2",12,9.5,1,"3","","3476_5","drought",NA,"alive",1,"Flowering",1,NA,"3",2,1,1,NA
2022,5,3476,12,"E","3",28,14.5,2,"SOS","","3476_5","drought",NA,"alive",1,"Flowering",1,NA,"9",4,1,1,1
2023,5,3476,12,"E","9",37,14,4,"SOS","","3476_5","drought",NA,"alive",1,"Flowering",1,NA,"2",1,1,1,1
2024,5,3476,12,"E","2",NA,9,1,NA,"","3476_5","drought",NA,"alive",1,"Flowering",1,NA,"2",1,1,1,1
2025,5,3476,12,"E","2",8,10,1,"1.5","","3476_5","drought",NA,"alive",1,"Flowering",1,NA,NA,NA,NA,NA,1
2018,2,3477,6,"C","3",12,11,1,"1","","3477_2","control",NA,"alive",1,"Flowering",1,NA,"3",1,1,1,NA
2019,2,3477,6,"C","3",12,13,1,"1.5","","3477_2","control",NA,"alive",1,"Flowering",1,NA,"1",0,0,1,1
2020,2,3477,6,"C","1",NA,10,0,NA,"","3477_2","control",NA,"alive",1,"Vegetative",0,NA,"3",0,0,1,1
2021,2,3477,6,"C","3",NA,17,0,NA,"","3477_2","control",NA,"alive",1,"Vegetative",0,NA,"3",1,1,1,0
2022,2,3477,6,"C","3",28.5,15,1,"2.5","","3477_2","control",NA,"alive",1,"Flowering",1,NA,"2",1,1,1,0
2023,2,3477,6,"C","2",24,11,1,"4","dead--stalk broken, no seeds","3477_2","control",NA,"alive",1,"Flowering",1,NA,"2",1,1,1,1
2024,2,3477,6,"C","2",29,15,1,"3","","3477_2","control",NA,"alive",1,"Flowering",1,NA,"3",1,1,1,1
2025,2,3477,6,"C","3",18,19.5,1,"3.5","umble dead","3477_2","control",NA,"alive",1,"Flowering",1,NA,NA,NA,NA,NA,1
2019,13,3478,16,"B","2",NA,7.5,0,NA,"","3478_13","control",NA,"alive",1,"Vegetative",0,NA,NA,NA,NA,NA,NA
2020,13,3478,16,"B",NA,NA,NA,NA,NA,"","3478_13","control",NA,NA,NA,NA,NA,NA,"1",0,0,1,0
2021,13,3478,16,"B","1",NA,13.5,0,NA,"","3478_13","control",NA,"alive",1,"Vegetative",0,NA,"3",0,0,1,NA
2022,13,3478,16,"B","3",NA,15.5,0,NA,"","3478_13","control",NA,"alive",1,"Vegetative",0,NA,"5",2,1,1,0
2023,13,3478,16,"B","5",32,15,2,"SOS","","3478_13","control",NA,"alive",1,"Flowering",1,NA,"3",0,0,1,0
2024,13,3478,16,"B","3",NA,13,0,NA,"","3478_13","control",NA,"alive",1,"Vegetative",0,NA,"3",0,0,1,1
2025,13,3478,16,"B","3",NA,21.5,0,NA,"","3478_13","control",NA,"alive",1,"Vegetative",0,NA,NA,NA,NA,NA,0
2018,15,3478,17,"I","1",21,21,0,NA,"","3478_15","drought",2021,"alive",1,"Vegetative",0,NA,"0",NA,NA,1,NA
2019,15,3478,17,"I","0",NA,NA,NA,NA,"no plant","3478_15","drought",2021,"dormant",1,"Dormant",NA,NA,NA,NA,NA,NA,0
2020,15,3478,17,"I",NA,NA,NA,NA,NA,"","3478_15","drought",2021,NA,NA,NA,NA,NA,"0",NA,NA,0,NA
2021,15,3478,17,"I","0",NA,NA,NA,NA,"NP","3478_15","drought",2021,"dead",0,"Dead",NA,NA,NA,NA,NA,NA,NA
2018,15,3479,5,"F","3",21.5,21.5,0,NA,"","3479_15","drought",NA,"alive",1,"Vegetative",0,NA,"2",0,0,1,NA
2019,15,3479,5,"F","2",NA,15,0,NA,"","3479_15","drought",NA,"alive",1,"Vegetative",0,NA,"4",1,1,1,0
2020,15,3479,5,"F","4",24.5,16.3,1,"3.5","","3479_15","drought",NA,"alive",1,"Flowering",1,NA,"5",1,1,1,0
2021,15,3479,5,"F","5",15,11,1,"2","","3479_15","drought",NA,"alive",1,"Flowering",1,NA,"11",6,1,1,1
2022,15,3479,5,"F","11",49,21,6,"SOS","","3479_15","drought",NA,"alive",1,"Flowering",1,NA,"2",1,1,1,1
2023,15,3479,5,"F","2",38,14,1,"5","","3479_15","drought",NA,"alive",1,"Flowering",1,NA,"4",2,1,1,1
2024,15,3479,5,"F","4",31,17,2,"4.5","","3479_15","drought",NA,"alive",1,"Flowering",1,NA,"0",NA,NA,NA,1
2025,15,3479,5,"F","0",NA,NA,NA,NA,"NP vole tunnel","3479_15","drought",NA,NA,NA,NA,NA,NA,NA,NA,NA,NA,1
2019,5,3479,3,"G","1",NA,9,0,NA,"","3479_5","drought",2020,"alive",1,"Vegetative",0,NA,"0",NA,NA,0,NA
2020,5,3479,3,"G","0",NA,NA,NA,NA,"no plant","3479_5","drought",2020,"dead",0,"Dead",NA,NA,NA,NA,NA,NA,0
2017,13,3480,16,"C","1",NA,13.5,0,NA,"","3480_13","control",2021,"alive",1,"Vegetative",0,NA,"2",0,0,1,NA
2018,13,3480,16,"C","2",11.5,11.5,0,NA,"","3480_13","control",2021,"alive",1,"Vegetative",0,NA,"0",NA,NA,1,0
2019,13,3480,16,"C","0",NA,NA,NA,NA,"no plant; duplicate, changed to '3480'","3480_13","control",2021,"dormant",1,"Dormant",NA,NA,NA,NA,NA,NA,0
2020,13,3480,16,"C",NA,NA,NA,NA,NA,"new tag: 3480","3480_13","control",2021,NA,NA,NA,NA,NA,"0",NA,NA,0,NA
2021,13,3480,16,"C","0",NA,NA,NA,NA,"NP, tag is 3480","3480_13","control",2021,"dead",0,"Dead",NA,NA,NA,NA,NA,NA,NA
2018,2,3480,3,"G","2",8.5,8.5,0,NA,"","3480_2","control",2024,"alive",1,"Vegetative",0,NA,"1",0,0,1,NA
2019,2,3480,3,"G","1",NA,8,0,NA,"","3480_2","control",2024,"alive",1,"Vegetative",0,NA,"1",0,0,1,0
2020,2,3480,3,"G","1",NA,7.2,0,NA,"","3480_2","control",2024,"alive",1,"Vegetative",0,NA,"1",0,0,1,0
2021,2,3480,3,"G","1",NA,11,0,NA,"","3480_2","control",2024,"alive",1,"Vegetative",0,NA,"1",1,1,1,0
2022,2,3480,3,"G","1",17,9,1,"3.5","","3480_2","control",2024,"alive",1,"Flowering",1,NA,"1",1,1,1,0
2023,2,3480,3,"G","1",39,13.5,1,"5.5","","3480_2","control",2024,"alive",1,"Flowering",1,NA,"0",NA,NA,0,1
2024,2,3480,3,"G","0",NA,NA,NA,NA,"in phen but disappeared last week","3480_2","control",2024,"dead",0,"Dead",NA,NA,NA,NA,NA,NA,1
2017,13,3481,12,"F","3",NA,10.5,2,"3.5","","3481_13","control",NA,"alive",1,"Flowering",1,NA,"1",0,0,1,NA
2018,13,3481,12,"F","1",9,9.5,0,NA,"","3481_13","control",NA,"alive",1,"Vegetative",0,NA,"1",0,0,1,1
2019,13,3481,12,"F","1",NA,11,0,NA,"duplicate, changed to '3481'","3481_13","control",NA,"alive",1,"Vegetative",0,NA,NA,NA,NA,NA,0
2020,13,3481,12,"F",NA,NA,NA,NA,NA,"new tag: 3481","3481_13","control",NA,NA,NA,NA,NA,NA,"3",1,1,1,0
2021,13,3481,12,"F","3",21,19,1,"3.5","tag is 3481","3481_13","control",NA,"alive",1,"Flowering",1,NA,"4",3,1,1,NA
2022,13,3481,12,"F","4",31,19,3,"SOS","tag is 3481","3481_13","control",NA,"alive",1,"Flowering",1,NA,"8",4,1,1,1
2023,13,3481,12,"F","8",40,20,4,"SOS","tag is 3481","3481_13","control",NA,"alive",1,"Flowering",1,NA,"5",2,1,1,1
2024,13,3481,12,"F","5",33,13.5,2,"6","tag is 3481 not 3389","3481_13","control",NA,"alive",1,"Flowering",1,NA,"3",1,1,1,1
2025,13,3481,12,"F","3",33,17,1,"5.5","tag is 3481 not 3389","3481_13","control",NA,"alive",1,"Flowering",1,NA,NA,NA,NA,NA,1
2018,15,3481,15,"H","5",16,16,0,NA,"","3481_15","drought",NA,"alive",1,"Vegetative",0,NA,"0",NA,NA,1,NA
2019,15,3481,15,"H","0",NA,NA,NA,NA,"no plant","3481_15","drought",NA,"dormant",1,"Dormant",NA,NA,NA,NA,NA,NA,0
2020,15,3481,15,"H",NA,NA,NA,NA,NA,"","3481_15","drought",NA,NA,NA,NA,NA,NA,"3",1,1,1,NA
2021,15,3481,15,"H","3",25.5,19,1,"3.5","","3481_15","drought",NA,"alive",1,"Flowering",1,NA,"4",1,1,1,NA
2022,15,3481,15,"H","4",37,22,1,"5.5","","3481_15","drought",NA,"alive",1,"Flowering",1,NA,"3",3,1,1,1
2023,15,3481,15,"H","3",19,23.5,3,"SOS","?","3481_15","drought",NA,"alive",1,"Flowering",1,NA,"3",2,1,1,1
2024,15,3481,15,"H","3",33.5,18,2,"8","","3481_15","drought",NA,"alive",1,"Flowering",1,NA,"1",1,1,1,1
2025,15,3481,15,"H","1",NA,17,1,NA,"","3481_15","drought",NA,"alive",1,"Flowering",1,NA,NA,NA,NA,NA,1
2019,14,3482,13,"B","1",NA,7,0,NA,"","3482_14","drought",2022,"alive",1,"Vegetative",0,NA,NA,NA,NA,NA,NA
2020,14,3482,13,"B",NA,NA,NA,NA,NA,"","3482_14","drought",2022,NA,NA,NA,NA,NA,"1",0,0,1,0
2021,14,3482,13,"B","1",NA,14.5,0,NA,"","3482_14","drought",2022,"alive",1,"Vegetative",0,NA,"0",NA,NA,0,NA
2022,14,3482,13,"B","0",NA,NA,NA,NA,"NP","3482_14","drought",2022,"dead",0,"Dead",NA,NA,NA,NA,NA,NA,0
2018,15,3482,16,"J","3",15,15,0,NA,"","3482_15","drought",NA,"alive",1,"Vegetative",0,NA,"0",NA,NA,1,NA
2019,15,3482,16,"J","0",NA,NA,NA,NA,"no plant","3482_15","drought",NA,"dormant",1,"Dormant",NA,NA,NA,NA,NA,NA,0
2020,15,3482,16,"J",NA,NA,NA,NA,NA,"","3482_15","drought",NA,NA,NA,NA,NA,NA,"1",0,0,1,NA
2021,15,3482,16,"J","1",NA,19,0,NA,"","3482_15","drought",NA,"alive",1,"Vegetative",0,NA,"2",1,1,1,NA
2022,15,3482,16,"J","2",22.5,21,1,"4","","3482_15","drought",NA,"alive",1,"Flowering",1,NA,"3",3,1,1,0
2023,15,3482,16,"J","3",23,13,3,"SOS","1 umbel dead","3482_15","drought",NA,"alive",1,"Flowering",1,NA,"4",2,1,1,1
2024,15,3482,16,"J","4",22.5,23,2,"6","spittlebug; accidentally broke umbel","3482_15","drought",NA,"alive",1,"Flowering",1,NA,"0",NA,NA,NA,1
2025,15,3482,16,"J","0",NA,NA,NA,NA,"NP vole hole","3482_15","drought",NA,NA,NA,NA,NA,NA,NA,NA,NA,NA,1
2019,1,3483,18,"E","1",7.5,16,1,"1.5","","3483_1","irrigated",NA,"alive",1,"Flowering",1,NA,NA,NA,NA,NA,NA
2020,1,3483,18,"E",NA,NA,NA,NA,NA,"","3483_1","irrigated",NA,NA,NA,NA,NA,NA,"2",0,0,1,1
2021,1,3483,18,"E","2",NA,13.5,0,NA,"","3483_1","irrigated",NA,"alive",1,"Vegetative",0,NA,"0",NA,NA,1,NA
2022,1,3483,18,"E","0",NA,NA,NA,NA,"NP","3483_1","irrigated",NA,"dormant",1,"Dormant",NA,NA,"2",1,1,1,0
2023,1,3483,18,"E","2",35,18,1,"5","","3483_1","irrigated",NA,"alive",1,"Flowering",1,NA,"0",NA,NA,1,NA
2024,1,3483,18,"E","0",NA,NA,NA,NA,"NP","3483_1","irrigated",NA,"dormant",1,"Dormant",NA,NA,"1",0,0,1,1
2025,1,3483,18,"E","1",NA,16,0,NA,"","3483_1","irrigated",NA,"alive",1,"Vegetative",0,NA,NA,NA,NA,NA,NA
2019,13,3483,15,"D","2",NA,14,0,NA,"","3483_13","control",2022,"alive",1,"Vegetative",0,NA,NA,NA,NA,NA,NA
2020,13,3483,15,"D",NA,NA,NA,NA,NA,"","3483_13","control",2022,NA,NA,NA,NA,NA,NA,NA,NA,NA,0
2021,13,3483,15,"D",NA,NA,NA,NA,NA,"NPNT","3483_13","control",2022,NA,NA,NA,NA,NA,"0",NA,NA,0,NA
2022,13,3483,15,"D","0",NA,NA,NA,NA,"NP, tag pulled","3483_13","control",2022,"dead",0,"Dead",NA,NA,NA,NA,NA,NA,NA
2019,5,3484,5,"H","1",NA,9,0,NA,"","3484_5","drought",2024,"alive",1,"Vegetative",0,NA,"2",0,0,1,NA
2020,5,3484,5,"H","2",NA,8.2,0,NA,"","3484_5","drought",2024,"alive",1,"Vegetative",0,NA,"1",0,0,1,0
2021,5,3484,5,"H","1",NA,11,0,NA,"","3484_5","drought",2024,"alive",1,"Vegetative",0,NA,"1",0,0,1,0
2022,5,3484,5,"H","1",NA,18,0,NA,"beside 5017","3484_5","drought",2024,"alive",1,"Vegetative",0,NA,"1",1,1,1,0
2023,5,3484,5,"H","1",30,15,1,"8","beside 5017","3484_5","drought",2024,"alive",1,"Flowering",1,NA,"0",NA,NA,0,0
2024,5,3484,5,"H","0",NA,NA,NA,NA,"NP","3484_5","drought",2024,"dead",0,"Dead",NA,NA,NA,NA,NA,NA,1
2018,15,3485,3,"A","3",10,13.5,1,"1","","3485_15","drought",NA,"alive",1,"Flowering",1,NA,"4",0,0,1,NA
2019,15,3485,3,"A","4",NA,15.5,0,NA,"","3485_15","drought",NA,"alive",1,"Vegetative",0,NA,"1",0,0,1,1
2020,15,3485,3,"A","1",NA,11.5,0,NA,"","3485_15","drought",NA,"alive",1,"Vegetative",0,NA,"4",2,1,1,0
2021,15,3485,3,"A","4",22,15,2,"SOS","","3485_15","drought",NA,"alive",1,"Flowering",1,NA,"13",6,1,1,0
2022,15,3485,3,"A","13",40.5,18,6,"SOS","","3485_15","drought",NA,"alive",1,"Flowering",1,NA,"8",7,1,1,1
2023,15,3485,3,"A","8",52,20,7,"SOS","","3485_15","drought",NA,"alive",1,"Flowering",1,NA,"9",6,1,1,1
2024,15,3485,3,"A","9",40.5,19,6,"20","","3485_15","drought",NA,"alive",1,"Flowering",1,NA,"2",0,0,1,1
2025,15,3485,3,"A","2",NA,19.5,0,NA,"","3485_15","drought",NA,"alive",1,"Vegetative",0,NA,NA,NA,NA,NA,1
2019,14,3486,5,"A","1",13.5,9.5,1,"2.5","","3486_14","drought",2024,"alive",1,"Flowering",1,NA,"0",NA,NA,1,NA
2020,14,3486,5,"A","0",NA,NA,NA,NA,"no plant","3486_14","drought",2024,"dormant",1,"Dormant",NA,NA,"1",0,0,1,1
2021,14,3486,5,"A","1",NA,16.5,0,NA,"","3486_14","drought",2024,"alive",1,"Vegetative",0,NA,"0",NA,NA,1,NA
2022,14,3486,5,"A","0",NA,NA,NA,NA,"NP","3486_14","drought",2024,"dormant",1,"Dormant",NA,NA,"2",0,0,1,0
2023,14,3486,5,"A","2",NA,28.5,0,NA,"","3486_14","drought",2024,"alive",1,"Vegetative",0,NA,"0",NA,NA,0,NA
2024,14,3486,5,"A","0",NA,NA,NA,NA,"NP; possibly is 7575?","3486_14","drought",2024,"dead",0,"Dead",NA,NA,NA,NA,NA,NA,0
2019,14,3487,6,"C","2",NA,11.5,0,NA,"","3487_14","drought",2020,"alive",1,"Vegetative",0,NA,"0",NA,NA,0,NA
2020,14,3487,6,"C","0",NA,NA,NA,NA,"no plant","3487_14","drought",2020,"dead",0,"Dead",NA,NA,NA,NA,NA,NA,0
2019,5,3488,15,"I","1",NA,12,0,NA,"","3488_5","drought",NA,"alive",1,"Vegetative",0,NA,NA,NA,NA,NA,NA
2020,5,3488,15,"I",NA,NA,NA,NA,NA,"","3488_5","drought",NA,NA,NA,NA,NA,NA,"4",3,1,1,0
2021,5,3488,15,"I","4",12,17,3,"SOS","","3488_5","drought",NA,"alive",1,"Flowering",1,NA,"7",5,1,1,NA
2022,5,3488,15,"I","7",25,20,5,"SOS","more like 12 I/J","3488_5","drought",NA,"alive",1,"Flowering",1,NA,"10",6,1,1,1
2023,5,3488,15,"I","10",36,13,6,"SOS","more like 12 I/J","3488_5","drought",NA,"alive",1,"Flowering",1,NA,"6",4,1,1,1
2024,5,3488,15,"I","6",28.5,15.5,4,"12","small umbel possibly missed in phen","3488_5","drought",NA,"alive",1,"Flowering",1,NA,"3",2,1,1,1
2025,5,3488,15,"I","3",11,12.5,2,"0","closer to 12I, 2 dead umbels","3488_5","drought",NA,"alive",1,"Flowering",1,NA,NA,NA,NA,NA,1
2017,15,3489,14,"G","1",NA,19,0,NA,"","3489_15","drought",NA,"alive",1,"Vegetative",0,NA,"2",1,1,1,NA
2018,15,3489,14,"G","2",22,8.5,1,"2.2","","3489_15","drought",NA,"alive",1,"Flowering",1,NA,"0",NA,NA,1,0
2019,15,3489,14,"G","0",NA,NA,NA,NA,"no plant","3489_15","drought",NA,"dormant",1,"Dormant",NA,NA,NA,NA,NA,NA,1
2020,15,3489,14,"G",NA,NA,NA,NA,NA,"","3489_15","drought",NA,NA,NA,NA,NA,NA,"1",1,1,1,NA
2021,15,3489,14,"G","1",20,14.5,1,"3","","3489_15","drought",NA,"alive",1,"Flowering",1,NA,"3",2,1,1,NA
2022,15,3489,14,"G","3",43,18,2,"SOS","","3489_15","drought",NA,"alive",1,"Flowering",1,NA,"3",1,1,1,1
2023,15,3489,14,"G","3",36,19,1,"7.5","","3489_15","drought",NA,"alive",1,"Flowering",1,NA,"7",5,1,1,1
2024,15,3489,14,"G","7",37,17.5,5,"20.5","","3489_15","drought",NA,"alive",1,"Flowering",1,NA,"0",NA,NA,NA,1
2025,15,3489,14,"G","0",NA,NA,NA,NA,"NP","3489_15","drought",NA,NA,NA,NA,NA,NA,NA,NA,NA,NA,1
2019,6,3489,13,"B","3",NA,11,0,NA,"","3489_6","irrigated",NA,"alive",1,"Vegetative",0,NA,"1",0,0,1,NA
2020,6,3489,13,"B","1",NA,21.2,0,NA,"","3489_6","irrigated",NA,"alive",1,"Vegetative",0,NA,"3",1,1,1,0
2021,6,3489,13,"B","3",21.5,14,1,"4","","3489_6","irrigated",NA,"alive",1,"Flowering",1,NA,"3",1,1,1,0
2022,6,3489,13,"B","3",48,19,1,"6","","3489_6","irrigated",NA,"alive",1,"Flowering",1,NA,"3",2,1,1,1
2023,6,3489,13,"B","3",43,24,2,"SOS","","3489_6","irrigated",NA,"alive",1,"Flowering",1,NA,"3",2,1,1,1
2024,6,3489,13,"B","3",40,14,2,"8","longest leaf senesced; measured second longest","3489_6","irrigated",NA,"alive",1,"Flowering",1,NA,"1",0,0,1,1
2025,6,3489,13,"B","1",NA,29.5,0,NA,"","3489_6","irrigated",NA,"alive",1,"Vegetative",0,NA,NA,NA,NA,NA,1
2017,15,3490,12,"C","2",NA,7,1,"2.2","","3490_15","drought",NA,"alive",1,"Flowering",1,NA,"2",1,1,1,NA
2018,15,3490,12,"C","2",12,7.5,1,"1.6","","3490_15","drought",NA,"alive",1,"Flowering",1,NA,"2",1,1,1,1
2019,15,3490,12,"C","2",9.5,11,1,"0.5","","3490_15","drought",NA,"alive",1,"Flowering",1,NA,NA,NA,NA,NA,1
2020,15,3490,12,"C",NA,NA,NA,NA,NA,"","3490_15","drought",NA,NA,NA,NA,NA,NA,NA,NA,NA,NA,1
2021,15,3490,12,"C",NA,NA,NA,NA,NA,"NPNT","3490_15","drought",NA,NA,NA,NA,NA,NA,"3",2,1,1,NA
2022,15,3490,12,"C","3",33.5,15,2,"SOS","","3490_15","drought",NA,"alive",1,"Flowering",1,NA,"6",3,1,1,NA
2023,15,3490,12,"C","6",23,10,3,"SOS","1 umbel dead","3490_15","drought",NA,"alive",1,"Flowering",1,NA,"4",3,1,1,1
2024,15,3490,12,"C","4",29,14,3,"4.5","second umble still bud","3490_15","drought",NA,"alive",1,"Flowering",1,NA,"1",1,1,1,1
2025,15,3490,12,"C","1",NA,12.5,1,NA,"umbels eaten","3490_15","drought",NA,"alive",1,"Flowering",1,NA,NA,NA,NA,NA,1
2019,5,3490,0,"F","1",NA,9,0,NA,"","3490_5","drought",NA,"alive",1,"Vegetative",0,NA,"4",0,0,1,NA
2020,5,3490,0,"F","4",NA,11,0,NA,"","3490_5","drought",NA,"alive",1,"Vegetative",0,NA,"1",0,0,1,0
2021,5,3490,0,"F","1",NA,13,0,NA,"","3490_5","drought",NA,"alive",1,"Vegetative",0,NA,"7",0,0,1,0
2022,5,3490,0,"F","7",NA,23.5,0,NA,"","3490_5","drought",NA,"alive",1,"Vegetative",0,NA,"1",0,0,1,0
2023,5,3490,0,"F","1",NA,17,0,NA,"","3490_5","drought",NA,"alive",1,"Vegetative",0,NA,"1",0,0,1,0
2024,5,3490,0,"F","1",NA,12.5,0,NA,"leaf senesced","3490_5","drought",NA,"alive",1,"Vegetative",0,NA,"2",0,0,1,0
2025,5,3490,0,"F","2",NA,16.5,0,NA,"","3490_5","drought",NA,"alive",1,"Vegetative",0,NA,NA,NA,NA,NA,0
2019,13,3491,15,"E","2",NA,16,0,NA,"","3491_13","control",NA,"alive",1,"Vegetative",0,NA,NA,NA,NA,NA,NA
2020,13,3491,15,"E",NA,NA,NA,NA,NA,"","3491_13","control",NA,NA,NA,NA,NA,NA,"1",0,0,1,0
2021,13,3491,15,"E","1",NA,11,0,NA,"","3491_13","control",NA,"alive",1,"Vegetative",0,NA,"2",0,0,1,NA
2022,13,3491,15,"E","2",NA,21,0,NA,"","3491_13","control",NA,"alive",1,"Vegetative",0,NA,"4",3,1,1,0
2023,13,3491,15,"E","4",27,16,3,"SOS","closer to 14","3491_13","control",NA,"alive",1,"Flowering",1,NA,"1",0,0,1,0
2024,13,3491,15,"E","1",NA,20.5,0,NA,"plant behind tag/pin","3491_13","control",NA,"alive",1,"Vegetative",0,NA,"1",0,0,1,1
2025,13,3491,15,"E","1",NA,22,0,NA,"plant behind tag/pin","3491_13","control",NA,"alive",1,"Vegetative",0,NA,NA,NA,NA,NA,0
2017,15,3491,17,"E","3",NA,16.5,2,"3.2","","3491_15","drought",NA,"alive",1,"Flowering",1,NA,"3",2,1,1,NA
2018,15,3491,17,"E","3",25,13,2,"4.5","","3491_15","drought",NA,"alive",1,"Flowering",1,NA,"2",1,1,1,1
2019,15,3491,17,"E","2",25,11,1,"2.5","","3491_15","drought",NA,"alive",1,"Flowering",1,NA,NA,NA,NA,NA,1
2020,15,3491,17,"E",NA,NA,NA,NA,NA,"","3491_15","drought",NA,NA,NA,NA,NA,NA,"2",1,1,1,1
2021,15,3491,17,"E","2",23,14,1,"4","","3491_15","drought",NA,"alive",1,"Flowering",1,NA,"7",3,1,1,NA
2022,15,3491,17,"E","7",45,21,3,"SOS","","3491_15","drought",NA,"alive",1,"Flowering",1,NA,"4",3,1,1,1
2023,15,3491,17,"E","4",49,17,3,"SOS","","3491_15","drought",NA,"alive",1,"Flowering",1,NA,"4",1,1,1,1
2024,15,3491,17,"E","4",41.5,20,1,"2.5","","3491_15","drought",NA,"alive",1,"Flowering",1,NA,"0",NA,NA,NA,1
2025,15,3491,17,"E","0",NA,NA,NA,NA,"NP, digging","3491_15","drought",NA,NA,NA,NA,NA,NA,NA,NA,NA,NA,1
2019,13,3492,15,"C","2",NA,20,0,NA,"","3492_13","control",2022,"alive",1,"Vegetative",0,NA,NA,NA,NA,NA,NA
2020,13,3492,15,"C",NA,NA,NA,NA,NA,"","3492_13","control",2022,NA,NA,NA,NA,NA,"1",0,0,1,0
2021,13,3492,15,"C","1",NA,13,0,NA,"","3492_13","control",2022,"alive",1,"Vegetative",0,NA,"0",NA,NA,0,NA
2022,13,3492,15,"C","0",NA,NA,NA,NA,"NP","3492_13","control",2022,"dead",0,"Dead",NA,NA,NA,NA,NA,NA,0
2017,15,3492,16,"D","3",NA,14,2,"2.7","","3492_15","drought",2021,"alive",1,"Flowering",1,NA,"4",2,1,1,NA
2018,15,3492,16,"D","4",7.5,6.5,2,"1.5","","3492_15","drought",2021,"alive",1,"Flowering",1,NA,"0",NA,NA,1,1
2019,15,3492,16,"D","0",NA,NA,NA,NA,"no plant","3492_15","drought",2021,"dormant",1,"Dormant",NA,NA,NA,NA,NA,NA,1
2020,15,3492,16,"D",NA,NA,NA,NA,NA,"","3492_15","drought",2021,NA,NA,NA,NA,NA,"0",NA,NA,0,NA
2021,15,3492,16,"D","0",NA,NA,NA,NA,"NP","3492_15","drought",2021,"dead",0,"Dead",NA,NA,NA,NA,NA,NA,NA
2019,14,3493,12,"B","1",NA,5,0,NA,"","3493_14","drought",2021,"alive",1,"Vegetative",0,NA,NA,NA,NA,NA,NA
2020,14,3493,12,"B",NA,NA,NA,NA,NA,"","3493_14","drought",2021,NA,NA,NA,NA,NA,"0",NA,NA,0,0
2021,14,3493,12,"B","0",NA,NA,NA,NA,"NP, tag in 13A","3493_14","drought",2021,"dead",0,"Dead",NA,NA,NA,NA,NA,NA,NA
2017,15,3493,14,"E","5",NA,11.5,2,"5","","3493_15","drought",NA,"alive",1,"Flowering",1,NA,"4",2,1,1,NA
2018,15,3493,14,"E","4",9,10.5,2,"2","","3493_15","drought",NA,"alive",1,"Flowering",1,NA,"0",NA,NA,1,1
2019,15,3493,14,"E","0",NA,NA,NA,NA,"no plant","3493_15","drought",NA,"dormant",1,"Dormant",NA,NA,NA,NA,NA,NA,1
2020,15,3493,14,"E",NA,NA,NA,NA,NA,"","3493_15","drought",NA,NA,NA,NA,NA,NA,"0",NA,NA,1,NA
2021,15,3493,14,"E","0",NA,NA,NA,NA,"NP","3493_15","drought",NA,"dormant",1,"Dormant",NA,NA,"3",2,1,1,NA
2022,15,3493,14,"E","3",30,20,2,"SOS","","3493_15","drought",NA,"alive",1,"Flowering",1,NA,"9",7,1,1,NA
2023,15,3493,14,"E","9",37,13,7,"SOS","","3493_15","drought",NA,"alive",1,"Flowering",1,NA,"4",5,1,1,1
2024,15,3493,14,"E","4",26,8.5,5,"15.5","fifth umbel is still bud","3493_15","drought",NA,"alive",1,"Flowering",1,NA,"2",3,1,1,1
2025,15,3493,14,"E","2",17.5,7.5,3,"5","","3493_15","drought",NA,"alive",1,"Flowering",1,NA,NA,NA,NA,NA,1
2019,13,3494,16,"D","2",15,11.5,1,"3","","3494_13","control",NA,"alive",1,"Flowering",1,NA,NA,NA,NA,NA,NA
2020,13,3494,16,"D",NA,NA,NA,NA,NA,"","3494_13","control",NA,NA,NA,NA,NA,NA,"4",2,1,1,1
2021,13,3494,16,"D","4",23,11,2,"SOS","","3494_13","control",NA,"alive",1,"Flowering",1,NA,"5",3,1,1,NA
2022,13,3494,16,"D","5",30,11,3,"SOS","","3494_13","control",NA,"alive",1,"Flowering",1,NA,"5",3,1,1,1
2023,13,3494,16,"D","5",33,15,3,"SOS","1 umbel dead","3494_13","control",NA,"alive",1,"Flowering",1,NA,"2",1,1,1,1
2024,13,3494,16,"D","2",19.5,11.5,1,"3.5","","3494_13","control",NA,"alive",1,"Flowering",1,NA,"3",0,0,1,1
2025,13,3494,16,"D","3",NA,23,0,NA,"","3494_13","control",NA,"alive",1,"Vegetative",0,NA,NA,NA,NA,NA,1
2017,15,3494,15,"C","5",NA,13,2,"3","","3494_15","drought",2021,"alive",1,"Flowering",1,NA,"2",0,0,1,NA
2018,15,3494,15,"C","2",8.5,8.5,0,NA,"","3494_15","drought",2021,"alive",1,"Vegetative",0,NA,"0",NA,NA,1,1
2019,15,3494,15,"C","0",NA,NA,NA,NA,"no plant","3494_15","drought",2021,"dormant",1,"Dormant",NA,NA,"1",0,0,1,0
2020,15,3494,15,"C","1",NA,8.8,0,NA,"","3494_15","drought",2021,"alive",1,"Vegetative",0,NA,"0",NA,NA,0,NA
2021,15,3494,15,"C","0",NA,NA,NA,NA,"NP","3494_15","drought",2021,"dead",0,"Dead",NA,NA,NA,NA,NA,NA,0
2019,14,3495,1,"A","1",NA,17.5,0,NA,"","3495_14","drought",NA,"alive",1,"Vegetative",0,NA,"1",0,0,1,NA
2020,14,3495,1,"A","1",NA,13.6,0,NA,"","3495_14","drought",NA,"alive",1,"Vegetative",0,NA,"2",0,0,1,0
2021,14,3495,1,"A","2",NA,17.5,0,NA,"","3495_14","drought",NA,"alive",1,"Vegetative",0,NA,"2",1,1,1,0
2022,14,3495,1,"A","2",30,11,1,NA,"","3495_14","drought",NA,"alive",1,"Flowering",1,NA,"3",2,1,1,0
2023,14,3495,1,"A","3",47,11,2,"SOS","1 umbel dead","3495_14","drought",NA,"alive",1,"Flowering",1,NA,"1",0,0,1,1
2024,14,3495,1,"A","1",NA,22,0,NA,"moss; next to smaller untagged plant","3495_14","drought",NA,"alive",1,"Vegetative",0,NA,"1",0,0,1,1
2025,14,3495,1,"A","1",NA,24,0,NA,"","3495_14","drought",NA,"alive",1,"Vegetative",0,NA,NA,NA,NA,NA,0
2017,15,3495,12,"C","2",NA,12.5,1,"4","","3495_15","drought",2022,"alive",1,"Flowering",1,NA,"2",1,1,1,NA
2018,15,3495,12,"C","2",11,12,1,"3.5","","3495_15","drought",2022,"alive",1,"Flowering",1,NA,"0",NA,NA,1,1
2019,15,3495,12,"C","0",NA,NA,NA,NA,"no plant","3495_15","drought",2022,"dormant",1,"Dormant",NA,NA,NA,NA,NA,NA,1
2020,15,3495,12,"C",NA,NA,NA,NA,NA,"","3495_15","drought",2022,NA,NA,NA,NA,NA,"3",1,1,1,NA
2021,15,3495,12,"C","3",NA,10,1,NA,"umble eaten","3495_15","drought",2022,"alive",1,"Flowering",1,NA,"0",NA,NA,0,NA
2022,15,3495,12,"C","0",NA,NA,NA,NA,"NP","3495_15","drought",2022,"dead",0,"Dead",NA,NA,NA,NA,NA,NA,1
2017,15,3496,15,"A","3",NA,17.5,1,"3.5","","3496_15","drought",2021,"alive",1,"Flowering",1,NA,"2",1,1,1,NA
2018,15,3496,15,"A","2",26,14,1,"4","","3496_15","drought",2021,"alive",1,"Flowering",1,NA,"0",NA,NA,1,1
2019,15,3496,15,"A","0",NA,NA,NA,NA,"","3496_15","drought",2021,"dormant",1,"Dormant",NA,NA,NA,NA,NA,NA,1
2020,15,3496,15,"A",NA,NA,NA,NA,NA,"","3496_15","drought",2021,NA,NA,NA,NA,NA,"0",NA,NA,0,NA
2021,15,3496,15,"A","0",NA,NA,NA,NA,"NP","3496_15","drought",2021,"dead",0,"Dead",NA,NA,NA,NA,NA,NA,NA
2019,5,3496,5,"J","1",NA,17,0,NA,"","3496_5","drought",2020,"alive",1,"Vegetative",0,NA,"0",NA,NA,0,NA
2020,5,3496,5,"J","0",NA,NA,NA,NA,"no plant","3496_5","drought",2020,"dead",0,"Dead",NA,NA,NA,NA,NA,NA,0
2019,13,3497,17,"C","1",19,8.5,1,"3.5","","3497_13","control",NA,"alive",1,"Flowering",1,NA,NA,NA,NA,NA,NA
2020,13,3497,17,"C",NA,NA,NA,NA,NA,"","3497_13","control",NA,NA,NA,NA,NA,NA,"0",NA,NA,1,1
2021,13,3497,17,"C","0",NA,NA,NA,NA,"NP","3497_13","control",NA,"dormant",1,"Dormant",NA,NA,"3",1,1,1,NA
2022,13,3497,17,"C","3",25.5,15,1,"2.5","","3497_13","control",NA,"alive",1,"Flowering",1,NA,"2",2,1,1,NA
2023,13,3497,17,"C","2",30,20,2,"SOS","","3497_13","control",NA,"alive",1,"Flowering",1,NA,"0",NA,NA,1,1
2024,13,3497,17,"C","0",NA,NA,NA,NA,"NP","3497_13","control",NA,"dormant",1,"Dormant",NA,NA,"1",0,0,1,1
2025,13,3497,17,"C","1",NA,20.5,0,NA,"next to 3628","3497_13","control",NA,"alive",1,"Vegetative",0,NA,NA,NA,NA,NA,NA
2017,15,3497,14,"C","5",NA,10.5,2,"2","","3497_15","drought",2023,"alive",1,"Flowering",1,NA,"1",0,0,1,NA
2018,15,3497,14,"C","1",5,5,0,NA,"","3497_15","drought",2023,"alive",1,"Vegetative",0,NA,"0",NA,NA,1,1
2019,15,3497,14,"C","0",NA,NA,NA,NA,"no plant","3497_15","drought",2023,"dormant",1,"Dormant",NA,NA,NA,NA,NA,NA,0
2020,15,3497,14,"C",NA,NA,NA,NA,NA,"","3497_15","drought",2023,NA,NA,NA,NA,NA,"0",NA,NA,1,NA
2021,15,3497,14,"C","0",NA,NA,NA,NA,"NP","3497_15","drought",2023,"dormant",1,"Dormant",NA,NA,NA,NA,NA,NA,NA
2022,15,3497,14,"C",NA,NA,NA,NA,NA,"NPNT","3497_15","drought",2023,NA,NA,NA,NA,NA,"0",NA,NA,0,NA
2023,15,3497,14,"C","0",NA,NA,NA,NA,"NP. Tag pulled.","3497_15","drought",2023,"dead",0,"Dead",NA,NA,NA,NA,NA,NA,NA
2019,13,3498,14,"D","1",NA,8,0,NA,"","3498_13","control",NA,"alive",1,"Vegetative",0,NA,NA,NA,NA,NA,NA
2020,13,3498,14,"D",NA,NA,NA,NA,NA,"","3498_13","control",NA,NA,NA,NA,NA,NA,"1",0,0,1,0
2021,13,3498,14,"D","1",NA,7,0,NA,"","3498_13","control",NA,"alive",1,"Vegetative",0,NA,"2",0,0,1,NA
2022,13,3498,14,"D","2",NA,11,0,NA,"","3498_13","control",NA,"alive",1,"Vegetative",0,NA,"2",1,1,1,0
2023,13,3498,14,"D","2",26,12,1,"4","","3498_13","control",NA,"alive",1,"Flowering",1,NA,NA,NA,NA,NA,0
2024,13,3498,14,"D",NA,NA,NA,NA,NA,"NPNT","3498_13","control",NA,NA,NA,NA,NA,NA,"2",0,0,1,1
2025,13,3498,14,"D","2",NA,17,0,NA,"","3498_13","control",NA,"alive",1,"Vegetative",0,NA,NA,NA,NA,NA,NA
2017,15,3498,16,"C","3",NA,16,1,"2.5","","3498_15","drought",NA,"alive",1,"Flowering",1,NA,"3",1,1,1,NA
2018,15,3498,16,"C","3",11,11,1,"3","","3498_15","drought",NA,"alive",1,"Flowering",1,NA,"1",0,0,1,1
2019,15,3498,16,"C","1",NA,13,0,NA,"","3498_15","drought",NA,"alive",1,"Vegetative",0,NA,"2",1,1,1,1
2020,15,3498,16,"C","2",23,5.1,1,"2.1","","3498_15","drought",NA,"alive",1,"Flowering",1,NA,"2",0,0,1,0
2021,15,3498,16,"C","2",NA,14,0,NA,"","3498_15","drought",NA,"alive",1,"Vegetative",0,NA,"3",0,0,1,1
2022,15,3498,16,"C","3",NA,24,0,NA,"","3498_15","drought",NA,"alive",1,"Vegetative",0,NA,"2",2,1,1,0
2023,15,3498,16,"C","2",26,6,2,"SOS","stalk broken off. Both umbels dead","3498_15","drought",NA,"alive",1,"Flowering",1,NA,"2",2,1,1,0
2024,15,3498,16,"C","2",22,12,2,"3.5","","3498_15","drought",NA,"alive",1,"Flowering",1,NA,"2",0,0,1,1
2025,15,3498,16,"C","2",NA,14,0,NA,"","3498_15","drought",NA,"alive",1,"Vegetative",0,NA,NA,NA,NA,NA,1
2019,5,3499,2,"G","1",NA,10,0,NA,"","3499_5","drought",2020,"alive",1,"Vegetative",0,NA,"0",NA,NA,0,NA
2020,5,3499,2,"G","0",NA,NA,NA,NA,"no plant","3499_5","drought",2020,"dead",0,"Dead",NA,NA,NA,NA,NA,NA,0
2019,13,3500,14,"C","1",NA,14.5,0,NA,"","3500_13","control",NA,"alive",1,"Vegetative",0,NA,NA,NA,NA,NA,NA
2020,13,3500,14,"C",NA,NA,NA,NA,NA,"","3500_13","control",NA,NA,NA,NA,NA,NA,"2",0,0,1,0
2021,13,3500,14,"C","2",NA,18.5,0,NA,"","3500_13","control",NA,"alive",1,"Vegetative",0,NA,"2",0,0,1,NA
2022,13,3500,14,"C","2",NA,19,0,NA,"","3500_13","control",NA,"alive",1,"Vegetative",0,NA,"3",2,1,1,0
2023,13,3500,14,"C","3",33,16,2,"SOS","","3500_13","control",NA,"alive",1,"Flowering",1,NA,"1",0,0,1,0
2024,13,3500,14,"C","1",NA,23.5,0,NA,"","3500_13","control",NA,"alive",1,"Vegetative",0,NA,"1",0,0,1,1
2025,13,3500,14,"C","1",NA,22,0,NA,"in dactylis","3500_13","control",NA,"alive",1,"Vegetative",0,NA,NA,NA,NA,NA,0
2017,15,3500,10,"D","1",NA,20,0,NA,"","3500_15","drought",NA,"alive",1,"Vegetative",0,NA,"0",NA,NA,1,NA
2018,15,3500,10,"D","0",NA,NA,NA,NA,"no plant","3500_15","drought",NA,"dormant",1,"Dormant",NA,NA,"2",1,1,1,0
2019,15,3500,10,"D","2",21.5,6,1,"5.5","","3500_15","drought",NA,"alive",1,"Flowering",1,NA,"0",NA,NA,1,NA
2020,15,3500,10,"D","0",NA,NA,NA,NA,"no plant","3500_15","drought",NA,"dormant",1,"Dormant",NA,NA,"1",1,1,1,1
2021,15,3500,10,"D","1",19,20.5,1,"4","","3500_15","drought",NA,"alive",1,"Flowering",1,NA,"5",3,1,1,NA
2022,15,3500,10,"D","5",49,16,3,"SOS","","3500_15","drought",NA,"alive",1,"Flowering",1,NA,"7",4,1,1,1
2023,15,3500,10,"D","7",48,10,4,"SOS","1 umbel dead","3500_15","drought",NA,"alive",1,"Flowering",1,NA,"6",2,1,1,1
2024,15,3500,10,"D","6",39.5,16,2,"8.5","","3500_15","drought",NA,"alive",1,"Flowering",1,NA,"2",1,1,1,1
2025,15,3500,10,"D","2",22,13.5,1,"3","","3500_15","drought",NA,"alive",1,"Flowering",1,NA,NA,NA,NA,NA,1
2016,2,3501,0,"J","4",NA,7.8,2,"2.8","","3501_2","control",NA,"alive",1,"Flowering",1,NA,"1",NA,NA,1,NA
2017,2,3501,0,"J","1",NA,16,NA,NA,"","3501_2","control",NA,"alive",1,NA,NA,NA,"3",1,1,1,1
2018,2,3501,0,"J","3",15,13.5,1,"1.7","","3501_2","control",NA,"alive",1,"Flowering",1,NA,"1",0,0,1,NA
2019,2,3501,0,"J","1",NA,10,0,NA,"","3501_2","control",NA,"alive",1,"Vegetative",0,NA,"1",0,0,1,1
2020,2,3501,0,"J","1",NA,14.7,0,NA,"","3501_2","control",NA,"alive",1,"Vegetative",0,NA,"2",0,0,1,0
2021,2,3501,0,"J","2",NA,16,0,NA,"","3501_2","control",NA,"alive",1,"Vegetative",0,NA,"0",NA,NA,1,0
2022,2,3501,0,"J","0",NA,NA,NA,NA,"NP","3501_2","control",NA,"dormant",1,"Dormant",NA,NA,"1",0,0,1,0
2023,2,3501,0,"J","1",NA,23,0,NA,"","3501_2","control",NA,"alive",1,"Vegetative",0,NA,"0",NA,NA,1,NA
2024,2,3501,0,"J","0",NA,NA,NA,NA,"NP","3501_2","control",NA,"dormant",1,"Dormant",NA,NA,"1",0,0,1,0
2025,2,3501,0,"J","1",NA,22,0,NA,"","3501_2","control",NA,"alive",1,"Vegetative",0,NA,NA,NA,NA,NA,NA
2016,2,3502,8,"B","3",NA,6.5,0,NA,"","3502_2","control",NA,"alive",1,"Vegetative",0,NA,"1",0,0,1,NA
2017,2,3502,8,"B","1",NA,11.5,0,NA,"","3502_2","control",NA,"alive",1,"Vegetative",0,NA,"3",1,1,1,0
2018,2,3502,8,"B","3",14,17,1,"2","","3502_2","control",NA,"alive",1,"Flowering",1,NA,"4",1,1,1,0
2019,2,3502,8,"B","4",14,12,1,"1","","3502_2","control",NA,"alive",1,"Flowering",1,NA,"1",0,0,1,1
2020,2,3502,8,"B","1",NA,9.5,0,NA,"partially eaten","3502_2","control",NA,"alive",1,"Vegetative",0,NA,"3",1,1,1,1
2021,2,3502,8,"B","3",32,17.5,1,"3","","3502_2","control",NA,"alive",1,"Flowering",1,NA,"1",0,0,1,0
2022,2,3502,8,"B","1",NA,24.5,0,NA,"","3502_2","control",NA,"alive",1,"Vegetative",0,NA,"2",1,1,1,1
2023,2,3502,8,"B","2",27,10,1,"3","","3502_2","control",NA,"alive",1,"Flowering",1,NA,"1",1,1,1,0
2024,2,3502,8,"B","1",32.5,11.5,1,"4","","3502_2","control",NA,"alive",1,"Flowering",1,NA,"0",NA,NA,NA,1
2025,2,3502,8,"B","0",NA,NA,NA,NA,"NP","3502_2","control",NA,NA,NA,NA,NA,NA,NA,NA,NA,NA,1
2016,1,3506,2,"E","6",NA,11,2,"4.2","","3506_1","irrigated",NA,"alive",1,"Flowering",1,NA,"3",1,1,1,NA
2017,1,3506,2,"E","3",NA,14.5,1,"2.5","","3506_1","irrigated",NA,"alive",1,"Flowering",1,NA,"3",1,1,1,1
2018,1,3506,2,"E","3",13,10,1,"2.7","","3506_1","irrigated",NA,"alive",1,"Flowering",1,NA,"2",0,0,1,1
2019,1,3506,2,"E","2",NA,10,0,NA,"","3506_1","irrigated",NA,"alive",1,"Vegetative",0,NA,"2",0,0,1,1
2020,1,3506,2,"E","2",NA,14,0,NA,"","3506_1","irrigated",NA,"alive",1,"Vegetative",0,NA,"1",0,0,1,0
2021,1,3506,2,"E","1",NA,13.5,0,NA,"","3506_1","irrigated",NA,"alive",1,"Vegetative",0,NA,"5",4,1,1,0
2022,1,3506,2,"E","5",39,10.5,4,"SOS","","3506_1","irrigated",NA,"alive",1,"Flowering",1,NA,"5",4,1,1,0
2023,1,3506,2,"E","5",38,14,4,"SOS","","3506_1","irrigated",NA,"alive",1,"Flowering",1,NA,"6",5,1,1,1
2024,1,3506,2,"E","6",33.5,18.5,5,"10","last two umbels are buds","3506_1","irrigated",NA,"alive",1,"Flowering",1,NA,"2",2,1,1,1
2025,1,3506,2,"E","2",35,22.5,2,"5","","3506_1","irrigated",NA,"alive",1,"Flowering",1,NA,NA,NA,NA,NA,1
2016,3,3507,3,"B","4",NA,7.5,1,"1.8","","3507_3","control",2023,"alive",1,"Flowering",1,NA,"1",1,1,1,NA
2017,3,3507,3,"B","1",NA,12,1,"1.5","","3507_3","control",2023,"alive",1,"Flowering",1,NA,"2",0,0,1,1
2018,3,3507,3,"B","2",24.5,24.5,0,NA,"","3507_3","control",2023,"alive",1,"Vegetative",0,NA,"2",1,1,1,1
2019,3,3507,3,"B","2",21.5,17.5,1,"3","","3507_3","control",2023,"alive",1,"Flowering",1,NA,"1",0,0,1,0
2020,3,3507,3,"B","1",NA,16.2,0,NA,"","3507_3","control",2023,"alive",1,"Vegetative",0,NA,NA,NA,NA,NA,1
2021,3,3507,3,"B",NA,NA,NA,NA,NA,"NPNT","3507_3","control",2023,NA,NA,NA,NA,NA,NA,NA,NA,NA,0
2022,3,3507,3,"B",NA,NA,NA,NA,NA,"NPNT","3507_3","control",2023,NA,NA,NA,NA,NA,"0",NA,NA,0,NA
2023,3,3507,3,"B","0",NA,NA,NA,NA,"NP. Tag pulled.","3507_3","control",2023,"dead",0,"Dead",NA,NA,NA,NA,NA,NA,NA
2017,5,3508,2,"I","3",NA,12.5,0,NA,"","3508_5","drought",NA,"alive",1,"Vegetative",0,NA,"2",0,0,1,NA
2018,5,3508,2,"I","2",9,9,0,NA,"","3508_5","drought",NA,"alive",1,"Vegetative",0,NA,"1",0,0,1,0
2019,5,3508,2,"I","1",NA,5.5,0,NA,"","3508_5","drought",NA,"alive",1,"Vegetative",0,NA,"1",0,0,1,0
2020,5,3508,2,"I","1",NA,11.7,0,NA,"","3508_5","drought",NA,"alive",1,"Vegetative",0,NA,"1",0,0,1,0
2021,5,3508,2,"I","1",NA,10.5,0,NA,"","3508_5","drought",NA,"alive",1,"Vegetative",0,NA,"2",0,0,1,0
2022,5,3508,2,"I","2",NA,21,0,NA,"","3508_5","drought",NA,"alive",1,"Vegetative",0,NA,"0",NA,NA,1,0
2023,5,3508,2,"I","0",NA,NA,NA,NA,"NP","3508_5","drought",NA,"dormant",1,"Dormant",NA,NA,NA,NA,NA,NA,0
2024,5,3508,2,"I",NA,NA,NA,NA,NA,"NPNT","3508_5","drought",NA,NA,NA,NA,NA,NA,"2",0,0,1,NA
2025,5,3508,2,"I","2",NA,19.5,0,NA,"","3508_5","drought",NA,"alive",1,"Vegetative",0,NA,NA,NA,NA,NA,NA
2016,7,3513,13,"C","7",NA,7,1,"2","Diversity plot","3513_7","drought",2019,"alive",1,"Flowering",1,NA,NA,NA,NA,NA,NA
2017,7,3513,13,"C",NA,NA,NA,NA,NA,"NP/NT","3513_7","drought",2019,NA,NA,NA,NA,NA,NA,NA,NA,NA,1
2018,7,3513,13,"C",NA,NA,NA,NA,NA,"no plant no tag","3513_7","drought",2019,NA,NA,NA,NA,NA,"0",NA,NA,0,NA
2019,7,3513,13,"C","0",NA,NA,NA,NA,"no plant","3513_7","drought",2019,"dead",0,"Dead",NA,NA,NA,NA,NA,NA,NA
2018,13,3515,14,"G","2",8.5,8.5,0,NA,"","3515_13","control",NA,"alive",1,"Vegetative",0,NA,"3",1,1,1,NA
2019,13,3515,14,"G","3",19,13,1,"3.5","","3515_13","control",NA,"alive",1,"Flowering",1,NA,NA,NA,NA,NA,0
2020,13,3515,14,"G",NA,NA,NA,NA,NA,"","3515_13","control",NA,NA,NA,NA,NA,NA,"4",2,1,1,1
2021,13,3515,14,"G","4",24.5,12.5,2,"SOS","","3515_13","control",NA,"alive",1,"Flowering",1,NA,"4",4,1,1,NA
2022,13,3515,14,"G","4",35,11,4,"SOS","","3515_13","control",NA,"alive",1,"Flowering",1,NA,"7",5,1,1,1
2023,13,3515,14,"G","7",35,12,5,"SOS","","3515_13","control",NA,"alive",1,"Flowering",1,NA,"5",3,1,1,1
2024,13,3515,14,"G","5",26.5,17.5,3,"10","","3515_13","control",NA,"alive",1,"Flowering",1,NA,"6",3,1,1,1
2025,13,3515,14,"G","6",35,16,3,"7.5","","3515_13","control",NA,"alive",1,"Flowering",1,NA,NA,NA,NA,NA,1
2017,5,3516,12,"C","3",NA,10,2,"2.5","","3516_5","drought",NA,"alive",1,"Flowering",1,NA,"5",0,0,1,NA
2018,5,3516,12,"C","5",9,9,0,NA,"","3516_5","drought",NA,"alive",1,"Vegetative",0,NA,"1",0,0,1,1
2019,5,3516,12,"C","1",NA,11,0,NA,"","3516_5","drought",NA,"alive",1,"Vegetative",0,NA,NA,NA,NA,NA,0
2020,5,3516,12,"C",NA,NA,NA,NA,NA,"","3516_5","drought",NA,NA,NA,NA,NA,NA,"1",0,0,1,0
2021,5,3516,12,"C","1",NA,13.5,0,NA,"","3516_5","drought",NA,"alive",1,"Vegetative",0,NA,"5",2,1,1,NA
2022,5,3516,12,"C","5",27,15,2,"SOS","","3516_5","drought",NA,"alive",1,"Flowering",1,NA,"3",2,1,1,0
2023,5,3516,12,"C","3",44,11,2,"SOS","","3516_5","drought",NA,"alive",1,"Flowering",1,NA,"1",0,0,1,1
2024,5,3516,12,"C","1",NA,6.5,0,NA,"measured leaf senesced","3516_5","drought",NA,"alive",1,"Vegetative",0,NA,"2",0,0,1,1
2025,5,3516,12,"C","2",NA,11,0,NA,"","3516_5","drought",NA,"alive",1,"Vegetative",0,NA,NA,NA,NA,NA,0
2017,6,3518,10,"I","2",NA,15,1,"4.5","","3518_6","irrigated",NA,"alive",1,"Flowering",1,NA,"5",2,1,1,NA
2018,6,3518,10,"I","5",23,12,2,"4","","3518_6","irrigated",NA,"alive",1,"Flowering",1,NA,"4",3,1,1,1
2019,6,3518,10,"I","4",22,14.5,3,"4.5","","3518_6","irrigated",NA,"alive",1,"Flowering",1,NA,"3",2,1,1,1
2020,6,3518,10,"I","3",46,21.2,2,"SOS","","3518_6","irrigated",NA,"alive",1,"Flowering",1,NA,"3",2,1,1,1
2021,6,3518,10,"I","3",30,14,2,"SOS","","3518_6","irrigated",NA,"alive",1,"Flowering",1,NA,"5",3,1,1,1
2022,6,3518,10,"I","5",52,14.5,3,"SOS","","3518_6","irrigated",NA,"alive",1,"Flowering",1,NA,"5",3,1,1,1
2023,6,3518,10,"I","5",44.5,17,3,"SOS","","3518_6","irrigated",NA,"alive",1,"Flowering",1,NA,"2",1,1,1,1
2024,6,3518,10,"I","2",32.5,17,1,"4","","3518_6","irrigated",NA,"alive",1,"Flowering",1,NA,"2",1,1,1,1
2025,6,3518,10,"I","2",27,14,1,"6","","3518_6","irrigated",NA,"alive",1,"Flowering",1,NA,NA,NA,NA,NA,1
2017,2,3519,9,"G","1",NA,11.1,1,"3","","3519_2","control",2024,"alive",1,"Flowering",1,NA,"3",2,1,1,NA
2018,2,3519,9,"G","3",20,13,2,"4","","3519_2","control",2024,"alive",1,"Flowering",1,NA,"2",1,1,1,1
2019,2,3519,9,"G","2",16,11,1,"2","","3519_2","control",2024,"alive",1,"Flowering",1,NA,"1",1,1,1,1
2020,2,3519,9,"G","1",9.7,13.9,1,"2.9","","3519_2","control",2024,"alive",1,"Flowering",1,NA,"2",1,1,1,1
2021,2,3519,9,"G","2",28,15,1,"5","","3519_2","control",2024,"alive",1,"Flowering",1,NA,"2",2,1,1,1
2022,2,3519,9,"G","2",47,15,2,"SOS","","3519_2","control",2024,"alive",1,"Flowering",1,NA,"1",1,1,1,1
2023,2,3519,9,"G","1",28,16,1,"3.5","dead umbel--stalk broken and umbel already dead.","3519_2","control",2024,"alive",1,"Flowering",1,NA,"0",NA,NA,0,1
2024,2,3519,9,"G","0",NA,NA,NA,NA,"NP","3519_2","control",2024,"dead",0,"Dead",NA,NA,NA,NA,NA,NA,1
2021,14,3520,7,"A","1",NA,12.5,0,NA,"","3520_14","drought",NA,"alive",1,"Vegetative",0,NA,"0",NA,NA,1,NA
2022,14,3520,7,"A","0",NA,NA,NA,NA,"NP","3520_14","drought",NA,"dormant",1,"Dormant",NA,NA,"2",1,1,1,0
2023,14,3520,7,"A","2",40,20.5,1,"4.5","","3520_14","drought",NA,"alive",1,"Flowering",1,NA,NA,NA,NA,NA,NA
2024,14,3520,7,"A",NA,NA,NA,NA,NA,"NPNT; many untagged plants","3520_14","drought",NA,NA,NA,NA,NA,NA,"2",0,0,1,1
2025,14,3520,7,"A","2",NA,20,0,NA,"","3520_14","drought",NA,"alive",1,"Vegetative",0,NA,NA,NA,NA,NA,NA
2021,2,3522,4,"E","1",NA,6,0,NA,"","3522_2","control",2024,"alive",1,"Vegetative",0,NA,"1",0,0,1,NA
2022,2,3522,4,"E","1",NA,17,0,NA,"","3522_2","control",2024,"alive",1,"Vegetative",0,NA,"1",1,1,1,0
2023,2,3522,4,"E","1",20,NA,1,"3.5","Leaf eaten off.","3522_2","control",2024,"alive",1,"Flowering",1,NA,"0",NA,NA,0,0
2024,2,3522,4,"E","0",NA,NA,NA,NA,"NP; surrounded by detached dead leaves","3522_2","control",2024,"dead",0,"Dead",NA,NA,NA,NA,NA,NA,1
2016,2,3523,2,"D","7",NA,5.8,2,"2.7","","3523_2","control",2022,"alive",1,"Flowering",1,NA,"2",1,1,1,NA
2017,2,3523,2,"D","2",NA,9,1,"3","","3523_2","control",2022,"alive",1,"Flowering",1,NA,"2",0,0,1,1
2018,2,3523,2,"D","2",12,12,0,NA,"","3523_2","control",2022,"alive",1,"Vegetative",0,NA,"2",1,1,1,1
2019,2,3523,2,"D","2",11,8,1,"2","","3523_2","control",2022,"alive",1,"Flowering",1,NA,"2",0,0,1,0
2020,2,3523,2,"D","2",NA,12.7,0,NA,"","3523_2","control",2022,"alive",1,"Vegetative",0,NA,"3",1,1,1,1
2021,2,3523,2,"D","3",23.5,11,1,"6","","3523_2","control",2022,"alive",1,"Flowering",1,NA,"0",NA,NA,0,0
2022,2,3523,2,"D","0",NA,NA,NA,NA,"NP.","3523_2","control",2022,"dead",0,"Dead",NA,NA,NA,NA,NA,NA,1
2017,1,3525,0,"E","4",NA,17.5,1,"3","","3525_1","irrigated",NA,"alive",1,"Flowering",1,NA,"4",1,1,1,NA
2018,1,3525,0,"E","4",20,15,1,"3","","3525_1","irrigated",NA,"alive",1,"Flowering",1,NA,"2",1,1,1,1
2019,1,3525,0,"E","2",28,8,1,"6.5","","3525_1","irrigated",NA,"alive",1,"Flowering",1,NA,"1",0,0,1,1
2020,1,3525,0,"E","1",NA,16.2,0,NA,"","3525_1","irrigated",NA,"alive",1,"Vegetative",0,NA,"3",1,1,1,1
2021,1,3525,0,"E","3",31.5,18,1,"6","","3525_1","irrigated",NA,"alive",1,"Flowering",1,NA,"3",1,1,1,0
2022,1,3525,0,"E","3",44,20,1,"7.5","","3525_1","irrigated",NA,"alive",1,"Flowering",1,NA,"3",2,1,1,1
2023,1,3525,0,"E","3",49,21,2,"SOS","","3525_1","irrigated",NA,"alive",1,"Flowering",1,NA,"3",1,1,1,1
2024,1,3525,0,"E","3",44,22,1,"5.5","ysp in phen","3525_1","irrigated",NA,"alive",1,"Flowering",1,NA,"3",1,1,1,1
2025,1,3525,0,"E","3",29,22,1,"2.5","","3525_1","irrigated",NA,"alive",1,"Flowering",1,NA,NA,NA,NA,NA,1
2019,14,3526,14,"E","2",NA,16.5,0,NA,"","3526_14","drought",NA,"alive",1,"Vegetative",0,NA,NA,NA,NA,NA,NA
2020,14,3526,14,"E",NA,NA,NA,NA,NA,"","3526_14","drought",NA,NA,NA,NA,NA,NA,"2",0,0,1,0
2021,14,3526,14,"E","2",NA,18,0,NA,"","3526_14","drought",NA,"alive",1,"Vegetative",0,NA,"3",3,1,1,NA
2022,14,3526,14,"E","3",40,13,3,"SOS","","3526_14","drought",NA,"alive",1,"Flowering",1,NA,"3",2,1,1,0
2023,14,3526,14,"E","3",54.5,18,2,"SOS","","3526_14","drought",NA,"alive",1,"Flowering",1,NA,"3",0,0,1,1
2024,14,3526,14,"E","3",NA,10,0,NA,"","3526_14","drought",NA,"alive",1,"Vegetative",0,NA,NA,NA,NA,NA,1
2025,14,3526,14,"E",NA,NA,NA,NA,NA,"tag moved by vole (not in ground) tag pulled. No plant around","3526_14","drought",NA,NA,NA,NA,NA,NA,NA,NA,NA,NA,0
2016,1,3527,0,"H","1",NA,15.5,0,NA,"","3527_1","irrigated",2019,"alive",1,"Vegetative",0,NA,"0",NA,NA,1,NA
2017,1,3527,0,"H","0",NA,NA,NA,NA,"No plant/dead?","3527_1","irrigated",2019,"dormant",1,"Dormant",NA,NA,"3",1,1,1,0
2018,1,3527,0,"H","3",17,8,1,"3.2","","3527_1","irrigated",2019,"alive",1,"Flowering",1,NA,"0",0,NA,0,NA
2019,1,3527,0,"H","0",0,0,0,"0","no plant","3527_1","irrigated",2019,"dead",0,"Dead",NA,NA,NA,NA,NA,NA,1
2019,14,3528,19,"C","1",NA,6,0,NA,"","3528_14","drought",2021,"alive",1,"Vegetative",0,NA,NA,NA,NA,NA,NA
2020,14,3528,19,"C",NA,NA,NA,NA,NA,"","3528_14","drought",2021,NA,NA,NA,NA,NA,"0",NA,NA,0,0
2021,14,3528,19,"C","0",NA,NA,NA,NA,"NP","3528_14","drought",2021,"dead",0,"Dead",NA,NA,NA,NA,NA,NA,NA
2018,14,3530,19,"C","1",5.5,5.5,0,NA,"","3530_14","drought",NA,"alive",1,"Vegetative",0,NA,"2",0,0,1,NA
2019,14,3530,19,"C","2",NA,11.5,0,NA,"","3530_14","drought",NA,"alive",1,"Vegetative",0,NA,NA,NA,NA,NA,0
2020,14,3530,19,"C",NA,NA,NA,NA,NA,"","3530_14","drought",NA,NA,NA,NA,NA,NA,"1",0,0,1,0
2021,14,3530,19,"C","1",NA,14,0,NA,"","3530_14","drought",NA,"alive",1,"Vegetative",0,NA,"1",0,0,1,NA
2022,14,3530,19,"C","1",NA,14,0,NA,"","3530_14","drought",NA,"alive",1,"Vegetative",0,NA,"1",0,0,1,0
2023,14,3530,19,"C","1",NA,17,0,NA,"","3530_14","drought",NA,"alive",1,"Vegetative",0,NA,"2",1,1,1,0
2024,14,3530,19,"C","2",37,15.5,1,"4","not in phen b/c outside plot","3530_14","drought",NA,"alive",1,"Flowering",1,NA,"1",0,0,1,0
2025,14,3530,19,"C","1",NA,22,0,NA,"outside plot","3530_14","drought",NA,"alive",1,"Vegetative",0,NA,NA,NA,NA,NA,1
2016,2,3531,9,"B","6",NA,7.5,0,NA,"","3531_2","control",NA,"alive",1,"Vegetative",0,NA,"1",0,0,1,NA
2017,2,3531,9,"B","1",NA,15.4,0,NA,"","3531_2","control",NA,"alive",1,"Vegetative",0,NA,"3",1,1,1,0
2018,2,3531,9,"B","3",13,14.5,1,"1.5","","3531_2","control",NA,"alive",1,"Flowering",1,NA,"2",0,0,1,0
2019,2,3531,9,"B","2",NA,13,0,NA,"","3531_2","control",NA,"alive",1,"Vegetative",0,NA,"1",0,0,1,1
2020,2,3531,9,"B","1",NA,8.6,0,NA,"","3531_2","control",NA,"alive",1,"Vegetative",0,NA,"2",1,1,1,0
2021,2,3531,9,"B","2",26.5,12,1,"4.5","","3531_2","control",NA,"alive",1,"Flowering",1,NA,"3",2,1,1,0
2022,2,3531,9,"B","3",35.5,13,2,"SOS","","3531_2","control",NA,"alive",1,"Flowering",1,NA,"2",1,1,1,1
2023,2,3531,9,"B","2",21,16,1,"2.5","","3531_2","control",NA,"alive",1,"Flowering",1,NA,"1",1,1,1,1
2024,2,3531,9,"B","1",22.5,14.5,1,"2.5","","3531_2","control",NA,"alive",1,"Flowering",1,NA,"2",1,1,1,1
2025,2,3531,9,"B","2",31.5,19,1,"5","","3531_2","control",NA,"alive",1,"Flowering",1,NA,NA,NA,NA,NA,1
2016,2,3533,2,"C","5",NA,8,1,"2.8","","3533_2","control",2022,"alive",1,"Flowering",1,NA,"2",0,0,1,NA
2017,2,3533,2,"C","2",NA,9.5,0,NA,"","3533_2","control",2022,"alive",1,"Vegetative",0,NA,"3",0,0,1,1
2018,2,3533,2,"C","3",9.5,9.5,0,NA,"","3533_2","control",2022,"alive",1,"Vegetative",0,NA,"1",0,0,1,0
2019,2,3533,2,"C","1",NA,7,0,NA,"","3533_2","control",2022,"alive",1,"Vegetative",0,NA,NA,NA,NA,NA,0
2020,2,3533,2,"C",NA,NA,NA,NA,NA,"npnt","3533_2","control",2022,NA,NA,NA,NA,NA,NA,NA,NA,NA,0
2021,2,3533,2,"C",NA,NA,NA,NA,NA,"NPNT","3533_2","control",2022,NA,NA,NA,NA,NA,"0",NA,NA,0,NA
2022,2,3533,2,"C","0",NA,NA,NA,NA,"NP. Tag pulled","3533_2","control",2022,"dead",0,"Dead",NA,NA,NA,NA,NA,NA,NA
2021,14,3534,6,"B","2",NA,19.5,0,NA,"","3534_14","drought",2022,"alive",1,"Vegetative",0,NA,"0",NA,NA,0,NA
2022,14,3534,6,"B","0",NA,NA,NA,NA,"NP","3534_14","drought",2022,"dead",0,"Dead",NA,NA,NA,NA,NA,NA,0
2016,13,3535,18,"A","3",NA,5.2,0,NA,"","3535_13","control",2022,"alive",1,"Vegetative",0,NA,"2",1,1,1,NA
2017,13,3535,18,"A","2",NA,15.5,1,"2","","3535_13","control",2022,"alive",1,"Flowering",1,NA,"0",NA,NA,1,0
2018,13,3535,18,"A","0",NA,NA,NA,NA,"no plant","3535_13","control",2022,"dormant",1,"Dormant",NA,NA,"1",0,0,1,1
2019,13,3535,18,"A","1",NA,11.5,0,NA,"","3535_13","control",2022,"alive",1,"Vegetative",0,NA,NA,NA,NA,NA,NA
2020,13,3535,18,"A",NA,NA,NA,NA,NA,"","3535_13","control",2022,NA,NA,NA,NA,NA,NA,NA,NA,NA,0
2021,13,3535,18,"A",NA,NA,NA,NA,NA,"NPNT","3535_13","control",2022,NA,NA,NA,NA,NA,"0",NA,NA,0,NA
2022,13,3535,18,"A","0",NA,NA,NA,NA,"NP, tag pulled","3535_13","control",2022,"dead",0,"Dead",NA,NA,NA,NA,NA,NA,NA
2016,12,3536,18,"A","7",NA,8.1,2,"5.1","","3536_12","irrigated",NA,"alive",1,"Flowering",1,NA,"3",2,1,1,NA
2017,12,3536,18,"A","3",NA,11.5,2,"4","","3536_12","irrigated",NA,"alive",1,"Flowering",1,NA,"6",3,1,1,1
2018,12,3536,18,"A","6",14.5,11,3,"3.2","","3536_12","irrigated",NA,"alive",1,"Flowering",1,NA,"2",0,0,1,1
2019,12,3536,18,"A","2",NA,14,0,NA,"","3536_12","irrigated",NA,"alive",1,"Vegetative",0,NA,"2",0,0,1,1
2020,12,3536,18,"A","2",NA,10.3,0,NA,"","3536_12","irrigated",NA,"alive",1,"Vegetative",0,NA,"4",2,1,1,0
2021,12,3536,18,"A","4",25,15,2,"SOS","","3536_12","irrigated",NA,"alive",1,"Flowering",1,NA,"3",3,1,1,0
2022,12,3536,18,"A","3",50.5,18,3,"SOS","","3536_12","irrigated",NA,"alive",1,"Flowering",1,NA,"6",4,1,1,1
2023,12,3536,18,"A","6",52,16,4,"SOS","","3536_12","irrigated",NA,"alive",1,"Flowering",1,NA,"2",1,1,1,1
2024,12,3536,18,"A","2",20,16.5,1,"3","near hose","3536_12","irrigated",NA,"alive",1,"Flowering",1,NA,"2",0,0,1,1
2025,12,3536,18,"A","2",NA,16,0,NA,"","3536_12","irrigated",NA,"alive",1,"Vegetative",0,NA,NA,NA,NA,NA,1
2017,1,3537,8,"J","2",NA,8.3,0,NA,"","3537_1","irrigated",2022,"alive",1,"Vegetative",0,NA,"1",0,0,1,NA
2018,1,3537,8,"J","1",11.5,11.5,0,NA,"","3537_1","irrigated",2022,"alive",1,"Vegetative",0,NA,"0",NA,NA,1,0
2019,1,3537,8,"J","0",NA,NA,NA,NA,"NP","3537_1","irrigated",2022,"dormant",1,"Dormant",NA,NA,"1",0,0,1,0
2020,1,3537,8,"J","1",NA,9.8,0,NA,"","3537_1","irrigated",2022,"alive",1,"Vegetative",0,NA,"1",0,0,1,NA
2021,1,3537,8,"J","1",NA,13.5,0,NA,"","3537_1","irrigated",2022,"alive",1,"Vegetative",0,NA,"0",NA,NA,0,0
2022,1,3537,8,"J","0",NA,NA,NA,NA,"NP","3537_1","irrigated",2022,"dead",0,"Dead",NA,NA,NA,NA,NA,NA,0
2017,5,3538,13,"C","2",NA,9,1,"3","","3538_5","drought",2022,"alive",1,"Flowering",1,NA,"0",NA,NA,1,NA
2018,5,3538,13,"C","0",NA,NA,NA,NA,"no plant","3538_5","drought",2022,"dormant",1,"Dormant",NA,NA,"1",0,0,1,1
2019,5,3538,13,"C","1",NA,8,0,NA,"","3538_5","drought",2022,"alive",1,"Vegetative",0,NA,NA,NA,NA,NA,NA
2020,5,3538,13,"C",NA,NA,NA,NA,NA,"","3538_5","drought",2022,NA,NA,NA,NA,NA,NA,NA,NA,NA,0
2021,5,3538,13,"C",NA,NA,NA,NA,NA,"NPNT","3538_5","drought",2022,NA,NA,NA,NA,NA,"0",NA,NA,0,NA
2022,5,3538,13,"C","0",NA,NA,NA,NA,"NP. Tag pulled","3538_5","drought",2022,"dead",0,"Dead",NA,NA,NA,NA,NA,NA,NA
2016,2,3539,7,"D","6",NA,7,0,NA,"","3539_2","control",2024,"alive",1,"Vegetative",0,NA,"1",0,0,1,NA
2017,2,3539,7,"D","1",NA,9.5,0,NA,"","3539_2","control",2024,"alive",1,"Vegetative",0,NA,"3",0,0,1,0
2018,2,3539,7,"D","3",11,11,0,NA,"","3539_2","control",2024,"alive",1,"Vegetative",0,NA,"1",0,0,1,0
2019,2,3539,7,"D","1",NA,14,0,NA,"","3539_2","control",2024,"alive",1,"Vegetative",0,NA,"1",0,0,1,0
2020,2,3539,7,"D","1",NA,11.2,0,NA,"","3539_2","control",2024,"alive",1,"Vegetative",0,NA,"3",1,1,1,0
2021,2,3539,7,"D","3",27,18,1,"4","","3539_2","control",2024,"alive",1,"Flowering",1,NA,"0",NA,NA,1,0
2022,2,3539,7,"D","0",NA,NA,NA,NA,"NP.","3539_2","control",2024,"dormant",1,"Dormant",NA,NA,"1",0,0,1,1
2023,2,3539,7,"D","1",NA,15,0,NA,"","3539_2","control",2024,"alive",1,"Vegetative",0,NA,"0",NA,NA,0,NA
2024,2,3539,7,"D","0",NA,NA,NA,NA,"NP","3539_2","control",2024,"dead",0,"Dead",NA,NA,NA,NA,NA,NA,0
2016,2,3540,2,"B","6",NA,8.1,1,"2.3","","3540_2","control",2021,"alive",1,"Flowering",1,NA,"1",0,0,1,NA
2017,2,3540,2,"B","1",NA,8.5,0,NA,"","3540_2","control",2021,"alive",1,"Vegetative",0,NA,"3",1,1,1,1
2018,2,3540,2,"B","3",5,11,1,"0.5","","3540_2","control",2021,"alive",1,"Flowering",1,NA,"1",0,0,1,0
2019,2,3540,2,"B","1",NA,8.5,0,NA,"","3540_2","control",2021,"alive",1,"Vegetative",0,NA,"1",0,0,1,1
2020,2,3540,2,"B","1",NA,10.5,0,NA,"","3540_2","control",2021,"alive",1,"Vegetative",0,NA,"0",NA,NA,0,0
2021,2,3540,2,"B","0",NA,NA,NA,NA,"NP","3540_2","control",2021,"dead",0,"Dead",NA,NA,NA,NA,NA,NA,0
2017,6,3541,18,"A","2",NA,15.5,0,NA,"","3541_6","irrigated",2022,"alive",1,"Vegetative",0,NA,"2",0,0,1,NA
2018,6,3541,18,"A","2",15,15,0,NA,"","3541_6","irrigated",2022,"alive",1,"Vegetative",0,NA,"2",0,0,1,0
2019,6,3541,18,"A","2",NA,13.5,0,NA,"","3541_6","irrigated",2022,"alive",1,"Vegetative",0,NA,"2",1,1,1,0
2020,6,3541,18,"A","2",30,15.7,1,"3.6","","3541_6","irrigated",2022,"alive",1,"Flowering",1,NA,"1",0,0,1,0
2021,6,3541,18,"A","1",NA,9.5,0,NA,"","3541_6","irrigated",2022,"alive",1,"Vegetative",0,NA,"0",NA,NA,0,1
2022,6,3541,18,"A","0",NA,NA,NA,NA,"NP","3541_6","irrigated",2022,"dead",0,"Dead",NA,NA,NA,NA,NA,NA,0
2016,1,3542,0,"I","1",NA,11,2,"2.7","","3542_1","irrigated",NA,"alive",1,"Flowering",1,NA,"5",1,1,1,NA
2017,1,3542,0,"I","5",NA,15,1,"2","","3542_1","irrigated",NA,"alive",1,"Flowering",1,NA,"11",4,1,1,1
2018,1,3542,0,"I","11",16,14,4,"3","","3542_1","irrigated",NA,"alive",1,"Flowering",1,NA,"1",1,1,1,1
2019,1,3542,0,"I","1",9.5,10,1,"2","","3542_1","irrigated",NA,"alive",1,"Flowering",1,NA,"1",0,0,1,1
2020,1,3542,0,"I","1",NA,13.6,0,NA,"","3542_1","irrigated",NA,"alive",1,"Vegetative",0,NA,"4",0,0,1,1
2021,1,3542,0,"I","4",NA,15,0,NA,"","3542_1","irrigated",NA,"alive",1,"Vegetative",0,NA,"5",4,1,1,0
2022,1,3542,0,"I","5",38.5,15,4,"SOS","","3542_1","irrigated",NA,"alive",1,"Flowering",1,NA,"4",4,1,1,0
2023,1,3542,0,"I","4",29,14,4,"SOS","","3542_1","irrigated",NA,"alive",1,"Flowering",1,NA,"2",1,1,1,1
2024,1,3542,0,"I","2",24.5,14,1,"2.5","found plant already pulled","3542_1","irrigated",NA,"alive",1,"Flowering",1,NA,"2",1,1,1,1
2025,1,3542,0,"I","2",NA,19,1,NA,"umbel dead","3542_1","irrigated",NA,"alive",1,"Flowering",1,NA,NA,NA,NA,NA,1
2016,1,3543,2,"F","4",NA,16.5,1,"3.6","","3543_1","irrigated",NA,"alive",1,"Flowering",1,NA,"3",0,0,1,NA
2017,1,3543,2,"F","3",NA,33.5,0,NA,"","3543_1","irrigated",NA,"alive",1,"Vegetative",0,NA,"3",0,0,1,1
2018,1,3543,2,"F","3",18,18,0,NA,"","3543_1","irrigated",NA,"alive",1,"Vegetative",0,NA,"1",0,0,1,0
2019,1,3543,2,"F","1",NA,8,0,NA,"one leaf partially eaten","3543_1","irrigated",NA,"alive",1,"Vegetative",0,NA,"2",0,0,1,0
2020,1,3543,2,"F","2",NA,13.3,0,NA,"","3543_1","irrigated",NA,"alive",1,"Vegetative",0,NA,"4",2,1,1,0
2021,1,3543,2,"F","4",26,15,2,"3.5","","3543_1","irrigated",NA,"alive",1,"Flowering",1,NA,"2",1,1,1,0
2022,1,3543,2,"F","2",31,14.5,1,"3","","3543_1","irrigated",NA,"alive",1,"Flowering",1,NA,"3",2,1,1,1
2023,1,3543,2,"F","3",47,15,2,"SOS","","3543_1","irrigated",NA,"alive",1,"Flowering",1,NA,"2",0,0,1,1
2024,1,3543,2,"F","2",NA,25.5,0,NA,"","3543_1","irrigated",NA,"alive",1,"Vegetative",0,NA,"2",0,0,1,1
2025,1,3543,2,"F","2",NA,20,0,NA,"","3543_1","irrigated",NA,"alive",1,"Vegetative",0,NA,NA,NA,NA,NA,0
2016,2,3544,0,"D","4",NA,5.8,1,"2.8","","3544_2","control",2021,"alive",1,"Flowering",1,NA,"2",0,0,1,NA
2017,2,3544,0,"D","2",NA,9.5,0,NA,"","3544_2","control",2021,"alive",1,"Vegetative",0,NA,"3",0,0,1,1
2018,2,3544,0,"D","3",11,11,0,NA,"","3544_2","control",2021,"alive",1,"Vegetative",0,NA,"1",NA,NA,1,0
2019,2,3544,0,"D","1",NA,NA,NA,NA,"no plant","3544_2","control",2021,"alive",1,NA,NA,NA,"1",0,0,1,0
2020,2,3544,0,"D","1",NA,8.1,0,NA,"","3544_2","control",2021,"alive",1,"Vegetative",0,NA,"0",NA,NA,0,NA
2021,2,3544,0,"D","0",NA,NA,NA,NA,"NP","3544_2","control",2021,"dead",0,"Dead",NA,NA,NA,NA,NA,NA,0
2017,5,3546,9,"F","4",NA,8,2,"2","","3546_5","drought",2018,"alive",1,"Flowering",1,NA,"0",NA,NA,0,NA
2018,5,3546,9,"F","0",NA,NA,NA,NA,"no plant","3546_5","drought",2018,"dead",0,"Dead",NA,NA,NA,NA,NA,NA,1
2016,10,3547,4,"F","5",NA,3.5,0,NA,"","3547_10","drought",NA,"alive",1,"Vegetative",0,NA,"2",0,0,1,NA
2017,10,3547,4,"F","2",NA,20.5,0,NA,"","3547_10","drought",NA,"alive",1,"Vegetative",0,NA,"1",0,0,1,0
2018,10,3547,4,"F","1",17.5,17.5,0,NA,"","3547_10","drought",NA,"alive",1,"Vegetative",0,NA,"3",1,1,1,0
2019,10,3547,4,"F","3",31,16.5,1,"5","","3547_10","drought",NA,"alive",1,"Flowering",1,NA,"1",0,0,1,0
2020,10,3547,4,"F","1",NA,12,0,NA,"","3547_10","drought",NA,"alive",1,"Vegetative",0,NA,"2",0,0,1,1
2021,10,3547,4,"F","2",NA,23,0,NA,"","3547_10","drought",NA,"alive",1,"Vegetative",0,NA,"3",1,1,1,0
2022,10,3547,4,"F","3",55,20.5,1,"7","","3547_10","drought",NA,"alive",1,"Flowering",1,NA,"3",1,1,1,0
2023,10,3547,4,"F","3",54,21,1,"11","","3547_10","drought",NA,"alive",1,"Flowering",1,NA,"3",2,1,1,1
2024,10,3547,4,"F","3",53,21,2,"10.5","","3547_10","drought",NA,"alive",1,"Flowering",1,NA,"3",1,1,1,1
2025,10,3547,4,"F","3",53,19,1,"6.5","","3547_10","drought",NA,"alive",1,"Flowering",1,NA,NA,NA,NA,NA,1
2016,2,3549,7,"A","3",NA,3.1,0,NA,"","3549_2","control",NA,"alive",1,"Vegetative",0,NA,"3",0,0,1,NA
2017,2,3549,7,"A","3",NA,6,0,NA,"","3549_2","control",NA,"alive",1,"Vegetative",0,NA,"2",0,0,1,0
2018,2,3549,7,"A","2",9,9,0,NA,"","3549_2","control",NA,"alive",1,"Vegetative",0,NA,"1",0,0,1,0
2019,2,3549,7,"A","1",NA,9,0,NA,"","3549_2","control",NA,"alive",1,"Vegetative",0,NA,"1",0,0,1,0
2020,2,3549,7,"A","1",NA,7.3,0,NA,"","3549_2","control",NA,"alive",1,"Vegetative",0,NA,"2",0,0,1,0
2021,2,3549,7,"A","2",NA,12,0,NA,"","3549_2","control",NA,"alive",1,"Vegetative",0,NA,"1",0,0,1,0
2022,2,3549,7,"A","1",NA,13,0,NA,"","3549_2","control",NA,"alive",1,"Vegetative",0,NA,"1",0,0,1,0
2023,2,3549,7,"A","1",NA,8,0,NA,"","3549_2","control",NA,"alive",1,"Vegetative",0,NA,"0",NA,NA,1,0
2024,2,3549,7,"A","0",NA,NA,NA,NA,"NP","3549_2","control",NA,"dormant",1,"Dormant",NA,NA,"1",0,0,1,0
2025,2,3549,7,"A","1",NA,16,0,NA,"","3549_2","control",NA,"alive",1,"Vegetative",0,NA,NA,NA,NA,NA,NA
2016,2,3550,9,"I","3",NA,6.4,0,NA,"","3550_2","control",NA,"alive",1,"Vegetative",0,NA,"1",0,0,1,NA
2017,2,3550,9,"I","1",NA,10,0,NA,"","3550_2","control",NA,"alive",1,"Vegetative",0,NA,"1",0,0,1,0
2018,2,3550,9,"I","1",9.5,9.5,0,NA,"","3550_2","control",NA,"alive",1,"Vegetative",0,NA,"2",0,0,1,0
2019,2,3550,9,"I","2",NA,12.5,0,NA,"","3550_2","control",NA,"alive",1,"Vegetative",0,NA,"1",0,0,1,0
2020,2,3550,9,"I","1",NA,11.7,0,NA,"","3550_2","control",NA,"alive",1,"Vegetative",0,NA,"2",1,1,1,0
2021,2,3550,9,"I","2",18,11.5,1,"3","","3550_2","control",NA,"alive",1,"Flowering",1,NA,"3",2,1,1,0
2022,2,3550,9,"I","3",29,16,2,"SOS","","3550_2","control",NA,"alive",1,"Flowering",1,NA,"4",2,1,1,1
2023,2,3550,9,"I","4",27,13,2,"SOS","","3550_2","control",NA,"alive",1,"Flowering",1,NA,"1",1,1,1,1
2024,2,3550,9,"I","1",17.5,8.5,1,"2","","3550_2","control",NA,"alive",1,"Flowering",1,NA,"2",1,1,1,1
2025,2,3550,9,"I","2",18,21,1,"2","","3550_2","control",NA,"alive",1,"Flowering",1,NA,NA,NA,NA,NA,1
2016,12,3551,11,"H","3",NA,7,0,NA,"","3551_12","irrigated",2019,"alive",1,"Vegetative",0,NA,"2",2,1,1,NA
2017,12,3551,11,"H","2",NA,8,2,"2","","3551_12","irrigated",2019,"alive",1,"Flowering",1,NA,"1",0,0,1,0
2018,12,3551,11,"H","1",13,13,0,NA,"","3551_12","irrigated",2019,"alive",1,"Vegetative",0,NA,"0",NA,NA,0,1
2019,12,3551,11,"H","0",NA,NA,NA,NA,"no plant","3551_12","irrigated",2019,"dead",0,"Dead",NA,NA,NA,NA,NA,NA,0
2018,14,3551,18,"C","1",9,9,0,NA,"","3551_14","drought",2021,"alive",1,"Vegetative",0,NA,"0",NA,NA,1,NA
2019,14,3551,18,"C","0",NA,NA,NA,NA,"no plant","3551_14","drought",2021,"dormant",1,"Dormant",NA,NA,NA,NA,NA,NA,0
2020,14,3551,18,"C",NA,NA,NA,NA,NA,"","3551_14","drought",2021,NA,NA,NA,NA,NA,"0",NA,NA,0,NA
2021,14,3551,18,"C","0",NA,NA,NA,NA,"NP, tag says 3351","3551_14","drought",2021,"dead",0,"Dead",NA,NA,NA,NA,NA,NA,NA
2016,1,3553,7,"C","5",NA,15.5,1,"4.8","","3553_1","irrigated",2020,"alive",1,"Flowering",1,NA,"3",0,0,1,NA
2017,1,3553,7,"C","3",NA,9,0,NA,"","3553_1","irrigated",2020,"alive",1,"Vegetative",0,NA,"0",NA,NA,1,1
2018,1,3553,7,"C","0",NA,NA,NA,NA,"no plant","3553_1","irrigated",2020,"dormant",1,"Dormant",NA,NA,"1",0,0,1,0
2019,1,3553,7,"C","1",NA,6,0,NA,"","3553_1","irrigated",2020,"alive",1,"Vegetative",0,NA,"0",NA,NA,0,NA
2020,1,3553,7,"C","0",NA,NA,NA,NA,"no plant","3553_1","irrigated",2020,"dead",0,"Dead",NA,NA,NA,NA,NA,NA,0
2016,1,3554,5,"I","5",NA,12.5,2,"3.6","","3554_1","irrigated",2021,"alive",1,"Flowering",1,NA,"4",1,1,1,NA
2017,1,3554,5,"I","4",NA,12.6,1,"4","","3554_1","irrigated",2021,"alive",1,"Flowering",1,NA,"5",3,1,1,1
2018,1,3554,5,"I","5",12.5,14,3,"2.5","","3554_1","irrigated",2021,"alive",1,"Flowering",1,NA,"3",1,1,1,1
2019,1,3554,5,"I","3",14,12,1,"3","","3554_1","irrigated",2021,"alive",1,"Flowering",1,NA,"6",4,1,1,1
2020,1,3554,5,"I","6",20,4.2,4,"SOS","","3554_1","irrigated",2021,"alive",1,"Flowering",1,NA,NA,NA,NA,0,1
2021,1,3554,5,"I",NA,NA,NA,NA,NA,"NPNT","3554_1","irrigated",2021,"dead",0,"Dead",NA,NA,NA,NA,NA,NA,1
2016,4,3555,11,"J","13",NA,11.7,1,"8.5","Diversity plot, leaves dead","3555_4","irrigated",2023,"alive",1,"Flowering",1,NA,"3",1,1,1,NA
2017,4,3555,11,"J","3",NA,12,1,"3","Diversity Plot","3555_4","irrigated",2023,"alive",1,"Flowering",1,NA,"4",1,1,1,1
2018,4,3555,11,"J","4",29.5,21.5,1,"4.9","","3555_4","irrigated",2023,"alive",1,"Flowering",1,NA,"3",1,1,1,1
2019,4,3555,11,"J","3",28,14,1,"2.5","Diversity plot","3555_4","irrigated",2023,"alive",1,"Flowering",1,NA,"3",1,1,1,1
2020,4,3555,11,"J","3",21,13.5,1,"2.5","diversity plot","3555_4","irrigated",2023,"alive",1,"Flowering",1,NA,"3",1,1,1,1
2021,4,3555,11,"J","3",33,17,1,"3","","3555_4","irrigated",2023,"alive",1,"Flowering",1,NA,"4",1,1,1,1
2022,4,3555,11,"J","4",46,20,1,"4","","3555_4","irrigated",2023,"alive",1,"Flowering",1,NA,NA,NA,NA,0,1
2023,4,3555,11,"J",NA,NA,NA,NA,NA,"NPNT. 11J.","3555_4","irrigated",2023,"dead",0,"Dead",NA,NA,NA,NA,NA,NA,1
2019,14,3556,15,"H","2",20.5,15.5,1,"3","","3556_14","drought",NA,"alive",1,"Flowering",1,NA,"4",3,1,1,NA
2020,14,3556,15,"H","4",41,24.5,3,"SOS","","3556_14","drought",NA,"alive",1,"Flowering",1,NA,"3",2,1,1,1
2021,14,3556,15,"H","3",34,18.5,2,"SOS","","3556_14","drought",NA,"alive",1,"Flowering",1,NA,"4",3,1,1,1
2022,14,3556,15,"H","4",49,16,3,"SOS","","3556_14","drought",NA,"alive",1,"Flowering",1,NA,"4",2,1,1,1
2023,14,3556,15,"H","4",60,19,2,"SOS","","3556_14","drought",NA,"alive",1,"Flowering",1,NA,"5",3,1,1,1
2024,14,3556,15,"H","5",34.5,17.5,3,"9","","3556_14","drought",NA,"alive",1,"Flowering",1,NA,"2",0,0,1,1
2025,14,3556,15,"H","2",NA,NA,0,NA,"leaves eaten","3556_14","drought",NA,"alive",1,"Vegetative",0,NA,NA,NA,NA,NA,1
2021,13,3559,4,"C","1",NA,16,0,NA,"","3559_13","control",2022,"alive",1,"Vegetative",0,NA,"0",NA,NA,0,NA
2022,13,3559,4,"C","0",NA,NA,NA,NA,"NP, next to 7537","3559_13","control",2022,"dead",0,"Dead",NA,NA,NA,NA,NA,NA,0
2017,5,3560,3,"B","4",NA,8,1,"4","","3560_5","drought",NA,"alive",1,"Flowering",1,NA,"2",1,1,1,NA
2018,5,3560,3,"B","2",9,6,1,"1.5","","3560_5","drought",NA,"alive",1,"Flowering",1,NA,"1",0,0,1,1
2019,5,3560,3,"B","1",NA,10,0,NA,"","3560_5","drought",NA,"alive",1,"Vegetative",0,NA,"0",NA,NA,1,1
2020,5,3560,3,"B","0",NA,NA,NA,NA,"no plant","3560_5","drought",NA,"dormant",1,"Dormant",NA,NA,"2",1,1,1,0
2021,5,3560,3,"B","2",16.5,9,1,"3","","3560_5","drought",NA,"alive",1,"Flowering",1,NA,"4",1,1,1,NA
2022,5,3560,3,"B","4",28,14,1,"4","nex to 3820, close to 3D","3560_5","drought",NA,"alive",1,"Flowering",1,NA,"6",5,1,1,1
2023,5,3560,3,"B","6",23,11.5,5,"SOS","some leaves and umbels eaten. Next to 3820, near 3D.","3560_5","drought",NA,"alive",1,"Flowering",1,NA,"4",1,1,1,1
2024,5,3560,3,"B","4",19.5,15.5,1,"3","","3560_5","drought",NA,"alive",1,"Flowering",1,NA,"3",1,1,1,1
2025,5,3560,3,"B","3",13,10,1,"2.5","closer to 3C","3560_5","drought",NA,"alive",1,"Flowering",1,NA,NA,NA,NA,NA,1
2021,2,3562,19,"I","1",NA,14,0,NA,"","3562_2","control",NA,"alive",1,"Vegetative",0,NA,"2",1,1,1,NA
2022,2,3562,19,"I","2",16.5,11.5,1,"3","","3562_2","control",NA,"alive",1,"Flowering",1,NA,"1",1,1,1,0
2023,2,3562,19,"I","1",18,11,1,"3.5","","3562_2","control",NA,"alive",1,"Flowering",1,NA,"1",0,0,1,1
2024,2,3562,19,"I","1",NA,12,0,NA,"","3562_2","control",NA,"alive",1,"Vegetative",0,NA,"2",0,0,1,1
2025,2,3562,19,"I","2",NA,15,0,NA,"","3562_2","control",NA,"alive",1,"Vegetative",0,NA,NA,NA,NA,NA,0
2016,4,3563,15,"H","16",NA,6.9,2,"7","Diversity plot","3563_4","irrigated",2023,"alive",1,"Flowering",1,NA,"5",3,1,1,NA
2017,4,3563,15,"H","5",NA,10,3,"3","Diversity Plot","3563_4","irrigated",2023,"alive",1,"Flowering",1,NA,"2",1,1,1,1
2018,4,3563,15,"H","2",13,15.5,1,"2.3","","3563_4","irrigated",2023,"alive",1,"Flowering",1,NA,"3",1,1,1,1
2019,4,3563,15,"H","3",42,21,1,"5.5","Diversity plot","3563_4","irrigated",2023,"alive",1,"Flowering",1,NA,"5",2,1,1,1
2020,4,3563,15,"H","5",51.5,18.5,2,"SOS","diversity plot","3563_4","irrigated",2023,"alive",1,"Flowering",1,NA,"4",2,1,1,1
2021,4,3563,15,"H","4",51,18,2,"SOS","","3563_4","irrigated",2023,"alive",1,"Flowering",1,NA,"4",1,1,1,1
2022,4,3563,15,"H","4",63,22,1,"5.5","","3563_4","irrigated",2023,"alive",1,"Flowering",1,NA,NA,NA,NA,0,1
2023,4,3563,15,"H",NA,NA,NA,NA,NA,"NPNT. 15H.","3563_4","irrigated",2023,"dead",0,"Dead",NA,NA,NA,NA,NA,NA,1
2016,13,3565,19,"F","4",NA,6.1,1,"2.1","","3565_13","control",NA,"alive",1,"Flowering",1,NA,"1",0,0,1,NA
2017,13,3565,19,"F","1",NA,6.5,0,NA,"","3565_13","control",NA,"alive",1,"Vegetative",0,NA,"1",0,0,1,1
2018,13,3565,19,"F","1",12,12,0,NA,"","3565_13","control",NA,"alive",1,"Vegetative",0,NA,"2",1,1,1,0
2019,13,3565,19,"F","2",13,13,1,"2","","3565_13","control",NA,"alive",1,"Flowering",1,NA,NA,NA,NA,NA,0
2020,13,3565,19,"F",NA,NA,NA,NA,NA,"","3565_13","control",NA,NA,NA,NA,NA,NA,"2",0,0,1,1
2021,13,3565,19,"F","2",NA,16,0,NA,"","3565_13","control",NA,"alive",1,"Vegetative",0,NA,"2",3,1,1,NA
2022,13,3565,19,"F","2",21,15,3,"SOS","","3565_13","control",NA,"alive",1,"Flowering",1,NA,"5",3,1,1,0
2023,13,3565,19,"F","5",36,15,3,"SOS","","3565_13","control",NA,"alive",1,"Flowering",1,NA,"1",0,0,1,1
2024,13,3565,19,"F","1",NA,12,0,NA,"plant 3cm from tag","3565_13","control",NA,"alive",1,"Vegetative",0,NA,"3",0,0,1,1
2025,13,3565,19,"F","3",NA,16.5,0,NA,"","3565_13","control",NA,"alive",1,"Vegetative",0,NA,NA,NA,NA,NA,0
2017,5,3566,13,"H","2",NA,8.5,2,"2.5","","3566_5","drought",NA,"alive",1,"Flowering",1,NA,"1",0,0,1,NA
2018,5,3566,13,"H","1",10,10,0,NA,"","3566_5","drought",NA,"alive",1,"Vegetative",0,NA,"0",NA,NA,1,1
2019,5,3566,13,"H","0",NA,NA,NA,NA,"no plant","3566_5","drought",NA,"dormant",1,"Dormant",NA,NA,NA,NA,NA,NA,0
2020,5,3566,13,"H",NA,NA,NA,NA,NA,"","3566_5","drought",NA,NA,NA,NA,NA,NA,"1",0,0,1,NA
2021,5,3566,13,"H","1",NA,9,0,NA,"","3566_5","drought",NA,"alive",1,"Vegetative",0,NA,NA,NA,NA,NA,NA
2022,5,3566,13,"H",NA,NA,NA,NA,NA,"NPNT","3566_5","drought",NA,NA,NA,NA,NA,NA,"2",1,1,1,0
2023,5,3566,13,"H","2",22,11,1,"4","","3566_5","drought",NA,"alive",1,"Flowering",1,NA,"0",NA,NA,1,NA
2024,5,3566,13,"H","0",NA,NA,NA,NA,"NP","3566_5","drought",NA,"dormant",1,"Dormant",NA,NA,"1",0,0,1,1
2025,5,3566,13,"H","1",NA,13,0,NA,"","3566_5","drought",NA,"alive",1,"Vegetative",0,NA,NA,NA,NA,NA,NA
2016,1,3567,3,"I","3",NA,12.6,0,NA,"","3567_1","irrigated",NA,"alive",1,"Vegetative",0,NA,"3",0,0,1,NA
2017,1,3567,3,"I","3",NA,12,0,NA,"","3567_1","irrigated",NA,"alive",1,"Vegetative",0,NA,"3",0,0,1,0
2018,1,3567,3,"I","3",11,11,0,NA,"","3567_1","irrigated",NA,"alive",1,"Vegetative",0,NA,"1",1,1,1,0
2019,1,3567,3,"I","1",12,2,1,"2","","3567_1","irrigated",NA,"alive",1,"Flowering",1,NA,"1",0,0,1,0
2020,1,3567,3,"I","1",NA,12.7,0,NA,"","3567_1","irrigated",NA,"alive",1,"Vegetative",0,NA,"3",2,1,1,1
2021,1,3567,3,"I","3",21.5,17,2,"4","","3567_1","irrigated",NA,"alive",1,"Flowering",1,NA,"2",2,1,1,0
2022,1,3567,3,"I","2",46.5,14,2,"SOS","","3567_1","irrigated",NA,"alive",1,"Flowering",1,NA,"5",4,1,1,1
2023,1,3567,3,"I","5",35,19,4,"SOS","","3567_1","irrigated",NA,"alive",1,"Flowering",1,NA,"2",2,1,1,1
2024,1,3567,3,"I","2",37,8.5,2,"5.5","","3567_1","irrigated",NA,"alive",1,"Flowering",1,NA,"2",1,1,1,1
2025,1,3567,3,"I","2",22.5,22,1,"3","","3567_1","irrigated",NA,"alive",1,"Flowering",1,NA,NA,NA,NA,NA,1
2017,3,3568,2,"C","2",NA,7,0,NA,"","3568_3","control",2024,"alive",1,"Vegetative",0,NA,"2",0,0,1,NA
2018,3,3568,2,"C","2",18,18,0,NA,"","3568_3","control",2024,"alive",1,"Vegetative",0,NA,"0",NA,NA,1,0
2019,3,3568,2,"C","0",NA,NA,NA,NA,"","3568_3","control",2024,"dormant",1,"Dormant",NA,NA,"1",0,0,1,0
2020,3,3568,2,"C","1",NA,10.8,0,NA,"","3568_3","control",2024,"alive",1,"Vegetative",0,NA,"2",0,0,1,NA
2021,3,3568,2,"C","2",NA,16,0,NA,"","3568_3","control",2024,"alive",1,"Vegetative",0,NA,"0",NA,NA,1,0
2022,3,3568,2,"C","0",NA,NA,NA,NA,"NP - dactylis clump","3568_3","control",2024,"dormant",1,"Dormant",NA,NA,"1",0,0,1,0
2023,3,3568,2,"C","1",NA,16,0,NA,"in dactylis clump. Plant is alive!","3568_3","control",2024,"alive",1,"Vegetative",0,NA,"0",NA,NA,0,NA
2024,3,3568,2,"C","0",NA,NA,NA,NA,"NP; not in Dactylis","3568_3","control",2024,"dead",0,"Dead",NA,NA,NA,NA,NA,NA,0
2016,6,3570,19,"F","12",NA,10.5,1,"3.4","Dead leaves","3570_6","irrigated",NA,"alive",1,"Flowering",1,NA,"6",4,1,1,NA
2017,6,3570,19,"F","6",NA,15,4,"4","","3570_6","irrigated",NA,"alive",1,"Flowering",1,NA,"1",0,0,1,1
2018,6,3570,19,"F","1",13,13,0,NA,"","3570_6","irrigated",NA,"alive",1,"Vegetative",0,NA,"1",1,1,1,1
2019,6,3570,19,"F","1",17,6.5,1,"2.5","","3570_6","irrigated",NA,"alive",1,"Flowering",1,NA,"1",1,1,1,0
2020,6,3570,19,"F","1",19.5,NA,1,"2.9","no leaves-weird","3570_6","irrigated",NA,"alive",1,"Flowering",1,NA,"1",0,0,1,1
2021,6,3570,19,"F","1",NA,8,0,NA,"","3570_6","irrigated",NA,"alive",1,"Vegetative",0,NA,"1",0,0,1,1
2022,6,3570,19,"F","1",NA,20,0,NA,"","3570_6","irrigated",NA,"alive",1,"Vegetative",0,NA,"4",2,1,1,0
2023,6,3570,19,"F","4",28,14,2,"SOS","","3570_6","irrigated",NA,"alive",1,"Flowering",1,NA,"1",NA,NA,1,0
2024,6,3570,19,"F","1",NA,14.5,NA,NA,"shouldn't be in phen?","3570_6","irrigated",NA,"alive",1,NA,NA,NA,"3",1,1,1,1
2025,6,3570,19,"F","3",20,13,1,"3","","3570_6","irrigated",NA,"alive",1,"Flowering",1,NA,NA,NA,NA,NA,NA
2016,4,3571,6,"J","20",NA,10.5,3,"10.2","3 stalks","3571_4","irrigated",2019,"alive",1,"Flowering",1,NA,"2",1,1,1,NA
2017,4,3571,6,"J","2",NA,9,1,"1.5","","3571_4","irrigated",2019,"alive",1,"Flowering",1,NA,"3",0,0,1,1
2018,4,3571,6,"J","3",19,19,0,NA,"","3571_4","irrigated",2019,"alive",1,"Vegetative",0,NA,"0",NA,NA,0,1
2019,4,3571,6,"J","0",NA,NA,NA,NA,"no plant","3571_4","irrigated",2019,"dead",0,"Dead",NA,NA,NA,NA,NA,NA,0
2019,1,3572,18,"H","1",NA,8.5,0,NA,"","3572_1","irrigated",2022,"alive",1,"Vegetative",0,NA,NA,NA,NA,NA,NA
2020,1,3572,18,"H",NA,NA,NA,NA,NA,"","3572_1","irrigated",2022,NA,NA,NA,NA,NA,"1",0,0,1,0
2021,1,3572,18,"H","1",NA,14.5,0,NA,"","3572_1","irrigated",2022,"alive",1,"Vegetative",0,NA,"0",NA,NA,0,NA
2022,1,3572,18,"H","0",NA,NA,NA,NA,"NP","3572_1","irrigated",2022,"dead",0,"Dead",NA,NA,NA,NA,NA,NA,0
2016,13,3573,18,"D","1",NA,7.1,0,NA,"","3573_13","control",2018,"alive",1,"Vegetative",0,NA,"1",0,0,1,NA
2017,13,3573,18,"D","1",NA,6,0,NA,"","3573_13","control",2018,"alive",1,"Vegetative",0,NA,"0",NA,NA,0,0
2018,13,3573,18,"D","0",NA,NA,NA,NA,"no plant","3573_13","control",2018,"dead",0,"Dead",NA,NA,NA,NA,NA,NA,0
2016,2,3574,0,"A","6",NA,8.3,1,"1.2","","3574_2","control",2021,"alive",1,"Flowering",1,NA,"2",0,0,1,NA
2017,2,3574,0,"A","2",NA,9,0,NA,"","3574_2","control",2021,"alive",1,"Vegetative",0,NA,"2",0,0,1,1
2018,2,3574,0,"A","2",7,7,0,NA,"","3574_2","control",2021,"alive",1,"Vegetative",0,NA,"1",0,0,1,0
2019,2,3574,0,"A","1",NA,5,0,NA,"","3574_2","control",2021,"alive",1,"Vegetative",0,NA,"1",0,0,1,0
2020,2,3574,0,"A","1",NA,7.3,0,NA,"","3574_2","control",2021,"alive",1,"Vegetative",0,NA,"0",NA,NA,0,0
2021,2,3574,0,"A","0",NA,NA,NA,NA,"NP","3574_2","control",2021,"dead",0,"Dead",NA,NA,NA,NA,NA,NA,0
2016,14,3575,19,"G","3",NA,3.7,0,NA,"","3575_14","drought",NA,"alive",1,"Vegetative",0,NA,"2",0,0,1,NA
2017,14,3575,19,"G","2",NA,13.5,0,NA,"","3575_14","drought",NA,"alive",1,"Vegetative",0,NA,"1",0,0,1,0
2018,14,3575,19,"G","1",13.5,13.5,0,NA,"","3575_14","drought",NA,"alive",1,"Vegetative",0,NA,"3",1,1,1,0
2019,14,3575,19,"G","3",17.5,7,1,"5","","3575_14","drought",NA,"alive",1,"Flowering",1,NA,NA,NA,NA,NA,0
2020,14,3575,19,"G",NA,NA,NA,NA,NA,"","3575_14","drought",NA,NA,NA,NA,NA,NA,"1",0,0,1,1
2021,14,3575,19,"G","1",NA,12,0,NA,"","3575_14","drought",NA,"alive",1,"Vegetative",0,NA,"2",1,1,1,NA
2022,14,3575,19,"G","2",20,12.5,1,"3","","3575_14","drought",NA,"alive",1,"Flowering",1,NA,"0",NA,NA,1,0
2023,14,3575,19,"G","0",NA,NA,NA,NA,"NP","3575_14","drought",NA,"dormant",1,"Dormant",NA,NA,"1",0,0,1,1
2024,14,3575,19,"G","1",NA,19.5,0,NA,"","3575_14","drought",NA,"alive",1,"Vegetative",0,NA,"1",0,0,1,NA
2025,14,3575,19,"G","1",NA,20.5,0,NA,"outside plot","3575_14","drought",NA,"alive",1,"Vegetative",0,NA,NA,NA,NA,NA,0
2016,2,3576,1,"B","9",NA,6.7,2,"2.3","Measured for only 1 m2","3576_2","control",2020,"alive",1,"Flowering",1,NA,"4",1,1,1,NA
2017,2,3576,1,"B","4",NA,7,1,"1","","3576_2","control",2020,"alive",1,"Flowering",1,NA,"3",1,1,1,1
2018,2,3576,1,"B","3",9,11.5,1,"2","","3576_2","control",2020,"alive",1,"Flowering",1,NA,"2",1,1,1,1
2019,2,3576,1,"B","2",3.5,5.5,1,"1","","3576_2","control",2020,"alive",1,"Flowering",1,NA,"0",NA,NA,0,1
2020,2,3576,1,"B","0",NA,NA,NA,NA,"no plant","3576_2","control",2020,"dead",0,"Dead",NA,NA,NA,NA,NA,NA,1
2017,5,3577,13,"G","3",NA,11,2,"3","","3577_5","drought",2022,"alive",1,"Flowering",1,NA,"1",0,0,1,NA
2018,5,3577,13,"G","1",11,11,0,NA,"","3577_5","drought",2022,"alive",1,"Vegetative",0,NA,"0",NA,NA,1,1
2019,5,3577,13,"G","0",NA,NA,NA,NA,"no plant","3577_5","drought",2022,"dormant",1,"Dormant",NA,NA,NA,NA,NA,NA,0
2020,5,3577,13,"G",NA,NA,NA,NA,NA,"","3577_5","drought",2022,NA,NA,NA,NA,NA,"1",0,0,1,NA
2021,5,3577,13,"G","1",NA,10.5,0,NA,"","3577_5","drought",2022,"alive",1,"Vegetative",0,NA,"0",NA,NA,0,NA
2022,5,3577,13,"G","0",NA,NA,NA,NA,"NP","3577_5","drought",2022,"dead",0,"Dead",NA,NA,NA,NA,NA,NA,0
2016,12,3578,15,"A","5",NA,4.1,0,NA,"","3578_12","irrigated",NA,"alive",1,"Vegetative",0,NA,"2",2,1,1,NA
2017,12,3578,15,"A","2",NA,9.5,2,"2.2","","3578_12","irrigated",NA,"alive",1,"Flowering",1,NA,"3",1,1,1,0
2018,12,3578,15,"A","3",10,9.5,1,"2.5","","3578_12","irrigated",NA,"alive",1,"Flowering",1,NA,"3",2,1,1,1
2019,12,3578,15,"A","3",19.5,11.5,2,"3","","3578_12","irrigated",NA,"alive",1,"Flowering",1,NA,"1",1,1,1,1
2020,12,3578,15,"A","1",12.2,8.2,1,"2.2","","3578_12","irrigated",NA,"alive",1,"Flowering",1,NA,"4",2,1,1,1
2021,12,3578,15,"A","4",20,8,2,"SOS","","3578_12","irrigated",NA,"alive",1,"Flowering",1,NA,"7",3,1,1,1
2022,12,3578,15,"A","7",45,17,3,"SOS","","3578_12","irrigated",NA,"alive",1,"Flowering",1,NA,"7",4,1,1,1
2023,12,3578,15,"A","7",44,19.5,4,"SOS","1 umbel dead","3578_12","irrigated",NA,"alive",1,"Flowering",1,NA,"6",4,1,1,1
2024,12,3578,15,"A","6",41,16.5,4,"16.5","","3578_12","irrigated",NA,"alive",1,"Flowering",1,NA,"3",1,1,1,1
2025,12,3578,15,"A","3",15,20,1,"5","","3578_12","irrigated",NA,"alive",1,"Flowering",1,NA,NA,NA,NA,NA,1
2016,15,3581,15,"I","7",NA,11.5,1,"4","","3581_15","drought",NA,"alive",1,"Flowering",1,NA,"3",1,1,1,NA
2017,15,3581,15,"I","3",NA,21,1,"3.5","","3581_15","drought",NA,"alive",1,"Flowering",1,NA,"3",1,1,1,1
2018,15,3581,15,"I","3",14,7.5,1,"3","","3581_15","drought",NA,"alive",1,"Flowering",1,NA,"4",1,1,1,1
2019,15,3581,15,"I","4",13,17,1,"2","","3581_15","drought",NA,"alive",1,"Flowering",1,NA,NA,NA,NA,NA,1
2020,15,3581,15,"I",NA,NA,NA,NA,NA,"","3581_15","drought",NA,NA,NA,NA,NA,NA,"4",2,1,1,1
2021,15,3581,15,"I","4",14.5,20,2,"SOS","","3581_15","drought",NA,"alive",1,"Flowering",1,NA,"4",2,1,1,NA
2022,15,3581,15,"I","4",36,21,2,"SOS","","3581_15","drought",NA,"alive",1,"Flowering",1,NA,"7",3,1,1,1
2023,15,3581,15,"I","7",36.5,22,3,"SOS","","3581_15","drought",NA,"alive",1,"Flowering",1,NA,"4",2,1,1,1
2024,15,3581,15,"I","4",34.5,24.5,2,"10","","3581_15","drought",NA,"alive",1,"Flowering",1,NA,"1",0,0,1,1
2025,15,3581,15,"I","1",NA,16,0,NA,"","3581_15","drought",NA,"alive",1,"Vegetative",0,NA,NA,NA,NA,NA,1
2017,1,3583,1,"I","1",NA,12,0,NA,"","3583_1","irrigated",NA,"alive",1,"Vegetative",0,NA,NA,NA,NA,NA,NA
2018,1,3583,1,"I",NA,NA,NA,NA,NA,"no plant no tag","3583_1","irrigated",NA,NA,NA,NA,NA,NA,NA,NA,NA,NA,0
2019,1,3583,1,"I",NA,NA,NA,NA,NA,"NPNT","3583_1","irrigated",NA,NA,NA,NA,NA,NA,"1",0,0,1,NA
2020,1,3583,1,"I","1",NA,13,0,NA,"","3583_1","irrigated",NA,"alive",1,"Vegetative",0,NA,"3",1,1,1,NA
2021,1,3583,1,"I","3",26,17.5,1,"3.5","","3583_1","irrigated",NA,"alive",1,"Flowering",1,NA,"2",1,1,1,0
2022,1,3583,1,"I","2",49,14.5,1,"4.5","","3583_1","irrigated",NA,"alive",1,"Flowering",1,NA,"3",1,1,1,1
2023,1,3583,1,"I","3",28,17,1,"5","","3583_1","irrigated",NA,"alive",1,"Flowering",1,NA,"3",2,1,1,1
2024,1,3583,1,"I","3",45.5,17.5,2,"5","second umbel bud","3583_1","irrigated",NA,"alive",1,"Flowering",1,NA,"1",0,0,1,1
2025,1,3583,1,"I","1",NA,24,0,NA,"","3583_1","irrigated",NA,"alive",1,"Vegetative",0,NA,NA,NA,NA,NA,1
2016,2,3584,7,"F","4",NA,8.2,2,"2.7","","3584_2","control",2022,"alive",1,"Flowering",1,NA,"5",1,1,1,NA
2017,2,3584,7,"F","5",NA,8,1,"3","","3584_2","control",2022,"alive",1,"Flowering",1,NA,"3",1,1,1,1
2018,2,3584,7,"F","3",11.5,11.5,1,"3.1","","3584_2","control",2022,"alive",1,"Flowering",1,NA,"3",1,1,1,1
2019,2,3584,7,"F","3",16.5,10,1,"3","","3584_2","control",2022,"alive",1,"Flowering",1,NA,"2",0,0,1,1
2020,2,3584,7,"F","2",NA,9.1,0,NA,"","3584_2","control",2022,"alive",1,"Vegetative",0,NA,"5",2,1,1,1
2021,2,3584,7,"F","5",20,15,2,"2.5","","3584_2","control",2022,"alive",1,"Flowering",1,NA,"0",NA,NA,0,0
2022,2,3584,7,"F","0",NA,NA,NA,NA,"NP","3584_2","control",2022,"dead",0,"Dead",NA,NA,NA,NA,NA,NA,1
2016,2,3585,3,"C","3",NA,8.1,0,NA,"","3585_2","control",2022,"alive",1,"Vegetative",0,NA,NA,NA,NA,1,NA
2017,2,3585,NA,NA,NA,NA,NA,NA,NA,NA,"3585_2","control",NA,NA,1,NA,NA,"plant missed in demo due to tag mishaps; surv imputed","3",0,0,1,0
2018,2,3585,3,"C","3",15,15,0,NA,"found plant with unlisted tag ","3585_2","control",2022,"alive",1,"Vegetative",0,NA,"2",2,1,1,NA
2019,2,3585,3,"C","2",18.5,9,2,"3.5","","3585_2","control",2022,"alive",1,"Flowering",1,NA,NA,NA,NA,NA,0
2020,2,3585,3,"C",NA,NA,NA,NA,NA,"NPNT","3585_2","control",2022,NA,NA,NA,NA,NA,"2",1,1,1,1
2021,2,3585,3,"C","2",33,19.5,1,"4.5","","3585_2","control",2022,"alive",1,"Flowering",1,NA,"0",NA,NA,0,NA
2022,2,3585,3,"C","0",NA,NA,NA,NA,"NP","3585_2","control",2022,"dead",0,"Dead",NA,NA,NA,NA,NA,NA,1
2016,14,3587,19,"C","3",NA,3.8,0,NA,"","3587_14","drought",2019,"alive",1,"Vegetative",0,NA,"2",0,0,1,NA
2017,14,3587,19,"C","2",NA,10,0,NA,"","3587_14","drought",2019,"alive",1,"Vegetative",0,NA,"2",0,0,1,0
2018,14,3587,19,"C","2",19,19,0,NA,"","3587_14","drought",2019,"alive",1,"Vegetative",0,NA,"0",NA,NA,0,0
2019,14,3587,19,"C","0",NA,NA,NA,NA,"no plant","3587_14","drought",2019,"dead",0,"Dead",NA,NA,NA,NA,NA,NA,0
2021,2,3588,11,"F","1",NA,12,0,NA,"replacing 3171","3588_2","control",2024,"alive",1,"Vegetative",0,NA,"1",0,0,1,NA
2022,2,3588,11,"F","1",NA,13,0,NA,"2021: was replacing 3171. 2022: Different plant from 3171","3588_2","control",2024,"alive",1,"Vegetative",0,NA,"3",1,1,1,0
2023,2,3588,11,"F","3",25,14,1,"3","not tracking phenology","3588_2","control",2024,"alive",1,"Flowering",1,NA,"0",NA,NA,0,0
2024,2,3588,11,"F","0",NA,NA,NA,NA,"NP","3588_2","control",2024,"dead",0,"Dead",NA,NA,NA,NA,NA,NA,1
2021,13,3590,9,"C","2",NA,9,0,NA,"","3590_13","control",NA,"alive",1,"Vegetative",0,NA,"1",1,1,1,NA
2022,13,3590,9,"C","1",19.5,9.5,1,"2.5","","3590_13","control",NA,"alive",1,"Flowering",1,NA,"0",1,1,1,0
2023,13,3590,9,"C","0",NA,NA,1,NA,"had a bud on 5/4, but now plant is gone","3590_13","control",NA,"alive",1,"Flowering",1,NA,"4",2,1,1,1
2024,13,3590,9,"C","4",30,10.5,2,"4","","3590_13","control",NA,"alive",1,"Flowering",1,NA,"1",0,0,1,1
2025,13,3590,9,"C","1",NA,17,0,NA,"","3590_13","control",NA,"alive",1,"Vegetative",0,NA,NA,NA,NA,NA,1
2016,5,3592,7,"J","4",NA,5.5,1,"6","","3592_5","drought",2022,"alive",1,"Flowering",1,NA,"3",1,1,1,NA
2017,5,3592,7,"J","3",NA,12,1,"2.5","","3592_5","drought",2022,"alive",1,"Flowering",1,NA,"3",1,1,1,1
2018,5,3592,7,"J","3",16,12,1,"3.4","","3592_5","drought",2022,"alive",1,"Flowering",1,NA,"1",1,1,1,1
2019,5,3592,7,"J","1",13,17,1,"2","","3592_5","drought",2022,"alive",1,"Flowering",1,NA,"0",NA,NA,1,1
2020,5,3592,7,"J","0",NA,NA,NA,NA,"no plant","3592_5","drought",2022,"dormant",1,"Dormant",NA,NA,"1",0,0,1,1
2021,5,3592,7,"J","1",NA,12.5,0,NA,"","3592_5","drought",2022,"alive",1,"Vegetative",0,NA,"0",NA,NA,0,NA
2022,5,3592,7,"J","0",NA,NA,NA,NA,"NP","3592_5","drought",2022,"dead",0,"Dead",NA,NA,NA,NA,NA,NA,0
2021,13,3593,12,"A","3",NA,17,0,NA,"","3593_13","control",NA,"alive",1,"Vegetative",0,NA,"3",2,1,1,NA
2022,13,3593,12,"A","3",27.5,12.5,2,"SOS","","3593_13","control",NA,"alive",1,"Flowering",1,NA,"4",2,1,1,0
2023,13,3593,12,"A","4",28,18,2,"SOS","","3593_13","control",NA,"alive",1,"Flowering",1,NA,"1",0,0,1,1
2024,13,3593,12,"A","1",NA,17.5,0,NA,"","3593_13","control",NA,"alive",1,"Vegetative",0,NA,"2",0,0,1,1
2025,13,3593,12,"A","2",NA,17,0,NA,"","3593_13","control",NA,"alive",1,"Vegetative",0,NA,NA,NA,NA,NA,0
2016,13,3594,2,"F","6",NA,5,2,"2.5","","3594_13","control",NA,"alive",1,"Flowering",1,NA,NA,NA,NA,NA,NA
2017,13,3595,2,"F","5",NA,9.5,3,"2","","3595_13","control",NA,"alive",1,"Flowering",1,NA,"1",0,0,1,NA
2018,13,3595,2,"F","1",11,11,0,NA,"","3595_13","control",NA,"alive",1,"Vegetative",0,NA,"6",2,1,1,1
2019,13,3595,2,"F","6",14,11,2,"3","","3595_13","control",NA,"alive",1,"Flowering",1,NA,"0",NA,NA,1,0
2020,13,3595,2,"F","0",NA,NA,NA,NA,"no plant","3595_13","control",NA,"dormant",1,"Dormant",NA,NA,"2",1,1,1,1
2021,13,3595,2,"F","2",4.5,6,1,NA,"","3595_13","control",NA,"alive",1,"Flowering",1,NA,"0",NA,NA,1,NA
2022,13,3595,2,"F","0",NA,NA,NA,NA,"NP ","3595_13","control",NA,"dormant",1,"Dormant",NA,NA,NA,NA,NA,NA,1
2023,13,3595,2,"F",NA,NA,NA,NA,NA,"NPNT; NP previous year","3595_13","control",NA,NA,NA,NA,NA,NA,"0",NA,NA,1,NA
2024,13,3595,2,"F","0",NA,NA,NA,NA,"NP; tag pulled","3595_13","control",NA,"dormant",1,"Dormant",NA,NA,NA,NA,NA,NA,NA
2021,4,3596,3,"H","1",NA,12.5,0,NA,"","3596_4","irrigated",2024,"alive",1,"Vegetative",0,NA,"1",NA,NA,1,NA
2022,4,3596,3,"H","1",NA,16.5,NA,NA,"","3596_4","irrigated",2024,"alive",1,NA,NA,NA,"3",2,1,1,0
2023,4,3596,3,"H","3",60,14,2,"SOS","","3596_4","irrigated",2024,"alive",1,"Flowering",1,NA,"0",NA,NA,0,NA
2024,4,3596,3,"H","0",NA,NA,NA,NA,"NP","3596_4","irrigated",2024,"dead",0,"Dead",NA,NA,NA,NA,NA,NA,1
2016,2,3597,7,"H","4",NA,9.5,1,"3.8","","3597_2","control",NA,"alive",1,"Flowering",1,NA,"2",1,1,1,NA
2017,2,3597,7,"H","2",NA,9.5,1,"1.6","","3597_2","control",NA,"alive",1,"Flowering",1,NA,"1",0,0,1,1
2018,2,3597,7,"H","1",10.5,10.5,0,NA,"","3597_2","control",NA,"alive",1,"Vegetative",0,NA,"1",0,0,1,1
2019,2,3597,7,"H","1",NA,15,0,NA,"","3597_2","control",NA,"alive",1,"Vegetative",0,NA,"1",0,0,1,0
2020,2,3597,7,"H","1",NA,10.5,0,NA,"","3597_2","control",NA,"alive",1,"Vegetative",0,NA,"3",1,1,1,0
2021,2,3597,7,"H","3",19,14.5,1,"3.5","","3597_2","control",NA,"alive",1,"Flowering",1,NA,"5",3,1,1,0
2022,2,3597,7,"H","5",40.5,16,3,"SOS","","3597_2","control",NA,"alive",1,"Flowering",1,NA,"3",2,1,1,1
2023,2,3597,7,"H","3",34,16,2,"SOS","","3597_2","control",NA,"alive",1,"Flowering",1,NA,"1",1,1,1,1
2024,2,3597,7,"H","1",18,18,1,"2","measured umbel is dead and shriveled","3597_2","control",NA,"alive",1,"Flowering",1,NA,"1",1,1,1,1
2025,2,3597,7,"H","1",20,14,1,"4.5","","3597_2","control",NA,"alive",1,"Flowering",1,NA,NA,NA,NA,NA,1
2016,2,3598,6,"D","3",NA,8.6,0,NA,"","3598_2","control",2023,"alive",1,"Vegetative",0,NA,"1",0,0,1,NA
2017,2,3598,6,"D","1",NA,9.4,0,NA,"","3598_2","control",2023,"alive",1,"Vegetative",0,NA,"1",0,0,1,0
2018,2,3598,6,"D","1",14.5,14.5,0,NA,"","3598_2","control",2023,"alive",1,"Vegetative",0,NA,"1",0,0,1,0
2019,2,3598,6,"D","1",NA,11,0,NA,"","3598_2","control",2023,"alive",1,"Vegetative",0,NA,"1",0,0,1,0
2020,2,3598,6,"D","1",NA,8.6,0,NA,"","3598_2","control",2023,"alive",1,"Vegetative",0,NA,"0",NA,NA,1,0
2021,2,3598,6,"D","0",NA,NA,NA,NA,"NP","3598_2","control",2023,"dormant",1,"Dormant",NA,NA,"1",0,0,1,0
2022,2,3598,6,"D","1",NA,19,0,NA,"NP","3598_2","control",2023,"alive",1,"Vegetative",0,NA,"0",NA,NA,0,NA
2023,2,3598,6,"D","0",NA,NA,NA,NA,"NP. Tag pulled.","3598_2","control",2023,"dead",0,"Dead",NA,NA,NA,NA,NA,NA,0
2017,1,3599,0,"I","5",NA,13.5,4,"3.5","","3599_1","irrigated",NA,"alive",1,"Flowering",1,NA,"2",0,0,1,NA
2018,1,3599,0,"I","2",11.5,11.5,0,NA,"","3599_1","irrigated",NA,"alive",1,"Vegetative",0,NA,"3",0,0,1,1
2019,1,3599,0,"I","3",NA,9.5,0,NA,"one leaf partially eaten","3599_1","irrigated",NA,"alive",1,"Vegetative",0,NA,"1",0,0,1,0
2020,1,3599,0,"I","1",NA,11.7,0,NA,"pulled out","3599_1","irrigated",NA,"alive",1,"Vegetative",0,NA,"2",1,1,1,0
2021,1,3599,0,"I","2",11.5,15,1,"2","","3599_1","irrigated",NA,"alive",1,"Flowering",1,NA,"2",1,1,1,0
2022,1,3599,0,"I","2",44.5,16.5,1,"5","","3599_1","irrigated",NA,"alive",1,"Flowering",1,NA,"3",2,1,1,1
2023,1,3599,0,"I","3",36,15,2,"SOS","","3599_1","irrigated",NA,"alive",1,"Flowering",1,NA,"3",2,1,1,1
2024,1,3599,0,"I","3",45,14,2,"7","accidentally pulled first umbel","3599_1","irrigated",NA,"alive",1,"Flowering",1,NA,"2",1,1,1,1
2025,1,3599,0,"I","2",17,27,1,"2.5","","3599_1","irrigated",NA,"alive",1,"Flowering",1,NA,NA,NA,NA,NA,1
2017,6,3601,12,"B","1",NA,17.5,1,"2","","3601_6","irrigated",2023,"alive",1,"Flowering",1,NA,"2",0,0,1,NA
2018,6,3601,12,"B","2",20.5,20.5,0,NA,"","3601_6","irrigated",2023,"alive",1,"Vegetative",0,NA,"2",1,1,1,1
2019,6,3601,12,"B","2",12,14,1,"2","","3601_6","irrigated",2023,"alive",1,"Flowering",1,NA,"1",0,0,1,0
2020,6,3601,12,"B","1",NA,16.2,0,NA,"","3601_6","irrigated",2023,"alive",1,"Vegetative",0,NA,NA,NA,NA,NA,1
2021,6,3601,12,"B",NA,NA,NA,NA,NA,"NPNT","3601_6","irrigated",2023,NA,NA,NA,NA,NA,NA,NA,NA,NA,0
2022,6,3601,12,"B",NA,NA,NA,NA,NA,"NPNT","3601_6","irrigated",2023,NA,NA,NA,NA,NA,"0",NA,NA,0,NA
2023,6,3601,12,"B","0",NA,NA,NA,NA,"NP. Tag pulled.","3601_6","irrigated",2023,"dead",0,"Dead",NA,NA,NA,NA,NA,NA,NA
2021,2,3602,2,"B","2",19,11.5,1,"4","","3602_2","control",NA,"alive",1,"Flowering",1,NA,"1",0,0,1,NA
2022,2,3602,2,"B","1",NA,12.5,0,NA,"","3602_2","control",NA,"alive",1,"Vegetative",0,NA,"0",NA,NA,1,1
2023,2,3602,2,"B","0",NA,NA,NA,NA,"NP","3602_2","control",NA,"dormant",1,"Dormant",NA,NA,"1",0,0,1,0
2024,2,3602,2,"B","1",NA,7.5,0,NA,"senescing","3602_2","control",NA,"alive",1,"Vegetative",0,NA,"0",NA,NA,NA,NA
2025,2,3602,2,"B","0",NA,NA,NA,NA,"NP","3602_2","control",NA,NA,NA,NA,NA,NA,NA,NA,NA,NA,0
2016,13,3604,2,"H","4",NA,5.9,0,NA,"","3604_13","control",NA,"alive",1,"Vegetative",0,NA,"6",3,1,1,NA
2017,13,3604,2,"H","6",NA,7,3,"3.5","","3604_13","control",NA,"alive",1,"Flowering",1,NA,"3",1,1,1,0
2018,13,3604,2,"H","3",12,12,1,"2.8","","3604_13","control",NA,"alive",1,"Flowering",1,NA,"5",3,1,1,1
2019,13,3604,2,"H","5",24,14,3,"6","","3604_13","control",NA,"alive",1,"Flowering",1,NA,"2",0,0,1,1
2020,13,3604,2,"H","2",NA,10.9,0,NA,"","3604_13","control",NA,"alive",1,"Vegetative",0,NA,"3",0,0,1,1
2021,13,3604,2,"H","3",NA,16.5,0,NA,"","3604_13","control",NA,"alive",1,"Vegetative",0,NA,"5",3,1,1,0
2022,13,3604,2,"H","5",36,13,3,"SOS","","3604_13","control",NA,"alive",1,"Flowering",1,NA,"10",6,1,1,0
2023,13,3604,2,"H","10",36,9,6,"SOS","2 umbels dead","3604_13","control",NA,"alive",1,"Flowering",1,NA,"6",4,1,1,1
2024,13,3604,2,"H","6",20,9.5,4,"7.5","earliest umbel eaten counted not measured","3604_13","control",NA,"alive",1,"Flowering",1,NA,"1",1,1,1,1
2025,13,3604,2,"H","1",NA,15,1,NA,"one dead umbel","3604_13","control",NA,"alive",1,"Flowering",1,NA,NA,NA,NA,NA,1
2016,13,3605,15,"F","3",NA,4.6,0,NA,"","3605_13","control",NA,"alive",1,"Vegetative",0,NA,"1",0,0,1,NA
2017,13,3605,15,"F","1",NA,15.5,0,NA,"","3605_13","control",NA,"alive",1,"Vegetative",0,NA,"2",1,1,1,0
2018,13,3605,15,"F","2",11,18.5,1,"1","","3605_13","control",NA,"alive",1,"Flowering",1,NA,NA,NA,NA,NA,0
2019,13,3605,15,"F",NA,NA,NA,NA,NA,"NPNT","3605_13","control",NA,NA,NA,NA,NA,NA,NA,NA,NA,NA,1
2020,13,3605,15,"F",NA,NA,NA,NA,NA,"","3605_13","control",NA,NA,NA,NA,NA,NA,"3",1,1,1,NA
2021,13,3605,15,"F","3",24,18.5,1,"1","","3605_13","control",NA,"alive",1,"Flowering",1,NA,"5",3,1,1,NA
2022,13,3605,15,"F","5",36,15,3,"SOS","","3605_13","control",NA,"alive",1,"Flowering",1,NA,"5",3,1,1,1
2023,13,3605,15,"F","5",38,15,3,"SOS","","3605_13","control",NA,"alive",1,"Flowering",1,NA,"3",1,1,1,1
2024,13,3605,15,"F","3",33.5,16.5,1,"4","gsp in phen","3605_13","control",NA,"alive",1,"Flowering",1,NA,"2",0,0,1,1
2025,13,3605,15,"F","2",NA,19,0,NA,"","3605_13","control",NA,"alive",1,"Vegetative",0,NA,NA,NA,NA,NA,1
2016,14,3607,10,"D","5",NA,5.3,1,"2.1","","3607_14","drought",NA,"alive",1,"Flowering",1,NA,"4",2,1,1,NA
2017,14,3607,10,"D","4",NA,20,2,"5.5","","3607_14","drought",NA,"alive",1,"Flowering",1,NA,"3",1,1,1,1
2018,14,3607,10,"D","3",24.5,12.5,1,"3.2","","3607_14","drought",NA,"alive",1,"Flowering",1,NA,"2",0,0,1,1
2019,14,3607,10,"D","2",NA,15,0,NA,"","3607_14","drought",NA,"alive",1,"Vegetative",0,NA,NA,NA,NA,NA,1
2020,14,3607,10,"D",NA,NA,NA,NA,NA,"","3607_14","drought",NA,NA,NA,NA,NA,NA,"4",1,1,1,0
2021,14,3607,10,"D","4",25,18,1,NA,"","3607_14","drought",NA,"alive",1,"Flowering",1,NA,"4",2,1,1,NA
2022,14,3607,10,"D","4",48,17,2,"SOS","","3607_14","drought",NA,"alive",1,"Flowering",1,NA,"2",1,1,1,1
2023,14,3607,10,"D","2",53,21.5,1,"7.5","stalk broken","3607_14","drought",NA,"alive",1,"Flowering",1,NA,"1",0,0,1,1
2024,14,3607,10,"D","1",NA,23,0,NA,"accidentally pulled leaf off when measuring","3607_14","drought",NA,"alive",1,"Vegetative",0,NA,"0",NA,NA,NA,1
2025,14,3607,10,"D","0",NA,NA,NA,NA,"NP","3607_14","drought",NA,NA,NA,NA,NA,NA,NA,NA,NA,NA,0
2016,1,3608,3,"D","4",NA,19.5,0,NA,"","3608_1","irrigated",NA,"alive",1,"Vegetative",0,NA,"2",0,0,1,NA
2017,1,3608,3,"D","2",NA,16.5,0,NA,"","3608_1","irrigated",NA,"alive",1,"Vegetative",0,NA,"3",1,1,1,0
2018,1,3608,3,"D","3",8,13,1,"2","","3608_1","irrigated",NA,"alive",1,"Flowering",1,NA,"3",1,1,1,0
2019,1,3608,3,"D","3",11,11.5,1,"2","","3608_1","irrigated",NA,"alive",1,"Flowering",1,NA,"0",NA,NA,1,1
2020,1,3608,3,"D","0",NA,NA,NA,NA,"no plant","3608_1","irrigated",NA,"dormant",1,"Dormant",NA,NA,"4",1,1,1,1
2021,1,3608,3,"D","4",15.5,13,1,"1.5","","3608_1","irrigated",NA,"alive",1,"Flowering",1,NA,"5",3,1,1,NA
2022,1,3608,3,"D","5",40.5,13,3,"SOS","","3608_1","irrigated",NA,"alive",1,"Flowering",1,NA,"6",3,1,1,1
2023,1,3608,3,"D","6",33,17,3,"SOS","","3608_1","irrigated",NA,"alive",1,"Flowering",1,NA,"0",NA,NA,1,1
2024,1,3608,3,"D","0",NA,NA,NA,NA,"NP","3608_1","irrigated",NA,"dormant",1,"Dormant",NA,NA,"2",1,1,1,1
2025,1,3608,3,"D","2",27,19,1,"3","Leaf length and umble diameter are switched on datasheet","3608_1","irrigated",NA,"alive",1,"Flowering",1,NA,NA,NA,NA,NA,NA
2021,9,3609,11,"P","2",NA,18,0,NA,"","3609_9","irrigated",NA,"alive",1,"Vegetative",0,NA,"3",0,0,1,NA
2022,9,3609,11,"P","3",NA,19,0,NA,"","3609_9","irrigated",NA,"alive",1,"Vegetative",0,NA,"3",1,1,1,0
2023,9,3609,11,"P","3",58,24,1,"6","11E (div)","3609_9","irrigated",NA,"alive",1,"Flowering",1,NA,"3",1,1,1,0
2024,9,3609,11,"P","3",46.5,22.5,1,"4","11E (div); phen: flp 17 may","3609_9","irrigated",NA,"alive",1,"Flowering",1,NA,"2",1,1,1,1
2025,9,3609,11,"P","2",40,23,1,"5.5","11E (div)","3609_9","irrigated",NA,"alive",1,"Flowering",1,NA,NA,NA,NA,NA,1
2016,1,3610,0,"C","6",NA,14.1,5,"5.8","","3610_1","irrigated",NA,"alive",1,"Flowering",1,NA,"8",3,1,1,NA
2017,1,3610,0,"C","8",NA,22.8,3,"4.5","","3610_1","irrigated",NA,"alive",1,"Flowering",1,NA,"6",3,1,1,1
2018,1,3610,0,"C","6",16.5,16,3,"5","","3610_1","irrigated",NA,"alive",1,"Flowering",1,NA,"8",6,1,1,1
2019,1,3610,0,"C","8",26.5,15,6,"2.5","","3610_1","irrigated",NA,"alive",1,"Flowering",1,NA,"3",1,1,1,1
2020,1,3610,0,"C","3",17.5,13.4,1,"3.4","","3610_1","irrigated",NA,"alive",1,"Flowering",1,NA,"4",3,1,1,1
2021,1,3610,0,"C","4",31,18,3,"SOS","SOS = see other sheet","3610_1","irrigated",NA,"alive",1,"Flowering",1,NA,"11",6,1,1,1
2022,1,3610,0,"C","11",60,20,6,"SOS","outside plot","3610_1","irrigated",NA,"alive",1,"Flowering",1,NA,"8",6,1,1,1
2023,1,3610,0,"C","8",42,22,6,"SOS","","3610_1","irrigated",NA,"alive",1,"Flowering",1,NA,"15",8,1,1,1
2024,1,3610,0,"C","15",51,23.5,8,"34.5","only K2:K50first two umbels in phen","3610_1","irrigated",NA,"alive",1,"Flowering",1,NA,"6",3,1,1,1
2025,1,3610,0,"C","6",38,24,3,"8.5","outside plot","3610_1","irrigated",NA,"alive",1,"Flowering",1,NA,NA,NA,NA,NA,1
2016,1,3611,7,"I","5",NA,8.4,2,"1.9","","3611_1","irrigated",NA,"alive",1,"Flowering",1,NA,"3",0,0,1,NA
2017,1,3611,7,"I","3",NA,7.9,0,NA,"","3611_1","irrigated",NA,"alive",1,"Vegetative",0,NA,"4",1,1,1,1
2018,1,3611,7,"I","4",19,19,1,"2.8","","3611_1","irrigated",NA,"alive",1,"Flowering",1,NA,"3",2,1,1,0
2019,1,3611,7,"I","3",11,8,2,"2","","3611_1","irrigated",NA,"alive",1,"Flowering",1,NA,"3",2,1,1,1
2020,1,3611,7,"I","3",32,9.3,2,"SOS","","3611_1","irrigated",NA,"alive",1,"Flowering",1,NA,"3",1,1,1,1
2021,1,3611,7,"I","3",18.5,13,1,"3","","3611_1","irrigated",NA,"alive",1,"Flowering",1,NA,"3",2,1,1,1
2022,1,3611,7,"I","3",39,13,2,"SOS","","3611_1","irrigated",NA,"alive",1,"Flowering",1,NA,"3",2,1,1,1
2023,1,3611,7,"I","3",37,12,2,"SOS","","3611_1","irrigated",NA,"alive",1,"Flowering",1,NA,"2",1,1,1,1
2024,1,3611,7,"I","2",36,11,1,"3.5","","3611_1","irrigated",NA,"alive",1,"Flowering",1,NA,"2",0,0,1,1
2025,1,3611,7,"I","2",NA,20,0,NA,"","3611_1","irrigated",NA,"alive",1,"Vegetative",0,NA,NA,NA,NA,NA,1
2021,14,3611,NA,NA,NA,NA,NA,NA,NA,NA,"3611_14","drought",NA,"dead",0,"Dead",NA,"not sure where this one went, but it died this year",NA,NA,NA,NA,NA
2018,15,3612,12,"E","3",9,9,2,"1.7","","3612_15","drought",NA,"alive",1,"Flowering",1,NA,"0",NA,NA,1,NA
2019,15,3612,12,"E","0",NA,NA,NA,NA,"no plant","3612_15","drought",NA,"dormant",1,"Dormant",NA,NA,"1",0,0,1,1
2020,15,3612,12,"E","1",NA,15.2,0,NA,"","3612_15","drought",NA,"alive",1,"Vegetative",0,NA,"1",1,1,1,NA
2021,15,3612,12,"E","1",8.5,10,1,"1.5","","3612_15","drought",NA,"alive",1,"Flowering",1,NA,"2",2,1,1,0
2022,15,3612,12,"E","2",29,14,2,"SOS","","3612_15","drought",NA,"alive",1,"Flowering",1,NA,"4",3,1,1,1
2023,15,3612,12,"E","4",25.5,13,3,"SOS","","3612_15","drought",NA,"alive",1,"Flowering",1,NA,"4",3,1,1,1
2024,15,3612,12,"E","4",16,16.5,3,"6.5","","3612_15","drought",NA,"alive",1,"Flowering",1,NA,"2",1,1,1,1
2025,15,3612,12,"E","2",NA,8.5,1,NA,"umbel dead","3612_15","drought",NA,"alive",1,"Flowering",1,NA,NA,NA,NA,NA,1
2018,15,3615,12,"F","3",15.5,13.5,1,"2.5","","3615_15","drought",2022,"alive",1,"Flowering",1,NA,NA,NA,NA,NA,NA
2019,15,3615,12,"F",NA,NA,NA,NA,NA,"NPNT","3615_15","drought",2022,NA,NA,NA,NA,NA,NA,NA,NA,NA,1
2020,15,3615,12,"F",NA,NA,NA,NA,NA,"","3615_15","drought",2022,NA,NA,NA,NA,NA,"1",0,0,1,NA
2021,15,3615,12,"F","1",NA,14.5,0,NA,"new tag for 3615","3615_15","drought",2022,"alive",1,"Vegetative",0,NA,"0",NA,NA,0,NA
2022,15,3615,12,"F","0",NA,NA,NA,NA,"New tag for 3615 in 2021, but found it this year. Pulled this tag","3615_15","drought",2022,"dead",0,"Dead",NA,NA,NA,NA,NA,NA,0
2017,5,3615,11,"J","3",NA,18.5,1,"3.5","","3615_5","drought",NA,"alive",1,"Flowering",1,NA,"3",1,1,1,NA
2018,5,3615,11,"J","3",20,18,1,"3.7","","3615_5","drought",NA,"alive",1,"Flowering",1,NA,"2",1,1,1,1
2019,5,3615,11,"J","2",19,13,1,"3","","3615_5","drought",NA,"alive",1,"Flowering",1,NA,NA,NA,NA,NA,1
2020,5,3615,11,"J",NA,NA,NA,NA,NA,"","3615_5","drought",NA,NA,NA,NA,NA,NA,"1",1,1,1,1
2021,5,3615,11,"J","1",NA,17,1,NA,"","3615_5","drought",NA,"alive",1,"Flowering",1,NA,"3",2,1,1,NA
2022,5,3615,11,"J","3",29.5,20,2,"SOS","","3615_5","drought",NA,"alive",1,"Flowering",1,NA,"4",2,1,1,1
2023,5,3615,11,"J","4",41,17.5,2,"SOS","","3615_5","drought",NA,"alive",1,"Flowering",1,NA,"4",2,1,1,1
2024,5,3615,11,"J","4",29,19.5,2,"5.5","","3615_5","drought",NA,"alive",1,"Flowering",1,NA,"2",1,1,1,1
2025,5,3615,11,"J","2",21.5,19,1,"3","","3615_5","drought",NA,"alive",1,"Flowering",1,NA,NA,NA,NA,NA,1
2016,13,3616,10,"B","6",NA,4.8,1,"1.6","","3616_13","control",NA,"alive",1,"Flowering",1,NA,"2",0,0,1,NA
2017,13,3616,10,"B","2",NA,12,0,NA,"","3616_13","control",NA,"alive",1,"Vegetative",0,NA,"0",NA,NA,1,1
2018,13,3616,10,"B","0",NA,NA,NA,NA,"no plant","3616_13","control",NA,"dormant",1,"Dormant",NA,NA,"2",1,1,1,0
2019,13,3616,10,"B","2",4.5,13,1,"1","aborted umble","3616_13","control",NA,"alive",1,"Flowering",1,NA,NA,NA,NA,NA,NA
2020,13,3616,10,"B",NA,NA,NA,NA,NA,"","3616_13","control",NA,NA,NA,NA,NA,NA,"3",1,1,1,1
2021,13,3616,10,"B","3",19.5,10.5,1,"3.5","","3616_13","control",NA,"alive",1,"Flowering",1,NA,"2",2,1,1,NA
2022,13,3616,10,"B","2",36,14,2,"SOS","","3616_13","control",NA,"alive",1,"Flowering",1,NA,"3",3,1,1,1
2023,13,3616,10,"B","3",48,15,3,"SOS","2 umbels eaten","3616_13","control",NA,"alive",1,"Flowering",1,NA,"3",2,1,1,1
2024,13,3616,10,"B","3",31.5,11,2,"7.5","","3616_13","control",NA,"alive",1,"Flowering",1,NA,"2",2,1,1,1
2025,13,3616,10,"B","2",28.5,17,2,"5.5","","3616_13","control",NA,"alive",1,"Flowering",1,NA,NA,NA,NA,NA,1
2016,13,3617,19,"G","6",NA,5.5,2,"4","","3617_13","control",NA,"alive",1,"Flowering",1,NA,"2",1,1,1,NA
2017,13,3617,19,"G","2",NA,14.5,1,"1.7","","3617_13","control",NA,"alive",1,"Flowering",1,NA,"0",NA,NA,1,1
2018,13,3617,19,"G","0",NA,NA,NA,NA,"no plant","3617_13","control",NA,"dormant",1,"Dormant",NA,NA,"3",0,0,1,1
2019,13,3617,19,"G","3",NA,14,0,NA,"","3617_13","control",NA,"alive",1,"Vegetative",0,NA,NA,NA,NA,NA,NA
2020,13,3617,19,"G",NA,NA,NA,NA,NA,"","3617_13","control",NA,NA,NA,NA,NA,NA,"2",0,0,1,0
2021,13,3617,19,"G","2",NA,14,0,NA,"","3617_13","control",NA,"alive",1,"Vegetative",0,NA,"2",0,0,1,NA
2022,13,3617,19,"G","2",NA,8,0,NA,"","3617_13","control",NA,"alive",1,"Vegetative",0,NA,"4",2,1,1,0
2023,13,3617,19,"G","4",41,18.5,2,"SOS","","3617_13","control",NA,"alive",1,"Flowering",1,NA,"1",0,0,1,0
2024,13,3617,19,"G","1",NA,16,0,NA,"","3617_13","control",NA,"alive",1,"Vegetative",0,NA,"2",0,0,1,1
2025,13,3617,19,"G","2",NA,20,0,NA,"","3617_13","control",NA,"alive",1,"Vegetative",0,NA,NA,NA,NA,NA,0
2016,2,3619,3,"A","4",NA,6.3,1,"2.4","","3619_2","control",2023,"alive",1,"Flowering",1,NA,"1",0,0,1,NA
2017,2,3619,3,"A","1",NA,9,0,NA,"","3619_2","control",2023,"alive",1,"Vegetative",0,NA,"1",0,0,1,1
2018,2,3619,3,"A","1",11,11,0,NA,"","3619_2","control",2023,"alive",1,"Vegetative",0,NA,"1",0,0,1,0
2019,2,3619,3,"A","1",NA,8,0,NA,"","3619_2","control",2023,"alive",1,"Vegetative",0,NA,"1",0,0,1,0
2020,2,3619,3,"A","1",NA,4.7,0,NA,"","3619_2","control",2023,"alive",1,"Vegetative",0,NA,NA,NA,NA,NA,0
2021,2,3619,3,"A",NA,NA,NA,NA,NA,"NPNT","3619_2","control",2023,NA,NA,NA,NA,NA,NA,NA,NA,NA,0
2022,2,3619,3,"A",NA,NA,NA,NA,NA,"NPNT","3619_2","control",2023,NA,NA,NA,NA,NA,"0",NA,NA,0,NA
2023,2,3619,3,"A","0",NA,NA,NA,NA,"NP. Tag pulled.","3619_2","control",2023,"dead",0,"Dead",NA,NA,NA,NA,NA,NA,NA
2016,13,3620,12,"J","3",NA,5.1,0,NA,"","3620_13","control",NA,"alive",1,"Vegetative",0,NA,"1",0,0,1,NA
2017,13,3620,12,"J","1",NA,9.5,0,NA,"","3620_13","control",NA,"alive",1,"Vegetative",0,NA,"3",1,1,1,0
2018,13,3620,12,"J","3",10.5,6.5,1,"2.3","","3620_13","control",NA,"alive",1,"Flowering",1,NA,"4",2,1,1,0
2019,13,3620,12,"J","4",21,9,2,"3","","3620_13","control",NA,"alive",1,"Flowering",1,NA,NA,NA,NA,NA,1
2020,13,3620,12,"J",NA,NA,NA,NA,NA,"","3620_13","control",NA,NA,NA,NA,NA,NA,"2",1,1,1,1
2021,13,3620,12,"J","2",21.5,13,1,"3.5","","3620_13","control",NA,"alive",1,"Flowering",1,NA,"3",2,1,1,NA
2022,13,3620,12,"J","3",35.5,11,2,"SOS","","3620_13","control",NA,"alive",1,"Flowering",1,NA,"5",3,1,1,1
2023,13,3620,12,"J","5",7,13,3,"SOS","","3620_13","control",NA,"alive",1,"Flowering",1,NA,"3",2,1,1,1
2024,13,3620,12,"J","3",26.5,15,2,"4.5","moss clump","3620_13","control",NA,"alive",1,"Flowering",1,NA,"3",2,1,1,1
2025,13,3620,12,"J","3",25.5,15,2,"6","moss clump","3620_13","control",NA,"alive",1,"Flowering",1,NA,NA,NA,NA,NA,1
2021,15,3621,18,"A","3",NA,11,0,NA,"","3621_15","drought",2022,"alive",1,"Vegetative",0,NA,"0",NA,NA,0,NA
2022,15,3621,18,"A","0",NA,NA,NA,NA,"NP","3621_15","drought",2022,"dead",0,"Dead",NA,NA,NA,NA,NA,NA,0
2017,5,3622,5,"D","2",NA,13,2,"3","","3622_5","drought",2019,"alive",1,"Flowering",1,NA,"1",0,0,1,NA
2018,5,3622,5,"D","1",7.5,7.5,0,NA,"","3622_5","drought",2019,"alive",1,"Vegetative",0,NA,"0",NA,NA,0,1
2019,5,3622,5,"D","0",NA,NA,NA,NA,"no plant","3622_5","drought",2019,"dead",0,"Dead",NA,NA,NA,NA,NA,NA,0
2016,2,3623,6,"E","6",NA,8.5,0,NA,"","3623_2","control",2019,"alive",1,"Vegetative",0,NA,"2",0,0,1,NA
2017,2,3623,6,"E","2",NA,11,0,NA,"","3623_2","control",2019,"alive",1,"Vegetative",0,NA,"3",0,0,1,0
2018,2,3623,6,"E","3",11.5,11.5,0,NA,"","3623_2","control",2019,"alive",1,"Vegetative",0,NA,"0",NA,NA,0,0
2019,2,3623,6,"E","0",NA,NA,NA,NA,"no plant","3623_2","control",2019,"dead",0,"Dead",NA,NA,NA,NA,NA,NA,0
2016,3,3624,0,"D","6",NA,6.2,2,"3.1","2 stalks","3624_3","control",NA,"alive",1,"Flowering",1,NA,"6",3,1,1,NA
2017,3,3624,0,"D","6",NA,12,3,"5","","3624_3","control",NA,"alive",1,"Flowering",1,NA,"2",1,1,1,1
2018,3,3624,0,"D","2",18,15.5,1,"3.3","","3624_3","control",NA,"alive",1,"Flowering",1,NA,"3",1,1,1,1
2019,3,3624,0,"D","3",8,14,1,"3","","3624_3","control",NA,"alive",1,"Flowering",1,NA,"0",NA,NA,1,1
2020,3,3624,0,"D","0",NA,NA,NA,NA,"no plant","3624_3","control",NA,"dormant",1,"Dormant",NA,NA,"2",0,0,1,1
2021,3,3624,0,"D","2",NA,19.5,0,NA,"","3624_3","control",NA,"alive",1,"Vegetative",0,NA,"3",1,1,1,NA
2022,3,3624,0,"D","3",40,18,1,"3","","3624_3","control",NA,"alive",1,"Flowering",1,NA,"2",1,1,1,0
2023,3,3624,0,"D","2",40,19,1,"4.5","","3624_3","control",NA,"alive",1,"Flowering",1,NA,"2",0,0,1,1
2024,3,3624,0,"D","2",NA,23,0,NA,"","3624_3","control",NA,"alive",1,"Vegetative",0,NA,"0",NA,NA,NA,1
2025,3,3624,0,"D","0",NA,NA,NA,NA,"NP, tag in dactylis","3624_3","control",NA,NA,NA,NA,NA,NA,NA,NA,NA,NA,0
2016,14,3626,3,"A","3",NA,5.9,0,NA,"","3626_14","drought",2022,"alive",1,"Vegetative",0,NA,"1",0,0,1,NA
2017,14,3626,3,"A","1",NA,11,0,NA,"","3626_14","drought",2022,"alive",1,"Vegetative",0,NA,"1",0,0,1,0
2018,14,3626,3,"A","1",16.5,16.5,0,NA,"","3626_14","drought",2022,"alive",1,"Vegetative",0,NA,"2",2,1,1,0
2019,14,3626,3,"A","2",17,9,2,"3","","3626_14","drought",2022,"alive",1,"Flowering",1,NA,"0",NA,NA,1,0
2020,14,3626,3,"A","0",NA,NA,NA,NA,"no plant","3626_14","drought",2022,"dormant",1,"Dormant",NA,NA,NA,NA,NA,NA,1
2021,14,3626,3,"A",NA,NA,NA,NA,NA,"NPNT","3626_14","drought",2022,NA,NA,NA,NA,NA,"0",NA,NA,0,NA
2022,14,3626,3,"A","0",NA,NA,NA,NA,"NP, tag pulled","3626_14","drought",2022,"dead",0,"Dead",NA,NA,NA,NA,NA,NA,NA
2016,1,3627,7,"I","3",NA,11.2,0,NA,"","3627_1","irrigated",NA,"alive",1,"Vegetative",0,NA,"3",0,0,1,NA
2017,1,3627,7,"I","3",NA,9,0,NA,"","3627_1","irrigated",NA,"alive",1,"Vegetative",0,NA,"2",1,1,1,0
2018,1,3627,7,"I","2",13,14.5,1,"2","","3627_1","irrigated",NA,"alive",1,"Flowering",1,NA,"1",1,1,1,0
2019,1,3627,7,"I","1",9,8,1,"2","","3627_1","irrigated",NA,"alive",1,"Flowering",1,NA,"2",0,0,1,1
2020,1,3627,7,"I","2",NA,13.1,0,NA,"","3627_1","irrigated",NA,"alive",1,"Vegetative",0,NA,"1",0,0,1,1
2021,1,3627,7,"I","1",NA,18,0,NA,"","3627_1","irrigated",NA,"alive",1,"Vegetative",0,NA,"3",2,1,1,0
2022,1,3627,7,"I","3",38,15,2,"SOS","","3627_1","irrigated",NA,"alive",1,"Flowering",1,NA,"3",1,1,1,0
2023,1,3627,7,"I","3",29,15,1,"4","","3627_1","irrigated",NA,"alive",1,"Flowering",1,NA,"0",NA,NA,1,1
2024,1,3627,7,"I","0",NA,NA,NA,NA,"NP; in phen but can't find","3627_1","irrigated",NA,"dormant",1,"Dormant",NA,NA,"1",0,0,1,1
2025,1,3627,7,"I","1",NA,20,0,NA,"","3627_1","irrigated",NA,"alive",1,"Vegetative",0,NA,NA,NA,NA,NA,NA
2016,13,3628,17,"D","3",NA,6.2,2,"2.1","2 stalks","3628_13","control",NA,"alive",1,"Flowering",1,NA,"2",1,1,1,NA
2017,13,3628,17,"D","2",NA,16.5,1,"3","","3628_13","control",NA,"alive",1,"Flowering",1,NA,"3",0,0,1,1
2018,13,3628,17,"D","3",15,15,0,NA,"","3628_13","control",NA,"alive",1,"Vegetative",0,NA,"2",1,1,1,1
2019,13,3628,17,"D","2",19.5,15.5,1,"3","","3628_13","control",NA,"alive",1,"Flowering",1,NA,NA,NA,NA,NA,0
2020,13,3628,17,"D",NA,NA,NA,NA,NA,"","3628_13","control",NA,NA,NA,NA,NA,NA,"7",1,1,1,1
2021,13,3628,17,"D","7",11,12,1,"1","","3628_13","control",NA,"alive",1,"Flowering",1,NA,"4",2,1,1,NA
2022,13,3628,17,"D","4",27,15.5,2,"SOS","","3628_13","control",NA,"alive",1,"Flowering",1,NA,"4",3,1,1,1
2023,13,3628,17,"D","4",27,14.5,3,"SOS","","3628_13","control",NA,"alive",1,"Flowering",1,NA,"2",0,0,1,1
2024,13,3628,17,"D","2",NA,17,0,NA,"accidentally pulled leaf","3628_13","control",NA,"alive",1,"Vegetative",0,NA,"4",0,0,1,1
2025,13,3628,17,"D","4",NA,20,0,NA,"","3628_13","control",NA,"alive",1,"Vegetative",0,NA,NA,NA,NA,NA,0
2017,1,3629,4,"I","6",NA,14,0,NA,"Could be 2 plants","3629_1","irrigated",NA,"alive",1,"Vegetative",0,NA,"2",0,0,1,NA
2018,1,3629,4,"I","2",14,14,0,NA,"","3629_1","irrigated",NA,"alive",1,"Vegetative",0,NA,"1",0,0,1,0
2019,1,3629,4,"I","1",NA,6,0,NA,"","3629_1","irrigated",NA,"alive",1,"Vegetative",0,NA,"1",0,0,1,0
2020,1,3629,4,"I","1",NA,7.7,0,NA,"","3629_1","irrigated",NA,"alive",1,"Vegetative",0,NA,"0",NA,NA,1,0
2021,1,3629,4,"I","0",NA,NA,NA,NA,"NP","3629_1","irrigated",NA,"dormant",1,"Dormant",NA,NA,"1",0,0,1,0
2022,1,3629,4,"I","1",NA,18.5,0,NA,"","3629_1","irrigated",NA,"alive",1,"Vegetative",0,NA,"3",1,1,1,NA
2023,1,3629,4,"I","3",26,15,1,"4","","3629_1","irrigated",NA,"alive",1,"Flowering",1,NA,"2",1,1,1,0
2024,1,3629,4,"I","2",23,15,1,"2.5","","3629_1","irrigated",NA,"alive",1,"Flowering",1,NA,"1",0,0,1,1
2025,1,3629,4,"I","1",NA,22,0,NA,"","3629_1","irrigated",NA,"alive",1,"Vegetative",0,NA,NA,NA,NA,NA,1
2016,6,3630,16,"I","6",NA,6.6,1,"2","","3630_6","irrigated",NA,"alive",1,"Flowering",1,NA,"4",1,1,1,NA
2017,6,3630,16,"I","4",NA,13,1,"2","","3630_6","irrigated",NA,"alive",1,"Flowering",1,NA,"2",2,1,1,1
2018,6,3630,16,"I","2",27,19,2,"5","","3630_6","irrigated",NA,"alive",1,"Flowering",1,NA,"2",2,1,1,1
2019,6,3630,16,"I","2",21.5,12.5,2,"3.5","","3630_6","irrigated",NA,"alive",1,"Flowering",1,NA,"3",2,1,1,1
2020,6,3630,16,"I","3",33,12,2,"SOS","","3630_6","irrigated",NA,"alive",1,"Flowering",1,NA,"2",1,1,1,1
2021,6,3630,16,"I","2",35,15,1,"5.5","","3630_6","irrigated",NA,"alive",1,"Flowering",1,NA,"4",3,1,1,1
2022,6,3630,16,"I","4",65,18,3,"SOS","","3630_6","irrigated",NA,"alive",1,"Flowering",1,NA,"4",2,1,1,1
2023,6,3630,16,"I","4",49,26.5,2,"SOS","","3630_6","irrigated",NA,"alive",1,"Flowering",1,NA,"1",1,1,1,1
2024,6,3630,16,"I","1",38,17.5,1,"5","","3630_6","irrigated",NA,"alive",1,"Flowering",1,NA,"4",2,1,1,1
2025,6,3630,16,"I","4",42,23.5,2,"9","","3630_6","irrigated",NA,"alive",1,"Flowering",1,NA,NA,NA,NA,NA,1
2016,3,3633,2,"B","6",NA,9.9,0,NA,"","3633_3","control",NA,"alive",1,"Vegetative",0,NA,"1",0,0,1,NA
2017,3,3633,2,"B","1",NA,13.5,0,NA,"","3633_3","control",NA,"alive",1,"Vegetative",0,NA,"1",0,0,1,0
2018,3,3633,2,"B","1",15.5,15.5,0,NA,"","3633_3","control",NA,"alive",1,"Vegetative",0,NA,"2",0,0,1,0
2019,3,3633,2,"B","2",NA,16,0,NA,"","3633_3","control",NA,"alive",1,"Vegetative",0,NA,"1",0,0,1,0
2020,3,3633,2,"B","1",NA,10.1,0,NA,"","3633_3","control",NA,"alive",1,"Vegetative",0,NA,"1",0,0,1,0
2021,3,3633,2,"B","1",NA,16,0,NA,"","3633_3","control",NA,"alive",1,"Vegetative",0,NA,"1",0,0,1,0
2022,3,3633,2,"B","1",NA,15.5,0,NA,"","3633_3","control",NA,"alive",1,"Vegetative",0,NA,"1",0,0,1,0
2023,3,3633,2,"B","1",NA,15,0,NA,"","3633_3","control",NA,"alive",1,"Vegetative",0,NA,"1",0,0,1,0
2024,3,3633,2,"B","1",NA,25,0,NA,"","3633_3","control",NA,"alive",1,"Vegetative",0,NA,"2",0,0,1,0
2025,3,3633,2,"B","2",NA,24,0,NA,"","3633_3","control",NA,"alive",1,"Vegetative",0,NA,NA,NA,NA,NA,0
2016,4,3634,18,"E","8",NA,9,1,"3","Diversity plot, 2 stems","3634_4","irrigated",2023,"alive",1,"Flowering",1,NA,"6",2,1,1,NA
2017,4,3634,18,"E","6",NA,8.5,2,"3.5","Diversity Plot","3634_4","irrigated",2023,"alive",1,"Flowering",1,NA,"4",0,0,1,1
2018,4,3634,18,"E","4",13,13,0,NA,"","3634_4","irrigated",2023,"alive",1,"Vegetative",0,NA,"3",1,1,1,1
2019,4,3634,18,"E","3",27.5,18.5,1,"3","Diversity plot","3634_4","irrigated",2023,"alive",1,"Flowering",1,NA,"11",3,1,1,0
2020,4,3634,18,"E","11",31.5,15,3,"SOS","diversity plot","3634_4","irrigated",2023,"alive",1,"Flowering",1,NA,"5",1,1,1,1
2021,4,3634,18,"E","5",31,19.5,1,"4","","3634_4","irrigated",2023,"alive",1,"Flowering",1,NA,"14",6,1,1,1
2022,4,3634,18,"E","14",53,24.5,6,"SOS","","3634_4","irrigated",2023,"alive",1,"Flowering",1,NA,NA,NA,NA,0,1
2023,4,3634,18,"E",NA,NA,NA,NA,NA,"NPNT. Giant vole hole! =18E.","3634_4","irrigated",2023,"dead",0,"Dead",NA,NA,NA,NA,NA,NA,1
2017,7,3636,3,"J","2",NA,15.5,1,"4","","3636_7","drought",NA,"alive",1,"Flowering",1,NA,"4",1,1,1,NA
2018,7,3636,3,"J","4",31,15,1,"4.7","","3636_7","drought",NA,"alive",1,"Flowering",1,NA,"1",0,0,1,1
2019,7,3636,3,"J","1",NA,20,0,NA,"","3636_7","drought",NA,"alive",1,"Vegetative",0,NA,"1",0,0,1,1
2020,7,3636,3,"J","1",NA,13.6,0,NA,"","3636_7","drought",NA,"alive",1,"Vegetative",0,NA,"1",0,0,1,0
2021,7,3636,3,"J","1",NA,15.5,0,NA,"","3636_7","drought",NA,"alive",1,"Vegetative",0,NA,"1",0,0,1,0
2022,7,3636,3,"J","1",NA,27,0,NA,"","3636_7","drought",NA,"alive",1,"Vegetative",0,NA,"0",1,1,1,0
2023,7,3636,3,"J","0",NA,NA,1,NA,"made 1 umbel earlier but now gone & senesced; no seeds or plant","3636_7","drought",NA,"alive",1,"Flowering",1,NA,"2",0,0,1,0
2024,7,3636,3,"J","2",NA,26,0,NA,"tag 5cm from plant; tag in 3H","3636_7","drought",NA,"alive",1,"Vegetative",0,NA,"2",1,1,1,1
2025,7,3636,3,"J","2",27,27,1,"1.5","closer to 3H","3636_7","drought",NA,"alive",1,"Flowering",1,NA,NA,NA,NA,NA,0
2021,10,3637,6,"B","1",NA,11,0,NA,"","3637_10","drought",2022,"alive",1,"Vegetative",0,NA,"0",NA,NA,0,NA
2022,10,3637,6,"B","0",NA,NA,NA,NA,"NP","3637_10","drought",2022,"dead",0,"Dead",NA,NA,NA,NA,NA,NA,0
2016,13,3638,8,"C","3",NA,4.7,1,"2","","3638_13","control",NA,"alive",1,"Flowering",1,NA,"5",3,1,1,NA
2017,13,3638,8,"C","5",NA,13,3,"1.5","","3638_13","control",NA,"alive",1,"Flowering",1,NA,"1",0,0,1,1
2018,13,3638,8,"C","1",8,8,0,NA,"","3638_13","control",NA,"alive",1,"Vegetative",0,NA,"2",1,1,1,1
2019,13,3638,8,"C","2",11.5,11.5,1,"2","","3638_13","control",NA,"alive",1,"Flowering",1,NA,"1",0,0,1,0
2020,13,3638,8,"C","1",NA,5,0,NA,"","3638_13","control",NA,"alive",1,"Vegetative",0,NA,"2",0,0,1,1
2021,13,3638,8,"C","2",NA,9,0,NA,"","3638_13","control",NA,"alive",1,"Vegetative",0,NA,"3",3,1,1,0
2022,13,3638,8,"C","3",25,10,3,"SOS","","3638_13","control",NA,"alive",1,"Flowering",1,NA,"3",1,1,1,0
2023,13,3638,8,"C","3",21,20,1,"4","new flower this week!","3638_13","control",NA,"alive",1,"Flowering",1,NA,"5",3,1,1,1
2024,13,3638,8,"C","5",27,13,3,"12.5","spittlebug","3638_13","control",NA,"alive",1,"Flowering",1,NA,"5",3,1,1,1
2025,13,3638,8,"C","5",15.5,13.5,3,"7.2","","3638_13","control",NA,"alive",1,"Flowering",1,NA,NA,NA,NA,NA,1
2017,9,3639,11,"0.09","8",NA,20.5,2,"3.5","Ycoord= distance from quadrat (m)","3639_9","irrigated",NA,"alive",1,"Flowering",1,NA,"2",1,1,1,NA
2018,9,3639,11,"0.09","2",23,16,1,"4.9","Ycoord= distance from quuadrat (m)","3639_9","irrigated",NA,"alive",1,"Flowering",1,NA,"3",1,1,1,1
2019,9,3639,11,"0.09","3",29,21,1,"4","","3639_9","irrigated",NA,"alive",1,"Flowering",1,NA,"2",1,1,1,1
2020,9,3639,11,"0.09","2",25,15.8,1,"3.1","","3639_9","irrigated",NA,"alive",1,"Flowering",1,NA,"2",0,0,1,1
2021,9,3639,11,"0.09","2",NA,19,0,NA,"11K","3639_9","irrigated",NA,"alive",1,"Vegetative",0,NA,"2",0,0,1,1
2022,9,3639,11,"0.09","2",NA,22,0,NA,"11K","3639_9","irrigated",NA,"alive",1,"Vegetative",0,NA,"1",0,0,1,0
2023,9,3639,11,"0.09","1",NA,35,0,NA,"11K=11A","3639_9","irrigated",NA,"alive",1,"Vegetative",0,NA,"2",1,1,1,0
2024,9,3639,11,"0.09","2",34,23,1,"2.5","11K=11A; phen: flowering 17 may","3639_9","irrigated",NA,"alive",1,"Flowering",1,NA,"2",0,0,1,0
2025,9,3639,11,"0.09","2",NA,18,0,NA," diversity 11K=11A","3639_9","irrigated",NA,"alive",1,"Vegetative",0,NA,NA,NA,NA,NA,1
2017,5,3640,5,"G","3",NA,15,1,"3","","3640_5","drought",2022,"alive",1,"Flowering",1,NA,"1",0,0,1,NA
2018,5,3640,5,"G","1",7,7,0,NA,"","3640_5","drought",2022,"alive",1,"Vegetative",0,NA,"2",0,0,1,1
2019,5,3640,5,"G","2",NA,13,0,NA,"","3640_5","drought",2022,"alive",1,"Vegetative",0,NA,"0",NA,NA,1,0
2020,5,3640,5,"G","0",NA,NA,NA,NA,"no plant","3640_5","drought",2022,"dormant",1,"Dormant",NA,NA,"2",0,0,1,0
2021,5,3640,5,"G","2",NA,10,0,NA,"","3640_5","drought",2022,"alive",1,"Vegetative",0,NA,"0",NA,NA,0,NA
2022,5,3640,5,"G","0",NA,NA,NA,NA,"NP. Tag accidentally pulled(was looking at wrong sheet. Keep an eye out for a plant here next year)","3640_5","drought",2022,"dead",0,"Dead",NA,NA,NA,NA,NA,NA,0
2016,13,3642,10,"G","8",NA,6,3,"2.2","3 stalks","3642_13","control",NA,"alive",1,"Flowering",1,NA,"4",3,1,1,NA
2017,13,3642,10,"G","4",NA,12,3,"5.5","","3642_13","control",NA,"alive",1,"Flowering",1,NA,"6",3,1,1,1
2018,13,3642,10,"G","6",18.5,18.5,3,"2.3","","3642_13","control",NA,"alive",1,"Flowering",1,NA,"5",2,1,1,1
2019,13,3642,10,"G","5",25,10,2,"6.5","","3642_13","control",NA,"alive",1,"Flowering",1,NA,"2",0,0,1,1
2020,13,3642,10,"G","2",NA,14,0,NA,"leaf eaten","3642_13","control",NA,"alive",1,"Vegetative",0,NA,"4",2,1,1,1
2021,13,3642,10,"G","4",18.5,14,2,"SOS","","3642_13","control",NA,"alive",1,"Flowering",1,NA,"5",4,1,1,0
2022,13,3642,10,"G","5",34,14,4,"SOS","","3642_13","control",NA,"alive",1,"Flowering",1,NA,"7",5,1,1,1
2023,13,3642,10,"G","7",32,13,5,"SOS","","3642_13","control",NA,"alive",1,"Flowering",1,NA,NA,NA,NA,NA,1
2024,13,3642,10,"G",NA,NA,NA,NA,NA,"NPNT","3642_13","control",NA,NA,NA,NA,NA,NA,"5",3,1,1,1
2025,13,3642,10,"G","5",27,17,3,"11.5","one dead umbel","3642_13","control",NA,"alive",1,"Flowering",1,NA,NA,NA,NA,NA,NA
2016,6,3643,18,"H","9",NA,5,1,"3.6","","3643_6","irrigated",NA,"alive",1,"Flowering",1,NA,"3",1,1,1,NA
2017,6,3643,18,"H","3",NA,17,1,"2","","3643_6","irrigated",NA,"alive",1,"Flowering",1,NA,"7",1,1,1,1
2018,6,3643,18,"H","7",18,17,1,"2.8","","3643_6","irrigated",NA,"alive",1,"Flowering",1,NA,"3",1,1,1,1
2019,6,3643,18,"H","3",15.5,17,1,"2.5","","3643_6","irrigated",NA,"alive",1,"Flowering",1,NA,"2",0,0,1,1
2020,6,3643,18,"H","2",NA,9.8,0,NA,"","3643_6","irrigated",NA,"alive",1,"Vegetative",0,NA,"6",2,1,1,1
2021,6,3643,18,"H","6",20,14,2,"SOS","","3643_6","irrigated",NA,"alive",1,"Flowering",1,NA,"6",3,1,1,0
2022,6,3643,18,"H","6",52,26.5,3,"SOS","","3643_6","irrigated",NA,"alive",1,"Flowering",1,NA,"2",1,1,1,1
2023,6,3643,18,"H","2",22,18,1,"4","","3643_6","irrigated",NA,"alive",1,"Flowering",1,NA,"3",3,1,1,1
2024,6,3643,18,"H","3",35,16,3,"9.5","","3643_6","irrigated",NA,"alive",1,"Flowering",1,NA,"5",3,1,1,1
2025,6,3643,18,"H","5",38,22.5,3,"11.5","","3643_6","irrigated",NA,"alive",1,"Flowering",1,NA,NA,NA,NA,NA,1
2017,5,3644,8,"H","2",NA,13,0,NA,"","3644_5","drought",NA,"alive",1,"Vegetative",0,NA,"1",0,0,1,NA
2018,5,3644,8,"H","1",9.5,9.5,0,NA,"","3644_5","drought",NA,"alive",1,"Vegetative",0,NA,"1",0,0,1,0
2019,5,3644,8,"H","1",NA,14.5,0,NA,"","3644_5","drought",NA,"alive",1,"Vegetative",0,NA,"0",NA,NA,1,0
2020,5,3644,8,"H","0",NA,NA,NA,NA,"no plant","3644_5","drought",NA,"dormant",1,"Dormant",NA,NA,"3",2,1,1,0
2021,5,3644,8,"H","3",10,14,2,"SOS","","3644_5","drought",NA,"alive",1,"Flowering",1,NA,"2",1,1,1,NA
2022,5,3644,8,"H","2",42,19,1,"5","","3644_5","drought",NA,"alive",1,"Flowering",1,NA,"7",4,1,1,1
2023,5,3644,8,"H","7",49,15,4,"SOS","","3644_5","drought",NA,"alive",1,"Flowering",1,NA,"0",NA,NA,1,1
2024,5,3644,8,"H","0",NA,NA,NA,NA,"NP","3644_5","drought",NA,"dormant",1,"Dormant",NA,NA,"3",2,1,1,1
2025,5,3644,8,"H","3",25,18,2,"2.5","one umbel dead","3644_5","drought",NA,"alive",1,"Flowering",1,NA,NA,NA,NA,NA,NA
2016,1,3645,5,"J","4",NA,13.5,1,"2.7","","3645_1","irrigated",NA,"alive",1,"Flowering",1,NA,"4",1,1,1,NA
2017,1,3645,5,"J","4",NA,12.2,1,"3.4","","3645_1","irrigated",NA,"alive",1,"Flowering",1,NA,"3",1,1,1,1
2018,1,3645,5,"J","3",13,19,1,"2.3","","3645_1","irrigated",NA,"alive",1,"Flowering",1,NA,"2",0,0,1,1
2019,1,3645,5,"J","2",NA,11,0,NA,"","3645_1","irrigated",NA,"alive",1,"Vegetative",0,NA,"1",0,0,1,1
2020,1,3645,5,"J","1",NA,9.6,0,NA,"","3645_1","irrigated",NA,"alive",1,"Vegetative",0,NA,"1",0,0,1,0
2021,1,3645,5,"J","1",NA,17,0,NA,"","3645_1","irrigated",NA,"alive",1,"Vegetative",0,NA,"2",1,1,1,0
2022,1,3645,5,"J","2",33.5,14,1,"5","","3645_1","irrigated",NA,"alive",1,"Flowering",1,NA,"3",1,1,1,0
2023,1,3645,5,"J","3",30,17,1,"5","","3645_1","irrigated",NA,"alive",1,"Flowering",1,NA,"2",1,1,1,1
2024,1,3645,5,"J","2",29.5,25,1,"6","longest leaf gone (measured shorter leaf)","3645_1","irrigated",NA,"alive",1,"Flowering",1,NA,"1",1,1,1,1
2025,1,3645,5,"J","1",28,25,1,NA,"one umble dead","3645_1","irrigated",NA,"alive",1,"Flowering",1,NA,NA,NA,NA,NA,1
2016,6,3648,16,"F","16",NA,9,0,NA,"Umbel missing?","3648_6","irrigated",NA,"alive",1,"Vegetative",0,NA,"4",2,1,1,NA
2017,6,3648,16,"F","4",NA,18.5,2,"4","","3648_6","irrigated",NA,"alive",1,"Flowering",1,NA,"5",3,1,1,0
2018,6,3648,16,"F","5",15,19,3,"4","","3648_6","irrigated",NA,"alive",1,"Flowering",1,NA,"1",1,1,1,1
2019,6,3648,16,"F","1",16,14,1,"2.75","","3648_6","irrigated",NA,"alive",1,"Flowering",1,NA,"3",2,1,1,1
2020,6,3648,16,"F","3",25.6,13.1,2,"SOS","","3648_6","irrigated",NA,"alive",1,"Flowering",1,NA,"3",2,1,1,1
2021,6,3648,16,"F","3",26,11,2,"SOS","","3648_6","irrigated",NA,"alive",1,"Flowering",1,NA,"8",4,1,1,1
2022,6,3648,16,"F","8",43,18.5,4,"SOS","","3648_6","irrigated",NA,"alive",1,"Flowering",1,NA,"4",2,1,1,1
2023,6,3648,16,"F","4",30,17,2,"SOS","stalks are same height","3648_6","irrigated",NA,"alive",1,"Flowering",1,NA,"2",1,1,1,1
2024,6,3648,16,"F","2",20.5,14.5,1,"2","","3648_6","irrigated",NA,"alive",1,"Flowering",1,NA,"1",0,0,1,1
2025,6,3648,16,"F","1",NA,21,0,NA,"","3648_6","irrigated",NA,"alive",1,"Vegetative",0,NA,NA,NA,NA,NA,1
2017,5,3649,11,"A","3",NA,11,1,"1.5","","3649_5","drought",NA,"alive",1,"Flowering",1,NA,"2",1,1,1,NA
2018,5,3649,11,"A","2",18,14.5,1,"3","","3649_5","drought",NA,"alive",1,"Flowering",1,NA,"1",0,0,1,1
2019,5,3649,11,"A","1",NA,10.5,0,NA,"","3649_5","drought",NA,"alive",1,"Vegetative",0,NA,NA,NA,NA,NA,1
2020,5,3649,11,"A",NA,NA,NA,NA,NA,"","3649_5","drought",NA,NA,NA,NA,NA,NA,"2",1,1,1,0
2021,5,3649,11,"A","2",9,11.5,1,"1","","3649_5","drought",NA,"alive",1,"Flowering",1,NA,"2",1,1,1,NA
2022,5,3649,11,"A","2",25,16,1,"3.5","","3649_5","drought",NA,"alive",1,"Flowering",1,NA,"5",3,1,1,1
2023,5,3649,11,"A","5",38,17,3,"SOS","","3649_5","drought",NA,"alive",1,"Flowering",1,NA,"4",1,1,1,1
2024,5,3649,11,"A","4",26.5,11,1,"2","","3649_5","drought",NA,"alive",1,"Flowering",1,NA,"3",1,1,1,1
2025,5,3649,11,"A","3",9,11,1,"1.5","","3649_5","drought",NA,"alive",1,"Flowering",1,NA,NA,NA,NA,NA,1
2016,1,3650,7,"E","7",NA,7,2,"2.7","","3650_1","irrigated",2017,"alive",1,"Flowering",1,NA,"0",NA,NA,0,NA
2017,1,3650,7,"E","0",NA,NA,NA,NA,"No plant/dead?","3650_1","irrigated",2017,"dead",0,"Dead",NA,NA,NA,NA,NA,NA,1
2017,3,3651,3,"B","1",NA,12,0,NA,"","3651_3","control",NA,"alive",1,"Vegetative",0,NA,"2",0,0,1,NA
2018,3,3651,3,"B","2",15,15,0,NA,"","3651_3","control",NA,"alive",1,"Vegetative",0,NA,"3",1,1,1,0
2019,3,3651,3,"B","3",22.5,18,1,"3.5","","3651_3","control",NA,"alive",1,"Flowering",1,NA,"0",NA,NA,1,0
2020,3,3651,3,"B","0",NA,NA,NA,NA,"no plant","3651_3","control",NA,"dormant",1,"Dormant",NA,NA,"2",0,0,1,1
2021,3,3651,3,"B","2",NA,18,0,NA,"","3651_3","control",NA,"alive",1,"Vegetative",0,NA,"3",1,1,1,NA
2022,3,3651,3,"B","3",33,22,1,"6.5","","3651_3","control",NA,"alive",1,"Flowering",1,NA,"2",1,1,1,0
2023,3,3651,3,"B","2",38,24,1,"7","seeding umbel","3651_3","control",NA,"alive",1,"Flowering",1,NA,"0",NA,NA,1,1
2024,3,3651,3,"B","0",NA,NA,NA,NA,"NP","3651_3","control",NA,"dormant",1,"Dormant",NA,NA,"1",0,0,1,1
2025,3,3651,3,"B","1",NA,21.5,0,NA,"","3651_3","control",NA,"alive",1,"Vegetative",0,NA,NA,NA,NA,NA,NA
2016,2,3652,0,"C","7",NA,7.2,1,"2.3","","3652_2","control",2022,"alive",1,"Flowering",1,NA,NA,NA,NA,NA,NA
2017,2,3652,0,"C",NA,NA,NA,NA,NA,"NP/NT","3652_2","control",2022,NA,NA,NA,NA,NA,NA,NA,NA,NA,1
2018,2,3652,0,"C",NA,NA,NA,NA,NA,"no plant","3652_2","control",2022,NA,NA,NA,NA,NA,"0",NA,NA,1,NA
2019,2,3652,0,"C","0",NA,NA,NA,NA,"no plant","3652_2","control",2022,"dormant",1,"Dormant",NA,NA,"2",0,0,1,NA
2020,2,3652,0,"C","2",NA,1.4,0,NA,"","3652_2","control",2022,"alive",1,"Vegetative",0,NA,NA,NA,NA,NA,NA
2021,2,3652,0,"C",NA,NA,NA,NA,NA,"NPNT","3652_2","control",2022,NA,NA,NA,NA,NA,"0",NA,NA,0,0
2022,2,3652,0,"C","0",NA,NA,NA,NA,"NP. Tag pulled","3652_2","control",2022,"dead",0,"Dead",NA,NA,NA,NA,NA,NA,NA
2016,2,3654,3,"G","4",NA,5.5,1,"3","","3654_2","control",2022,"alive",1,"Flowering",1,NA,"1",0,0,1,NA
2017,2,3654,3,"G","1",NA,10,0,NA,"","3654_2","control",2022,"alive",1,"Vegetative",0,NA,"1",0,0,1,1
2018,2,3654,3,"G","1",12.5,12.5,0,NA,"","3654_2","control",2022,"alive",1,"Vegetative",0,NA,"1",0,0,1,0
2019,2,3654,3,"G","1",NA,10,0,NA,"","3654_2","control",2022,"alive",1,"Vegetative",0,NA,"2",0,0,1,0
2020,2,3654,3,"G","2",NA,9.8,0,NA,"","3654_2","control",2022,"alive",1,"Vegetative",0,NA,"2",0,0,1,0
2021,2,3654,3,"G","2",NA,11,0,NA,"","3654_2","control",2022,"alive",1,"Vegetative",0,NA,"0",NA,NA,0,0
2022,2,3654,3,"G","0",NA,NA,NA,NA,"NP","3654_2","control",2022,"dead",0,"Dead",NA,NA,NA,NA,NA,NA,0
2017,10,3655,6,"B","2",NA,20.5,0,NA,"","3655_10","drought",NA,"alive",1,"Vegetative",0,NA,"3",1,1,1,NA
2018,10,3655,6,"B","3",31,20.5,1,"5.3","","3655_10","drought",NA,"alive",1,"Flowering",1,NA,"2",2,1,1,0
2019,10,3655,6,"B","2",42,13,2,"5.5","","3655_10","drought",NA,"alive",1,"Flowering",1,NA,"1",0,0,1,1
2020,10,3655,6,"B","1",NA,13.2,0,NA,"","3655_10","drought",NA,"alive",1,"Vegetative",0,NA,"2",0,0,1,1
2021,10,3655,6,"B","2",NA,19.5,0,NA,"","3655_10","drought",NA,"alive",1,"Vegetative",0,NA,"3",2,1,1,0
2022,10,3655,6,"B","3",64,18.5,2,"SOS","","3655_10","drought",NA,"alive",1,"Flowering",1,NA,"5",3,1,1,0
2023,10,3655,6,"B","5",64,18,3,"SOS","","3655_10","drought",NA,"alive",1,"Flowering",1,NA,"2",2,1,1,1
2024,10,3655,6,"B","2",44.5,22,2,"8.5","","3655_10","drought",NA,"alive",1,"Flowering",1,NA,"2",1,1,1,1
2025,10,3655,6,"B","2",27,29,1,"3","","3655_10","drought",NA,"alive",1,"Flowering",1,NA,NA,NA,NA,NA,1
2017,4,3656,0,"D","2",NA,10.5,0,NA,"","3656_4","irrigated",NA,"alive",1,"Vegetative",0,NA,"2",0,0,1,NA
2018,4,3656,0,"D","2",9.5,9.5,0,NA,"","3656_4","irrigated",NA,"alive",1,"Vegetative",0,NA,"1",0,0,1,0
2019,4,3656,0,"D","1",NA,12,0,NA,"","3656_4","irrigated",NA,"alive",1,"Vegetative",0,NA,"3",0,0,1,0
2020,4,3656,0,"D","3",NA,12.5,0,NA,"1 eaten leaf","3656_4","irrigated",NA,"alive",1,"Vegetative",0,NA,"1",0,0,1,0
2021,4,3656,0,"D","1",NA,13,0,NA,"","3656_4","irrigated",NA,"alive",1,"Vegetative",0,NA,"2",1,1,1,0
2022,4,3656,0,"D","2",36,11,1,"5","","3656_4","irrigated",NA,"alive",1,"Flowering",1,NA,"2",1,1,1,0
2023,4,3656,0,"D","2",34,16,1,"5","","3656_4","irrigated",NA,"alive",1,"Flowering",1,NA,"0",NA,NA,1,1
2024,4,3656,0,"D","0",NA,NA,NA,NA,"NP","3656_4","irrigated",NA,"dormant",1,"Dormant",NA,NA,"2",0,0,1,1
2025,4,3656,0,"D","2",NA,17,0,NA,"","3656_4","irrigated",NA,"alive",1,"Vegetative",0,NA,NA,NA,NA,NA,NA
2016,13,3658,11,"I","5",NA,6,3,"1.7","2 stalks","3658_13","control",NA,"alive",1,"Flowering",1,NA,"3",3,1,1,NA
2017,13,3658,11,"I","3",NA,9.5,3,"2.5","","3658_13","control",NA,"alive",1,"Flowering",1,NA,"2",0,0,1,1
2018,13,3658,11,"I","2",11,11,0,NA,"","3658_13","control",NA,"alive",1,"Vegetative",0,NA,"2",0,0,1,1
2019,13,3658,11,"I","2",NA,10,0,NA,"","3658_13","control",NA,"alive",1,"Vegetative",0,NA,NA,NA,NA,NA,0
2020,13,3658,11,"I",NA,NA,NA,NA,NA,"","3658_13","control",NA,NA,NA,NA,NA,NA,"3",0,0,1,0
2021,13,3658,11,"I","3",NA,16,0,NA,"","3658_13","control",NA,"alive",1,"Vegetative",0,NA,"0",NA,NA,1,NA
2022,13,3658,11,"I","0",NA,NA,NA,NA,"NP","3658_13","control",NA,"dormant",1,"Dormant",NA,NA,"2",1,1,1,0
2023,13,3658,11,"I","2",23,10,1,"5","","3658_13","control",NA,"alive",1,"Flowering",1,NA,"1",0,0,1,NA
2024,13,3658,11,"I","1",NA,14,0,NA,"","3658_13","control",NA,"alive",1,"Vegetative",0,NA,"1",0,0,1,1
2025,13,3658,11,"I","1",NA,12,0,NA,"","3658_13","control",NA,"alive",1,"Vegetative",0,NA,NA,NA,NA,NA,0
2016,15,3659,4,"C","4",NA,10,1,"6.5","","3659_15","drought",NA,"alive",1,"Flowering",1,NA,"5",3,1,1,NA
2017,15,3659,4,"C","5",NA,10.5,3,"5","","3659_15","drought",NA,"alive",1,"Flowering",1,NA,"5",3,1,1,1
2018,15,3659,4,"C","5",21.5,18,3,"3.6","","3659_15","drought",NA,"alive",1,"Flowering",1,NA,"2",1,1,1,1
2019,15,3659,4,"C","2",15.5,22,1,"3","","3659_15","drought",NA,"alive",1,"Flowering",1,NA,"0",NA,NA,1,1
2020,15,3659,4,"C","0",NA,NA,NA,NA,"no plant","3659_15","drought",NA,"dormant",1,"Dormant",NA,NA,"4",1,1,1,1
2021,15,3659,4,"C","4",16,18,1,"3","","3659_15","drought",NA,"alive",1,"Flowering",1,NA,"10",5,1,1,NA
2022,15,3659,4,"C","10",49.5,17.5,5,"SOS","","3659_15","drought",NA,"alive",1,"Flowering",1,NA,"6",6,1,1,1
2023,15,3659,4,"C","6",55,19.5,6,"SOS","","3659_15","drought",NA,"alive",1,"Flowering",1,NA,"6",4,1,1,1
2024,15,3659,4,"C","6",34,26,4,"14.5","one umbel and leaf counted but gone","3659_15","drought",NA,"alive",1,"Flowering",1,NA,"5",2,1,1,1
2025,15,3659,4,"C","5",32,17.5,2,"11","","3659_15","drought",NA,"alive",1,"Flowering",1,NA,NA,NA,NA,NA,1
2017,4,3660,2,"G","2",NA,11,0,NA,"","3660_4","irrigated",2022,"alive",1,"Vegetative",0,NA,"2",8,1,1,NA
2018,4,3660,2,"G","2",1,9.5,8,"3","","3660_4","irrigated",2022,"alive",1,"Flowering",1,NA,"1",0,0,1,0
2019,4,3660,2,"G","1",NA,10,0,NA,"","3660_4","irrigated",2022,"alive",1,"Vegetative",0,NA,"2",1,1,1,1
2020,4,3660,2,"G","2",32.2,10.8,1,"2.5","","3660_4","irrigated",2022,"alive",1,"Flowering",1,NA,"1",0,0,1,0
2021,4,3660,2,"G","1",NA,12.5,0,NA,"","3660_4","irrigated",2022,"alive",1,"Vegetative",0,NA,"0",NA,NA,0,1
2022,4,3660,2,"G","0",NA,NA,NA,NA,"NP","3660_4","irrigated",2022,"dead",0,"Dead",NA,NA,NA,NA,NA,NA,0
2019,14,3661,7,"I","3",NA,27.5,0,NA,"","3661_14","drought",2023,"alive",1,"Vegetative",0,NA,"2",1,1,1,NA
2020,14,3661,7,"I","2",37.3,22.2,1,"3.7","","3661_14","drought",2023,"alive",1,"Flowering",1,NA,"2",1,1,1,0
2021,14,3661,7,"I","2",41.5,15,1,"6.5","","3661_14","drought",2023,"alive",1,"Flowering",1,NA,"5",3,1,1,1
2022,14,3661,7,"I","5",66,25,3,"SOS","","3661_14","drought",2023,"alive",1,"Flowering",1,NA,"0",NA,NA,0,1
2023,14,3661,7,"I","0",NA,NA,NA,NA,"NP","3661_14","drought",2023,"dead",0,"Dead",NA,NA,NA,NA,NA,NA,1
2016,5,3663,19,"I","3",NA,6.1,0,NA,"","3663_5","drought",NA,"alive",1,"Vegetative",0,NA,"2",0,0,1,NA
2017,5,3663,19,"I","2",NA,10,0,NA,"","3663_5","drought",NA,"alive",1,"Vegetative",0,NA,"1",0,0,1,0
2018,5,3663,19,"I","1",6.5,6.5,0,NA,"","3663_5","drought",NA,"alive",1,"Vegetative",0,NA,"0",NA,NA,1,0
2019,5,3663,19,"I","0",NA,NA,NA,NA,"no plant","3663_5","drought",NA,"dormant",1,"Dormant",NA,NA,NA,NA,NA,NA,0
2020,5,3663,19,"I",NA,NA,NA,NA,NA,"","3663_5","drought",NA,NA,NA,NA,NA,NA,"1",0,0,1,NA
2021,5,3663,19,"I","1",NA,11.5,0,NA,"","3663_5","drought",NA,"alive",1,"Vegetative",0,NA,"4",2,1,1,NA
2022,5,3663,19,"I","4",25,15.5,2,"SOS","","3663_5","drought",NA,"alive",1,"Flowering",1,NA,"5",3,1,1,0
2023,5,3663,19,"I","5",41,15,3,"SOS","","3663_5","drought",NA,"alive",1,"Flowering",1,NA,"3",1,1,1,1
2024,5,3663,19,"I","3",33.5,12.5,1,"6.5","","3663_5","drought",NA,"alive",1,"Flowering",1,NA,"3",2,1,1,1
2025,5,3663,19,"I","3",14.5,11,2,"3","","3663_5","drought",NA,"alive",1,"Flowering",1,NA,NA,NA,NA,NA,1
2019,9,3666,17,"H","2",NA,22,0,NA,"","3666_9","irrigated",NA,"alive",1,"Vegetative",0,NA,"1",0,0,1,NA
2020,9,3666,17,"H","1",NA,16.6,0,NA,"","3666_9","irrigated",NA,"alive",1,"Vegetative",0,NA,NA,NA,NA,NA,0
2023,9,3666,17,"H","5",NA,32,0,NA,"","3666_9_1","irrigated",NA,"alive",1,"Vegetative",0,NA,"4",0,0,1,NA
2024,9,3666,17,"H","4",NA,33,0,NA,"","3666_9_1","irrigated",NA,"alive",1,"Vegetative",0,NA,"3",0,0,1,0
2025,9,3666,17,"H","3",NA,26.5,0,NA,"found tag, same plant as 3683, pulled that one kept this tag","3666_9_1","irrigated",NA,"alive",1,"Vegetative",0,NA,NA,NA,NA,NA,0
2016,2,3667,5,"B","3",NA,6.2,1,"1.5","","3667_2","control",2020,"alive",1,"Flowering",1,NA,"3",0,0,1,NA
2017,2,3667,5,"B","3",NA,7,0,NA,"","3667_2","control",2020,"alive",1,"Vegetative",0,NA,"1",0,0,1,1
2018,2,3667,5,"B","1",13,13,0,NA,"","3667_2","control",2020,"alive",1,"Vegetative",0,NA,"1",0,0,1,0
2019,2,3667,5,"B","1",NA,12,0,NA,"pulled out after measuring","3667_2","control",2020,"alive",1,"Vegetative",0,NA,"0",NA,NA,0,0
2020,2,3667,5,"B","0",NA,NA,NA,NA,"no plant (pull tag- plant was killed in 2019)","3667_2","control",2020,"dead",0,"Dead",NA,NA,NA,NA,NA,NA,0
2016,15,3668,16,"H","4",NA,11.2,1,"5.5","","3668_15","drought",NA,"alive",1,"Flowering",1,NA,NA,NA,NA,NA,NA
2016,2,3668,7,"A","6",NA,7.4,0,NA,"","3668_2","control",2021,"alive",1,"Vegetative",0,NA,"3",0,0,1,NA
2017,2,3668,7,"A","3",NA,4.1,0,NA,"","3668_2","control",2021,"alive",1,"Vegetative",0,NA,"0",NA,NA,1,0
2018,2,3668,7,"A","0",NA,NA,NA,NA,"no plant","3668_2","control",2021,"dormant",1,"Dormant",NA,NA,"1",0,0,1,0
2019,2,3668,7,"A","1",NA,9,0,NA,"","3668_2","control",2021,"alive",1,"Vegetative",0,NA,"1",0,0,1,NA
2020,2,3668,7,"A","1",NA,2.9,0,NA,"","3668_2","control",2021,"alive",1,"Vegetative",0,NA,"0",NA,NA,0,0
2021,2,3668,7,"A","0",NA,NA,NA,NA,"NP","3668_2","control",2021,"dead",0,"Dead",NA,NA,NA,NA,NA,NA,0
2016,6,3669,14,"E","9",NA,5,1,"4.3","","3669_6","irrigated",NA,"alive",1,"Flowering",1,NA,"1",1,1,1,NA
2017,6,3669,14,"E","1",NA,8,1,"4.5","","3669_6","irrigated",NA,"alive",1,"Flowering",1,NA,"3",1,1,1,1
2018,6,3669,14,"E","3",15,13,1,"3.2","","3669_6","irrigated",NA,"alive",1,"Flowering",1,NA,"3",2,1,1,1
2019,6,3669,14,"E","3",12,12,2,"2","","3669_6","irrigated",NA,"alive",1,"Flowering",1,NA,"3",2,1,1,1
2020,6,3669,14,"E","3",28.3,14.2,2,"SOS","","3669_6","irrigated",NA,"alive",1,"Flowering",1,NA,"4",2,1,1,1
2021,6,3669,14,"E","4",26.5,16,2,"SOS","","3669_6","irrigated",NA,"alive",1,"Flowering",1,NA,"4",3,1,1,1
2022,6,3669,14,"E","4",57,20,3,"SOS","","3669_6","irrigated",NA,"alive",1,"Flowering",1,NA,"3",2,1,1,1
2023,6,3669,14,"E","3",39,17,2,"SOS","","3669_6","irrigated",NA,"alive",1,"Flowering",1,NA,"4",3,1,1,1
2024,6,3669,14,"E","4",46,14,3,"10","","3669_6","irrigated",NA,"alive",1,"Flowering",1,NA,"1",0,0,1,1
2025,6,3669,14,"E","1",NA,22,0,NA,"","3669_6","irrigated",NA,"alive",1,"Vegetative",0,NA,NA,NA,NA,NA,1
2016,10,3670,4,"E","5",NA,5.6,0,NA,"","3670_10","drought",2017,"alive",1,"Vegetative",0,NA,"0",NA,NA,0,NA
2017,10,3670,4,"E","0",NA,NA,NA,NA,"No plant/dead?","3670_10","drought",2017,"dead",0,"Dead",NA,NA,NA,NA,NA,NA,0
2016,14,3671,5,"C","3",NA,7.6,0,NA,"","3671_14","drought",NA,"alive",1,"Vegetative",0,NA,"2",0,0,1,NA
2017,14,3671,5,"C","2",NA,12,0,NA,"","3671_14","drought",NA,"alive",1,"Vegetative",0,NA,"3",1,1,1,0
2018,14,3671,5,"C","3",22,11,1,"2.2","","3671_14","drought",NA,"alive",1,"Flowering",1,NA,"3",2,1,1,0
2019,14,3671,5,"C","3",20.5,12,2,"3","","3671_14","drought",NA,"alive",1,"Flowering",1,NA,"2",2,1,1,1
2020,14,3671,5,"C","2",13,14.5,2,"SOS","","3671_14","drought",NA,"alive",1,"Flowering",1,NA,"1",0,0,1,1
2021,14,3671,5,"C","1",NA,19,0,NA,"","3671_14","drought",NA,"alive",1,"Vegetative",0,NA,"4",2,1,1,1
2022,14,3671,5,"C","4",27,23,2,"SOS","more like 6D/E, not close to other 5C's, near 3926","3671_14","drought",NA,"alive",1,"Flowering",1,NA,"5",3,1,1,0
2023,14,3671,5,"C","5",36,15,3,"SOS","more like 6D/E, near 3926","3671_14","drought",NA,"alive",1,"Flowering",1,NA,"4",2,1,1,1
2024,14,3671,5,"C","4",34,9,2,"4","in phen as 3926","3671_14","drought",NA,"alive",1,"Flowering",1,NA,"4",2,1,1,1
2025,14,3671,5,"C","4",NA,10.5,2,NA,"","3671_14","drought",NA,"alive",1,"Flowering",1,NA,NA,NA,NA,NA,1
2021,15,3672,3,"H","1",NA,16,0,NA,"","3672_15","drought",2022,"alive",1,"Vegetative",0,NA,"0",NA,NA,0,NA
2022,15,3672,3,"H","0",NA,NA,NA,NA,"NP","3672_15","drought",2022,"dead",0,"Dead",NA,NA,NA,NA,NA,NA,0
2018,15,3673,10,"A","3",14,19.5,2,"2.5","","3673_15","drought",NA,"alive",1,"Flowering",1,NA,"1",0,0,1,NA
2019,15,3673,10,"A","1",NA,14,0,NA,"","3673_15","drought",NA,"alive",1,"Vegetative",0,NA,"0",NA,NA,1,1
2020,15,3673,10,"A","0",NA,NA,NA,NA,"no plant","3673_15","drought",NA,"dormant",1,"Dormant",NA,NA,"1",1,1,1,0
2021,15,3673,10,"A","1",10.5,7,1,"2","","3673_15","drought",NA,"alive",1,"Flowering",1,NA,"3",2,1,1,NA
2022,15,3673,10,"A","3",44,15.5,2,"SOS","","3673_15","drought",NA,"alive",1,"Flowering",1,NA,"2",2,1,1,1
2023,15,3673,10,"A","2",43,8,2,"SOS","","3673_15","drought",NA,"alive",1,"Flowering",1,NA,"3",2,1,1,1
2024,15,3673,10,"A","3",32.5,13.5,2,"6.5","","3673_15","drought",NA,"alive",1,"Flowering",1,NA,"2",1,1,1,1
2025,15,3673,10,"A","2",12,3,1,"1.5","","3673_15","drought",NA,"alive",1,"Flowering",1,NA,NA,NA,NA,NA,1
2016,13,3675,13,"I","3",NA,5.5,1,"2.6","","3675_13","control",NA,"alive",1,"Flowering",1,NA,"1",0,0,1,NA
2017,13,3675,13,"I","1",NA,12.5,0,NA,"","3675_13","control",NA,"alive",1,"Vegetative",0,NA,"1",0,0,1,1
2018,13,3675,13,"I","1",9.5,9.5,0,NA,"","3675_13","control",NA,"alive",1,"Vegetative",0,NA,"3",1,1,1,0
2019,13,3675,13,"I","3",18,13,1,"3.5","","3675_13","control",NA,"alive",1,"Flowering",1,NA,NA,NA,NA,NA,0
2020,13,3675,13,"I",NA,NA,NA,NA,NA,"","3675_13","control",NA,NA,NA,NA,NA,NA,"4",2,1,1,1
2021,13,3675,13,"I","4",23.5,19.5,2,"4","","3675_13","control",NA,"alive",1,"Flowering",1,NA,"4",2,1,1,NA
2022,13,3675,13,"I","4",43.5,17.5,2,"SOS","","3675_13","control",NA,"alive",1,"Flowering",1,NA,"7",4,1,1,1
2023,13,3675,13,"I","7",35,16,4,"SOS","","3675_13","control",NA,"alive",1,"Flowering",1,NA,"5",3,1,1,1
2024,13,3675,13,"I","5",22.5,16,3,"6.5","","3675_13","control",NA,"alive",1,"Flowering",1,NA,"3",1,1,1,1
2025,13,3675,13,"I","3",25.5,22.5,1,"4","in antho clump","3675_13","control",NA,"alive",1,"Flowering",1,NA,NA,NA,NA,NA,1
2018,5,3677,13,"G","1",9,9,0,NA,"found plant with unlisted tag ","3677_5","drought",NA,"alive",1,"Vegetative",0,NA,NA,NA,NA,NA,NA
2019,5,3677,13,"G",NA,NA,NA,NA,NA,"NPNT","3677_5","drought",NA,NA,NA,NA,NA,NA,NA,NA,NA,NA,0
2020,5,3677,13,"G",NA,NA,NA,NA,NA,"","3677_5","drought",NA,NA,NA,NA,NA,NA,"0",NA,NA,1,NA
2021,5,3677,13,"G","0",NA,NA,NA,NA,"NP","3677_5","drought",NA,"dormant",1,"Dormant",NA,NA,"1",0,0,1,NA
2022,5,3677,13,"G","1",NA,18,0,NA,"","3677_5","drought",NA,"alive",1,"Vegetative",0,NA,"2",1,1,1,NA
2023,5,3677,13,"G","2",26,9,1,"3","in 13E","3677_5","drought",NA,"alive",1,"Flowering",1,NA,"6",4,1,1,0
2024,5,3677,13,"G","6",27.5,13,4,"12","","3677_5","drought",NA,"alive",1,"Flowering",1,NA,"3",0,0,1,1
2025,5,3677,13,"G","3",NA,12.5,0,NA,"it's in 14D next to 3153","3677_5","drought",NA,"alive",1,"Vegetative",0,NA,NA,NA,NA,NA,1
2016,5,3679,17,"F","6",NA,6,1,"4.8","","3679_5","drought",2021,"alive",1,"Flowering",1,NA,"4",2,1,1,NA
2017,5,3679,17,"F","4",NA,13.5,2,"2.5","","3679_5","drought",2021,"alive",1,"Flowering",1,NA,"2",0,0,1,1
2018,5,3679,17,"F","2",14,14,0,NA,"","3679_5","drought",2021,"alive",1,"Vegetative",0,NA,"1",0,0,1,1
2019,5,3679,17,"F","1",NA,12.5,0,NA,"","3679_5","drought",2021,"alive",1,"Vegetative",0,NA,NA,NA,NA,NA,0
2020,5,3679,17,"F",NA,NA,NA,NA,NA,"","3679_5","drought",2021,NA,NA,NA,NA,NA,"0",NA,NA,0,0
2021,5,3679,17,"F","0",NA,NA,NA,NA,"NP","3679_5","drought",2021,"dead",0,"Dead",NA,NA,NA,NA,NA,NA,NA
2016,4,3680,4,"J","5",NA,4.2,1,"4.8","","3680_4","irrigated",NA,"alive",1,"Flowering",1,NA,"2",0,0,1,NA
2017,4,3680,4,"J","2",NA,7.5,0,NA,"","3680_4","irrigated",NA,"alive",1,"Vegetative",0,NA,"3",0,0,1,1
2018,4,3680,4,"J","3",12,12,0,NA,"","3680_4","irrigated",NA,"alive",1,"Vegetative",0,NA,"0",NA,NA,1,0
2019,4,3680,4,"J","0",NA,NA,NA,NA,"no plant","3680_4","irrigated",NA,"dormant",1,"Dormant",NA,NA,"1",0,0,1,0
2020,4,3680,4,"J","1",NA,10.6,0,NA,"","3680_4","irrigated",NA,"alive",1,"Vegetative",0,NA,"1",0,0,1,NA
2021,4,3680,4,"J","1",NA,14,0,NA,"","3680_4","irrigated",NA,"alive",1,"Vegetative",0,NA,"0",NA,NA,1,0
2022,4,3680,4,"J","0",NA,NA,NA,NA,"NP","3680_4","irrigated",NA,"dormant",1,"Dormant",NA,NA,"1",0,0,1,0
2023,4,3680,4,"J","1",NA,10,0,NA,"","3680_4","irrigated",NA,"alive",1,"Vegetative",0,NA,"0",NA,NA,1,NA
2024,4,3680,4,"J","0",NA,NA,NA,NA,"NP","3680_4","irrigated",NA,"dormant",1,"Dormant",NA,NA,"1",0,0,1,0
2025,4,3680,4,"J","1",NA,6.5,0,NA,"","3680_4","irrigated",NA,"alive",1,"Vegetative",0,NA,NA,NA,NA,NA,NA
2016,13,3681,19,"D","2",NA,5.3,2,"3.2","","3681_13","control",NA,"alive",1,"Flowering",1,NA,"2",1,1,1,NA
2017,13,3681,19,"D","2",NA,10,1,"2.5","","3681_13","control",NA,"alive",1,"Flowering",1,NA,"1",0,0,1,1
2018,13,3681,19,"D","1",9,9,0,NA,"","3681_13","control",NA,"alive",1,"Vegetative",0,NA,"2",1,1,1,1
2019,13,3681,19,"D","2",17.5,10,1,"2","","3681_13","control",NA,"alive",1,"Flowering",1,NA,NA,NA,NA,NA,0
2020,13,3681,19,"D",NA,NA,NA,NA,NA,"","3681_13","control",NA,NA,NA,NA,NA,NA,"2",0,0,1,1
2021,13,3681,19,"D","2",NA,12,0,NA,"","3681_13","control",NA,"alive",1,"Vegetative",0,NA,"1",0,0,1,NA
2022,13,3681,19,"D","1",NA,12,0,NA,"","3681_13","control",NA,"alive",1,"Vegetative",0,NA,"1",0,0,1,0
2023,13,3681,19,"D","1",NA,11,0,NA,"","3681_13","control",NA,"alive",1,"Vegetative",0,NA,"1",0,0,1,0
2024,13,3681,19,"D","1",NA,9.5,0,NA,"plant behind tag","3681_13","control",NA,"alive",1,"Vegetative",0,NA,"0",NA,NA,NA,0
2025,13,3681,19,"D","0",NA,NA,NA,NA,"NP, one small 1 leaf nearby","3681_13","control",NA,NA,NA,NA,NA,NA,NA,NA,NA,NA,0
2021,14,3682,10,"D","3",NA,21,0,NA,"","3682_14","drought",NA,"alive",1,"Vegetative",0,NA,"5",3,1,1,NA
2022,14,3682,10,"D","5",42,20,3,"SOS","","3682_14","drought",NA,"alive",1,"Flowering",1,NA,"3",2,1,1,0
2023,14,3682,10,"D","3",49.5,20,2,"SOS","","3682_14","drought",NA,"alive",1,"Flowering",1,NA,"1",0,0,1,1
2024,14,3682,10,"D","1",NA,24,0,NA,"","3682_14","drought",NA,"alive",1,"Vegetative",0,NA,"2",1,1,1,1
2025,14,3682,10,"D","2",28,8,1,"4.5","","3682_14","drought",NA,"alive",1,"Flowering",1,NA,NA,NA,NA,NA,0
2016,4,3683,7,"I","15",NA,8.3,0,NA,"Umbel missing?","3683_4","irrigated",NA,"alive",1,"Vegetative",0,NA,NA,NA,NA,NA,NA
2019,9,3683,17,"H","1",NA,14.5,0,NA,"","3683_9","irrigated",NA,"alive",1,"Vegetative",0,NA,"1",0,0,1,NA
2020,9,3683,17,"H","1",NA,18.4,0,NA,"","3683_9","irrigated",NA,"alive",1,"Vegetative",0,NA,NA,NA,NA,NA,0
2017,5,3684,7,"E","3",NA,7.5,2,"2.5","","3684_5","drought",NA,"alive",1,"Flowering",1,NA,"1",0,0,1,NA
2018,5,3684,7,"E","1",9,9,0,NA,"","3684_5","drought",NA,"alive",1,"Vegetative",0,NA,"0",NA,NA,1,1
2019,5,3684,7,"E","0",NA,NA,NA,NA,"no plant","3684_5","drought",NA,"dormant",1,"Dormant",NA,NA,"1",0,0,1,0
2020,5,3684,7,"E","1",NA,13.4,0,NA,"","3684_5","drought",NA,"alive",1,"Vegetative",0,NA,"2",0,0,1,NA
2021,5,3684,7,"E","2",NA,17,0,NA,"","3684_5","drought",NA,"alive",1,"Vegetative",0,NA,"2",0,0,1,0
2022,5,3684,7,"E","2",NA,18,0,NA,"","3684_5","drought",NA,"alive",1,"Vegetative",0,NA,"1",0,0,1,0
2023,5,3684,7,"E","1",NA,13,0,NA,"","3684_5","drought",NA,"alive",1,"Vegetative",0,NA,"1",0,0,1,0
2024,5,3684,7,"E","1",NA,9.5,0,NA,"","3684_5","drought",NA,"alive",1,"Vegetative",0,NA,"1",0,0,1,0
2025,5,3684,7,"E","1",NA,9,0,NA,"","3684_5","drought",NA,"alive",1,"Vegetative",0,NA,NA,NA,NA,NA,0
2017,5,3685,18,"B","5",NA,18.5,3,"4","","3685_5","drought",NA,"alive",1,"Flowering",1,NA,"5",4,1,1,NA
2018,5,3685,18,"B","5",11,11.5,4,"3.2","","3685_5","drought",NA,"alive",1,"Flowering",1,NA,"1",0,0,1,1
2019,5,3685,18,"B","1",NA,8,0,NA,"","3685_5","drought",NA,"alive",1,"Vegetative",0,NA,NA,NA,NA,NA,1
2020,5,3685,18,"B",NA,NA,NA,NA,NA,"","3685_5","drought",NA,NA,NA,NA,NA,NA,"4",0,0,1,0
2021,5,3685,18,"B","4",NA,17,0,NA,"","3685_5","drought",NA,"alive",1,"Vegetative",0,NA,"5",3,1,1,NA
2022,5,3685,18,"B","5",30,19,3,"SOS","","3685_5","drought",NA,"alive",1,"Flowering",1,NA,"7",4,1,1,0
2023,5,3685,18,"B","7",45,18,4,"SOS","","3685_5","drought",NA,"alive",1,"Flowering",1,NA,"5",2,1,1,1
2024,5,3685,18,"B","5",32.5,13.5,2,"6","","3685_5","drought",NA,"alive",1,"Flowering",1,NA,"7",4,1,1,1
2025,5,3685,18,"B","7",21,18,4,"10.5","","3685_5","drought",NA,"alive",1,"Flowering",1,NA,NA,NA,NA,NA,1
2017,15,3686,16,"H","4",NA,20,1,"3.5","","3686_15","drought",NA,"alive",1,"Flowering",1,NA,"9",3,1,1,NA
2018,15,3686,16,"H","9",22,17.5,3,"3.2","","3686_15","drought",NA,"alive",1,"Flowering",1,NA,"3",1,1,1,1
2019,15,3686,16,"H","3",21.5,16,1,"2.5","","3686_15","drought",NA,"alive",1,"Flowering",1,NA,"0",NA,NA,1,1
2020,15,3686,16,"H","0",NA,NA,NA,NA,"no plant","3686_15","drought",NA,"dormant",1,"Dormant",NA,NA,"4",2,1,1,1
2021,15,3686,16,"H","4",21,16,2,"SOS","","3686_15","drought",NA,"alive",1,"Flowering",1,NA,"5",0,0,1,NA
2022,15,3686,16,"H","5",NA,27,0,NA,"","3686_15","drought",NA,"alive",1,"Vegetative",0,NA,"6",4,1,1,1
2023,15,3686,16,"H","6",48,20.5,4,"SOS","","3686_15","drought",NA,"alive",1,"Flowering",1,NA,"4",1,1,1,0
2024,15,3686,16,"H","4",32,22.5,1,"6","","3686_15","drought",NA,"alive",1,"Flowering",1,NA,NA,NA,NA,NA,1
2025,15,3686,16,"H",NA,NA,NA,NA,NA,"NPNT","3686_15","drought",NA,NA,NA,NA,NA,NA,NA,NA,NA,NA,1
2016,1,3687,5,"I","3",NA,12,0,NA,"","3687_1","irrigated",NA,"alive",1,"Vegetative",0,NA,"0",NA,NA,1,NA
2017,1,3687,5,"I","0",NA,NA,NA,NA,"No plant/dead?","3687_1","irrigated",NA,"dormant",1,"Dormant",NA,NA,NA,NA,NA,NA,0
2018,1,3687,5,"I",NA,NA,NA,NA,NA,"no plant no tag","3687_1","irrigated",NA,NA,NA,NA,NA,NA,"0",NA,NA,1,NA
2019,1,3687,5,"I","0",NA,NA,NA,NA,"NPNT","3687_1","irrigated",NA,"dormant",1,"Dormant",NA,NA,"1",0,0,1,NA
2020,1,3687,5,"I","1",NA,10.1,0,NA,"","3687_1","irrigated",NA,"alive",1,"Vegetative",0,NA,"2",0,0,1,NA
2021,1,3687,5,"I","2",NA,18,0,NA,"","3687_1","irrigated",NA,"alive",1,"Vegetative",0,NA,"1",0,0,1,0
2022,1,3687,5,"I","1",NA,14,0,NA,"","3687_1","irrigated",NA,"alive",1,"Vegetative",0,NA,"2",1,1,1,0
2023,1,3687,5,"I","2",13,14,1,"1","","3687_1","irrigated",NA,"alive",1,"Flowering",1,NA,"2",1,1,1,0
2024,1,3687,5,"I","2",14,13,1,NA,"","3687_1","irrigated",NA,"alive",1,"Flowering",1,NA,"1",0,0,1,1
2025,1,3687,5,"I","1",NA,18,0,NA,"","3687_1","irrigated",NA,"alive",1,"Vegetative",0,NA,NA,NA,NA,NA,1
2016,7,3688,7,"H","9",NA,5.5,0,NA,"","3688_7","drought",2024,"alive",1,"Vegetative",0,NA,"4",2,1,1,NA
2017,7,3688,7,"H","4",NA,18,2,"4.5","","3688_7","drought",2024,"alive",1,"Flowering",1,NA,"5",2,1,1,0
2018,7,3688,7,"H","5",23.5,10.5,2,"5.7","","3688_7","drought",2024,"alive",1,"Flowering",1,NA,"3",2,1,1,1
2019,7,3688,7,"H","3",17,12.5,2,"1.5","","3688_7","drought",2024,"alive",1,"Flowering",1,NA,"2",1,1,1,1
2020,7,3688,7,"H","2",21.5,13.5,1,"1.7","","3688_7","drought",2024,"alive",1,"Flowering",1,NA,"1",0,0,1,1
2021,7,3688,7,"H","1",NA,15,0,NA,"","3688_7","drought",2024,"alive",1,"Vegetative",0,NA,"2",2,1,1,1
2022,7,3688,7,"H","2",38.5,13.5,2,"SOS","","3688_7","drought",2024,"alive",1,"Flowering",1,NA,"0",1,1,1,0
2023,7,3688,7,"H","0",NA,NA,1,NA,"gone girl! Had a flower last week but is gone now","3688_7","drought",2024,"alive",1,"Flowering",1,NA,"0",NA,NA,0,1
2024,7,3688,7,"H","0",NA,NA,NA,NA,"NP","3688_7","drought",2024,"dead",0,"Dead",NA,NA,NA,NA,NA,NA,1
2016,14,3689,4,"B","4",NA,10.7,1,"3.5","","3689_14","drought",NA,"alive",1,"Flowering",1,NA,"3",0,0,1,NA
2017,14,3689,4,"B","3",NA,8,0,NA,"","3689_14","drought",NA,"alive",1,"Vegetative",0,NA,"1",0,0,1,1
2018,14,3689,4,"B","1",9,9,0,NA,"","3689_14","drought",NA,"alive",1,"Vegetative",0,NA,"1",0,0,1,0
2019,14,3689,4,"B","1",NA,9.5,0,NA,"","3689_14","drought",NA,"alive",1,"Vegetative",0,NA,"2",0,0,1,0
2020,14,3689,4,"B","2",NA,6.6,0,NA,"","3689_14","drought",NA,"alive",1,"Vegetative",0,NA,"1",0,0,1,0
2021,14,3689,4,"B","1",NA,14,0,NA,"","3689_14","drought",NA,"alive",1,"Vegetative",0,NA,"0",NA,NA,1,0
2022,14,3689,4,"B","0",NA,NA,NA,NA,"NP","3689_14","drought",NA,"dormant",1,"Dormant",NA,NA,"2",1,1,1,0
2023,14,3689,4,"B","2",28,10,1,"2.5","","3689_14","drought",NA,"alive",1,"Flowering",1,NA,"1",0,0,1,NA
2024,14,3689,4,"B","1",NA,18.5,0,NA,"","3689_14","drought",NA,"alive",1,"Vegetative",0,NA,"1",0,0,1,1
2025,14,3689,4,"B","1",NA,14,0,NA,"","3689_14","drought",NA,"alive",1,"Vegetative",0,NA,NA,NA,NA,NA,0
2021,9,3690,12,"R","1",NA,14,0,NA,"","3690_9","irrigated",NA,"alive",1,"Vegetative",0,NA,"0",NA,NA,1,NA
2022,9,3690,12,"R","0",NA,NA,NA,NA,"NP","3690_9","irrigated",NA,"dormant",1,"Dormant",NA,NA,"1",0,0,1,0
2023,9,3690,12,"R","1",NA,12,0,NA,"12H (div)","3690_9","irrigated",NA,"alive",1,"Vegetative",0,NA,"2",0,0,1,NA
2024,9,3690,12,"R","2",NA,15.5,0,NA,"12H (div)","3690_9","irrigated",NA,"alive",1,"Vegetative",0,NA,"1",0,0,1,0
2025,9,3690,12,"R","1",NA,16,0,NA,"12H (div)","3690_9","irrigated",NA,"alive",1,"Vegetative",0,NA,NA,NA,NA,NA,0
2017,4,3691,2,"H","2",NA,9.5,0,NA,"","3691_4","irrigated",2018,"alive",1,"Vegetative",0,NA,"0",NA,NA,0,NA
2018,4,3691,2,"H","0",NA,NA,NA,NA,"no plant","3691_4","irrigated",2018,"dead",0,"Dead",NA,NA,NA,NA,NA,NA,0
2016,1,3692,7,"E","19",NA,10.4,1,"5.5","","3692_1","irrigated",NA,"alive",1,"Flowering",1,NA,"0",NA,NA,1,NA
2017,1,3692,7,"E","0",NA,NA,NA,NA,"No plant/dead?","3692_1","irrigated",NA,"dormant",1,"Dormant",NA,NA,"2",0,0,1,1
2018,1,3692,7,"E","2",6.5,6.5,0,NA,"","3692_1","irrigated",NA,"alive",1,"Vegetative",0,NA,"1",0,0,1,NA
2019,1,3692,7,"E","1",NA,8.5,0,NA,"","3692_1","irrigated",NA,"alive",1,"Vegetative",0,NA,"0",NA,NA,1,0
2020,1,3692,7,"E","0",NA,NA,NA,NA,"no plant","3692_1","irrigated",NA,"dormant",1,"Dormant",NA,NA,"1",0,0,1,0
2021,1,3692,7,"E","1",NA,8,0,NA,"","3692_1","irrigated",NA,"alive",1,"Vegetative",0,NA,"1",0,0,1,NA
2022,1,3692,7,"E","1",NA,16,0,NA,"","3692_1","irrigated",NA,"alive",1,"Vegetative",0,NA,"2",1,1,1,0
2023,1,3692,7,"E","2",24,9.5,1,"5","","3692_1","irrigated",NA,"alive",1,"Flowering",1,NA,"1",1,1,1,0
2024,1,3692,7,"E","1",19,13,1,"3.5","","3692_1","irrigated",NA,"alive",1,"Flowering",1,NA,"3",1,1,1,1
2025,1,3692,7,"E","3",31,19,1,"3","","3692_1","irrigated",NA,"alive",1,"Flowering",1,NA,NA,NA,NA,NA,1
2016,15,3693,17,"G","10",NA,17,3,"5","","3693_15","drought",2018,"alive",1,"Flowering",1,NA,"10",4,1,1,NA
2017,15,3693,17,"G","10",NA,22,4,"5","","3693_15","drought",2018,"alive",1,"Flowering",1,NA,"0",NA,NA,0,1
2018,15,3693,17,"G","0",NA,NA,NA,NA,"no plant","3693_15","drought",2018,"dead",0,"Dead",NA,NA,NA,NA,NA,NA,1
2018,13,3694,9,"A","1",7,7,0,NA,"","3694_13","control",NA,"alive",1,"Vegetative",0,NA,"2",2,1,1,NA
2019,13,3694,9,"A","2",16,6,2,"2.5","","3694_13","control",NA,"alive",1,"Flowering",1,NA,"1",0,0,1,0
2020,13,3694,9,"A","1",NA,7.6,0,NA,"","3694_13","control",NA,"alive",1,"Vegetative",0,NA,"4",0,0,1,1
2021,13,3694,9,"A","4",NA,14,0,NA,"","3694_13","control",NA,"alive",1,"Vegetative",0,NA,"0",NA,NA,1,0
2022,13,3694,9,"A","0",NA,NA,NA,NA,"NP","3694_13","control",NA,"dormant",1,"Dormant",NA,NA,"3",2,1,1,0
2023,13,3694,9,"A","3",3,11,2,"SOS","","3694_13","control",NA,"alive",1,"Flowering",1,NA,NA,NA,NA,NA,NA
2024,13,3694,9,"A",NA,NA,NA,NA,NA,"NPNT","3694_13","control",NA,NA,NA,NA,NA,NA,NA,NA,NA,NA,1
2025,13,3694,9,"A",NA,NA,NA,NA,NA,"NT plants around","3694_13","control",NA,NA,NA,NA,NA,NA,NA,NA,NA,NA,NA
2016,7,3696,13,"D","7",NA,6.5,1,"3.2","Diversity plot","3696_7","drought",2019,"alive",1,"Flowering",1,NA,NA,NA,NA,NA,NA
2017,7,3696,13,"D",NA,NA,NA,NA,NA,"NP/NT","3696_7","drought",2019,NA,NA,NA,NA,NA,NA,NA,NA,NA,1
2018,7,3696,13,"D",NA,NA,NA,NA,NA,"no plant no tag","3696_7","drought",2019,NA,NA,NA,NA,NA,"0",NA,NA,0,NA
2019,7,3696,13,"D","0",NA,NA,NA,NA,"no plant","3696_7","drought",2019,"dead",0,"Dead",NA,NA,NA,NA,NA,NA,NA
2017,5,3697,16,"G","3",NA,11.5,1,"3.5","","3697_5","drought",NA,"alive",1,"Flowering",1,NA,"3",1,1,1,NA
2018,5,3697,16,"G","3",9,11.5,1,"2","","3697_5","drought",NA,"alive",1,"Flowering",1,NA,"0",NA,NA,1,1
2019,5,3697,16,"G","0",NA,NA,NA,NA,"no plant","3697_5","drought",NA,"dormant",1,"Dormant",NA,NA,NA,NA,NA,NA,1
2020,5,3697,16,"G",NA,NA,NA,NA,NA,"","3697_5","drought",NA,NA,NA,NA,NA,NA,"2",1,1,1,NA
2021,5,3697,16,"G","2",7,15,1,"2.5","","3697_5","drought",NA,"alive",1,"Flowering",1,NA,"3",2,1,1,NA
2022,5,3697,16,"G","3",23,20,2,"SOS","one of the umbel is dead","3697_5","drought",NA,"alive",1,"Flowering",1,NA,"6",3,1,1,1
2023,5,3697,16,"G","6",29,12,3,"SOS","1 umbel dead","3697_5","drought",NA,"alive",1,"Flowering",1,NA,"4",2,1,1,1
2024,5,3697,16,"G","4",24.5,14.5,2,"5","","3697_5","drought",NA,"alive",1,"Flowering",1,NA,"5",3,1,1,1
2025,5,3697,16,"G","5",12,15,3,"2.5","","3697_5","drought",NA,"alive",1,"Flowering",1,NA,NA,NA,NA,NA,1
2023,1,3698,5,"J","1",NA,17.5,0,NA,"","3698_1","irrigated",NA,"alive",1,"Vegetative",0,NA,NA,NA,NA,NA,NA
2024,1,3698,5,"J",NA,NA,NA,NA,NA,"NPNT","3698_1","irrigated",NA,NA,NA,NA,NA,NA,NA,NA,NA,NA,0
2025,1,3698,5,"J",NA,NA,NA,NA,NA,"NPNT > 2 years","3698_1","irrigated",NA,NA,NA,NA,NA,NA,NA,NA,NA,NA,NA
2017,2,3698,5,"J","4",NA,7.1,2,"3.5","","3698_2","control",2022,"alive",1,"Flowering",1,NA,"6",3,1,1,NA
2018,2,3698,5,"J","6",11,9.5,3,"3","","3698_2","control",2022,"alive",1,"Flowering",1,NA,"2",1,1,1,1
2019,2,3698,5,"J","2",9,9.5,1,"2","","3698_2","control",2022,"alive",1,"Flowering",1,NA,"3",0,0,1,1
2020,2,3698,5,"J","3",NA,11.6,0,NA,"pulled out","3698_2","control",2022,"alive",1,"Vegetative",0,NA,"4",0,0,1,1
2021,2,3698,5,"J","4",NA,13,0,NA,"","3698_2","control",2022,"alive",1,"Vegetative",0,NA,"0",NA,NA,0,0
2022,2,3698,5,"J","0",NA,NA,NA,NA,"NP","3698_2","control",2022,"dead",0,"Dead",NA,NA,NA,NA,NA,NA,0
2016,14,3699,0,"E","4",NA,5,0,NA,"","3699_14","drought",NA,"alive",1,"Vegetative",0,NA,"3",0,0,1,NA
2017,14,3699,0,"E","3",NA,13,0,NA,"","3699_14","drought",NA,"alive",1,"Vegetative",0,NA,"2",0,0,1,0
2018,14,3699,0,"E","2",18.5,18.5,0,NA,"","3699_14","drought",NA,"alive",1,"Vegetative",0,NA,NA,NA,NA,1,0
2019,14,3699,NA,NA,NA,NA,NA,NA,NA,NA,"3699_14","drought",NA,NA,1,NA,NA,"record missed in data entry; was NA; surv imputed",NA,NA,NA,1,0
2020,14,3699,NA,NA,NA,NA,NA,NA,NA,NA,"3699_14","drought",NA,NA,1,NA,NA,"record missed due to prior data entry mishap; surv imputed","2",0,0,1,NA
2021,14,3699,0,"E","2",NA,21,0,NA,"","3699_14","drought",NA,"alive",1,"Vegetative",0,NA,"3",2,1,1,NA
2022,14,3699,0,"E","3",60,20,2,"SOS","","3699_14","drought",NA,"alive",1,"Flowering",1,NA,"3",2,1,1,0
2023,14,3699,0,"E","3",58,21,2,"SOS","","3699_14","drought",NA,"alive",1,"Flowering",1,NA,"2",2,1,1,1
2024,14,3699,0,"E","2",43,13,2,"11","","3699_14","drought",NA,"alive",1,"Flowering",1,NA,"2",0,0,1,1
2025,14,3699,0,"E","2",NA,33.5,0,NA,"","3699_14","drought",NA,"alive",1,"Vegetative",0,NA,NA,NA,NA,NA,1
2016,13,3700,15,"D","3",NA,2.4,1,"1.4","","3700_13","control",2021,"alive",1,"Flowering",1,NA,"3",3,1,1,NA
2017,13,3700,15,"D","3",NA,11.5,3,"2","","3700_13","control",2021,"alive",1,"Flowering",1,NA,"2",1,1,1,1
2018,13,3700,15,"D","2",16,12,1,"2.6","","3700_13","control",2021,"alive",1,"Flowering",1,NA,"5",3,1,1,1
2019,13,3700,15,"D","5",23,13.5,3,"3","","3700_13","control",2021,"alive",1,"Flowering",1,NA,"1",0,0,1,1
2020,13,3700,15,"D","1",NA,15.6,0,NA,"","3700_13","control",2021,"alive",1,"Vegetative",0,NA,"0",NA,NA,0,1
2021,13,3700,15,"D","0",NA,NA,NA,NA,"NP","3700_13","control",2021,"dead",0,"Dead",NA,NA,NA,NA,NA,NA,0
2016,13,3701,19,"E","3",NA,6.5,0,NA,"","3701_13","control",2023,"alive",1,"Vegetative",0,NA,"4",1,1,1,NA
2017,13,3701,19,"E","4",NA,10.5,1,"2.5","","3701_13","control",2023,"alive",1,"Flowering",1,NA,"3",0,0,1,0
2018,13,3701,19,"E","3",9,9,0,NA,"18B","3701_13","control",2023,"alive",1,"Vegetative",0,NA,"2",1,1,1,1
2019,13,3701,19,"E","2",10,9,1,"2.5","","3701_13","control",2023,"alive",1,"Flowering",1,NA,NA,NA,NA,NA,0
2020,13,3701,19,"E",NA,NA,NA,NA,NA,"","3701_13","control",2023,NA,NA,NA,NA,NA,"4",0,0,1,1
2021,13,3701,19,"E","4",NA,11,0,NA,"","3701_13","control",2023,"alive",1,"Vegetative",0,NA,"2",1,1,1,NA
2022,13,3701,19,"E","2",30,16.5,1,"4","","3701_13","control",2023,"alive",1,"Flowering",1,NA,"0",NA,NA,0,0
2023,13,3701,19,"E","0",NA,NA,NA,NA,"NP","3701_13","control",2023,"dead",0,"Dead",NA,NA,NA,NA,NA,NA,1
2017,2,3703,7,"C","1",NA,5.4,0,NA,"new tag (old tag = 3844)","3703_2","control",NA,"alive",1,"Vegetative",0,NA,"1",0,0,1,NA
2018,2,3703,7,"C","1",5.5,5.5,0,NA,"","3703_2","control",NA,"alive",1,"Vegetative",0,NA,"1",0,0,1,0
2019,2,3703,7,"C","1",NA,14.5,0,NA,"","3703_2","control",NA,"alive",1,"Vegetative",0,NA,"1",0,0,1,0
2020,2,3703,7,"C","1",NA,13,0,NA,"","3703_2","control",NA,"alive",1,"Vegetative",0,NA,"3",1,1,1,0
2021,2,3703,7,"C","3",25,13,1,"2","","3703_2","control",NA,"alive",1,"Flowering",1,NA,"2",2,1,1,0
2022,2,3703,7,"C","2",33,11.5,2,"SOS","2 umbels, 1 dead ","3703_2","control",NA,"alive",1,"Flowering",1,NA,"2",1,1,1,1
2023,2,3703,7,"C","2",27.5,14,1,"2","","3703_2","control",NA,"alive",1,"Flowering",1,NA,"1",0,0,1,1
2024,2,3703,7,"C","1",NA,15,0,NA,"","3703_2","control",NA,"alive",1,"Vegetative",0,NA,"0",NA,NA,NA,1
2025,2,3703,7,"C","0",NA,NA,NA,NA,"NP","3703_2","control",NA,NA,NA,NA,NA,NA,NA,NA,NA,NA,0
2016,13,3705,14,"H","4",NA,5.2,2,"4.5","","3705_13","control",NA,"alive",1,"Flowering",1,NA,"3",1,1,1,NA
2017,13,3705,14,"H","3",NA,13,1,"3.5","","3705_13","control",NA,"alive",1,"Flowering",1,NA,"1",0,0,1,1
2018,13,3705,14,"H","1",11,11,0,NA,"","3705_13","control",NA,"alive",1,"Vegetative",0,NA,"5",1,1,1,1
2019,13,3705,14,"H","5",11.5,15,1,"0.75","","3705_13","control",NA,"alive",1,"Flowering",1,NA,"2",0,0,1,0
2020,13,3705,14,"H","2",NA,15.9,0,NA,"","3705_13","control",NA,"alive",1,"Vegetative",0,NA,"5",0,0,1,1
2021,13,3705,14,"H","5",NA,24,0,NA,"","3705_13","control",NA,"alive",1,"Vegetative",0,NA,"3",1,1,1,0
2022,13,3705,14,"H","3",25.5,13,1,"2.5","","3705_13","control",NA,"alive",1,"Flowering",1,NA,"4",3,1,1,0
2023,13,3705,14,"H","4",34,15,3,"SOS","","3705_13","control",NA,"alive",1,"Flowering",1,NA,"2",0,0,1,1
2024,13,3705,14,"H","2",NA,15,0,NA,"","3705_13","control",NA,"alive",1,"Vegetative",0,NA,"3",0,0,1,1
2025,13,3705,14,"H","3",NA,22,0,NA,"","3705_13","control",NA,"alive",1,"Vegetative",0,NA,NA,NA,NA,NA,0
2017,5,3706,5,"I","5",NA,13,3,"4","","3706_5","drought",NA,"alive",1,"Flowering",1,NA,"1",0,0,1,NA
2018,5,3706,5,"I","1",9,6,0,NA,"","3706_5","drought",NA,"alive",1,"Vegetative",0,NA,"2",0,0,1,1
2019,5,3706,5,"I","2",NA,17.5,0,NA,"","3706_5","drought",NA,"alive",1,"Vegetative",0,NA,"1",0,0,1,0
2020,5,3706,5,"I","1",NA,16.5,0,NA,"","3706_5","drought",NA,"alive",1,"Vegetative",0,NA,"1",0,0,1,0
2021,5,3706,5,"I","1",NA,14,0,NA,"","3706_5","drought",NA,"alive",1,"Vegetative",0,NA,"3",0,0,1,0
2022,5,3706,5,"I","3",NA,20,0,NA,"","3706_5","drought",NA,"alive",1,"Vegetative",0,NA,NA,NA,NA,NA,0
2023,5,3706,5,"I",NA,NA,NA,NA,NA,"NPNT--definitely no plant!","3706_5","drought",NA,NA,NA,NA,NA,NA,"0",NA,NA,1,0
2024,5,3706,5,"I","0",NA,NA,NA,NA,"NP; tag pulled; new plant","3706_5","drought",NA,"dormant",1,"Dormant",NA,NA,NA,NA,NA,NA,NA
2017,5,3708,6,"F","6",NA,12.5,7,"3.5","","3708_5","drought",2024,"alive",1,"Flowering",1,NA,"2",0,0,1,NA
2018,5,3708,6,"F","2",9.5,9.5,0,NA,"","3708_5","drought",2024,"alive",1,"Vegetative",0,NA,"0",NA,NA,1,1
2019,5,3708,6,"F","0",NA,NA,NA,NA,"no plant","3708_5","drought",2024,"dormant",1,"Dormant",NA,NA,"1",0,0,1,0
2020,5,3708,6,"F","1",NA,7.8,0,NA,"","3708_5","drought",2024,"alive",1,"Vegetative",0,NA,"3",0,0,1,NA
2021,5,3708,6,"F","3",NA,10.5,0,NA,"","3708_5","drought",2024,"alive",1,"Vegetative",0,NA,"0",NA,NA,1,0
2022,5,3708,6,"F","0",NA,NA,NA,NA,"NP","3708_5","drought",2024,"dormant",1,"Dormant",NA,NA,"2",1,1,1,0
2023,5,3708,6,"F","2",19,5,1,NA,"umbel dead","3708_5","drought",2024,"alive",1,"Flowering",1,NA,"0",NA,NA,0,NA
2024,5,3708,6,"F","0",NA,NA,NA,NA,"NP","3708_5","drought",2024,"dead",0,"Dead",NA,NA,NA,NA,NA,NA,1
2017,13,3709,4,"F","1",NA,1.2,1,"0.8","","3709_13","control",2022,"alive",1,"Flowering",1,NA,NA,NA,NA,NA,NA
2018,13,3709,4,"F",NA,NA,NA,NA,NA,"NPNT","3709_13","control",2022,NA,NA,NA,NA,NA,NA,NA,NA,NA,1
2019,13,3709,4,"F",NA,NA,NA,NA,NA,"NPNT","3709_13","control",2022,NA,NA,NA,NA,NA,NA,NA,NA,NA,NA
2020,13,3709,4,"F",NA,NA,NA,NA,NA,"NPNT","3709_13","control",2022,NA,NA,NA,NA,NA,NA,NA,NA,NA,NA
2021,13,3709,4,"F",NA,NA,NA,NA,NA,"NPNT","3709_13","control",2022,NA,NA,NA,NA,NA,"0",NA,NA,0,NA
2022,13,3709,4,"F","0",NA,NA,NA,NA,"NP, tag pulled","3709_13","control",2022,"dead",0,"Dead",NA,NA,NA,NA,NA,NA,NA
2016,5,3710,14,"H","3",NA,4.7,1,"1.5","","3710_5","drought",2018,"alive",1,"Flowering",1,NA,"2",2,1,1,NA
2017,5,3710,14,"H","2",NA,6,2,"1.5","","3710_5","drought",2018,"alive",1,"Flowering",1,NA,"0",NA,NA,0,1
2018,5,3710,14,"H","0",NA,NA,NA,NA,"no plant","3710_5","drought",2018,"dead",0,"Dead",NA,NA,NA,NA,NA,NA,1
2021,14,3711,2,"G","2",NA,11.5,0,NA,"","3711_14","drought",NA,"alive",1,"Vegetative",0,NA,"2",1,1,1,NA
2022,14,3711,2,"G","2",35,12,1,"3","","3711_14","drought",NA,"alive",1,"Flowering",1,NA,"3",1,1,1,0
2023,14,3711,2,"G","3",52,27.5,1,"5","","3711_14","drought",NA,"alive",1,"Flowering",1,NA,"1",0,0,1,1
2024,14,3711,2,"G","1",NA,18,0,NA,"moss","3711_14","drought",NA,"alive",1,"Vegetative",0,NA,"1",0,0,1,1
2025,14,3711,2,"G","1",NA,19,0,NA,"","3711_14","drought",NA,"alive",1,"Vegetative",0,NA,NA,NA,NA,NA,0
2019,14,3712,19,"E","1",NA,12,0,NA,"","3712_14","drought",2022,"alive",1,"Vegetative",0,NA,NA,NA,NA,NA,NA
2020,14,3712,19,"E",NA,NA,NA,NA,NA,"","3712_14","drought",2022,NA,NA,NA,NA,NA,"1",0,0,1,0
2021,14,3712,19,"E","1",NA,11,0,NA,"","3712_14","drought",2022,"alive",1,"Vegetative",0,NA,"0",NA,NA,0,NA
2022,14,3712,19,"E","0",NA,NA,NA,NA,"NP, on edge of plot","3712_14","drought",2022,"dead",0,"Dead",NA,NA,NA,NA,NA,NA,0
2016,5,3713,19,"F","7",NA,6.6,1,"2.1","","3713_5","drought",NA,"alive",1,"Flowering",1,NA,"3",2,1,1,NA
2017,5,3713,19,"F","3",NA,10,2,"2.5","","3713_5","drought",NA,"alive",1,"Flowering",1,NA,"1",0,0,1,1
2018,5,3713,19,"F","1",11,11,0,NA,"","3713_5","drought",NA,"alive",1,"Vegetative",0,NA,"1",0,0,1,1
2019,5,3713,19,"F","1",NA,11,0,NA,"","3713_5","drought",NA,"alive",1,"Vegetative",0,NA,NA,NA,NA,NA,0
2020,5,3713,19,"F",NA,NA,NA,NA,NA,"","3713_5","drought",NA,NA,NA,NA,NA,NA,"2",0,0,1,0
2021,5,3713,19,"F","2",NA,10.5,0,NA,"","3713_5","drought",NA,"alive",1,"Vegetative",0,NA,"1",0,0,1,NA
2022,5,3713,19,"F","1",NA,15,0,NA,"","3713_5","drought",NA,"alive",1,"Vegetative",0,NA,"2",1,1,1,0
2023,5,3713,19,"F","2",24,15,1,"3","umbel munched off","3713_5","drought",NA,"alive",1,"Flowering",1,NA,"1",0,0,1,0
2024,5,3713,19,"F","1",NA,20.5,0,NA,"","3713_5","drought",NA,"alive",1,"Vegetative",0,NA,"2",1,1,1,1
2025,5,3713,19,"F","2",15,14,1,"2","","3713_5","drought",NA,"alive",1,"Flowering",1,NA,NA,NA,NA,NA,0
2017,5,3714,7,"G","1",NA,9.5,0,NA,"","3714_5","drought",2019,"alive",1,"Vegetative",0,NA,"1",0,0,1,NA
2018,5,3714,7,"G","1",13.5,13.5,0,NA,"","3714_5","drought",2019,"alive",1,"Vegetative",0,NA,NA,NA,NA,0,0
2019,5,3714,7,"G",NA,NA,NA,NA,NA,"NPNT","3714_5","drought",2019,"dead",0,"Dead",NA,NA,NA,NA,NA,NA,0
2021,14,3722,19,"H","1",NA,11.5,0,NA,"","3722_14","drought",2022,"alive",1,"Vegetative",0,NA,"0",NA,NA,0,NA
2022,14,3722,19,"H","0",NA,NA,NA,NA,"NP, dactylis clump","3722_14","drought",2022,"dead",0,"Dead",NA,NA,NA,NA,NA,NA,0
2021,1,3723,15,"D","1",NA,12,0,NA,"","3723_1","irrigated",NA,"alive",1,"Vegetative",0,NA,"0",NA,NA,1,NA
2022,1,3723,15,"D","0",NA,NA,NA,NA,"NP","3723_1","irrigated",NA,"dormant",1,"Dormant",NA,NA,"1",0,0,1,0
2023,1,3723,15,"D","1",NA,11,0,NA,"","3723_1","irrigated",NA,"alive",1,"Vegetative",0,NA,"1",0,0,1,NA
2024,1,3723,15,"D","1",NA,13,0,NA,"","3723_1","irrigated",NA,"alive",1,"Vegetative",0,NA,"0",NA,NA,NA,0
2025,1,3723,15,"D","0",NA,NA,NA,NA,"closer to 15D; NP","3723_1","irrigated",NA,NA,NA,NA,NA,NA,NA,NA,NA,NA,0
2021,13,3724,14,"C","1",NA,15,0,NA,"","3724_13","control",NA,"alive",1,"Vegetative",0,NA,"2",1,1,1,NA
2022,13,3724,14,"C","2",27,17,1,"2.5","","3724_13","control",NA,"alive",1,"Flowering",1,NA,"4",2,1,1,0
2023,13,3724,14,"C","4",34,19,2,"SOS","","3724_13","control",NA,"alive",1,"Flowering",1,NA,"1",0,0,1,1
2024,13,3724,14,"C","1",NA,19.5,0,NA,"","3724_13","control",NA,"alive",1,"Vegetative",0,NA,"1",0,0,1,1
2025,13,3724,14,"C","1",NA,18,0,NA,"in dactylis","3724_13","control",NA,"alive",1,"Vegetative",0,NA,NA,NA,NA,NA,0
2021,6,3725,15,"G","3",23,16.5,1,"3","","3725_6","irrigated",NA,"alive",1,"Flowering",1,NA,"5",3,1,1,NA
2022,6,3725,15,"G","5",36,13,3,"SOS","","3725_6","irrigated",NA,"alive",1,"Flowering",1,NA,"4",2,1,1,1
2023,6,3725,15,"G","4",24,16,2,"SOS","","3725_6","irrigated",NA,"alive",1,"Flowering",1,NA,"0",NA,NA,1,1
2024,6,3725,15,"G","0",NA,NA,NA,NA,"NP","3725_6","irrigated",NA,"dormant",1,"Dormant",NA,NA,"1",0,0,1,1
2025,6,3725,15,"G","1",NA,22,0,NA,"","3725_6","irrigated",NA,"alive",1,"Vegetative",0,NA,NA,NA,NA,NA,NA
2016,13,3726,0,"E","13",NA,6.8,3,"6.6","Dead","3726_13","control",NA,"alive",1,"Flowering",1,NA,"2",2,1,1,NA
2017,13,3726,0,"E","2",NA,17,2,"4","","3726_13","control",NA,"alive",1,"Flowering",1,NA,"3",1,1,1,1
2018,13,3726,0,"E","3",8,16,1,"1.6","","3726_13","control",NA,"alive",1,"Flowering",1,NA,"1",0,0,1,1
2019,13,3726,0,"E","1",NA,15,0,NA,"","3726_13","control",NA,"alive",1,"Vegetative",0,NA,NA,NA,NA,NA,1
2020,13,3726,0,"E",NA,NA,NA,NA,NA,"npnt","3726_13","control",NA,NA,NA,NA,NA,NA,"3",1,1,1,0
2021,13,3726,0,"E","3",21,15.5,1,"3","","3726_13","control",NA,"alive",1,"Flowering",1,NA,"2",1,1,1,NA
2022,13,3726,0,"E","2",34.5,17,1,"5","","3726_13","control",NA,"alive",1,"Flowering",1,NA,"3",1,1,1,1
2023,13,3726,0,"E","3",38,18,1,"3","","3726_13","control",NA,"alive",1,"Flowering",1,NA,"2",1,1,1,1
2024,13,3726,0,"E","2",NA,NA,1,NA,"umbel and leaves eaten off","3726_13","control",NA,"alive",1,"Flowering",1,NA,"2",1,1,1,1
2025,13,3726,0,"E","2",26,21,1,"3","","3726_13","control",NA,"alive",1,"Flowering",1,NA,NA,NA,NA,NA,1
2021,13,3727,8,"D","2",NA,14.5,0,NA,"","3727_13","control",2022,"alive",1,"Vegetative",0,NA,"0",NA,NA,0,NA
2022,13,3727,8,"D","0",NA,NA,NA,NA,"NP","3727_13","control",2022,"dead",0,"Dead",NA,NA,NA,NA,NA,NA,0
2021,1,3728,4,"D","1",NA,10,0,NA,"","3728_1","irrigated",NA,"alive",1,"Vegetative",0,NA,"0",NA,NA,1,NA
2022,1,3728,4,"D","0",NA,NA,NA,NA,"NP","3728_1","irrigated",NA,"dormant",1,"Dormant",NA,NA,"2",1,1,1,0
2023,1,3728,4,"D","2",30,16,1,"4","","3728_1","irrigated",NA,"alive",1,"Flowering",1,NA,"3",1,1,1,NA
2024,1,3728,4,"D","3",34,16,1,"4.5","","3728_1","irrigated",NA,"alive",1,"Flowering",1,NA,"2",1,1,1,1
2025,1,3728,4,"D","2",40,23.5,1,"6.5","","3728_1","irrigated",NA,"alive",1,"Flowering",1,NA,NA,NA,NA,NA,1
2021,6,3729,19,"F","3",22,10.5,1,"4","","3729_6","irrigated",NA,"alive",1,"Flowering",1,NA,"2",2,1,1,NA
2022,6,3729,19,"F","2",57,19.5,2,"SOS","tagged in 2021, not transferred to 2022 data sheet. ","3729_6","irrigated",NA,"alive",1,"Flowering",1,NA,"4",2,1,1,1
2023,6,3729,19,"F","4",43,27,2,"SOS","","3729_6","irrigated",NA,"alive",1,"Flowering",1,NA,"5",3,1,1,1
2024,6,3729,19,"F","5",40.5,21,3,"11","","3729_6","irrigated",NA,"alive",1,"Flowering",1,NA,"0",NA,NA,NA,1
2025,6,3729,19,"F","0",NA,NA,NA,NA,"NP","3729_6","irrigated",NA,NA,NA,NA,NA,NA,NA,NA,NA,NA,1
2021,4,3730,0,"I","3",35,16,1,"3.5","","3730_4","irrigated",NA,"alive",1,"Flowering",1,NA,"3",1,1,1,NA
2022,4,3730,0,"I","3",37,18.5,1,"4.5","","3730_4","irrigated",NA,"alive",1,"Flowering",1,NA,"2",1,1,1,1
2023,4,3730,0,"I","2",40,21,1,"8","","3730_4","irrigated",NA,"alive",1,"Flowering",1,NA,"3",2,1,1,1
2024,4,3730,0,"I","3",41,17,2,"5.5","","3730_4","irrigated",NA,"alive",1,"Flowering",1,NA,"3",0,0,1,1
2025,4,3730,0,"I","3",NA,20,0,NA,"","3730_4","irrigated",NA,"alive",1,"Vegetative",0,NA,NA,NA,NA,NA,1
2021,9,3731,11,"L","3",NA,19,0,NA,"maybe 3059?","3731_9","irrigated",2024,"alive",1,"Vegetative",0,NA,"2",0,0,1,NA
2022,9,3731,11,"L","2",NA,18,0,NA,"maybe 3059?","3731_9","irrigated",2024,"alive",1,"Vegetative",0,NA,"2",0,0,1,0
2023,9,3731,11,"L","2",NA,22,0,NA,"maybe 3059? 11B (div)","3731_9","irrigated",2024,"alive",1,"Vegetative",0,NA,"0",NA,NA,0,0
2024,9,3731,11,"L","0",NA,NA,NA,NA,"11B (div); NP","3731_9","irrigated",2024,"dead",0,"Dead",NA,NA,NA,NA,NA,NA,0
2021,4,3732,16,"M","2",30.5,18,1,"3","","3732_4","irrigated",2023,"alive",1,"Flowering",1,NA,"2",0,0,1,NA
2022,4,3732,16,"M","2",NA,33.5,0,NA,"","3732_4","irrigated",2023,"alive",1,"Vegetative",0,NA,"0",NA,NA,0,1
2023,4,3732,16,"M","0",NA,NA,NA,NA,"NP. =16C.","3732_4","irrigated",2023,"dead",0,"Dead",NA,NA,NA,NA,NA,NA,0
2021,6,3733,15,"G","3",26,18,1,"4","","3733_6","irrigated",2023,"alive",1,"Flowering",1,NA,"3",2,1,1,NA
2022,6,3733,15,"G","3",55,16.5,2,"SOS","","3733_6","irrigated",2023,"alive",1,"Flowering",1,NA,"0",NA,NA,0,1
2023,6,3733,15,"G","0",NA,NA,NA,NA,"NP","3733_6","irrigated",2023,"dead",0,"Dead",NA,NA,NA,NA,NA,NA,1
2021,15,3734,10,"H","1",NA,13,0,NA,"","3734_15","drought",NA,"alive",1,"Vegetative",0,NA,"3",2,1,1,NA
2022,15,3734,10,"H","3",32,16,2,"SOS","","3734_15","drought",NA,"alive",1,"Flowering",1,NA,NA,1,1,1,0
2023,15,3734,10,"H",NA,21,NA,1,"3.5","leaves clipped off","3734_15","drought",NA,"alive",1,"Flowering",1,NA,"3",1,1,1,1
2024,15,3734,10,"H","3",25,15,1,"3","","3734_15","drought",NA,"alive",1,"Flowering",1,NA,"1",0,0,1,1
2025,15,3734,10,"H","1",NA,17,0,NA,"","3734_15","drought",NA,"alive",1,"Vegetative",0,NA,NA,NA,NA,NA,1
2021,4,3735,16,"M","2",16,15,1,"2.5","","3735_4","irrigated",2023,"alive",1,"Flowering",1,NA,"6",3,1,1,NA
2022,4,3735,16,"M","6",54.5,26.5,3,"SOS","next to 3735","3735_4","irrigated",2023,"alive",1,"Flowering",1,NA,NA,NA,NA,0,1
2023,4,3735,16,"M",NA,NA,NA,NA,NA,"NPNT. Next to 3735. =16C in div.","3735_4","irrigated",2023,"dead",0,"Dead",NA,NA,NA,NA,NA,NA,1
2021,15,3736,14,"B","3",18,16,2,"3","","3736_15","drought",NA,"alive",1,"Flowering",1,NA,"5",4,1,1,NA
2022,15,3736,14,"B","5",38,23,4,"SOS","","3736_15","drought",NA,"alive",1,"Flowering",1,NA,"8",6,1,1,1
2023,15,3736,14,"B","8",41,12,6,"SOS","1 umbel dead","3736_15","drought",NA,"alive",1,"Flowering",1,NA,NA,NA,NA,NA,1
2024,15,3736,14,"B",NA,NA,NA,NA,NA,"NPNT","3736_15","drought",NA,NA,NA,NA,NA,NA,"4",1,1,1,1
2025,15,3736,14,"B","4",16.5,14,1,"1","","3736_15","drought",NA,"alive",1,"Flowering",1,NA,NA,NA,NA,NA,NA
2021,15,3737,12,"E","2",NA,9.5,0,NA,"","3737_15","drought",NA,"alive",1,"Vegetative",0,NA,"5",0,0,1,NA
2022,15,3737,12,"E","5",NA,17,0,NA,"","3737_15","drought",NA,"alive",1,"Vegetative",0,NA,"2",2,1,1,0
2023,15,3737,12,"E","2",28,10,2,"SOS","","3737_15","drought",NA,"alive",1,"Flowering",1,NA,"4",3,1,1,0
2024,15,3737,12,"E","4",31,18.5,3,"8","","3737_15","drought",NA,"alive",1,"Flowering",1,NA,"2",0,0,1,1
2025,15,3737,12,"E","2",NA,7.5,0,NA,"","3737_15","drought",NA,"alive",1,"Vegetative",0,NA,NA,NA,NA,NA,1
2019,15,3738,17,"H","5",20,16.5,2,"1.5","","3738_15","drought",NA,"alive",1,"Flowering",1,NA,"9",6,1,1,NA
2020,15,3738,17,"H","9",24.5,13.5,6,"SOS","clustered stems","3738_15","drought",NA,"alive",1,"Flowering",1,NA,"4",2,1,1,1
2021,15,3738,17,"H","4",17,17,2,"SOS","","3738_15","drought",NA,"alive",1,"Flowering",1,NA,"4",1,1,1,1
2022,15,3738,17,"H","4",32,20,1,"5","","3738_15","drought",NA,"alive",1,"Flowering",1,NA,"5",3,1,1,1
2023,15,3738,17,"H","5",38,10,3,"SOS","","3738_15","drought",NA,"alive",1,"Flowering",1,NA,"5",3,1,1,1
2024,15,3738,17,"H","5",26,21,3,"8","","3738_15","drought",NA,"alive",1,"Flowering",1,NA,NA,NA,NA,NA,1
2025,15,3738,17,"H",NA,NA,NA,NA,NA,"NPNT","3738_15","drought",NA,NA,NA,NA,NA,NA,NA,NA,NA,NA,1
2019,15,3740,13,"J","5",NA,18,0,NA,"","3740_15","drought",2023,"alive",1,"Vegetative",0,NA,"5",0,0,1,NA
2020,15,3740,13,"J","5",NA,16.4,0,NA,"","3740_15","drought",2023,"alive",1,"Vegetative",0,NA,"4",1,1,1,0
2021,15,3740,13,"J","4",19,8,1,"3","","3740_15","drought",2023,"alive",1,"Flowering",1,NA,"9",7,1,1,0
2022,15,3740,13,"J","9",46.5,18,7,"SOS","Maybe 1> plants? Very close together ","3740_15","drought",2023,"alive",1,"Flowering",1,NA,"0",NA,NA,0,1
2023,15,3740,13,"J","0",NA,NA,NA,NA,"NP","3740_15","drought",2023,"dead",0,"Dead",NA,NA,NA,NA,NA,NA,1
2021,1,3741,5,"I","6",21.5,16,1,"4","","3741_1","irrigated",NA,"alive",1,"Flowering",1,NA,"6",3,1,1,NA
2022,1,3741,5,"I","6",37,19.5,3,"SOS","","3741_1","irrigated",NA,"alive",1,"Flowering",1,NA,"8",6,1,1,1
2023,1,3741,5,"I","8",34,18.5,6,"SOS","","3741_1","irrigated",NA,"alive",1,"Flowering",1,NA,"5",5,1,1,1
2024,1,3741,5,"I","5",31.5,16,5,"17","","3741_1","irrigated",NA,"alive",1,"Flowering",1,NA,"5",2,1,1,1
2025,1,3741,5,"I","5",25,24,2,"0","both umbles dead","3741_1","irrigated",NA,"alive",1,"Flowering",1,NA,NA,NA,NA,NA,1
2021,15,3742,10,"J","2",NA,13,0,NA,"","3742_15","drought",2023,"alive",1,"Vegetative",0,NA,"3",0,0,1,NA
2022,15,3742,10,"J","3",NA,19.5,0,NA,"","3742_15","drought",2023,"alive",1,"Vegetative",0,NA,"0",NA,NA,0,0
2023,15,3742,10,"J","0",NA,NA,NA,NA,"NP","3742_15","drought",2023,"dead",0,"Dead",NA,NA,NA,NA,NA,NA,0
2021,6,3743,18,"A","2",12,17.5,1,NA,"","3743_6","irrigated",NA,"alive",1,"Flowering",1,NA,"3",2,1,1,NA
2022,6,3743,18,"A","3",44.5,13,2,"SOS","outside of plot","3743_6","irrigated",NA,"alive",1,"Flowering",1,NA,"1",1,1,1,1
2023,6,3743,18,"A","1",32,19,1,"4","","3743_6","irrigated",NA,"alive",1,"Flowering",1,NA,NA,NA,NA,NA,1
2024,6,3743,18,"A",NA,NA,NA,NA,NA,"NPNT","3743_6","irrigated",NA,NA,NA,NA,NA,NA,"2",0,0,1,1
2025,6,3743,18,"A","2",NA,20.5,0,NA,"","3743_6","irrigated",NA,"alive",1,"Vegetative",0,NA,NA,NA,NA,NA,NA
2021,1,3744,8,"A","2",NA,12,0,NA,"","3744_1","irrigated",2024,"alive",1,"Vegetative",0,NA,"0",NA,NA,1,NA
2022,1,3744,8,"A","0",NA,NA,NA,NA,"NP","3744_1","irrigated",2024,"dormant",1,"Dormant",NA,NA,"2",1,1,1,0
2023,1,3744,8,"A","2",24,20.5,1,"3","","3744_1","irrigated",2024,"alive",1,"Flowering",1,NA,"0",NA,NA,0,NA
2024,1,3744,8,"A","0",NA,NA,NA,NA,"NP","3744_1","irrigated",2024,"dead",0,"Dead",NA,NA,NA,NA,NA,NA,1
2021,2,3746,11,"H","1",NA,12,0,NA,"","3746_2","control",2022,"alive",1,"Vegetative",0,NA,"0",NA,NA,0,NA
2022,2,3746,11,"H","0",NA,NA,NA,NA,"NP","3746_2","control",2022,"dead",0,"Dead",NA,NA,NA,NA,NA,NA,0
2020,6,3747,18,"A","2",NA,11.3,0,NA,"","3747_6","irrigated",2022,"alive",1,"Vegetative",0,NA,"2",0,0,1,NA
2021,6,3747,18,"A","2",NA,17.5,0,NA,"","3747_6","irrigated",2022,"alive",1,"Vegetative",0,NA,"0",NA,NA,0,0
2022,6,3747,18,"A","0",NA,NA,NA,NA,"NP","3747_6","irrigated",2022,"dead",0,"Dead",NA,NA,NA,NA,NA,NA,0
2020,2,3749,6,"B","1",NA,8.1,0,NA,"","3749_2","control",2023,"alive",1,"Vegetative",0,NA,"0",NA,NA,1,NA
2021,2,3749,6,"B","0",NA,NA,NA,NA,"NP","3749_2","control",2023,"dormant",1,"Dormant",NA,NA,"1",0,0,1,0
2022,2,3749,6,"B","1",NA,16,0,NA,"","3749_2","control",2023,"alive",1,"Vegetative",0,NA,"0",NA,NA,0,NA
2023,2,3749,6,"B","0",NA,NA,NA,NA,"NP","3749_2","control",2023,"dead",0,"Dead",NA,NA,NA,NA,NA,NA,0
2021,4,3750,12,"P","3",33,14,1,"5.5","","3750_4","irrigated",2023,"alive",1,"Flowering",1,NA,"2",1,1,1,NA
2022,4,3750,12,"P","2",55,23,1,"8","","3750_4","irrigated",2023,"alive",1,"Flowering",1,NA,NA,NA,NA,0,1
2023,4,3750,12,"P",NA,NA,NA,NA,NA,"NPNT. 12F.","3750_4","irrigated",2023,"dead",0,"Dead",NA,NA,NA,NA,NA,NA,1
2020,2,3751,8,"A","1",NA,7.5,0,NA,"","3751_2","control",NA,"alive",1,"Vegetative",0,NA,"2",1,1,1,NA
2021,2,3751,8,"A","2",13,16.5,1,"1","","3751_2","control",NA,"alive",1,"Flowering",1,NA,"2",2,1,1,0
2022,2,3751,8,"A","2",33.5,10,2,"SOS","","3751_2","control",NA,"alive",1,"Flowering",1,NA,"4",1,1,1,1
2023,2,3751,8,"A","4",22,14,1,"5","","3751_2","control",NA,"alive",1,"Flowering",1,NA,"2",2,1,1,1
2024,2,3751,8,"A","2",34,11,2,"6.5","","3751_2","control",NA,"alive",1,"Flowering",1,NA,"2",0,0,1,1
2025,2,3751,8,"A","2",NA,23,0,NA,"","3751_2","control",NA,"alive",1,"Vegetative",0,NA,NA,NA,NA,NA,1
2021,14,3752,0,"H","3",NA,12,0,NA,"","3752_14","drought",NA,"alive",1,"Vegetative",0,NA,"3",1,1,1,NA
2022,14,3752,0,"H","3",31,18,1,"5","","3752_14","drought",NA,"alive",1,"Flowering",1,NA,"3",1,1,1,0
2023,14,3752,0,"H","3",29,21.5,1,"5","","3752_14","drought",NA,"alive",1,"Flowering",1,NA,"1",0,0,1,1
2024,14,3752,0,"H","1",NA,16.5,0,NA,"moss; xcoord is 1 not zero","3752_14","drought",NA,"alive",1,"Vegetative",0,NA,"1",0,0,1,1
2025,14,3752,0,"H","1",NA,35,0,NA,"moss; xcoord is 1 not zero","3752_14","drought",NA,"alive",1,"Vegetative",0,NA,NA,NA,NA,NA,0
2021,6,3753,11,"A","3",28.5,19.5,1,"3","","3753_6","irrigated",NA,"alive",1,"Flowering",1,NA,"3",0,0,1,NA
2022,6,3753,11,"A","3",NA,28,0,NA,"","3753_6","irrigated",NA,"alive",1,"Vegetative",0,NA,"4",2,1,1,1
2023,6,3753,11,"A","4",31,16,2,"SOS","","3753_6","irrigated",NA,"alive",1,"Flowering",1,NA,"5",4,1,1,0
2024,6,3753,11,"A","5",52,16.5,4,"16","","3753_6","irrigated",NA,"alive",1,"Flowering",1,NA,"2",0,0,1,1
2025,6,3753,11,"A","2",NA,15,0,NA,"","3753_6","irrigated",NA,"alive",1,"Vegetative",0,NA,NA,NA,NA,NA,1
2021,14,3754,1,"F","1",NA,13,0,NA,"","3754_14","drought",NA,"alive",1,"Vegetative",0,NA,"1",0,0,1,NA
2022,14,3754,1,"F","1",NA,22.5,0,NA,"","3754_14","drought",NA,"alive",1,"Vegetative",0,NA,"2",1,1,1,0
2023,14,3754,1,"F","2",51,22,1,"8","","3754_14","drought",NA,"alive",1,"Flowering",1,NA,"1",0,0,1,0
2024,14,3754,1,"F","1",NA,25,0,NA,"in moss","3754_14","drought",NA,"alive",1,"Vegetative",0,NA,"2",1,1,1,1
2025,14,3754,1,"F","2",NA,24,1,NA,"in moss","3754_14","drought",NA,"alive",1,"Flowering",1,NA,NA,NA,NA,NA,0
2021,15,3755,11,"I","2",NA,17,0,NA,"","3755_15","drought",2023,"alive",1,"Vegetative",0,NA,"5",1,1,1,NA
2022,15,3755,11,"I","5",30,17.5,1,"2.5","","3755_15","drought",2023,"alive",1,"Flowering",1,NA,"0",NA,NA,0,0
2023,15,3755,11,"I","0",NA,NA,NA,NA,"NP","3755_15","drought",2023,"dead",0,"Dead",NA,NA,NA,NA,NA,NA,1
2021,13,3756,12,"G","2",NA,14,0,NA,"","3756_13","control",NA,"alive",1,"Vegetative",0,NA,"0",NA,NA,1,NA
2022,13,3756,12,"G","0",NA,NA,NA,NA,"NP","3756_13","control",NA,"dormant",1,"Dormant",NA,NA,"2",1,1,1,0
2023,13,3756,12,"G","2",30,13,1,"4","","3756_13","control",NA,"alive",1,"Flowering",1,NA,"1",0,0,1,NA
2024,13,3756,12,"G","1",NA,13,0,NA,"","3756_13","control",NA,"alive",1,"Vegetative",0,NA,"2",0,0,1,1
2025,13,3756,12,"G","2",NA,21,0,NA,"","3756_13","control",NA,"alive",1,"Vegetative",0,NA,NA,NA,NA,NA,0
2021,15,3757,13,"G","2",11,16,1,"2.5","","3757_15","drought",NA,"alive",1,"Flowering",1,NA,"3",2,1,1,NA
2022,15,3757,13,"G","3",36,13,2,"SOS","","3757_15","drought",NA,"alive",1,"Flowering",1,NA,"1",0,0,1,1
2023,15,3757,13,"G","1",NA,6,0,NA,"","3757_15","drought",NA,"alive",1,"Vegetative",0,NA,"9",5,1,1,1
2024,15,3757,13,"G","9",25.5,19,5,"18","","3757_15","drought",NA,"alive",1,"Flowering",1,NA,"0",NA,NA,NA,0
2025,15,3757,13,"G","0",NA,NA,NA,NA,"NP","3757_15","drought",NA,NA,NA,NA,NA,NA,NA,NA,NA,NA,1
2021,12,3758,19,"H","1",NA,10.5,0,NA,"","3758_12","irrigated",NA,"alive",1,"Vegetative",0,NA,"1",0,0,1,NA
2022,12,3758,19,"H","1",NA,19,0,NA,"","3758_12","irrigated",NA,"alive",1,"Vegetative",0,NA,"2",0,0,1,0
2023,12,3758,19,"H","2",NA,21,0,NA,"","3758_12","irrigated",NA,"alive",1,"Vegetative",0,NA,"2",2,1,1,0
2024,12,3758,19,"H","2",34.5,14,2,"6.5","second umble still bud","3758_12","irrigated",NA,"alive",1,"Flowering",1,NA,"0",NA,NA,NA,0
2025,12,3758,19,"H","0",NA,NA,NA,NA,"NP","3758_12","irrigated",NA,NA,NA,NA,NA,NA,NA,NA,NA,NA,1
2021,3,3759,15,"B","2",32,18,1,"7.5","","3759_3","control",NA,"alive",1,"Flowering",1,NA,"7",4,1,1,NA
2022,3,3759,15,"B","7",58,20.5,4,"SOS","","3759_3","control",NA,"alive",1,"Flowering",1,NA,"4",3,1,1,1
2023,3,3759,15,"B","4",47.5,20.5,3,"SOS","","3759_3","control",NA,"alive",1,"Flowering",1,NA,"5",5,1,1,1
2024,3,3759,15,"B","5",51,20.5,5,"34.5","","3759_3","control",NA,"alive",1,"Flowering",1,NA,"6",4,1,1,1
2025,3,3759,15,"B","6",32,13,4,"19.5","","3759_3","control",NA,"alive",1,"Flowering",1,NA,NA,NA,NA,NA,1
2021,15,3760,8,"G","2",8,14,1,NA,"","3760_15","drought",NA,"alive",1,"Flowering",1,NA,"2",0,0,1,NA
2022,15,3760,8,"G","2",NA,17,0,NA,"","3760_15","drought",NA,"alive",1,"Vegetative",0,NA,"2",0,0,1,1
2023,15,3760,8,"G","2",NA,13,0,NA,"","3760_15","drought",NA,"alive",1,"Vegetative",0,NA,"1",0,0,1,0
2024,15,3760,8,"G","1",NA,20.5,0,NA,"","3760_15","drought",NA,"alive",1,"Vegetative",0,NA,"1",0,0,1,0
2025,15,3760,8,"G","1",NA,17,0,NA,"","3760_15","drought",NA,"alive",1,"Vegetative",0,NA,NA,NA,NA,NA,0
2021,12,3761,14,"G","2",NA,14,0,NA,"","3761_12","irrigated",NA,"alive",1,"Vegetative",0,NA,"2",0,0,1,NA
2022,12,3761,14,"G","2",NA,14.5,0,NA,"","3761_12","irrigated",NA,"alive",1,"Vegetative",0,NA,"3",2,1,1,0
2023,12,3761,14,"G","3",37,10,2,"SOS","","3761_12","irrigated",NA,"alive",1,"Flowering",1,NA,"1",0,0,1,0
2024,12,3761,14,"G","1",NA,12.5,0,NA,"","3761_12","irrigated",NA,"alive",1,"Vegetative",0,NA,"4",2,1,1,1
2025,12,3761,14,"G","4",29,16,2,"8.5","","3761_12","irrigated",NA,"alive",1,"Flowering",1,NA,NA,NA,NA,NA,0
2021,1,3763,12,"A","1",NA,18,0,NA,"","3763_1","irrigated",NA,"alive",1,"Vegetative",0,NA,"1",1,1,1,NA
2022,1,3763,12,"A","1",32.5,11.5,1,"4.5","","3763_1","irrigated",NA,"alive",1,"Flowering",1,NA,"5",3,1,1,0
2023,1,3763,12,"A","5",41,16.5,3,"SOS","","3763_1","irrigated",NA,"alive",1,"Flowering",1,NA,"6",4,1,1,1
2024,1,3763,12,"A","6",42,17,4,"12","","3763_1","irrigated",NA,"alive",1,"Flowering",1,NA,"1",0,0,1,1
2025,1,3763,12,"A","1",NA,20,0,NA,"","3763_1","irrigated",NA,"alive",1,"Vegetative",0,NA,NA,NA,NA,NA,1
2021,14,3764,10,"B","1",NA,11.5,0,NA,"","3764_14","drought",2022,"alive",1,"Vegetative",0,NA,"0",NA,NA,0,NA
2022,14,3764,10,"B","0",NA,NA,NA,NA,"NP","3764_14","drought",2022,"dead",0,"Dead",NA,NA,NA,NA,NA,NA,0
2021,15,3765,12,"D","3",NA,7.5,0,NA,"","3765_15","drought",2022,"alive",1,"Vegetative",0,NA,"0",NA,NA,0,NA
2022,15,3765,12,"D","0",NA,NA,NA,NA,"NP","3765_15","drought",2022,"dead",0,"Dead",NA,NA,NA,NA,NA,NA,0
2021,15,3766,19,"D","4",22,19.5,2,"SOS","","3766_15","drought",NA,"alive",1,"Flowering",1,NA,"5",1,1,1,NA
2022,15,3766,19,"D","5",29,28,1,"2.5","","3766_15","drought",NA,"alive",1,"Flowering",1,NA,"8",5,1,1,1
2023,15,3766,19,"D","8",51,24,5,"SOS","2 umbels dead","3766_15","drought",NA,"alive",1,"Flowering",1,NA,"4",2,1,1,1
2024,15,3766,19,"D","4",41,24.5,2,"7.5","","3766_15","drought",NA,"alive",1,"Flowering",1,NA,NA,NA,NA,NA,1
2025,15,3766,19,"D",NA,NA,NA,NA,NA,"NPNT, vole tunnels","3766_15","drought",NA,NA,NA,NA,NA,NA,NA,NA,NA,NA,1
2021,6,3767,17,"G","1",NA,13,0,NA,"","3767_6","irrigated",NA,"alive",1,"Vegetative",0,NA,"1",0,0,1,NA
2022,6,3767,17,"G","1",NA,20,0,NA,"","3767_6","irrigated",NA,"alive",1,"Vegetative",0,NA,"2",1,1,1,0
2023,6,3767,17,"G","2",22,15.5,1,"1.5","","3767_6","irrigated",NA,"alive",1,"Flowering",1,NA,"1",0,0,1,0
2024,6,3767,17,"G","1",NA,18,0,NA,"","3767_6","irrigated",NA,"alive",1,"Vegetative",0,NA,"0",NA,NA,NA,1
2025,6,3767,17,"G","0",NA,NA,NA,NA,"NP","3767_6","irrigated",NA,NA,NA,NA,NA,NA,NA,NA,NA,NA,0
2021,12,3768,18,"G","1",NA,6.5,0,NA,"","3768_12","irrigated",NA,"alive",1,"Vegetative",0,NA,"2",0,0,1,NA
2022,12,3768,18,"G","2",NA,16,0,NA,"","3768_12","irrigated",NA,"alive",1,"Vegetative",0,NA,"2",0,0,1,0
2023,12,3768,18,"G","2",NA,18,0,NA,"","3768_12","irrigated",NA,"alive",1,"Vegetative",0,NA,"1",0,0,1,0
2024,12,3768,18,"G","1",NA,14.5,0,NA,"","3768_12","irrigated",NA,"alive",1,"Vegetative",0,NA,"1",0,0,1,0
2025,12,3768,18,"G","1",NA,17,0,NA,"","3768_12","irrigated",NA,"alive",1,"Vegetative",0,NA,NA,NA,NA,NA,0
2016,13,3769,0,"F",NA,NA,NA,1,"5.5","Dead leaves","3769_13","control",NA,"alive",1,"Flowering",1,NA,"4",1,1,1,NA
2017,13,3769,0,"F","4",NA,10.5,1,"3","","3769_13","control",NA,"alive",1,"Flowering",1,NA,"2",0,0,1,1
2018,13,3769,0,"F","2",13,13,0,NA,"","3769_13","control",NA,"alive",1,"Vegetative",0,NA,"1",0,0,1,1
2019,13,3769,0,"F","1",NA,14.5,0,NA,"","3769_13","control",NA,"alive",1,"Vegetative",0,NA,NA,NA,NA,NA,0
2020,13,3769,0,"F",NA,NA,NA,NA,NA,"npnt","3769_13","control",NA,NA,NA,NA,NA,NA,"2",1,1,1,0
2021,13,3769,0,"F","2",19,13.5,1,"2.5","","3769_13","control",NA,"alive",1,"Flowering",1,NA,"2",1,1,1,NA
2022,13,3769,0,"F","2",24,12,1,"3.5","probably replacement for 3558","3769_13","control",NA,"alive",1,"Flowering",1,NA,"5",3,1,1,1
2023,13,3769,0,"F","5",35,10,3,"SOS","probably replacement tag for 3558 (was pulled)","3769_13","control",NA,"alive",1,"Flowering",1,NA,"3",1,1,1,1
2024,13,3769,0,"F","3",37.5,11,1,"3","tag is 3769 not 3558","3769_13","control",NA,"alive",1,"Flowering",1,NA,"3",2,1,1,1
2025,13,3769,0,"F","3",27,20,2,"2","one dead umbel","3769_13","control",NA,"alive",1,"Flowering",1,NA,NA,NA,NA,NA,1
2021,9,3770,12,"L","4",NA,26,0,NA,"maybe 3059?","3770_9","irrigated",2024,"alive",1,"Vegetative",0,NA,"3",1,1,1,NA
2022,9,3770,12,"L","3",42,20.5,1,"4","maybe 3059? ","3770_9","irrigated",2024,"alive",1,"Flowering",1,NA,"2",0,0,1,0
2023,9,3770,12,"L","2",NA,20,0,NA,"maybe 3059? 12B (div)","3770_9","irrigated",2024,"alive",1,"Vegetative",0,NA,"0",NA,NA,0,1
2024,9,3770,12,"L","0",NA,NA,NA,NA,"12B (div); NP","3770_9","irrigated",2024,"dead",0,"Dead",NA,NA,NA,NA,NA,NA,0
2021,15,3771,8,"J","1",NA,8,0,NA,"","3771_15","drought",2022,"alive",1,"Vegetative",0,NA,"0",NA,NA,0,NA
2022,15,3771,8,"J","0",NA,NA,NA,NA,"NP","3771_15","drought",2022,"dead",0,"Dead",NA,NA,NA,NA,NA,NA,0
2021,1,3772,1,"I","1",19.5,12.5,1,"3","","3772_1","irrigated",2022,"alive",1,"Flowering",1,NA,"0",NA,NA,0,NA
2022,1,3772,1,"I","0",NA,NA,NA,NA,"NP","3772_1","irrigated",2022,"dead",0,"Dead",NA,NA,NA,NA,NA,NA,1
2021,6,3773,19,"F","2",18,12,1,"3","","3773_6","irrigated",NA,"alive",1,"Flowering",1,NA,"2",2,1,1,NA
2022,6,3773,19,"F","2",26.5,18.5,2,"SOS","tagged in 2021, not transferred to 2022 data sheet. ","3773_6","irrigated",NA,"alive",1,"Flowering",1,NA,"5",3,1,1,1
2023,6,3773,19,"F","5",40,20,3,"SOS","phenology not tracked","3773_6","irrigated",NA,"alive",1,"Flowering",1,NA,"2",1,1,1,1
2024,6,3773,19,"F","2",28,14.5,1,"3","in boundary so not in phen","3773_6","irrigated",NA,"alive",1,"Flowering",1,NA,"4",2,1,1,1
2025,6,3773,19,"F","4",40,23,2,"10","","3773_6","irrigated",NA,"alive",1,"Flowering",1,NA,NA,NA,NA,NA,1
2021,15,3774,9,"F","2",13.5,17,1,"3.5","","3774_15","drought",NA,"alive",1,"Flowering",1,NA,"3",1,1,1,NA
2022,15,3774,9,"F","3",51,18.5,1,"5","","3774_15","drought",NA,"alive",1,"Flowering",1,NA,"1",0,0,1,1
2023,15,3774,9,"F","1",NA,26,0,NA,"","3774_15","drought",NA,"alive",1,"Vegetative",0,NA,"5",1,1,1,1
2024,15,3774,9,"F","5",38.5,20,1,"3.5","spittlebug","3774_15","drought",NA,"alive",1,"Flowering",1,NA,"0",NA,NA,NA,0
2025,15,3774,9,"F","0",NA,NA,NA,NA,"NP","3774_15","drought",NA,NA,NA,NA,NA,NA,NA,NA,NA,NA,1
2021,13,3775,11,"G","3",13.5,13,1,"2","","3775_13","control",NA,"alive",1,"Flowering",1,NA,"4",2,1,1,NA
2022,13,3775,11,"G","4",26,9.5,2,"SOS","","3775_13","control",NA,"alive",1,"Flowering",1,NA,"7",3,1,1,1
2023,13,3775,11,"G","7",38,13,3,"SOS","","3775_13","control",NA,"alive",1,"Flowering",1,NA,"3",2,1,1,1
2024,13,3775,11,"G","3",28,11,2,"5","","3775_13","control",NA,"alive",1,"Flowering",1,NA,"0",NA,NA,NA,1
2025,13,3775,11,"G","0",NA,NA,NA,NA,"","3775_13","control",NA,NA,NA,NA,NA,NA,NA,NA,NA,NA,1
2021,14,3776,3,"J","2",NA,15.5,0,NA,"","3776_14","drought",NA,"alive",1,"Vegetative",0,NA,"1",1,1,1,NA
2022,14,3776,3,"J","1",28,19,1,"5","","3776_14","drought",NA,"alive",1,"Flowering",1,NA,"3",2,1,1,0
2023,14,3776,3,"J","3",59,17,2,"SOS","on edge of plot","3776_14","drought",NA,"alive",1,"Flowering",1,NA,"3",2,1,1,1
2024,14,3776,3,"J","3",30.5,21,2,"6.5","","3776_14","drought",NA,"alive",1,"Flowering",1,NA,"0",NA,NA,NA,1
2025,14,3776,3,"J","0",NA,NA,NA,NA,"","3776_14","drought",NA,NA,NA,NA,NA,NA,NA,NA,NA,NA,1
2021,6,3777,15,"G","2",25.5,11,1,"3","","3777_6","irrigated",NA,"alive",1,"Flowering",1,NA,"2",2,1,1,NA
2022,6,3777,15,"G","2",49,13,2,"SOS","","3777_6","irrigated",NA,"alive",1,"Flowering",1,NA,"2",1,1,1,1
2023,6,3777,15,"G","2",35,18,1,"4.5","","3777_6","irrigated",NA,"alive",1,"Flowering",1,NA,"2",1,1,1,1
2024,6,3777,15,"G","2",22,12,1,"1.5","","3777_6","irrigated",NA,"alive",1,"Flowering",1,NA,"1",1,1,1,1
2025,6,3777,15,"G","1",28,18,1,"4.5","","3777_6","irrigated",NA,"alive",1,"Flowering",1,NA,NA,NA,NA,NA,1
2021,13,3778,4,"H","1",NA,10.5,0,NA,"","3778_13","control",NA,"alive",1,"Vegetative",0,NA,"2",0,0,1,NA
2022,13,3778,4,"H","2",NA,14.5,0,NA,"","3778_13","control",NA,"alive",1,"Vegetative",0,NA,"2",1,1,1,0
2023,13,3778,4,"H","2",22,12.5,1,"4.5","","3778_13","control",NA,"alive",1,"Flowering",1,NA,NA,NA,NA,NA,0
2024,13,3778,4,"H",NA,NA,NA,NA,NA,"NPNT","3778_13","control",NA,NA,NA,NA,NA,NA,"0",NA,NA,NA,1
2025,13,3778,4,"H","0",NA,NA,NA,NA,"Np tag pulled, under dacytlis","3778_13","control",NA,NA,NA,NA,NA,NA,NA,NA,NA,NA,NA
2021,1,3779,14,"B","2",23,13,1,"3","","3779_1","irrigated",2023,"alive",1,"Flowering",1,NA,"3",2,1,1,NA
2022,1,3779,14,"B","3",45,20.5,2,"SOS","","3779_1","irrigated",2023,"alive",1,"Flowering",1,NA,"0",NA,NA,0,1
2023,1,3779,14,"B","0",NA,NA,NA,NA,"NP","3779_1","irrigated",2023,"dead",0,"Dead",NA,NA,NA,NA,NA,NA,1
2021,13,3780,7,"J","4",18,12,1,"2","","3780_13","control",NA,"alive",1,"Flowering",1,NA,"3",2,1,1,NA
2022,13,3780,7,"J","3",33.5,13,2,"SOS","","3780_13","control",NA,"alive",1,"Flowering",1,NA,"7",3,1,1,1
2023,13,3780,7,"J","7",32,11,3,"SOS","not tracking phenology","3780_13","control",NA,"alive",1,"Flowering",1,NA,"2",1,1,1,1
2024,13,3780,7,"J","2",26,9.5,1,"3.5","","3780_13","control",NA,"alive",1,"Flowering",1,NA,"0",NA,NA,NA,1
2025,13,3780,7,"J","0",NA,NA,NA,NA,"NP","3780_13","control",NA,NA,NA,NA,NA,NA,NA,NA,NA,NA,1
2021,13,3781,19,"C","1",NA,19.5,0,NA,"","3781_13","control",NA,"alive",1,"Vegetative",0,NA,"1",0,0,1,NA
2022,13,3781,19,"C","1",NA,12,0,NA,"","3781_13","control",NA,"alive",1,"Vegetative",0,NA,"2",2,1,1,0
2023,13,3781,19,"C","2",25.5,20,2,"SOS","","3781_13","control",NA,"alive",1,"Flowering",1,NA,"1",0,0,1,0
2024,13,3781,19,"C","1",NA,11.5,0,NA,"accidentally pulled leaf while measuring","3781_13","control",NA,"alive",1,"Vegetative",0,NA,"1",0,0,1,1
2025,13,3781,19,"C","1",NA,15,0,NA,"","3781_13","control",NA,"alive",1,"Vegetative",0,NA,NA,NA,NA,NA,0
2023,1,3782,0,"J","2",23,23,1,"3","not new, separate from 3814/found both","3782_1","irrigated",NA,"alive",1,"Flowering",1,NA,"1",0,0,1,NA
2024,1,3782,0,"J","1",NA,20,0,NA,"","3782_1","irrigated",NA,"alive",1,"Vegetative",0,NA,"1",0,0,1,1
2025,1,3782,0,"J","1",NA,16,0,NA,"","3782_1","irrigated",NA,"alive",1,"Vegetative",0,NA,NA,NA,NA,NA,0
2020,6,3784,18,"F","1",NA,10.3,0,NA,"","3784_6","irrigated",2021,"alive",1,"Vegetative",0,NA,"0",NA,NA,0,NA
2021,6,3784,18,"F","0",NA,NA,NA,NA,"NP","3784_6","irrigated",2021,"dead",0,"Dead",NA,NA,NA,NA,NA,NA,0
2020,6,3785,15,"G","1",NA,12,0,NA,"","3785_6","irrigated",2022,"alive",1,"Vegetative",0,NA,"1",0,0,1,NA
2021,6,3785,15,"G","1",NA,9.5,0,NA,"","3785_6","irrigated",2022,"alive",1,"Vegetative",0,NA,"0",NA,NA,0,0
2022,6,3785,15,"G","0",NA,NA,NA,NA,"NP","3785_6","irrigated",2022,"dead",0,"Dead",NA,NA,NA,NA,NA,NA,0
2020,4,3786,6,"H","1",NA,7,0,NA,"","3786_4","irrigated",NA,"alive",1,"Vegetative",0,NA,"1",0,0,1,NA
2021,4,3786,6,"H","1",NA,10.5,0,NA,"","3786_4","irrigated",NA,"alive",1,"Vegetative",0,NA,"3",0,0,1,0
2022,4,3786,6,"H","3",NA,19,0,NA,"","3786_4","irrigated",NA,"alive",1,"Vegetative",0,NA,"3",1,1,1,0
2023,4,3786,6,"H","3",41,14,1,"6","","3786_4","irrigated",NA,"alive",1,"Flowering",1,NA,"3",0,0,1,0
2024,4,3786,6,"H","3",NA,20,0,NA,"","3786_4","irrigated",NA,"alive",1,"Vegetative",0,NA,"2",0,0,1,1
2025,4,3786,6,"H","2",NA,23.5,0,NA,"","3786_4","irrigated",NA,"alive",1,"Vegetative",0,NA,NA,NA,NA,NA,0
2020,4,3787,3,"G","1",NA,14.6,0,NA,"","3787_4","irrigated",NA,"alive",1,"Vegetative",0,NA,"2",0,0,1,NA
2021,4,3787,3,"G","2",NA,14.5,0,NA,"","3787_4","irrigated",NA,"alive",1,"Vegetative",0,NA,"3",1,1,1,0
2022,4,3787,3,"G","3",36.5,17,1,"4.5","","3787_4","irrigated",NA,"alive",1,"Flowering",1,NA,"1",1,1,1,0
2023,4,3787,3,"G","1",40,18,1,"4","","3787_4","irrigated",NA,"alive",1,"Flowering",1,NA,"1",0,0,1,1
2024,4,3787,3,"G","1",NA,12.5,0,NA,"","3787_4","irrigated",NA,"alive",1,"Vegetative",0,NA,"1",0,0,1,1
2025,4,3787,3,"G","1",NA,19,0,NA,"","3787_4","irrigated",NA,"alive",1,"Vegetative",0,NA,NA,NA,NA,NA,0
2020,5,3788,0,"F","1",NA,11.6,0,NA,"","3788_5","drought",NA,"alive",1,"Vegetative",0,NA,"1",0,0,1,NA
2021,5,3788,0,"F","1",NA,14.5,0,NA,"","3788_5","drought",NA,"alive",1,"Vegetative",0,NA,"4",1,1,1,0
2022,5,3788,0,"F","4",33.5,24,1,"4","","3788_5","drought",NA,"alive",1,"Flowering",1,NA,"4",2,1,1,0
2023,5,3788,0,"F","4",35,24,2,"SOS","","3788_5","drought",NA,"alive",1,"Flowering",1,NA,"2",1,1,1,1
2024,5,3788,0,"F","2",20,25,1,"2.5","leaf senesced","3788_5","drought",NA,"alive",1,"Flowering",1,NA,"3",1,1,1,1
2025,5,3788,0,"F","3",29,25,1,"5","","3788_5","drought",NA,"alive",1,"Flowering",1,NA,NA,NA,NA,NA,1
2017,6,3789,13,"A","1",NA,13,0,NA,"","3789_6","irrigated",NA,"alive",1,"Vegetative",0,NA,"1",0,0,1,NA
2018,6,3789,13,"A","1",10,10,0,NA,"","3789_6","irrigated",NA,"alive",1,"Vegetative",0,NA,"1",0,0,1,0
2019,6,3789,13,"A","1",NA,19,0,NA,"","3789_6","irrigated",NA,"alive",1,"Vegetative",0,NA,"1",0,0,1,0
2020,6,3789,13,"A","1",NA,15.7,0,NA,"tag missing, new tag=3789","3789_6","irrigated",NA,"alive",1,"Vegetative",0,NA,"1",0,0,1,0
2021,6,3789,13,"A","1",NA,9,0,NA,"","3789_6","irrigated",NA,"alive",1,"Vegetative",0,NA,"2",1,1,1,0
2022,6,3789,13,"A","2",38.5,16,1,"6","replaced with 3789. 3164 pulled (2021), so tag is 3789","3789_6","irrigated",NA,"alive",1,"Flowering",1,NA,"2",1,1,1,0
2023,6,3789,13,"A","2",33,19,1,"5.5","tag=3789. new flower? Not tracked for phenology.","3789_6","irrigated",NA,"alive",1,"Flowering",1,NA,"1",1,1,1,1
2024,6,3789,13,"A","1",44.5,15,1,"9","tag is 3789","3789_6","irrigated",NA,"alive",1,"Flowering",1,NA,"0",NA,NA,NA,1
2025,6,3789,13,"A","0",NA,NA,NA,NA,"NP, tag is 3789","3789_6","irrigated",NA,NA,NA,NA,NA,NA,NA,NA,NA,NA,1
2020,6,3790,5,"I","1",NA,6.1,0,NA,"","3790_6","irrigated",NA,"alive",1,"Vegetative",0,NA,"2",0,0,1,NA
2021,6,3790,5,"I","2",NA,6,0,NA,"","3790_6","irrigated",NA,"alive",1,"Vegetative",0,NA,"0",NA,NA,1,0
2022,6,3790,5,"I","0",NA,NA,NA,NA,"NP","3790_6","irrigated",NA,"dormant",1,"Dormant",NA,NA,"1",0,0,1,0
2023,6,3790,5,"I","1",NA,11.5,0,NA,"","3790_6","irrigated",NA,"alive",1,"Vegetative",0,NA,"3",2,1,1,NA
2024,6,3790,5,"I","3",23,18,2,"5.5","","3790_6","irrigated",NA,"alive",1,"Flowering",1,NA,"0",NA,NA,NA,0
2025,6,3790,5,"I","0",NA,NA,NA,NA,"NP","3790_6","irrigated",NA,NA,NA,NA,NA,NA,NA,NA,NA,NA,1
2020,6,3791,9,"J","2",NA,8.2,0,NA,"","3791_6","irrigated",2024,"alive",1,"Vegetative",0,NA,"4",0,0,1,NA
2021,6,3791,9,"J","4",NA,15,0,NA,"","3791_6","irrigated",2024,"alive",1,"Vegetative",0,NA,"0",NA,NA,1,0
2022,6,3791,9,"J","0",NA,NA,NA,NA,"NP","3791_6","irrigated",2024,"dormant",1,"Dormant",NA,NA,"4",2,1,1,0
2023,6,3791,9,"J","4",27.5,25,2,"SOS","next to hose. Not in plot so no previous phenology.","3791_6","irrigated",2024,"alive",1,"Flowering",1,NA,"0",NA,NA,0,NA
2024,6,3791,9,"J","0",NA,NA,NA,NA,"NP","3791_6","irrigated",2024,"dead",0,"Dead",NA,NA,NA,NA,NA,NA,1
2019,3,3793,0,"A","1",NA,16,0,NA,"","3793_3","control",2022,"alive",1,"Vegetative",0,NA,"1",0,0,1,NA
2020,3,3793,0,"A","1",NA,7.8,0,NA,"","3793_3","control",2022,"alive",1,"Vegetative",0,NA,"1",0,0,1,0
2021,3,3793,0,"A","1",NA,15,0,NA,"","3793_3","control",2022,"alive",1,"Vegetative",0,NA,"0",NA,NA,0,0
2022,3,3793,0,"A","0",NA,NA,NA,NA,"NP","3793_3","control",2022,"dead",0,"Dead",NA,NA,NA,NA,NA,NA,0
2020,7,3794,6,"I","1",NA,7.7,0,NA,"","3794_7","drought",2021,"alive",1,"Vegetative",0,NA,"0",NA,NA,0,NA
2021,7,3794,6,"I","0",NA,NA,NA,NA,"NP","3794_7","drought",2021,"dead",0,"Dead",NA,NA,NA,NA,NA,NA,0
2021,2,3795,18,"C","2",NA,16.5,0,NA,"","3795_2","control",2024,"alive",1,"Vegetative",0,NA,"1",0,0,1,NA
2022,2,3795,18,"C","1",NA,16.5,0,NA,"","3795_2","control",2024,"alive",1,"Vegetative",0,NA,"1",0,0,1,0
2023,2,3795,18,"C","1",NA,13,0,NA,"","3795_2","control",2024,"alive",1,"Vegetative",0,NA,"0",NA,NA,0,0
2024,2,3795,18,"C","0",NA,NA,NA,NA,"NP","3795_2","control",2024,"dead",0,"Dead",NA,NA,NA,NA,NA,NA,0
2019,3,3796,6,"E","1",NA,9,0,NA,"","3796_3","control",NA,"alive",1,"Vegetative",0,NA,NA,NA,NA,NA,NA
2020,3,3796,6,"E",NA,NA,NA,NA,NA,"NPNT","3796_3","control",NA,NA,NA,NA,NA,NA,"1",0,0,1,0
2021,3,3796,6,"E","1",NA,10,0,NA,"","3796_3","control",NA,"alive",1,"Vegetative",0,NA,"1",1,1,1,NA
2022,3,3796,6,"E","1",26.5,14.5,1,"4","","3796_3","control",NA,"alive",1,"Flowering",1,NA,"3",1,1,1,0
2023,3,3796,6,"E","3",33.5,20,1,"4","","3796_3","control",NA,"alive",1,"Flowering",1,NA,"4",2,1,1,1
2024,3,3796,6,"E","4",31,17.5,2,"8","phen green+gold umbels","3796_3","control",NA,"alive",1,"Flowering",1,NA,"2",1,1,1,1
2025,3,3796,6,"E","2",24,13,1,"2","","3796_3","control",NA,"alive",1,"Flowering",1,NA,NA,NA,NA,NA,1
2019,3,3797,4,"I","1",NA,12,0,NA,"","3797_3","control",NA,"alive",1,"Vegetative",0,NA,"1",0,0,1,NA
2020,3,3797,4,"I","1",NA,12.4,0,NA,"","3797_3","control",NA,"alive",1,"Vegetative",0,NA,"3",1,1,1,0
2021,3,3797,4,"I","3",21.5,17,1,"2","","3797_3","control",NA,"alive",1,"Flowering",1,NA,"3",2,1,1,0
2022,3,3797,4,"I","3",39,18,2,"SOS","","3797_3","control",NA,"alive",1,"Flowering",1,NA,"3",2,1,1,1
2023,3,3797,4,"I","3",49,28.5,2,"SOS","","3797_3","control",NA,"alive",1,"Flowering",1,NA,"3",1,1,1,1
2024,3,3797,4,"I","3",52,25,1,"8.5","","3797_3","control",NA,"alive",1,"Flowering",1,NA,"4",2,1,1,1
2025,3,3797,4,"I","4",35,27,2,"4.5","","3797_3","control",NA,"alive",1,"Flowering",1,NA,NA,NA,NA,NA,1
2019,3,3798,6,"E","1",NA,10,0,NA,"","3798_3","control",NA,"alive",1,"Vegetative",0,NA,"2",0,0,1,NA
2020,3,3798,6,"E","2",NA,8.4,0,NA,"","3798_3","control",NA,"alive",1,"Vegetative",0,NA,"2",0,0,1,0
2021,3,3798,6,"E","2",NA,14,0,NA,"","3798_3","control",NA,"alive",1,"Vegetative",0,NA,"2",1,1,1,0
2022,3,3798,6,"E","2",25.5,11,1,"4","","3798_3","control",NA,"alive",1,"Flowering",1,NA,"1",0,0,1,0
2023,3,3798,6,"E","1",NA,7,0,NA,"","3798_3","control",NA,"alive",1,"Vegetative",0,NA,"4",2,1,1,1
2024,3,3798,6,"E","4",35,17,2,"9","in phenology 3796 two plants; phen white+silver","3798_3","control",NA,"alive",1,"Flowering",1,NA,"1",1,1,1,0
2025,3,3798,6,"E","1",26,10.5,1,"4","","3798_3","control",NA,"alive",1,"Flowering",1,NA,NA,NA,NA,NA,1
2019,3,3799,2,"D","3",NA,14,0,NA,"","3799_3","control",NA,"alive",1,"Vegetative",0,NA,"1",0,0,1,NA
2020,3,3799,2,"D","1",NA,9.9,0,NA,"","3799_3","control",NA,"alive",1,"Vegetative",0,NA,"1",0,0,1,0
2021,3,3799,2,"D","1",NA,15.5,0,NA,"","3799_3","control",NA,"alive",1,"Vegetative",0,NA,"3",1,1,1,0
2022,3,3799,2,"D","3",47,23,1,"5","","3799_3","control",NA,"alive",1,"Flowering",1,NA,"2",1,1,1,0
2023,3,3799,2,"D","2",47,26.5,1,"6","","3799_3","control",NA,"alive",1,"Flowering",1,NA,"2",1,1,1,1
2024,3,3799,2,"D","2",36.5,20,1,"4.5","","3799_3","control",NA,"alive",1,"Flowering",1,NA,"2",1,1,1,1
2025,3,3799,2,"D","2",35,33,1,"5","in dactylis clump","3799_3","control",NA,"alive",1,"Flowering",1,NA,NA,NA,NA,NA,1
2016,15,3801,19,"E","1",NA,15,0,NA,"","3801_15","drought",2018,"alive",1,"Vegetative",0,NA,"1",0,0,1,NA
2017,15,3801,19,"E","1",NA,16,0,NA,"","3801_15","drought",2018,"alive",1,"Vegetative",0,NA,"0",NA,NA,0,0
2018,15,3801,19,"E","0",NA,NA,NA,NA,"no plant","3801_15","drought",2018,"dead",0,"Dead",NA,NA,NA,NA,NA,NA,0
2017,5,3803,8,"A","3",NA,9,1,"1.5","","3803_5","drought",2019,"alive",1,"Flowering",1,NA,"1",0,0,1,NA
2018,5,3803,8,"A","1",7,7,0,NA,"","3803_5","drought",2019,"alive",1,"Vegetative",0,NA,"0",NA,NA,0,1
2019,5,3803,8,"A","0",NA,NA,NA,NA,"no plant","3803_5","drought",2019,"dead",0,"Dead",NA,NA,NA,NA,NA,NA,0
2016,4,3805,0,"J","3",NA,7.3,NA,NA,"","3805_4","irrigated",2021,"alive",1,NA,NA,NA,"2",1,1,1,NA
2017,4,3805,0,"J","2",NA,10.5,1,"2","","3805_4","irrigated",2021,"alive",1,"Flowering",1,NA,"1",0,0,1,NA
2018,4,3805,0,"J","1",10,10,0,NA,"","3805_4","irrigated",2021,"alive",1,"Vegetative",0,NA,"0",NA,NA,1,1
2019,4,3805,0,"J","0",NA,NA,NA,NA,"no plant","3805_4","irrigated",2021,"dormant",1,"Dormant",NA,NA,"1",0,0,1,0
2020,4,3805,0,"J","1",NA,11.5,0,NA,"","3805_4","irrigated",2021,"alive",1,"Vegetative",0,NA,"0",NA,NA,0,NA
2021,4,3805,0,"J","0",NA,NA,NA,NA,"NP","3805_4","irrigated",2021,"dead",0,"Dead",NA,NA,NA,NA,NA,NA,0
2017,5,3807,11,"H","3",NA,12.5,2,"2.5","","3807_5","drought",NA,"alive",1,"Flowering",1,NA,"1",0,0,1,NA
2018,5,3807,11,"H","1",14,14,0,NA,"","3807_5","drought",NA,"alive",1,"Vegetative",0,NA,"0",NA,NA,1,1
2019,5,3807,11,"H","0",NA,NA,NA,NA,"no plant","3807_5","drought",NA,"dormant",1,"Dormant",NA,NA,NA,NA,NA,NA,0
2020,5,3807,11,"H",NA,NA,NA,NA,NA,"","3807_5","drought",NA,NA,NA,NA,NA,NA,"1",0,0,1,NA
2021,5,3807,11,"H","1",NA,16,0,NA,"","3807_5","drought",NA,"alive",1,"Vegetative",0,NA,"1",0,0,1,NA
2022,5,3807,11,"H","1",NA,15,0,NA,"2021: NPNT, maybe new tag 5023 or 5036. 2022: Found, and is 5023. Need to move data for 5023 in 2021 to this one ","3807_5","drought",NA,"alive",1,"Vegetative",0,NA,"3",2,1,1,0
2023,5,3807,11,"H","3",50,15,2,"SOS","1 umbel dead","3807_5","drought",NA,"alive",1,"Flowering",1,NA,"4",1,1,1,0
2024,5,3807,11,"H","4",32,13,1,"4","","3807_5","drought",NA,"alive",1,"Flowering",1,NA,"1",1,1,1,1
2025,5,3807,11,"H","1",18,16.5,1,"3","","3807_5","drought",NA,"alive",1,"Flowering",1,NA,NA,NA,NA,NA,1
2017,5,3810,8,"B","2",NA,8,2,"2.5","","3810_5","drought",NA,"alive",1,"Flowering",1,NA,"1",0,0,1,NA
2018,5,3810,8,"B","1",12,12,0,NA,"","3810_5","drought",NA,"alive",1,"Vegetative",0,NA,"1",0,0,1,1
2019,5,3810,8,"B","1",NA,12,0,NA,"","3810_5","drought",NA,"alive",1,"Vegetative",0,NA,"2",0,0,1,0
2020,5,3810,8,"B","2",NA,14.2,0,NA,"","3810_5","drought",NA,"alive",1,"Vegetative",0,NA,"2",1,1,1,0
2021,5,3810,8,"B","2",NA,12.5,1,NA,"","3810_5","drought",NA,"alive",1,"Flowering",1,NA,"6",4,1,1,0
2022,5,3810,8,"B","6",35.5,17,4,"SOS","","3810_5","drought",NA,"alive",1,"Flowering",1,NA,"5",4,1,1,1
2023,5,3810,8,"B","5",37,17,4,"SOS","","3810_5","drought",NA,"alive",1,"Flowering",1,NA,"3",2,1,1,1
2024,5,3810,8,"B","3",22,11,2,"4","","3810_5","drought",NA,"alive",1,"Flowering",1,NA,"4",0,0,1,1
2025,5,3810,8,"B","4",NA,10,0,NA,"","3810_5","drought",NA,"alive",1,"Vegetative",0,NA,NA,NA,NA,NA,1
2017,5,3811,16,"J","3",NA,10,2,"2.5","","3811_5","drought",NA,"alive",1,"Flowering",1,NA,"1",1,1,1,NA
2018,5,3811,16,"J","1",16,11,1,"2.5","","3811_5","drought",NA,"alive",1,"Flowering",1,NA,"1",0,0,1,1
2019,5,3811,16,"J","1",NA,10.5,0,NA,"dead and dried out","3811_5","drought",NA,"alive",1,"Vegetative",0,NA,NA,NA,NA,NA,1
2020,5,3811,16,"J",NA,NA,NA,NA,NA,"","3811_5","drought",NA,NA,NA,NA,NA,NA,"0",NA,NA,1,0
2021,5,3811,16,"J","0",NA,NA,NA,NA,"NP","3811_5","drought",NA,"dormant",1,"Dormant",NA,NA,"2",1,1,1,NA
2022,5,3811,16,"J","2",27,13,1,"3","","3811_5","drought",NA,"alive",1,"Flowering",1,NA,"3",1,1,1,NA
2023,5,3811,16,"J","3",30,12,1,"4","stalk out of ground, no seeds","3811_5","drought",NA,"alive",1,"Flowering",1,NA,"5",2,1,1,1
2024,5,3811,16,"J","5",34.5,15.5,2,"7.5","","3811_5","drought",NA,"alive",1,"Flowering",1,NA,"1",1,1,1,1
2025,5,3811,16,"J","1",22,14,1,"3","","3811_5","drought",NA,"alive",1,"Flowering",1,NA,NA,NA,NA,NA,1
2017,4,3812,1,"D","1",NA,11.5,0,NA,"","3812_4","irrigated",NA,"alive",1,"Vegetative",0,NA,"1",0,0,1,NA
2018,4,3812,1,"D","1",6.5,6.5,0,NA,"","3812_4","irrigated",NA,"alive",1,"Vegetative",0,NA,"0",NA,NA,1,0
2019,4,3812,1,"D","0",NA,NA,NA,NA,"no plant","3812_4","irrigated",NA,"dormant",1,"Dormant",NA,NA,NA,NA,NA,NA,0
2020,4,3812,1,"D",NA,NA,NA,NA,NA,"npnt","3812_4","irrigated",NA,NA,NA,NA,NA,NA,"1",0,0,1,NA
2021,4,3812,1,"D","1",NA,15,0,NA,"","3812_4","irrigated",NA,"alive",1,"Vegetative",0,NA,"1",0,0,1,NA
2022,4,3812,1,"D","1",NA,15,0,NA,"","3812_4","irrigated",NA,"alive",1,"Vegetative",0,NA,"1",0,0,1,0
2023,4,3812,1,"D","1",NA,5,0,NA,"","3812_4","irrigated",NA,"alive",1,"Vegetative",0,NA,"1",0,0,1,0
2024,4,3812,1,"D","1",NA,12,0,NA,"","3812_4","irrigated",NA,"alive",1,"Vegetative",0,NA,"0",NA,NA,NA,0
2025,4,3812,1,"D","0",NA,NA,NA,NA,"NP","3812_4","irrigated",NA,NA,NA,NA,NA,NA,NA,NA,NA,NA,0
2021,15,3813,14,"B","2",NA,8.5,0,NA,"","3813_15","drought",NA,"alive",1,"Vegetative",0,NA,"5",1,1,1,NA
2022,15,3813,14,"B","5",42,18,1,"7.5","Tag says 3813","3813_15","drought",NA,"alive",1,"Flowering",1,NA,"7",5,1,1,0
2023,15,3813,14,"B","7",41,11,5,"SOS","tag says 3813. 1 umbel dead","3813_15","drought",NA,"alive",1,"Flowering",1,NA,"5",3,1,1,1
2024,15,3813,14,"B","5",35,13.5,3,"10.5","tag is 3813 not 3831","3813_15","drought",NA,"alive",1,"Flowering",1,NA,"2",2,1,1,1
2025,15,3813,14,"B","2",17,10,2,"3.5","tag is 3813 not 3831","3813_15","drought",NA,"alive",1,"Flowering",1,NA,NA,NA,NA,NA,1
2017,1,3814,0,"J","3",NA,6.5,1,"4.5","","3814_1","irrigated",NA,"alive",1,"Flowering",1,NA,"3",1,1,1,NA
2018,1,3814,0,"J","3",8,11.5,1,"1.4","","3814_1","irrigated",NA,"alive",1,"Flowering",1,NA,"2",0,0,1,1
2019,1,3814,0,"J","2",NA,10.5,0,NA,"one leaf partially eaten","3814_1","irrigated",NA,"alive",1,"Vegetative",0,NA,"1",0,0,1,1
2020,1,3814,0,"J","1",NA,12.2,0,NA,"new tag: 3782","3814_1","irrigated",NA,"alive",1,"Vegetative",0,NA,"2",2,1,1,0
2021,1,3814,0,"J","2",17,15,2,"3.5","TAG IS 3782","3814_1","irrigated",NA,"alive",1,"Flowering",1,NA,"1",2,1,1,0
2022,1,3814,0,"J","1",29,14,2,"SOS","Tag is 3782","3814_1","irrigated",NA,"alive",1,"Flowering",1,NA,"3",2,1,1,1
2023,1,3814,0,"J","3",23,15,2,"SOS","In 2021, said tag was 3782, but found both tags this year! 3782 entered on new tags sheet, but is NOT new","3814_1","irrigated",NA,"alive",1,"Flowering",1,NA,"4",2,1,1,1
2024,1,3814,0,"J","4",3.5,14,2,"9","recorded as 3782 in phen","3814_1","irrigated",NA,"alive",1,"Flowering",1,NA,"1",0,0,1,1
2025,1,3814,0,"J","1",NA,19,0,NA,"next to 3782","3814_1","irrigated",NA,"alive",1,"Vegetative",0,NA,NA,NA,NA,NA,1
2021,12,3815,13,"H","1",NA,11,0,NA,"new tag for 3423","3815_12","irrigated",NA,"alive",1,"Vegetative",0,NA,"0",NA,NA,1,NA
2022,12,3815,13,"H","0",NA,NA,NA,NA,"NP. was a new tag for 3423 but 3815 and 3423 are different plants, not close to each other. 3815 = also NP","3815_12","irrigated",NA,"dormant",1,"Dormant",NA,NA,"1",0,0,1,0
2023,12,3815,13,"H","1",NA,10,0,NA,"","3815_12","irrigated",NA,"alive",1,"Vegetative",0,NA,NA,NA,NA,NA,NA
2024,12,3815,13,"H",NA,NA,NA,NA,NA,"NPNT","3815_12","irrigated",NA,NA,NA,NA,NA,NA,NA,NA,NA,NA,0
2025,12,3815,13,"H",NA,NA,NA,NA,NA,"NPNT >2 years","3815_12","irrigated",NA,NA,NA,NA,NA,NA,NA,NA,NA,NA,NA
2019,14,3816,6,"G","3",34,15,1,"5.5","","3816_14","drought",NA,"alive",1,"Flowering",1,NA,"2",0,0,1,NA
2020,14,3816,6,"G","2",NA,20.4,0,NA,"","3816_14","drought",NA,"alive",1,"Vegetative",0,NA,"3",0,0,1,1
2021,14,3816,6,"G","3",NA,26,0,NA,"","3816_14","drought",NA,"alive",1,"Vegetative",0,NA,"2",1,1,1,0
2022,14,3816,6,"G","2",47,20,1,"8","","3816_14","drought",NA,"alive",1,"Flowering",1,NA,"2",1,1,1,0
2023,14,3816,6,"G","2",50,16,1,"11.5","","3816_14","drought",NA,"alive",1,"Flowering",1,NA,"1",0,0,1,1
2024,14,3816,6,"G","1",NA,24,0,NA,"","3816_14","drought",NA,"alive",1,"Vegetative",0,NA,"1",0,0,1,1
2025,14,3816,6,"G","1",NA,22,0,NA,"","3816_14","drought",NA,"alive",1,"Vegetative",0,NA,NA,NA,NA,NA,0
2016,15,3816,1,"A","3",NA,14,0,NA,"","3816_15","drought",NA,"alive",1,"Vegetative",0,NA,NA,NA,NA,NA,NA
2017,5,3817,17,"H","3",NA,10.5,2,"3.5","","3817_5","drought",NA,"alive",1,"Flowering",1,NA,"1",0,0,1,NA
2018,5,3817,17,"H","1",10.5,10.5,0,NA,"","3817_5","drought",NA,"alive",1,"Vegetative",0,NA,"1",0,0,1,1
2019,5,3817,17,"H","1",NA,12.5,0,NA,"","3817_5","drought",NA,"alive",1,"Vegetative",0,NA,NA,NA,NA,NA,0
2020,5,3817,17,"H",NA,NA,NA,NA,NA,"","3817_5","drought",NA,NA,NA,NA,NA,NA,"1",0,0,1,0
2021,5,3817,17,"H","1",NA,14,0,NA,"","3817_5","drought",NA,"alive",1,"Vegetative",0,NA,"1",0,0,1,NA
2022,5,3817,17,"H","1",NA,21,0,NA,"","3817_5","drought",NA,"alive",1,"Vegetative",0,NA,"5",3,1,1,0
2023,5,3817,17,"H","5",38,20,3,"SOS","","3817_5","drought",NA,"alive",1,"Flowering",1,NA,"2",1,1,1,0
2024,5,3817,17,"H","2",22.5,15,1,"3","","3817_5","drought",NA,"alive",1,"Flowering",1,NA,"2",1,1,1,1
2025,5,3817,17,"H","2",16,13,1,"3","umble broken off, no seeds","3817_5","drought",NA,"alive",1,"Flowering",1,NA,NA,NA,NA,NA,1
2017,15,3818,1,"A","2",NA,12,1,"4","","3818_15","drought",NA,"alive",1,"Flowering",1,NA,"7",2,1,1,NA
2018,15,3818,1,"A","7",14,6.5,2,"1.7","","3818_15","drought",NA,"alive",1,"Flowering",1,NA,"5",3,1,1,1
2019,15,3818,1,"A","5",27.5,11.5,3,"4.5","","3818_15","drought",NA,"alive",1,"Flowering",1,NA,"1",0,0,1,1
2020,15,3818,1,"A","1",NA,9.3,0,NA,"","3818_15","drought",NA,"alive",1,"Vegetative",0,NA,"1",0,0,1,1
2021,15,3818,1,"A","1",NA,8.5,0,NA,"","3818_15","drought",NA,"alive",1,"Vegetative",0,NA,"10",5,1,1,0
2022,15,3818,1,"A","10",36,16.5,5,"SOS","","3818_15","drought",NA,"alive",1,"Flowering",1,NA,"9",5,1,1,0
2023,15,3818,1,"A","9",37,17,5,"SOS","1 umbel dead","3818_15","drought",NA,"alive",1,"Flowering",1,NA,"6",6,1,1,1
2024,15,3818,1,"A","6",23.5,15,6,"14.5","one umbel dead unmeasured","3818_15","drought",NA,"alive",1,"Flowering",1,NA,"4",1,1,1,1
2025,15,3818,1,"A","4",10,8.5,1,"1","","3818_15","drought",NA,"alive",1,"Flowering",1,NA,NA,NA,NA,NA,1
2017,5,3820,3,"C","3",NA,11,2,"2.5","","3820_5","drought",2019,"alive",1,"Flowering",1,NA,"2",1,1,1,NA
2018,5,3820,3,"C","2",14.5,14.5,1,"1.5","","3820_5","drought",2019,"alive",1,"Flowering",1,NA,"0",NA,NA,0,1
2019,5,3820,3,"C","0",NA,NA,NA,NA,"no plant","3820_5","drought",2019,"dead",0,"Dead",NA,NA,NA,NA,NA,NA,1
2017,1,3821,4,"A","4",NA,24,1,"1.5","","3821_1","irrigated",NA,"alive",1,"Flowering",1,NA,"2",1,1,1,NA
2018,1,3821,4,"A","2",13.5,16,1,"29","","3821_1","irrigated",NA,"alive",1,"Flowering",1,NA,"2",1,1,1,1
2019,1,3821,4,"A","2",15,12,1,"3.5","","3821_1","irrigated",NA,"alive",1,"Flowering",1,NA,"3",2,1,1,1
2020,1,3821,4,"A","3",34.5,14.5,2,"SOS","","3821_1","irrigated",NA,"alive",1,"Flowering",1,NA,"4",2,1,1,1
2021,1,3821,4,"A","4",37,17,2,"SOS","","3821_1","irrigated",NA,"alive",1,"Flowering",1,NA,"5",3,1,1,1
2022,1,3821,4,"A","5",50.5,22,3,"SOS","","3821_1","irrigated",NA,"alive",1,"Flowering",1,NA,"2",2,1,1,1
2023,1,3821,4,"A","2",32,17,2,"SOS","not on pehnology sheet","3821_1","irrigated",NA,"alive",1,"Flowering",1,NA,"3",2,1,1,1
2024,1,3821,4,"A","3",27,17.5,2,"6","not in phen because on boundary","3821_1","irrigated",NA,"alive",1,"Flowering",1,NA,NA,NA,NA,NA,1
2025,1,3821,4,"A",NA,NA,NA,NA,NA,"NPNT. Note '24: on boundary","3821_1","irrigated",NA,NA,NA,NA,NA,NA,NA,NA,NA,NA,1
2016,13,3823,18,"G","1",NA,4.1,0,NA,"","3823_13","control",2021,"alive",1,"Vegetative",0,NA,"1",0,0,1,NA
2017,13,3823,18,"G","1",NA,4.5,0,NA,"","3823_13","control",2021,"alive",1,"Vegetative",0,NA,"1",0,0,1,0
2018,13,3823,18,"G","1",12,10,0,NA,"","3823_13","control",2021,"alive",1,"Vegetative",0,NA,"2",1,1,1,0
2019,13,3823,18,"G","2",9,11,1,"2","","3823_13","control",2021,"alive",1,"Flowering",1,NA,NA,NA,NA,NA,0
2020,13,3823,18,"G",NA,NA,NA,NA,NA,"","3823_13","control",2021,NA,NA,NA,NA,NA,"0",NA,NA,0,1
2021,13,3823,18,"G","0",NA,NA,NA,NA,"NP","3823_13","control",2021,"dead",0,"Dead",NA,NA,NA,NA,NA,NA,NA
2016,6,3825,12,"C","4",NA,4.5,0,NA,"","3825_6","irrigated",2022,"alive",1,"Vegetative",0,NA,"3",0,0,1,NA
2017,6,3825,12,"C","3",NA,21.5,0,NA,"","3825_6","irrigated",2022,"alive",1,"Vegetative",0,NA,"1",0,0,1,0
2018,6,3825,12,"C","1",16,16,0,NA,"","3825_6","irrigated",2022,"alive",1,"Vegetative",0,NA,"2",1,1,1,0
2019,6,3825,12,"C","2",20,15,1,"4","","3825_6","irrigated",2022,"alive",1,"Flowering",1,NA,NA,NA,NA,NA,0
2020,6,3825,12,"C",NA,NA,NA,NA,NA,"NPNT","3825_6","irrigated",2022,NA,NA,NA,NA,NA,NA,NA,NA,NA,1
2021,6,3825,12,"C",NA,NA,NA,NA,NA,"NPNT","3825_6","irrigated",2022,NA,NA,NA,NA,NA,"0",NA,NA,0,NA
2022,6,3825,12,"C","0",NA,NA,NA,NA,"NPNT. Tag pulled","3825_6","irrigated",2022,"dead",0,"Dead",NA,NA,NA,NA,NA,NA,NA
2016,13,3826,5,"A","1",NA,1.1,2,"2.2","Top eaten, only 1 leaf remaining","3826_13","control",NA,"alive",1,"Flowering",1,NA,"4",2,1,1,NA
2017,13,3826,5,"A","4",NA,11.5,2,"2.5","","3826_13","control",NA,"alive",1,"Flowering",1,NA,"1",0,0,1,1
2018,13,3826,5,"A","1",10,10,0,NA,"","3826_13","control",NA,"alive",1,"Vegetative",0,NA,"1",0,0,1,1
2019,13,3826,5,"A","1",NA,10,0,NA,"","3826_13","control",NA,"alive",1,"Vegetative",0,NA,"2",0,0,1,0
2020,13,3826,5,"A","2",NA,10.8,0,NA,"","3826_13","control",NA,"alive",1,"Vegetative",0,NA,"4",1,1,1,0
2021,13,3826,5,"A","4",14,12,1,"2","","3826_13","control",NA,"alive",1,"Flowering",1,NA,"3",2,1,1,0
2022,13,3826,5,"A","3",37,15,2,"SOS","","3826_13","control",NA,"alive",1,"Flowering",1,NA,"5",3,1,1,1
2023,13,3826,5,"A","5",25.5,12,3,"SOS","1 umbel dead","3826_13","control",NA,"alive",1,"Flowering",1,NA,"6",2,1,1,1
2024,13,3826,5,"A","6",21.5,9.5,2,"5","","3826_13","control",NA,"alive",1,"Flowering",1,NA,"2",1,1,1,1
2025,13,3826,5,"A","2",10,13.5,1,"2","","3826_13","control",NA,"alive",1,"Flowering",1,NA,NA,NA,NA,NA,1
2017,5,3827,11,"C","4",NA,12,2,"3","","3827_5","drought",2018,"alive",1,"Flowering",1,NA,"0",NA,NA,0,NA
2018,5,3827,11,"C","0",NA,NA,NA,NA,"no plant","3827_5","drought",2018,"dead",0,"Dead",NA,NA,NA,NA,NA,NA,1
2019,14,3829,19,"D","1",NA,8,0,NA,"","3829_14","drought",NA,"alive",1,"Vegetative",0,NA,NA,NA,NA,NA,NA
2020,14,3829,19,"D",NA,NA,NA,NA,NA,"","3829_14","drought",NA,NA,NA,NA,NA,NA,"1",0,0,1,0
2021,14,3829,19,"D","1",NA,12,0,NA,"","3829_14","drought",NA,"alive",1,"Vegetative",0,NA,"2",1,1,1,NA
2022,14,3829,19,"D","2",28,15,1,"5.5","outside of plot","3829_14","drought",NA,"alive",1,"Flowering",1,NA,"1",0,0,1,0
2023,14,3829,19,"D","1",NA,13,0,NA,"outside of plot","3829_14","drought",NA,"alive",1,"Vegetative",0,NA,"3",1,1,1,1
2024,14,3829,19,"D","3",18,14.5,1,"1.5","not in phen b/c outside plot","3829_14","drought",NA,"alive",1,"Flowering",1,NA,"1",0,0,1,0
2025,14,3829,19,"D","1",NA,18.5,0,NA,"outside plot","3829_14","drought",NA,"alive",1,"Vegetative",0,NA,NA,NA,NA,NA,1
2016,13,3830,18,"C","3",NA,5,0,NA,"","3830_13","control",2022,"alive",1,"Vegetative",0,NA,"1",0,0,1,NA
2017,13,3830,18,"C","1",NA,11,0,NA,"","3830_13","control",2022,"alive",1,"Vegetative",0,NA,"0",NA,NA,1,0
2018,13,3830,18,"C","0",NA,NA,NA,NA,"no plant","3830_13","control",2022,"dormant",1,"Dormant",NA,NA,"2",0,0,1,0
2019,13,3830,18,"C","2",NA,12.5,0,NA,"","3830_13","control",2022,"alive",1,"Vegetative",0,NA,NA,NA,NA,NA,NA
2020,13,3830,18,"C",NA,NA,NA,NA,NA,"","3830_13","control",2022,NA,NA,NA,NA,NA,"1",0,0,1,0
2021,13,3830,18,"C","1",NA,7.5,0,NA,"","3830_13","control",2022,"alive",1,"Vegetative",0,NA,"0",NA,NA,0,NA
2022,13,3830,18,"C","0",NA,NA,NA,NA,"NP","3830_13","control",2022,"dead",0,"Dead",NA,NA,NA,NA,NA,NA,0
2017,3,3831,4,"B","1",NA,10,1,"3","","3831_3","control",NA,"alive",1,"Flowering",1,NA,"2",0,0,1,NA
2018,3,3831,4,"B","2",18,18,0,NA,"","3831_3","control",NA,"alive",1,"Vegetative",0,NA,"2",1,1,1,1
2019,3,3831,4,"B","2",31,20,1,"4","","3831_3","control",NA,"alive",1,"Flowering",1,NA,"1",1,1,1,0
2020,3,3831,4,"B","1",14.5,15.6,1,"2.6","","3831_3","control",NA,"alive",1,"Flowering",1,NA,"2",0,0,1,1
2021,3,3831,4,"B","2",NA,22,0,NA,"","3831_3","control",NA,"alive",1,"Vegetative",0,NA,"2",0,0,1,1
2022,3,3831,4,"B","2",NA,29.5,0,NA,"","3831_3","control",NA,"alive",1,"Vegetative",0,NA,"3",2,1,1,0
2023,3,3831,4,"B","3",42.5,20,2,"SOS","","3831_3","control",NA,"alive",1,"Flowering",1,NA,"2",1,1,1,0
2024,3,3831,4,"B","2",30,21,1,"4","","3831_3","control",NA,"alive",1,"Flowering",1,NA,"1",1,1,1,1
2025,3,3831,4,"B","1",20,25,1,"3","","3831_3","control",NA,"alive",1,"Flowering",1,NA,NA,NA,NA,NA,1
2016,15,3832,8,"H","4",NA,10.7,1,"1","","3832_15","drought",2020,"alive",1,"Flowering",1,NA,"5",2,1,1,NA
2017,15,3832,8,"H","5",NA,13.5,2,"2.5","","3832_15","drought",2020,"alive",1,"Flowering",1,NA,"2",0,0,1,1
2018,15,3832,8,"H","2",13,13,0,NA,"","3832_15","drought",2020,"alive",1,"Vegetative",0,NA,"1",1,1,1,1
2019,15,3832,8,"H","1",13,11,1,"2","","3832_15","drought",2020,"alive",1,"Flowering",1,NA,"0",NA,NA,0,0
2020,15,3832,8,"H","0",NA,NA,NA,NA,"no plant","3832_15","drought",2020,"dead",0,"Dead",NA,NA,NA,NA,NA,NA,1
2016,5,3833,16,"B","3",NA,7,0,NA,"","3833_5","drought",NA,"alive",1,"Vegetative",0,NA,"2",1,1,1,NA
2017,5,3833,16,"B","2",NA,10,1,"3","","3833_5","drought",NA,"alive",1,"Flowering",1,NA,"1",0,0,1,0
2018,5,3833,16,"B","1",8.5,8.5,0,NA,"","3833_5","drought",NA,"alive",1,"Vegetative",0,NA,"1",0,0,1,1
2019,5,3833,16,"B","1",NA,10.5,0,NA,"","3833_5","drought",NA,"alive",1,"Vegetative",0,NA,NA,NA,NA,NA,0
2020,5,3833,16,"B",NA,NA,NA,NA,NA,"","3833_5","drought",NA,NA,NA,NA,NA,NA,"3",1,1,1,0
2021,5,3833,16,"B","3",18,14,1,"4","","3833_5","drought",NA,"alive",1,"Flowering",1,NA,"4",2,1,1,NA
2022,5,3833,16,"B","4",22,18,2,"SOS","","3833_5","drought",NA,"alive",1,"Flowering",1,NA,"2",1,1,1,1
2023,5,3833,16,"B","2",36,17,1,"7","","3833_5","drought",NA,"alive",1,"Flowering",1,NA,"4",2,1,1,1
2024,5,3833,16,"B","4",28,13.5,2,"7","","3833_5","drought",NA,"alive",1,"Flowering",1,NA,"2",1,1,1,1
2025,5,3833,16,"B","2",8.5,13,1,"2.5","","3833_5","drought",NA,"alive",1,"Flowering",1,NA,NA,NA,NA,NA,1
2016,12,3834,15,"C","4",NA,7.5,1,"6.2","","3834_12","irrigated",2023,"alive",1,"Flowering",1,NA,"2",0,0,1,NA
2017,12,3834,15,"C","2",NA,7.5,0,NA,"","3834_12","irrigated",2023,"alive",1,"Vegetative",0,NA,"2",0,0,1,1
2018,12,3834,15,"C","2",12.5,12.5,0,NA,"","3834_12","irrigated",2023,"alive",1,"Vegetative",0,NA,"0",NA,NA,1,0
2019,12,3834,15,"C","0",NA,NA,NA,NA,"no plant","3834_12","irrigated",2023,"dormant",1,"Dormant",NA,NA,NA,NA,NA,NA,0
2020,12,3834,15,"C",NA,NA,NA,NA,NA,"NPNT","3834_12","irrigated",2023,NA,NA,NA,NA,NA,"0",NA,NA,1,NA
2021,12,3834,15,"C","0",NA,NA,NA,NA,"NP","3834_12","irrigated",2023,"dormant",1,"Dormant",NA,NA,"1",0,0,1,NA
2022,12,3834,15,"C","1",NA,16,0,NA,"","3834_12","irrigated",2023,"alive",1,"Vegetative",0,NA,"0",NA,NA,0,NA
2023,12,3834,15,"C","0",NA,NA,NA,NA,"NP","3834_12","irrigated",2023,"dead",0,"Dead",NA,NA,NA,NA,NA,NA,0
2016,5,3836,9,"C","3",NA,4.7,1,"1.8","","3836_5","drought",NA,"alive",1,"Flowering",1,NA,"3",1,1,1,NA
2017,5,3836,9,"C","3",NA,11,1,"1.5","","3836_5","drought",NA,"alive",1,"Flowering",1,NA,"2",0,0,1,1
2018,5,3836,9,"C","2",8,8,0,NA,"","3836_5","drought",NA,"alive",1,"Vegetative",0,NA,"0",NA,NA,1,1
2019,5,3836,9,"C","0",NA,NA,NA,NA,"no plant","3836_5","drought",NA,"dormant",1,"Dormant",NA,NA,"1",0,0,1,0
2020,5,3836,9,"C","1",NA,9.8,0,NA,"","3836_5","drought",NA,"alive",1,"Vegetative",0,NA,"0",NA,NA,1,NA
2021,5,3836,9,"C","0",NA,NA,NA,NA,"NP","3836_5","drought",NA,"dormant",1,"Dormant",NA,NA,"1",0,0,1,0
2022,5,3836,9,"C","1",NA,14,0,NA,"","3836_5","drought",NA,"alive",1,"Vegetative",0,NA,"3",2,1,1,NA
2023,5,3836,9,"C","3",39,15,2,"3.5","","3836_5","drought",NA,"alive",1,"Flowering",1,NA,"4",2,1,1,0
2024,5,3836,9,"C","4",23,13,2,"6.5","","3836_5","drought",NA,"alive",1,"Flowering",1,NA,"2",1,1,1,1
2025,5,3836,9,"C","2",11,12,1,"3","","3836_5","drought",NA,"alive",1,"Flowering",1,NA,NA,NA,NA,NA,1
2021,14,3838,14,"G","2",NA,23,0,NA,"","3838_14","drought",NA,"alive",1,"Vegetative",0,NA,"3",1,1,1,NA
2022,14,3838,14,"G","3",4,18,1,"4","","3838_14","drought",NA,"alive",1,"Flowering",1,NA,"3",2,1,1,0
2023,14,3838,14,"G","3",64.5,20,2,"SOS","","3838_14","drought",NA,"alive",1,"Flowering",1,NA,"2",1,1,1,1
2024,14,3838,14,"G","2",30.5,17.5,1,"3.5","","3838_14","drought",NA,"alive",1,"Flowering",1,NA,"0",NA,NA,NA,1
2025,14,3838,14,"G","0",NA,NA,NA,NA,"NP","3838_14","drought",NA,NA,NA,NA,NA,NA,NA,NA,NA,NA,1
2019,14,3840,17,"F","1",NA,8,0,NA,"","3840_14","drought",NA,"alive",1,"Vegetative",0,NA,NA,NA,NA,NA,NA
2020,14,3840,17,"F",NA,NA,NA,NA,NA,"","3840_14","drought",NA,NA,NA,NA,NA,NA,"0",NA,NA,1,0
2021,14,3840,17,"F","0",NA,NA,NA,NA,"NP","3840_14","drought",NA,"dormant",1,"Dormant",NA,NA,"2",0,0,1,NA
2022,14,3840,17,"F","2",NA,12.5,0,NA,"","3840_14","drought",NA,"alive",1,"Vegetative",0,NA,"1",0,0,1,NA
2023,14,3840,17,"F","1",NA,15,0,NA,"","3840_14","drought",NA,"alive",1,"Vegetative",0,NA,"2",1,1,1,0
2024,14,3840,17,"F","2",38.5,17.5,1,"4.5","","3840_14","drought",NA,"alive",1,"Flowering",1,NA,"0",NA,NA,NA,0
2025,14,3840,17,"F","0",NA,NA,NA,NA,"NP tag in 18F","3840_14","drought",NA,NA,NA,NA,NA,NA,NA,NA,NA,NA,1
2016,2,3841,1,"C","8",NA,9.2,1,"3.8","","3841_2","control",2022,"alive",1,"Flowering",1,NA,"4",2,1,1,NA
2017,2,3841,1,"C","4",NA,11.5,2,"2.5","","3841_2","control",2022,"alive",1,"Flowering",1,NA,"2",1,1,1,1
2018,2,3841,1,"C","2",12,10.5,1,"3","","3841_2","control",2022,"alive",1,"Flowering",1,NA,"3",1,1,1,1
2019,2,3841,1,"C","3",9.5,11,1,"1.5","","3841_2","control",2022,"alive",1,"Flowering",1,NA,"3",2,1,1,1
2020,2,3841,1,"C","3",30,7.4,2,"SOS","","3841_2","control",2022,"alive",1,"Flowering",1,NA,"5",1,1,1,1
2021,2,3841,1,"C","5",18.5,12.5,1,"2","","3841_2","control",2022,"alive",1,"Flowering",1,NA,"0",NA,NA,0,1
2022,2,3841,1,"C","0",NA,NA,NA,NA,"NP","3841_2","control",2022,"dead",0,"Dead",NA,NA,NA,NA,NA,NA,1
2016,15,3843,11,"J","4",NA,13.5,1,"3","","3843_15","drought",2019,"alive",1,"Flowering",1,NA,"7",3,1,1,NA
2017,15,3843,11,"J","7",NA,15,3,"2.5","","3843_15","drought",2019,"alive",1,"Flowering",1,NA,"3",0,0,1,1
2018,15,3843,11,"J","3",18.5,18.5,0,"1","","3843_15","drought",2019,"alive",1,"Vegetative",0,NA,"0",NA,NA,0,1
2019,15,3843,11,"J","0",NA,NA,NA,NA,"no plant","3843_15","drought",2019,"dead",0,"Dead",NA,NA,NA,NA,NA,NA,0
2016,2,3844,8,"C","12",NA,7.5,0,NA,"","3844_2","control",2020,"alive",1,"Vegetative",0,NA,NA,NA,NA,1,NA
2017,2,3844,NA,NA,NA,NA,NA,NA,NA,NA,"3844_2","control",NA,NA,1,NA,NA,"plant missed in demo due to tag mishaps; surv imputed","4",0,0,1,0
2018,2,3844,8,"C","4",13,13,0,NA,"found plant with unlisted tag ","3844_2","control",2020,"alive",1,"Vegetative",0,NA,"1",0,0,1,NA
2019,2,3844,8,"C","1",NA,10.5,0,NA,"","3844_2","control",2020,"alive",1,"Vegetative",0,NA,"0",NA,NA,0,0
2020,2,3844,8,"C","0",NA,NA,NA,NA,"no plant","3844_2","control",2020,"dead",0,"Dead",NA,NA,NA,NA,NA,NA,0
2016,1,3845,7,"G","3",NA,6,2,"3.4","","3845_1","irrigated",2024,"alive",1,"Flowering",1,NA,"1",0,0,1,NA
2017,1,3845,7,"G","1",NA,10,0,NA,"","3845_1","irrigated",2024,"alive",1,"Vegetative",0,NA,"2",0,0,1,1
2018,1,3845,7,"G","2",15.5,15.5,0,NA,"","3845_1","irrigated",2024,"alive",1,"Vegetative",0,NA,"2",1,1,1,0
2019,1,3845,7,"G","2",10,10,1,"2","","3845_1","irrigated",2024,"alive",1,"Flowering",1,NA,"0",NA,NA,1,0
2020,1,3845,7,"G","0",NA,NA,NA,NA,"no plant","3845_1","irrigated",2024,"dormant",1,"Dormant",NA,NA,"1",0,0,1,1
2021,1,3845,7,"G","1",NA,16,0,NA,"","3845_1","irrigated",2024,"alive",1,"Vegetative",0,NA,"2",1,1,1,NA
2022,1,3845,7,"G","2",26,12.5,1,"2.5","","3845_1","irrigated",2024,"alive",1,"Flowering",1,NA,"1",0,0,1,0
2023,1,3845,7,"G","1",NA,20,0,NA,"","3845_1","irrigated",2024,"alive",1,"Vegetative",0,NA,"0",NA,NA,0,1
2024,1,3845,7,"G","0",NA,NA,NA,NA,"NP; moss","3845_1","irrigated",2024,"dead",0,"Dead",NA,NA,NA,NA,NA,NA,0
2021,3,3846,6,"D","1",NA,8,0,NA,"","3846_3","control",NA,"alive",1,"Vegetative",0,NA,"2",1,1,1,NA
2022,3,3846,6,"D","2",32,16,1,"4","","3846_3","control",NA,"alive",1,"Flowering",1,NA,"4",2,1,1,0
2023,3,3846,6,"D","4",46,23,2,"SOS","","3846_3","control",NA,"alive",1,"Flowering",1,NA,"3",2,1,1,1
2024,3,3846,6,"D","3",39,22,2,"8.5","","3846_3","control",NA,"alive",1,"Flowering",1,NA,"1",1,1,1,1
2025,3,3846,6,"D","1",16,17,1,"3","","3846_3","control",NA,"alive",1,"Flowering",1,NA,NA,NA,NA,NA,1
2016,2,3847,4,"E","1",NA,7,0,NA,"","3847_2","control",2022,"alive",1,"Vegetative",0,NA,"0",NA,NA,1,NA
2017,2,3847,4,"E","0",NA,NA,NA,NA,"No plant/dead?","3847_2","control",2022,"dormant",1,"Dormant",NA,NA,"1",0,0,1,0
2018,2,3847,4,"E","1",9,9,0,NA,"","3847_2","control",2022,"alive",1,"Vegetative",0,NA,"0",NA,NA,1,NA
2019,2,3847,4,"E","0",NA,NA,NA,NA,"no plant","3847_2","control",2022,"dormant",1,"Dormant",NA,NA,"1",0,0,1,0
2020,2,3847,4,"E","1",NA,7.6,0,NA,"","3847_2","control",2022,"alive",1,"Vegetative",0,NA,"1",0,0,1,NA
2021,2,3847,4,"E","1",NA,11,0,NA,"","3847_2","control",2022,"alive",1,"Vegetative",0,NA,"0",NA,NA,0,0
2022,2,3847,4,"E","0",NA,NA,NA,NA,"NP","3847_2","control",2022,"dead",0,"Dead",NA,NA,NA,NA,NA,NA,0
2016,15,3848,10,"J","4",NA,13,1,"2","","3848_15","drought",2023,"alive",1,"Flowering",1,NA,"7",2,1,1,NA
2017,15,3848,10,"J","7",NA,15,2,"3","","3848_15","drought",2023,"alive",1,"Flowering",1,NA,"2",1,1,1,1
2018,15,3848,10,"J","2",17,16.5,1,"2.8","","3848_15","drought",2023,"alive",1,"Flowering",1,NA,"2",0,0,1,1
2019,15,3848,10,"J","2",NA,13,0,NA,"","3848_15","drought",2023,"alive",1,"Vegetative",0,NA,NA,NA,NA,NA,1
2020,15,3848,10,"J",NA,NA,NA,NA,NA,"","3848_15","drought",2023,NA,NA,NA,NA,NA,"6",0,0,1,0
2021,15,3848,10,"J","6",NA,13,0,NA,"","3848_15","drought",2023,"alive",1,"Vegetative",0,NA,"3",2,1,1,NA
2022,15,3848,10,"J","3",28,20,2,"SOS","","3848_15","drought",2023,"alive",1,"Flowering",1,NA,"0",NA,NA,0,0
2023,15,3848,10,"J","0",NA,NA,NA,NA,"NP","3848_15","drought",2023,"dead",0,"Dead",NA,NA,NA,NA,NA,NA,1
2021,1,3850,17,"E","2",NA,13.5,0,NA,"","3850_1","irrigated",2024,"alive",1,"Vegetative",0,NA,"1",0,0,1,NA
2022,1,3850,17,"E","1",NA,19.5,0,NA,"","3850_1","irrigated",2024,"alive",1,"Vegetative",0,NA,"2",1,1,1,0
2023,1,3850,17,"E","2",27.5,14,1,"4","","3850_1","irrigated",2024,"alive",1,"Flowering",1,NA,"0",NA,NA,0,0
2024,1,3850,17,"E","0",NA,NA,NA,NA,"NP","3850_1","irrigated",2024,"dead",0,"Dead",NA,NA,NA,NA,NA,NA,1
2016,13,3853,16,"A","3",NA,7.5,0,NA,"","3853_13","control",NA,"alive",1,"Vegetative",0,NA,"6",3,1,1,NA
2017,13,3853,16,"A","6",NA,15,3,"2.5","","3853_13","control",NA,"alive",1,"Flowering",1,NA,"5",0,0,1,0
2018,13,3853,16,"A","5",12.5,12.5,0,NA,"","3853_13","control",NA,"alive",1,"Vegetative",0,NA,"10",1,1,1,1
2019,13,3853,16,"A","10",22,20.5,1,"4","","3853_13","control",NA,"alive",1,"Flowering",1,NA,"2",0,0,1,0
2020,13,3853,16,"A","2",NA,11.3,0,NA,"","3853_13","control",NA,"alive",1,"Vegetative",0,NA,"7",1,1,1,1
2021,13,3853,16,"A","7",26,19,1,"3","","3853_13","control",NA,"alive",1,"Flowering",1,NA,"6",4,1,1,0
2022,13,3853,16,"A","6",29,12,4,"SOS","","3853_13","control",NA,"alive",1,"Flowering",1,NA,"8",5,1,1,1
2023,13,3853,16,"A","8",35,15,5,"SOS","","3853_13","control",NA,"alive",1,"Flowering",1,NA,"1",0,0,1,1
2024,13,3853,16,"A","1",NA,9.5,0,NA,"accidentally pulled leaf","3853_13","control",NA,"alive",1,"Vegetative",0,NA,"3",0,0,1,1
2025,13,3853,16,"A","3",NA,23.5,0,NA,"","3853_13","control",NA,"alive",1,"Vegetative",0,NA,NA,NA,NA,NA,0
2016,2,3858,6,"B","3",NA,10.1,0,NA,"","3858_2","control",NA,"alive",1,"Vegetative",0,NA,"3",0,0,1,NA
2017,2,3858,6,"B","3",NA,8.3,0,NA,"","3858_2","control",NA,"alive",1,"Vegetative",0,NA,"3",1,1,1,0
2018,2,3858,6,"B","3",5.5,13,1,"0.5","","3858_2","control",NA,"alive",1,"Flowering",1,NA,"1",0,0,1,0
2019,2,3858,6,"B","1",NA,13,0,NA,"","3858_2","control",NA,"alive",1,"Vegetative",0,NA,"1",0,0,1,1
2020,2,3858,6,"B","1",NA,11.8,0,NA,"","3858_2","control",NA,"alive",1,"Vegetative",0,NA,"2",0,0,1,0
2021,2,3858,6,"B","2",NA,19,0,NA,"","3858_2","control",NA,"alive",1,"Vegetative",0,NA,"1",0,0,1,0
2022,2,3858,6,"B","1",NA,20,0,NA,"","3858_2","control",NA,"alive",1,"Vegetative",0,NA,"2",1,1,1,0
2023,2,3858,6,"B","2",31,13.5,1,"3.5","dead umbel?","3858_2","control",NA,"alive",1,"Flowering",1,NA,"1",1,1,1,0
2024,2,3858,6,"B","1",27.5,11,1,"1.5","accidentally pulled when measuring","3858_2","control",NA,"alive",1,"Flowering",1,NA,"0",NA,NA,NA,1
2025,2,3858,6,"B","0",NA,NA,NA,NA,"NP","3858_2","control",NA,NA,NA,NA,NA,NA,NA,NA,NA,NA,1
2016,1,3860,3,"D","3",NA,8.2,3,"5.8","","3860_1","irrigated",NA,"alive",1,"Flowering",1,NA,"4",1,1,1,NA
2017,1,3860,3,"D","4",NA,12.5,1,"4","","3860_1","irrigated",NA,"alive",1,"Flowering",1,NA,"2",0,0,1,1
2018,1,3860,3,"D","2",12.5,12.5,0,NA,"","3860_1","irrigated",NA,"alive",1,"Vegetative",0,NA,"1",0,0,1,1
2019,1,3860,3,"D","1",NA,8,0,NA,"","3860_1","irrigated",NA,"alive",1,"Vegetative",0,NA,"2",0,0,1,0
2020,1,3860,3,"D","2",NA,12.5,0,NA,"","3860_1","irrigated",NA,"alive",1,"Vegetative",0,NA,"1",0,0,1,0
2021,1,3860,3,"D","1",NA,13,0,NA,"","3860_1","irrigated",NA,"alive",1,"Vegetative",0,NA,"7",0,0,1,0
2022,1,3860,3,"D","7",NA,21,0,NA,"","3860_1","irrigated",NA,"alive",1,"Vegetative",0,NA,"2",1,1,1,0
2023,1,3860,3,"D","2",35,18,1,"9","","3860_1","irrigated",NA,"alive",1,"Flowering",1,NA,NA,NA,NA,NA,0
2024,1,3860,3,"D",NA,NA,NA,NA,NA,"NPNT","3860_1","irrigated",NA,NA,NA,NA,NA,NA,"1",0,0,1,1
2025,1,3860,3,"D","1",NA,23,0,NA,"","3860_1","irrigated",NA,"alive",1,"Vegetative",0,NA,NA,NA,NA,NA,NA
2016,2,3861,7,"A","4",NA,6.8,1,"1.1","","3861_2","control",NA,"alive",1,"Flowering",1,NA,"4",0,0,1,NA
2017,2,3861,7,"A","4",NA,5.2,0,NA,"Could be 2 plants","3861_2","control",NA,"alive",1,"Vegetative",0,NA,"2",0,0,1,1
2018,2,3861,7,"A","2",8,8,0,NA,"","3861_2","control",NA,"alive",1,"Vegetative",0,NA,"1",0,0,1,0
2019,2,3861,7,"A","1",NA,6,0,NA,"","3861_2","control",NA,"alive",1,"Vegetative",0,NA,"1",0,0,1,0
2020,2,3861,7,"A","1",NA,6.7,0,NA,"","3861_2","control",NA,"alive",1,"Vegetative",0,NA,"1",0,0,1,0
2021,2,3861,7,"A","1",NA,8,0,NA,"","3861_2","control",NA,"alive",1,"Vegetative",0,NA,"2",0,0,1,0
2022,2,3861,7,"A","2",NA,10,0,NA,"","3861_2","control",NA,"alive",1,"Vegetative",0,NA,"1",0,0,1,0
2023,2,3861,7,"A","1",NA,10.5,0,NA,"","3861_2","control",NA,"alive",1,"Vegetative",0,NA,"1",0,0,1,0
2024,2,3861,7,"A","1",NA,10,0,NA,"wilting","3861_2","control",NA,"alive",1,"Vegetative",0,NA,"2",0,0,1,0
2025,2,3861,7,"A","2",NA,13.5,0,NA,"","3861_2","control",NA,"alive",1,"Vegetative",0,NA,NA,NA,NA,NA,0
2016,15,3863,8,"I","4",NA,7.5,2,"2.1","","3863_15","drought",NA,"alive",1,"Flowering",1,NA,"7",3,1,1,NA
2017,15,3863,8,"I","7",NA,9.5,3,"3","","3863_15","drought",NA,"alive",1,"Flowering",1,NA,"6",1,1,1,1
2018,15,3863,8,"I","6",18.5,16,1,"2.3","","3863_15","drought",NA,"alive",1,"Flowering",1,NA,"2",1,1,1,1
2019,15,3863,8,"I","2",19.5,8.5,1,"2.5","","3863_15","drought",NA,"alive",1,"Flowering",1,NA,"2",1,1,1,1
2020,15,3863,8,"I","2",12.5,13.7,1,"1.4","","3863_15","drought",NA,"alive",1,"Flowering",1,NA,"2",1,1,1,1
2021,15,3863,8,"I","2",11,15,1,"3","","3863_15","drought",NA,"alive",1,"Flowering",1,NA,"3",2,1,1,1
2022,15,3863,8,"I","3",27,15,2,"SOS","","3863_15","drought",NA,"alive",1,"Flowering",1,NA,"5",3,1,1,1
2023,15,3863,8,"I","5",35,13,3,"SOS","","3863_15","drought",NA,"alive",1,"Flowering",1,NA,"5",3,1,1,1
2024,15,3863,8,"I","5",34.5,17,3,"7.5","","3863_15","drought",NA,"alive",1,"Flowering",1,NA,"0",NA,NA,NA,1
2025,15,3863,8,"I","0",NA,NA,NA,NA,"NP","3863_15","drought",NA,NA,NA,NA,NA,NA,NA,NA,NA,NA,1
2016,2,3864,8,"G","1",NA,7,0,NA,"","3864_2","control",2021,"alive",1,"Vegetative",0,NA,"1",0,0,1,NA
2017,2,3864,8,"G","1",NA,8,0,NA,"","3864_2","control",2021,"alive",1,"Vegetative",0,NA,"1",0,0,1,0
2018,2,3864,8,"G","1",8,8,0,NA,"","3864_2","control",2021,"alive",1,"Vegetative",0,NA,"1",0,0,1,0
2019,2,3864,8,"G","1",NA,11,0,NA,"","3864_2","control",2021,"alive",1,"Vegetative",0,NA,"1",0,0,1,0
2020,2,3864,8,"G","1",NA,9.9,0,NA,"","3864_2","control",2021,"alive",1,"Vegetative",0,NA,"0",NA,NA,0,0
2021,2,3864,8,"G","0",NA,NA,NA,NA,"NP","3864_2","control",2021,"dead",0,"Dead",NA,NA,NA,NA,NA,NA,0
2016,2,3865,9,"F","3",NA,7,0,NA,"","3865_2","control",2023,"alive",1,"Vegetative",0,NA,"3",0,0,1,NA
2017,2,3865,9,"F","3",NA,7,0,NA,"","3865_2","control",2023,"alive",1,"Vegetative",0,NA,"2",0,0,1,0
2018,2,3865,9,"F","2",12.5,12.5,0,NA,"","3865_2","control",2023,"alive",1,"Vegetative",0,NA,"1",0,0,1,0
2019,2,3865,9,"F","1",NA,11,0,NA,"","3865_2","control",2023,"alive",1,"Vegetative",0,NA,"0",NA,NA,1,0
2020,2,3865,9,"F","0",NA,NA,NA,NA,"no plant","3865_2","control",2023,"dormant",1,"Dormant",NA,NA,"3",0,0,1,0
2021,2,3865,9,"F","3",NA,12,0,NA,"","3865_2","control",2023,"alive",1,"Vegetative",0,NA,"3",1,1,1,NA
2022,2,3865,9,"F","3",22.5,24,1,"4.5","","3865_2","control",2023,"alive",1,"Flowering",1,NA,"0",NA,NA,0,0
2023,2,3865,9,"F","0",NA,NA,NA,NA,"NP","3865_2","control",2023,"dead",0,"Dead",NA,NA,NA,NA,NA,NA,1
2017,7,3886,10,"B","5",NA,17,2,"5","","3866_7","drought",NA,"alive",1,"Flowering",1,NA,"3",2,1,1,NA
2018,7,3886,10,"B","3",24.5,12,2,"4.8","tag says '3886'","3866_7","drought",NA,"alive",1,"Flowering",1,NA,"1",1,1,1,1
2019,7,3886,10,"B","1",24.5,10.5,1,"5","","3866_7","drought",NA,"alive",1,"Flowering",1,NA,"0",NA,NA,1,1
2020,7,3886,10,"B","0",NA,NA,NA,NA,"no plant","3866_7","drought",NA,"dormant",1,"Dormant",NA,NA,"2",1,1,1,1
2021,7,3886,10,"B","2",12.5,15,1,"3","","3866_7","drought",NA,"alive",1,"Flowering",1,NA,"3",2,1,1,NA
2022,7,3886,10,"B","3",55,14,2,"SOS","Tag says 3886, typo? No other 10B/C tag","3866_7","drought",NA,"alive",1,"Flowering",1,NA,"3",1,1,1,1
2023,7,3886,10,"B","3",38,26,1,"6","","3866_7","drought",NA,"alive",1,"Flowering",1,NA,"5",3,1,1,1
2024,7,3886,10,"B","5",50.5,25,3,"15","","3866_7","drought",NA,"alive",1,"Flowering",1,NA,"2",1,1,1,1
2025,7,3886,10,"B","2",34,21,1,"6.5","tag says 3886","3866_7","drought",NA,"alive",1,"Flowering",1,NA,NA,NA,NA,NA,1
2016,15,3868,15,"A","4",NA,10.5,2,"5.5","","3868_15","drought",NA,"alive",1,"Flowering",1,NA,"5",2,1,1,NA
2017,15,3868,15,"A","5",NA,14.5,2,"3","","3868_15","drought",NA,"alive",1,"Flowering",1,NA,"4",1,1,1,1
2018,15,3868,15,"A","4",17,16,1,"3.6","","3868_15","drought",NA,"alive",1,"Flowering",1,NA,"2",1,1,1,1
2019,15,3868,15,"A","2",12.5,8,1,"2.5","","3868_15","drought",NA,"alive",1,"Flowering",1,NA,NA,NA,NA,NA,1
2020,15,3868,15,"A",NA,NA,NA,NA,NA,"","3868_15","drought",NA,NA,NA,NA,NA,NA,"7",2,1,1,1
2021,15,3868,15,"A","7",12,19.5,2,"1","","3868_15","drought",NA,"alive",1,"Flowering",1,NA,"8",5,1,1,NA
2022,15,3868,15,"A","8",41,20,5,"SOS","","3868_15","drought",NA,"alive",1,"Flowering",1,NA,"6",3,1,1,1
2023,15,3868,15,"A","6",51,17,3,"SOS","not tracking phenology","3868_15","drought",NA,"alive",1,"Flowering",1,NA,"7",4,1,1,1
2024,15,3868,15,"A","7",43,19,4,"11.5","","3868_15","drought",NA,"alive",1,"Flowering",1,NA,"1",0,0,1,1
2025,15,3868,15,"A","1",NA,14,0,NA,"","3868_15","drought",NA,"alive",1,"Vegetative",0,NA,NA,NA,NA,NA,1
2016,5,3869,18,"E","4",NA,5.7,2,"2.7","","3869_5","drought",NA,"alive",1,"Flowering",1,NA,"4",2,1,1,NA
2017,5,3869,18,"E","4",NA,14.5,2,"3.5","","3869_5","drought",NA,"alive",1,"Flowering",1,NA,"1",0,0,1,1
2018,5,3869,18,"E","1",17,17,0,NA,"","3869_5","drought",NA,"alive",1,"Vegetative",0,NA,NA,NA,NA,NA,1
2019,5,3869,18,"E",NA,NA,NA,NA,NA,"NPNT","3869_5","drought",NA,NA,NA,NA,NA,NA,NA,NA,NA,NA,0
2020,5,3869,18,"E",NA,NA,NA,NA,NA,"","3869_5","drought",NA,NA,NA,NA,NA,NA,"1",0,0,1,NA
2021,5,3869,18,"E","1",NA,15,0,NA,"","3869_5","drought",NA,"alive",1,"Vegetative",0,NA,"2",1,1,1,NA
2022,5,3869,18,"E","2",22,15,1,"4","","3869_5","drought",NA,"alive",1,"Flowering",1,NA,"2",2,1,1,0
2023,5,3869,18,"E","2",31,18,2,"SOS","","3869_5","drought",NA,"alive",1,"Flowering",1,NA,"3",2,1,1,1
2024,5,3869,18,"E","3",21.5,10.5,2,"5.5","","3869_5","drought",NA,"alive",1,"Flowering",1,NA,"1",1,1,1,1
2025,5,3869,18,"E","1",12,17.5,1,"2.5","","3869_5","drought",NA,"alive",1,"Flowering",1,NA,NA,NA,NA,NA,1
2016,1,3871,8,"J","9",NA,9.5,1,"2.8","","3871_1","irrigated",2021,"alive",1,"Flowering",1,NA,NA,NA,NA,NA,NA
2017,1,3871,8,"J",NA,NA,NA,NA,NA,"NP/NT","3871_1","irrigated",2021,NA,NA,NA,NA,NA,"4",1,1,1,1
2018,1,3871,8,"J","4",10.5,16.5,1,"1.2","","3871_1","irrigated",2021,"alive",1,"Flowering",1,NA,"1",0,0,1,NA
2019,1,3871,8,"J","1",NA,11,0,NA,"","3871_1","irrigated",2021,"alive",1,"Vegetative",0,NA,NA,NA,NA,NA,1
2020,1,3871,8,"J",NA,NA,NA,NA,NA,"NPNT","3871_1","irrigated",2021,NA,NA,NA,NA,NA,"0",NA,NA,0,0
2021,1,3871,8,"J","0",NA,NA,NA,NA,"NP","3871_1","irrigated",2021,"dead",0,"Dead",NA,NA,NA,NA,NA,NA,NA
2016,7,3874,8,"C","6",NA,7,1,"2.1","","3874_7","drought",NA,"alive",1,"Flowering",1,NA,"4",1,1,1,NA
2017,7,3874,8,"C","4",NA,22,1,"4","","3874_7","drought",NA,"alive",1,"Flowering",1,NA,"3",1,1,1,1
2018,7,3874,8,"C","3",33,18,1,"2.8","","3874_7","drought",NA,"alive",1,"Flowering",1,NA,"2",1,1,1,1
2019,7,3874,8,"C","2",33,21.5,1,"3","","3874_7","drought",NA,"alive",1,"Flowering",1,NA,"2",1,1,1,1
2020,7,3874,8,"C","2",22.3,10.2,1,"2.6","","3874_7","drought",NA,"alive",1,"Flowering",1,NA,"3",1,1,1,1
2021,7,3874,8,"C","3",8,16,1,NA,"","3874_7","drought",NA,"alive",1,"Flowering",1,NA,"4",1,1,1,1
2022,7,3874,8,"C","4",53,25.5,1,"4.5","","3874_7","drought",NA,"alive",1,"Flowering",1,NA,"3",2,1,1,1
2023,7,3874,8,"C","3",41,20,2,"SOS","","3874_7","drought",NA,"alive",1,"Flowering",1,NA,"3",0,0,1,1
2024,7,3874,8,"C","3",47,28.5,0,"3.5","","3874_7","drought",NA,"alive",1,"Vegetative",0,NA,"0",NA,NA,NA,1
2025,7,3874,8,"C","0",NA,NA,NA,NA,"NP","3874_7","drought",NA,NA,NA,NA,NA,NA,NA,NA,NA,NA,0
2016,1,3875,9,"B","7",NA,13.2,3,"3.9","","3875_1","irrigated",2021,"alive",1,"Flowering",1,NA,"2",0,0,1,NA
2017,1,3875,9,"B","2",NA,16,0,NA,"","3875_1","irrigated",2021,"alive",1,"Vegetative",0,NA,"1",0,0,1,1
2018,1,3875,9,"B","1",8,8,0,NA,"","3875_1","irrigated",2021,"alive",1,"Vegetative",0,NA,"1",0,0,1,0
2019,1,3875,9,"B","1",NA,14,0,NA,"","3875_1","irrigated",2021,"alive",1,"Vegetative",0,NA,"1",0,0,1,0
2020,1,3875,9,"B","1",NA,15,0,NA,"","3875_1","irrigated",2021,"alive",1,"Vegetative",0,NA,"0",NA,NA,0,0
2021,1,3875,9,"B","0",NA,NA,NA,NA,"NP","3875_1","irrigated",2021,"dead",0,"Dead",NA,NA,NA,NA,NA,NA,0
2016,12,3876,11,"H","6",NA,7.2,0,NA,"","3876_12","irrigated",NA,"alive",1,"Vegetative",0,NA,"1",0,0,1,NA
2017,12,3876,11,"H","1",NA,8,0,NA,"","3876_12","irrigated",NA,"alive",1,"Vegetative",0,NA,"1",0,0,1,0
2018,12,3876,11,"H","1",12,12,0,NA,"","3876_12","irrigated",NA,"alive",1,"Vegetative",0,NA,"4",2,1,1,0
2019,12,3876,11,"H","4",22.5,14,2,"3","","3876_12","irrigated",NA,"alive",1,"Flowering",1,NA,"0",NA,NA,1,0
2020,12,3876,11,"H","0",NA,NA,NA,NA,"no plant","3876_12","irrigated",NA,"dormant",1,"Dormant",NA,NA,"1",0,0,1,1
2021,12,3876,11,"H","1",NA,14,0,NA,"","3876_12","irrigated",NA,"alive",1,"Vegetative",0,NA,"1",0,0,1,NA
2022,12,3876,11,"H","1",NA,10.5,0,NA,"","3876_12","irrigated",NA,"alive",1,"Vegetative",0,NA,"0",NA,NA,1,0
2023,12,3876,11,"H","0",NA,NA,NA,NA,"NP","3876_12","irrigated",NA,"dormant",1,"Dormant",NA,NA,"2",0,0,1,0
2024,12,3876,11,"H","2",NA,19.5,0,NA,"moss","3876_12","irrigated",NA,"alive",1,"Vegetative",0,NA,"3",2,1,1,NA
2025,12,3876,11,"H","3",28,17,2,"5","","3876_12","irrigated",NA,"alive",1,"Flowering",1,NA,NA,NA,NA,NA,0
2016,5,3877,3,"J","3",NA,4,0,NA,"","3877_5","drought",NA,"alive",1,"Vegetative",0,NA,"2",0,0,1,NA
2017,5,3877,3,"J","2",NA,13,0,NA,"","3877_5","drought",NA,"alive",1,"Vegetative",0,NA,"1",0,0,1,0
2018,5,3877,3,"J","1",8,8,0,NA,"","3877_5","drought",NA,"alive",1,"Vegetative",0,NA,"1",0,0,1,0
2019,5,3877,3,"J","1",NA,11.5,0,NA,"","3877_5","drought",NA,"alive",1,"Vegetative",0,NA,"1",0,0,1,0
2020,5,3877,3,"J","1",NA,11.4,0,NA,"","3877_5","drought",NA,"alive",1,"Vegetative",0,NA,"1",0,0,1,0
2021,5,3877,3,"J","1",NA,13,0,NA,"","3877_5","drought",NA,"alive",1,"Vegetative",0,NA,"3",1,1,1,0
2022,5,3877,3,"J","3",18.5,21,1,"3","","3877_5","drought",NA,"alive",1,"Flowering",1,NA,"1",1,1,1,0
2023,5,3877,3,"J","1",32,15.5,1,"3.5","","3877_5","drought",NA,"alive",1,"Flowering",1,NA,"1",1,1,1,1
2024,5,3877,3,"J","1",18,10,1,"3.5","","3877_5","drought",NA,"alive",1,"Flowering",1,NA,"3",0,0,1,1
2025,5,3877,3,"J","3",NA,17,0,NA,"","3877_5","drought",NA,"alive",1,"Vegetative",0,NA,NA,NA,NA,NA,1
2016,1,3878,9,"E","6",NA,12.2,1,"4.5","","3878_1","irrigated",2019,"alive",1,"Flowering",1,NA,NA,NA,NA,NA,NA
2017,1,3878,9,"E",NA,NA,NA,NA,NA,"NP/NT","3878_1","irrigated",2019,NA,NA,NA,NA,NA,NA,NA,NA,NA,1
2018,1,3878,9,"E",NA,NA,NA,NA,NA,"NP/NT","3878_1","irrigated",2019,NA,NA,NA,NA,NA,"0",NA,NA,0,NA
2019,1,3878,9,"E","0",NA,NA,NA,NA,"NP, found tag","3878_1","irrigated",2019,"dead",0,"Dead",NA,NA,NA,NA,NA,NA,NA
2016,1,3879,3,"D","4",NA,17,1,"5.5","","3879_1","irrigated",NA,"alive",1,"Flowering",1,NA,"3",1,1,1,NA
2017,1,3879,3,"D","3",NA,14.5,1,"3","","3879_1","irrigated",NA,"alive",1,"Flowering",1,NA,"3",1,1,1,1
2018,1,3879,3,"D","3",15,12.5,1,"2.2","","3879_1","irrigated",NA,"alive",1,"Flowering",1,NA,"1",1,1,1,1
2019,1,3879,3,"D","1",15,10,1,"3","","3879_1","irrigated",NA,"alive",1,"Flowering",1,NA,"1",0,0,1,1
2020,1,3879,3,"D","1",NA,13.7,0,NA,"","3879_1","irrigated",NA,"alive",1,"Vegetative",0,NA,"1",0,0,1,1
2021,1,3879,3,"D","1",NA,18,0,NA,"","3879_1","irrigated",NA,"alive",1,"Vegetative",0,NA,"2",1,1,1,0
2022,1,3879,3,"D","2",40,15,1,"5.5","","3879_1","irrigated",NA,"alive",1,"Flowering",1,NA,"2",1,1,1,0
2023,1,3879,3,"D","2",36,22,1,"7","","3879_1","irrigated",NA,"alive",1,"Flowering",1,NA,"8",3,1,1,1
2024,1,3879,3,"D","8",26,17.5,3,"7.5","","3879_1","irrigated",NA,"alive",1,"Flowering",1,NA,"2",2,1,1,1
2025,1,3879,3,"D","2",25,21,2,"1.5","one if the umbles dead","3879_1","irrigated",NA,"alive",1,"Flowering",1,NA,NA,NA,NA,NA,1
2018,15,3881,5,"E","3",19,17,1,"2.7","","3881_15","drought",NA,"alive",1,"Flowering",1,NA,"2",2,1,1,NA
2019,15,3881,5,"E","2",12,12,2,"1","","3881_15","drought",NA,"alive",1,"Flowering",1,NA,"0",NA,NA,1,1
2020,15,3881,5,"E","0",NA,NA,NA,NA,"no plant","3881_15","drought",NA,"dormant",1,"Dormant",NA,NA,"3",0,0,1,1
2021,15,3881,5,"E","3",NA,15.5,0,NA,"","3881_15","drought",NA,"alive",1,"Vegetative",0,NA,"2",0,0,1,NA
2022,15,3881,5,"E","2",NA,23.5,0,NA,"","3881_15","drought",NA,"alive",1,"Vegetative",0,NA,"3",2,1,1,0
2023,15,3881,5,"E","3",34,12,2,"SOS","","3881_15","drought",NA,"alive",1,"Flowering",1,NA,"3",2,1,1,0
2024,15,3881,5,"E","3",23,17.5,2,"4.5","spittlebug","3881_15","drought",NA,"alive",1,"Flowering",1,NA,"1",0,0,1,1
2025,15,3881,5,"E","1",NA,21.5,0,NA,"vole tunnel","3881_15","drought",NA,"alive",1,"Vegetative",0,NA,NA,NA,NA,NA,1
2017,15,3882,2,"I","3",NA,15.5,1,"3","","3882_15","drought",NA,"alive",1,"Flowering",1,NA,"4",0,0,1,NA
2018,15,3882,2,"I","4",20,20,0,NA,"","3882_15","drought",NA,"alive",1,"Vegetative",0,NA,"1",0,0,1,1
2019,15,3882,2,"I","1",NA,15,0,NA,"","3882_15","drought",NA,"alive",1,"Vegetative",0,NA,"2",0,0,1,0
2020,15,3882,2,"I","2",NA,10.5,0,NA,"1 eaten leaf","3882_15","drought",NA,"alive",1,"Vegetative",0,NA,"2",1,1,1,0
2021,15,3882,2,"I","2",19.5,14,1,"3","","3882_15","drought",NA,"alive",1,"Flowering",1,NA,"4",2,1,1,0
2022,15,3882,2,"I","4",43,25,2,"SOS","","3882_15","drought",NA,"alive",1,"Flowering",1,NA,"5",4,1,1,1
2023,15,3882,2,"I","5",41,20,4,"SOS","","3882_15","drought",NA,"alive",1,"Flowering",1,NA,"5",2,1,1,1
2024,15,3882,2,"I","5",2,19.5,2,"6","","3882_15","drought",NA,"alive",1,"Flowering",1,NA,"0",NA,NA,NA,1
2025,15,3882,2,"I","0",NA,NA,NA,NA,"NP tag pulled vole digging","3882_15","drought",NA,NA,NA,NA,NA,NA,NA,NA,NA,NA,1
2016,14,3885,9,"D","3",NA,6.5,0,NA,"","3885_14","drought",NA,"alive",1,"Vegetative",0,NA,"3",2,1,1,NA
2017,14,3885,9,"D","3",NA,22,2,"2.5","","3885_14","drought",NA,"alive",1,"Flowering",1,NA,"1",0,0,1,0
2018,14,3885,9,"D","1",13,13,0,NA,"","3885_14","drought",NA,"alive",1,"Vegetative",0,NA,"1",0,0,1,1
2019,14,3885,9,"D","1",NA,22.5,0,NA,"","3885_14","drought",NA,"alive",1,"Vegetative",0,NA,NA,NA,NA,NA,0
2020,14,3885,9,"D",NA,NA,NA,NA,NA,"npnt","3885_14","drought",NA,NA,NA,NA,NA,NA,"2",0,0,1,0
2021,14,3885,9,"D","2",NA,21,0,NA,"","3885_14","drought",NA,"alive",1,"Vegetative",0,NA,"2",1,1,1,NA
2022,14,3885,9,"D","2",47,21,1,"5","","3885_14","drought",NA,"alive",1,"Flowering",1,NA,"2",1,1,1,0
2023,14,3885,9,"D","2",47.5,32,1,"7.5","stalk broken","3885_14","drought",NA,"alive",1,"Flowering",1,NA,"1",0,0,1,1
2024,14,3885,9,"D","1",NA,25,0,NA,"very close to Dactylis","3885_14","drought",NA,"alive",1,"Vegetative",0,NA,"0",NA,NA,NA,1
2025,14,3885,9,"D","0",NA,NA,NA,NA,"NP","3885_14","drought",NA,NA,NA,NA,NA,NA,NA,NA,NA,NA,0
2016,7,3886,10,"B","8",NA,6.5,1,"10","","3886_7","drought",NA,"alive",1,"Flowering",1,NA,NA,NA,NA,NA,NA
2017,6,3887,16,"D","2",NA,14.5,1,"2.5","","3887_6","irrigated",NA,"alive",1,"Flowering",1,NA,"3",2,1,1,NA
2018,6,3887,16,"D","3",18,11,2,"3.7","","3887_6","irrigated",NA,"alive",1,"Flowering",1,NA,"3",2,1,1,1
2019,6,3887,16,"D","3",21.5,10,2,"3.5","","3887_6","irrigated",NA,"alive",1,"Flowering",1,NA,"5",2,1,1,1
2020,6,3887,16,"D","5",24,8.6,2,"SOS","","3887_6","irrigated",NA,"alive",1,"Flowering",1,NA,"3",2,1,1,1
2021,6,3887,16,"D","3",30,14,2,"SOS","","3887_6","irrigated",NA,"alive",1,"Flowering",1,NA,"4",3,1,1,1
2022,6,3887,16,"D","4",60,10,3,"SOS","","3887_6","irrigated",NA,"alive",1,"Flowering",1,NA,"4",3,1,1,1
2023,6,3887,16,"D","4",44,17,3,"SOS","","3887_6","irrigated",NA,"alive",1,"Flowering",1,NA,"5",2,1,1,1
2024,6,3887,16,"D","5",37,7.5,2,"4","longest leaf senesced; measured second longest","3887_6","irrigated",NA,"alive",1,"Flowering",1,NA,"3",1,1,1,1
2025,6,3887,16,"D","3",17,17,1,"2","","3887_6","irrigated",NA,"alive",1,"Flowering",1,NA,NA,NA,NA,NA,1
2017,5,3888,17,"I","2",NA,10.5,2,"3","","3888_5","drought",NA,"alive",1,"Flowering",1,NA,"2",1,1,1,NA
2018,5,3888,17,"I","2",10,9,1,"1.7","","3888_5","drought",NA,"alive",1,"Flowering",1,NA,"0",NA,NA,1,1
2019,5,3888,17,"I","0",NA,NA,NA,NA,"no plant","3888_5","drought",NA,"dormant",1,"Dormant",NA,NA,NA,NA,NA,NA,1
2020,5,3888,17,"I",NA,NA,NA,NA,NA,"","3888_5","drought",NA,NA,NA,NA,NA,NA,"0",NA,NA,1,NA
2021,5,3888,17,"I","0",NA,NA,NA,NA,"NP","3888_5","drought",NA,"dormant",1,"Dormant",NA,NA,"1",1,1,1,NA
2022,5,3888,17,"I","1",21,12,1,"3.5","Yes plant in 2022","3888_5","drought",NA,"alive",1,"Flowering",1,NA,"5",3,1,1,NA
2023,5,3888,17,"I","5",42,17,3,"SOS","1 dead umbel","3888_5","drought",NA,"alive",1,"Flowering",1,NA,"3",2,1,1,1
2024,5,3888,17,"I","3",32.5,15,2,"6","small umbel is dead","3888_5","drought",NA,"alive",1,"Flowering",1,NA,"3",2,1,1,1
2025,5,3888,17,"I","3",15,15,2,"0","","3888_5","drought",NA,"alive",1,"Flowering",1,NA,NA,NA,NA,NA,1
2017,2,3891,0,"J","2",NA,16.5,0,NA,"","3891_2","control",NA,"alive",1,"Vegetative",0,NA,"1",0,0,1,NA
2018,2,3891,0,"J","1",17.5,17.5,0,NA,"","3891_2","control",NA,"alive",1,"Vegetative",0,NA,"1",1,1,1,0
2019,2,3891,0,"J","1",18,12,1,"3","","3891_2","control",NA,"alive",1,"Flowering",1,NA,"1",0,0,1,0
2020,2,3891,0,"J","1",NA,10.5,0,NA,"","3891_2","control",NA,"alive",1,"Vegetative",0,NA,"3",0,0,1,1
2021,2,3891,0,"J","3",NA,13,0,NA,"","3891_2","control",NA,"alive",1,"Vegetative",0,NA,"1",1,1,1,0
2022,2,3891,0,"J","1",22,12.5,1,"4","","3891_2","control",NA,"alive",1,"Flowering",1,NA,"1",1,1,1,0
2023,2,3891,0,"J","1",30,14,1,"6","didn't track phenology","3891_2","control",NA,"alive",1,"Flowering",1,NA,"1",1,1,1,1
2024,2,3891,0,"J","1",30,17.5,1,"5","","3891_2","control",NA,"alive",1,"Flowering",1,NA,"0",NA,NA,NA,1
2025,2,3891,0,"J","0",NA,NA,NA,NA,"NP","3891_2","control",NA,NA,NA,NA,NA,NA,NA,NA,NA,NA,1
2021,15,3892,0,"B","3",22.5,13.5,1,"1.5","","3892_15","drought",NA,"alive",1,"Flowering",1,NA,"6",3,1,1,NA
2022,15,3892,0,"B","6",42,21,3,"SOS","","3892_15","drought",NA,"alive",1,"Flowering",1,NA,"8",3,1,1,1
2023,15,3892,0,"B","8",50,17,3,"SOS","","3892_15","drought",NA,"alive",1,"Flowering",1,NA,"4",3,1,1,1
2024,15,3892,0,"B","4",44.5,20,3,"13.5","spittlebug","3892_15","drought",NA,"alive",1,"Flowering",1,NA,"0",NA,NA,NA,1
2025,15,3892,0,"B","0",NA,NA,NA,NA,"NP","3892_15","drought",NA,NA,NA,NA,NA,NA,NA,NA,NA,NA,1
2016,15,3894,12,"G","3",NA,4.5,1,"1.5","Dehydrated","3894_15","drought",2019,"alive",1,"Flowering",1,NA,"5",2,1,1,NA
2017,15,3894,12,"G","5",NA,18,2,"2","","3894_15","drought",2019,"alive",1,"Flowering",1,NA,NA,NA,NA,NA,1
2018,15,3894,12,"G",NA,NA,NA,NA,NA,"no plant no tag","3894_15","drought",2019,NA,NA,NA,NA,NA,"0",NA,NA,0,1
2019,15,3894,12,"G","0",NA,NA,NA,NA,"found tag, no plant","3894_15","drought",2019,"dead",0,"Dead",NA,NA,NA,NA,NA,NA,NA
2017,5,3896,10,"F","3",NA,8,1,"2","","3896_5","drought",NA,"alive",1,"Flowering",1,NA,"1",0,0,1,NA
2018,5,3896,10,"F","1",12,12,0,NA,"","3896_5","drought",NA,"alive",1,"Vegetative",0,NA,"0",NA,NA,1,1
2019,5,3896,10,"F","0",NA,NA,NA,NA,"no plant","3896_5","drought",NA,"dormant",1,"Dormant",NA,NA,NA,NA,NA,NA,0
2020,5,3896,10,"F",NA,NA,NA,NA,NA,"","3896_5","drought",NA,NA,NA,NA,NA,NA,"2",1,1,1,NA
2021,5,3896,10,"F","2",NA,16,1,NA,"","3896_5","drought",NA,"alive",1,"Flowering",1,NA,"3",2,1,1,NA
2022,5,3896,10,"F","3",23,12,2,"SOS","","3896_5","drought",NA,"alive",1,"Flowering",1,NA,"3",2,1,1,1
2023,5,3896,10,"F","3",33,14.5,2,"SOS","1 umbel dead","3896_5","drought",NA,"alive",1,"Flowering",1,NA,NA,NA,NA,NA,1
2024,5,3896,10,"F",NA,NA,NA,NA,NA,"NPNT","3896_5","drought",NA,NA,NA,NA,NA,NA,"2",1,1,1,1
2025,5,3896,10,"F","2",9.5,9,1,"2","","3896_5","drought",NA,"alive",1,"Flowering",1,NA,NA,NA,NA,NA,NA
2016,15,3900,11,"F","3",NA,6,0,NA,"","3900_15","drought",NA,"alive",1,"Vegetative",0,NA,"5",1,1,1,NA
2017,15,3900,11,"F","5",NA,10.5,1,"2.2","","3900_15","drought",NA,"alive",1,"Flowering",1,NA,"3",0,0,1,0
2018,15,3900,11,"F","3",11,11,0,NA,"","3900_15","drought",NA,"alive",1,"Vegetative",0,NA,"0",NA,NA,1,1
2019,15,3900,11,"F","0",NA,NA,NA,NA,"","3900_15","drought",NA,"dormant",1,"Dormant",NA,NA,NA,NA,NA,NA,0
2020,15,3900,11,"F",NA,NA,NA,NA,NA,"","3900_15","drought",NA,NA,NA,NA,NA,NA,"3",0,0,1,NA
2021,15,3900,11,"F","3",NA,14,0,NA,"","3900_15","drought",NA,"alive",1,"Vegetative",0,NA,"4",2,1,1,NA
2022,15,3900,11,"F","4",29,15,2,"SOS","","3900_15","drought",NA,"alive",1,"Flowering",1,NA,"0",NA,NA,1,0
2023,15,3900,11,"F","0",NA,NA,NA,NA,"NP","3900_15","drought",NA,"dormant",1,"Dormant",NA,NA,NA,NA,NA,NA,1
2024,15,3900,11,"F",NA,NA,NA,NA,NA,"NPNT","3900_15","drought",NA,NA,NA,NA,NA,NA,"0",NA,NA,NA,NA
2025,15,3900,11,"F","0",NA,NA,NA,NA,"NP tag pulled","3900_15","drought",NA,NA,NA,NA,NA,NA,NA,NA,NA,NA,NA
2021,1,3902,15,"J","1",NA,12,0,NA,"","3902_1","irrigated",NA,"alive",1,"Vegetative",0,NA,"1",0,0,1,NA
2022,1,3902,15,"J","1",NA,20.5,0,NA,"","3902_1","irrigated",NA,"alive",1,"Vegetative",0,NA,"2",1,1,1,0
2023,1,3902,15,"J","2",29,7,1,"8","","3902_1","irrigated",NA,"alive",1,"Flowering",1,NA,"1",0,0,1,0
2024,1,3902,15,"J","1",NA,20.5,0,NA,"accidentally pulled when measuring","3902_1","irrigated",NA,"alive",1,"Vegetative",0,NA,"0",NA,NA,NA,1
2025,1,3902,15,"J","0",NA,NA,NA,NA,"NP","3902_1","irrigated",NA,NA,NA,NA,NA,NA,NA,NA,NA,NA,0
2021,2,3905,1,"D","2",NA,11,0,NA,"","3905_2","control",NA,"alive",1,"Vegetative",0,NA,"2",0,0,1,NA
2022,2,3905,1,"D","2",NA,13.5,0,NA,"","3905_2","control",NA,"alive",1,"Vegetative",0,NA,"0",NA,NA,1,0
2023,2,3905,1,"D","0",NA,NA,NA,NA,"NP","3905_2","control",NA,"dormant",1,"Dormant",NA,NA,NA,NA,NA,NA,0
2024,2,3905,1,"D",NA,NA,NA,NA,NA,"NPNT; moss","3905_2","control",NA,NA,NA,NA,NA,NA,"0",NA,NA,NA,NA
2025,2,3905,1,"D","0",NA,NA,NA,NA,"NP, moss","3905_2","control",NA,NA,NA,NA,NA,NA,NA,NA,NA,NA,NA
2017,3,3906,1,"C","1",NA,7,1,"1.5","","3906_3","control",2024,"alive",1,"Flowering",1,NA,"3",0,0,1,NA
2018,3,3906,1,"C","3",14,14,0,NA,"","3906_3","control",2024,"alive",1,"Vegetative",0,NA,"2",1,1,1,1
2019,3,3906,1,"C","2",15,11,1,"2.5","","3906_3","control",2024,"alive",1,"Flowering",1,NA,"2",0,0,1,0
2020,3,3906,1,"C","2",NA,12.2,0,NA,"","3906_3","control",2024,"alive",1,"Vegetative",0,NA,"2",0,0,1,1
2021,3,3906,1,"C","2",NA,20.5,0,NA,"","3906_3","control",2024,"alive",1,"Vegetative",0,NA,"2",1,1,1,0
2022,3,3906,1,"C","2",38,17,1,"4","","3906_3","control",2024,"alive",1,"Flowering",1,NA,"2",1,1,1,0
2023,3,3906,1,"C","2",39,22.5,1,"5.5","","3906_3","control",2024,"alive",1,"Flowering",1,NA,"0",NA,NA,0,1
2024,3,3906,1,"C","0",NA,NA,NA,NA,"NP","3906_3","control",2024,"dead",0,"Dead",NA,NA,NA,NA,NA,NA,1
2017,5,3907,16,"B","2",NA,11.5,1,"3.5","","3907_5","drought",2018,"alive",1,"Flowering",1,NA,"0",NA,NA,0,NA
2018,5,3907,16,"B","0",NA,NA,NA,NA,"no plant","3907_5","drought",2018,"dead",0,"Dead",NA,NA,NA,NA,NA,NA,1
2016,2,3908,8,"B","6",NA,6.5,0,NA,"","3908_2","control",2017,"alive",1,"Vegetative",0,NA,"0",NA,NA,0,NA
2017,2,3908,8,"B","0",NA,NA,NA,NA,"No plant/dead?","3908_2","control",2017,"dead",0,"Dead",NA,NA,NA,NA,NA,NA,0
2016,14,3913,5,"E","10",NA,7.3,2,"3.1","","3913_14","drought",NA,"alive",1,"Flowering",1,NA,"3",0,0,1,NA
2017,14,3913,5,"E","3",NA,20,0,NA,"","3913_14","drought",NA,"alive",1,"Vegetative",0,NA,"5",2,1,1,1
2018,14,3913,5,"E","5",28,13.5,2,"3","","3913_14","drought",NA,"alive",1,"Flowering",1,NA,"2",1,1,1,0
2019,14,3913,5,"E","2",27,15.5,1,"2.5","","3913_14","drought",NA,"alive",1,"Flowering",1,NA,NA,NA,NA,NA,1
2020,14,3913,5,"E",NA,NA,NA,NA,NA,"npnt","3913_14","drought",NA,NA,NA,NA,NA,NA,"3",0,0,1,1
2021,14,3913,5,"E","3",NA,22,0,NA,"","3913_14","drought",NA,"alive",1,"Vegetative",0,NA,"4",2,1,1,NA
2022,14,3913,5,"E","4",53,20,2,"SOS","","3913_14","drought",NA,"alive",1,"Flowering",1,NA,"4",3,1,1,0
2023,14,3913,5,"E","4",49,16,3,"SOS","","3913_14","drought",NA,"alive",1,"Flowering",1,NA,"0",NA,NA,1,1
2024,14,3913,5,"E","0",NA,NA,NA,NA,"NP","3913_14","drought",NA,"dormant",1,"Dormant",NA,NA,"1",0,0,1,1
2025,14,3913,5,"E","1",NA,26,0,NA,"","3913_14","drought",NA,"alive",1,"Vegetative",0,NA,NA,NA,NA,NA,NA
2017,6,3916,7,"C","1",NA,26.5,0,NA,"","3916_6","irrigated",2022,"alive",1,"Vegetative",0,NA,"2",1,1,1,NA
2018,6,3916,7,"C","2",25,20,1,"3.2","","3916_6","irrigated",2022,"alive",1,"Flowering",1,NA,"3",1,1,1,0
2019,6,3916,7,"C","3",22,21,1,"4","already seeded","3916_6","irrigated",2022,"alive",1,"Flowering",1,NA,"3",0,0,1,1
2020,6,3916,7,"C","3",NA,14.5,0,NA,"3918 = correct tag","3916_6","irrigated",2022,"alive",1,"Vegetative",0,NA,"4",1,1,1,1
2021,6,3916,7,"C","4",40.5,21,1,"4","","3916_6","irrigated",2022,"alive",1,"Flowering",1,NA,"0",NA,NA,0,0
2022,6,3916,7,"C","0",NA,NA,NA,NA,"NP. 3918 = correct tag","3916_6","irrigated",2022,"dead",0,"Dead",NA,NA,NA,NA,NA,NA,1
2016,6,3918,7,"C","7",NA,3.6,1,"1.2","","3918_6","irrigated",NA,"alive",1,"Flowering",1,NA,NA,NA,NA,NA,NA
2019,3,3919,0,"B","3",NA,16,0,NA,"","3919_3","control",NA,"alive",1,"Vegetative",0,NA,"0",NA,NA,1,NA
2020,3,3919,0,"B","0",NA,NA,NA,NA,"no plant","3919_3","control",NA,"dormant",1,"Dormant",NA,NA,"1",0,0,1,0
2021,3,3919,0,"B","1",NA,16,0,NA,"","3919_3","control",NA,"alive",1,"Vegetative",0,NA,"1",0,0,1,NA
2022,3,3919,0,"B","1",NA,16,0,NA,"","3919_3","control",NA,"alive",1,"Vegetative",0,NA,"2",1,1,1,0
2023,3,3919,0,"B","2",33.5,27,1,"4.5","","3919_3","control",NA,"alive",1,"Flowering",1,NA,"3",1,1,1,0
2024,3,3919,0,"B","3",30.5,19,1,"2","","3919_3","control",NA,"alive",1,"Flowering",1,NA,"1",0,0,1,1
2025,3,3919,0,"B","1",NA,26,0,NA,"","3919_3","control",NA,"alive",1,"Vegetative",0,NA,NA,NA,NA,NA,1
2016,14,3926,5,"D","3",NA,8.4,2,"4","","3926_14","drought",NA,"alive",1,"Flowering",1,NA,"2",0,0,1,NA
2017,14,3926,5,"D","2",NA,20,0,NA,"","3926_14","drought",NA,"alive",1,"Vegetative",0,NA,"4",1,1,1,1
2018,14,3926,5,"D","4",21.5,17.5,1,"3","","3926_14","drought",NA,"alive",1,"Flowering",1,NA,"7",3,1,1,0
2019,14,3926,5,"D","7",29.5,13.5,3,"4.5","","3926_14","drought",NA,"alive",1,"Flowering",1,NA,"1",0,0,1,1
2020,14,3926,5,"D","1",NA,13.3,0,NA,"","3926_14","drought",NA,"alive",1,"Vegetative",0,NA,"2",0,0,1,1
2021,14,3926,5,"D","2",NA,18,0,NA,"","3926_14","drought",NA,"alive",1,"Vegetative",0,NA,"3",1,1,1,0
2022,14,3926,5,"D","3",38,18,1,"5","","3926_14","drought",NA,"alive",1,"Flowering",1,NA,"6",4,1,1,0
2023,14,3926,5,"D","6",35,17,4,"SOS","","3926_14","drought",NA,"alive",1,"Flowering",1,NA,"2",0,0,1,1
2024,14,3926,5,"D","2",NA,21.5,0,NA,"phen records for this tag are actually plant 3671","3926_14","drought",NA,"alive",1,"Vegetative",0,NA,"1",0,0,1,1
2025,14,3926,5,"D","1",NA,22,0,NA,"","3926_14","drought",NA,"alive",1,"Vegetative",0,NA,NA,NA,NA,NA,0
2017,14,3928,17,"B","1",NA,10.5,0,NA,"","3928_14","drought",NA,"alive",1,"Vegetative",0,NA,"2",0,0,1,NA
2018,14,3928,17,"B","2",12,12,0,NA,"","3928_14","drought",NA,"alive",1,"Vegetative",0,NA,"1",0,0,1,0
2019,14,3928,17,"B","1",NA,12,0,NA,"","3928_14","drought",NA,"alive",1,"Vegetative",0,NA,NA,NA,NA,NA,0
2020,14,3928,17,"B",NA,NA,NA,NA,NA,"","3928_14","drought",NA,NA,NA,NA,NA,NA,"2",0,0,1,0
2021,14,3928,17,"B","2",NA,14,0,NA,"","3928_14","drought",NA,"alive",1,"Vegetative",0,NA,"0",NA,NA,1,NA
2022,14,3928,17,"B","0",NA,NA,NA,NA,"NP","3928_14","drought",NA,"dormant",1,"Dormant",NA,NA,"1",0,0,1,0
2023,14,3928,17,"B","1",NA,20,0,NA,"","3928_14","drought",NA,"alive",1,"Vegetative",0,NA,"0",NA,NA,1,NA
2024,14,3928,17,"B","0",NA,NA,NA,NA,"NP","3928_14","drought",NA,"dormant",1,"Dormant",NA,NA,"1",0,0,1,0
2025,14,3928,17,"B","1",NA,19,0,NA,"in 19B","3928_14","drought",NA,"alive",1,"Vegetative",0,NA,NA,NA,NA,NA,NA
2021,10,3929,7,"C","1",NA,10,0,NA,"","3929_10","drought",NA,"alive",1,"Vegetative",0,NA,"2",0,0,1,NA
2022,10,3929,7,"C","2",NA,17,0,NA,"","3929_10","drought",NA,"alive",1,"Vegetative",0,NA,"3",2,1,1,0
2023,10,3929,7,"C","3",42,19,2,"SOS","","3929_10","drought",NA,"alive",1,"Flowering",1,NA,"2",1,1,1,0
2024,10,3929,7,"C","2",34.5,18.5,1,"4.5","black spots on leaves; was 7559 in phen","3929_10","drought",NA,"alive",1,"Flowering",1,NA,"2",1,1,1,1
2025,10,3929,7,"C","2",35,16,1,"5.5","","3929_10","drought",NA,"alive",1,"Flowering",1,NA,NA,NA,NA,NA,1
2016,1,3930,8,"G","3",NA,12.2,0,NA,"","3930_1","irrigated",NA,"alive",1,"Vegetative",0,NA,"3",0,0,1,NA
2017,1,3930,8,"G","3",NA,16,0,NA,"","3930_1","irrigated",NA,"alive",1,"Vegetative",0,NA,"4",2,1,1,0
2018,1,3930,8,"G","4",22,17.5,2,"4.7","","3930_1","irrigated",NA,"alive",1,"Flowering",1,NA,"2",0,0,1,0
2019,1,3930,8,"G","2",NA,13,0,NA,"","3930_1","irrigated",NA,"alive",1,"Vegetative",0,NA,"1",0,0,1,1
2020,1,3930,8,"G","1",NA,15.6,0,NA,"","3930_1","irrigated",NA,"alive",1,"Vegetative",0,NA,"3",0,0,1,0
2021,1,3930,8,"G","3",NA,21,0,NA,"","3930_1","irrigated",NA,"alive",1,"Vegetative",0,NA,"5",3,1,1,0
2022,1,3930,8,"G","5",46,17,3,"SOS","","3930_1","irrigated",NA,"alive",1,"Flowering",1,NA,"3",2,1,1,0
2023,1,3930,8,"G","3",49,18,2,"SOS","","3930_1","irrigated",NA,"alive",1,"Flowering",1,NA,"1",0,0,1,1
2024,1,3930,8,"G","1",NA,20.5,0,NA,"","3930_1","irrigated",NA,"alive",1,"Vegetative",0,NA,"2",0,0,1,1
2025,1,3930,8,"G","2",NA,26,0,NA,"","3930_1","irrigated",NA,"alive",1,"Vegetative",0,NA,NA,NA,NA,NA,0
2016,15,3932,13,"H","3",NA,8.2,0,NA,"","3932_15","drought",2019,"alive",1,"Vegetative",0,NA,"2",0,0,1,NA
2017,15,3932,13,"H","2",NA,19,0,NA,"","3932_15","drought",2019,"alive",1,"Vegetative",0,NA,NA,NA,NA,NA,0
2018,15,3932,13,"H",NA,NA,NA,NA,NA,"no plant no tag","3932_15","drought",2019,NA,NA,NA,NA,NA,"0",NA,NA,0,0
2019,15,3932,13,"H","0",NA,NA,NA,NA,"found tag, no plant","3932_15","drought",2019,"dead",0,"Dead",NA,NA,NA,NA,NA,NA,NA
2017,2,3934,3,"H","1",NA,7.5,0,NA,"","3934_2","control",2019,"alive",1,"Vegetative",0,NA,"1",0,0,1,NA
2018,2,3934,3,"H","1",8,8,0,NA,"","3934_2","control",2019,"alive",1,"Vegetative",0,NA,"0",NA,NA,0,0
2019,2,3934,3,"H","0",NA,NA,NA,NA,"no plant","3934_2","control",2019,"dead",0,"Dead",NA,NA,NA,NA,NA,NA,0
2016,1,3935,4,"I","3",NA,9.5,0,NA,"","3935_1","irrigated",NA,"alive",1,"Vegetative",0,NA,"2",0,0,1,NA
2017,1,3935,4,"I","2",NA,15,0,NA,"","3935_1","irrigated",NA,"alive",1,"Vegetative",0,NA,"1",0,0,1,0
2018,1,3935,4,"I","1",15.5,15.5,0,NA,"","3935_1","irrigated",NA,"alive",1,"Vegetative",0,NA,"0",0,NA,1,0
2019,1,3935,4,"I","0",0,0,0,"0","NP","3935_1","irrigated",NA,"dormant",1,"Dormant",NA,NA,"1",0,0,1,0
2020,1,3935,4,"I","1",NA,12.1,0,NA,"","3935_1","irrigated",NA,"alive",1,"Vegetative",0,NA,"2",0,0,1,NA
2021,1,3935,4,"I","2",NA,18,0,NA,"","3935_1","irrigated",NA,"alive",1,"Vegetative",0,NA,"4",2,1,1,0
2022,1,3935,4,"I","4",45,17,2,"SOS","","3935_1","irrigated",NA,"alive",1,"Flowering",1,NA,"4",2,1,1,0
2023,1,3935,4,"I","4",34,22,2,"SOS","","3935_1","irrigated",NA,"alive",1,"Flowering",1,NA,"1",1,1,1,1
2024,1,3935,4,"I","1",27,NA,1,"3","found pulled without leaf","3935_1","irrigated",NA,"alive",1,"Flowering",1,NA,"1",1,1,1,1
2025,1,3935,4,"I","1",30,22.5,1,"6","","3935_1","irrigated",NA,"alive",1,"Flowering",1,NA,NA,NA,NA,NA,1
2021,12,3938,17,"F","1",NA,9,0,NA,"","3938_12","irrigated",NA,"alive",1,"Vegetative",0,NA,"1",0,0,1,NA
2022,12,3938,17,"F","1",NA,11.5,0,NA,"","3938_12","irrigated",NA,"alive",1,"Vegetative",0,NA,"1",0,0,1,0
2023,12,3938,17,"F","1",NA,11,0,NA,"","3938_12","irrigated",NA,"alive",1,"Vegetative",0,NA,"2",0,0,1,0
2024,12,3938,17,"F","2",NA,13.5,0,NA,"moss","3938_12","irrigated",NA,"alive",1,"Vegetative",0,NA,"2",1,1,1,0
2025,12,3938,17,"F","2",25,16.5,1,"3.5","moss","3938_12","irrigated",NA,"alive",1,"Flowering",1,NA,NA,NA,NA,NA,0
2016,15,3940,5,"I","3",NA,12,1,"1.2","","3940_15","drought",NA,"alive",1,"Flowering",1,NA,"5",3,1,1,NA
2017,15,3940,5,"I","5",NA,17,3,"4","","3940_15","drought",NA,"alive",1,"Flowering",1,NA,"2",1,1,1,1
2018,15,3940,5,"I","2",16,12,1,"1.2","","3940_15","drought",NA,"alive",1,"Flowering",1,NA,"1",0,0,1,1
2019,15,3940,5,"I","1",NA,15,0,NA,"","3940_15","drought",NA,"alive",1,"Vegetative",0,NA,"1",0,0,1,1
2020,15,3940,5,"I","1",NA,10.3,0,NA,"pulled out","3940_15","drought",NA,"alive",1,"Vegetative",0,NA,"2",0,0,1,0
2021,15,3940,5,"I","2",NA,20,0,NA,"","3940_15","drought",NA,"alive",1,"Vegetative",0,NA,"1",0,0,1,0
2022,15,3940,5,"I","1",NA,12.5,0,NA,"","3940_15","drought",NA,"alive",1,"Vegetative",0,NA,"0",NA,NA,1,0
2023,15,3940,5,"I","0",NA,NA,NA,NA,"NP","3940_15","drought",NA,"dormant",1,"Dormant",NA,NA,"1",0,0,1,0
2024,15,3940,5,"I","1",NA,30,0,NA,"","3940_15","drought",NA,"alive",1,"Vegetative",0,NA,"0",NA,NA,NA,NA
2025,15,3940,5,"I","0",NA,NA,NA,NA,"NP","3940_15","drought",NA,NA,NA,NA,NA,NA,NA,NA,NA,NA,0
2017,5,3941,7,"B","5",NA,7,4,"2","","3941_5","drought",NA,"alive",1,"Flowering",1,NA,"1",0,0,1,NA
2018,5,3941,7,"B","1",10.5,10.5,0,NA,"","3941_5","drought",NA,"alive",1,"Vegetative",0,NA,"1",0,0,1,1
2019,5,3941,7,"B","1",NA,11,0,NA,"","3941_5","drought",NA,"alive",1,"Vegetative",0,NA,"1",0,0,1,0
2020,5,3941,7,"B","1",NA,8.8,0,NA,"","3941_5","drought",NA,"alive",1,"Vegetative",0,NA,NA,NA,NA,NA,0
2021,5,3941,7,"B",NA,NA,NA,NA,NA,"NPNT","3941_5","drought",NA,NA,NA,NA,NA,NA,"5",0,0,1,0
2022,5,3941,7,"B","5",NA,22,0,NA,"","3941_5","drought",NA,"alive",1,"Vegetative",0,NA,"16",8,1,1,NA
2023,5,3941,7,"B","16",37,13.5,8,"SOS","","3941_5","drought",NA,"alive",1,"Flowering",1,NA,"3",1,1,1,0
2024,5,3941,7,"B","3",27.5,12,1,"2.5","","3941_5","drought",NA,"alive",1,"Flowering",1,NA,"8",2,1,1,1
2025,5,3941,7,"B","8",11,12,2,"2","one umbel dead","3941_5","drought",NA,"alive",1,"Flowering",1,NA,NA,NA,NA,NA,1
2022,13,3953,17,"A","0",NA,NA,NA,NA,"NP. tagged in 2021 as a replacement for 3438 but actually it’s in a different spot. NP","3953_13","control",NA,"dormant",1,"Dormant",NA,NA,"3",0,0,1,NA
2023,13,3953,17,"A","3",NA,17,0,NA,"","3953_13","control",NA,"alive",1,"Vegetative",0,NA,"1",0,0,1,NA
2024,13,3953,17,"A","1",NA,13,0,NA,"","3953_13","control",NA,"alive",1,"Vegetative",0,NA,"1",0,0,1,0
2025,13,3953,17,"A","1",NA,18.5,0,NA,"","3953_13","control",NA,"alive",1,"Vegetative",0,NA,NA,NA,NA,NA,0
2021,6,3955,18,"G","3",NA,18,0,NA,"","3955_6","irrigated",NA,"alive",1,"Vegetative",0,NA,"5",1,1,1,NA
2022,6,3955,18,"G","5",26.5,18,1,"2","","3955_6","irrigated",NA,"alive",1,"Flowering",1,NA,"4",2,1,1,0
2023,6,3955,18,"G","4",15,20,2,"SOS","","3955_6","irrigated",NA,"alive",1,"Flowering",1,NA,"1",NA,NA,1,1
2024,6,3955,18,"G","1",NA,7,NA,NA,"missing umbel(s)","3955_6","irrigated",NA,"alive",1,NA,NA,NA,"2",0,0,1,1
2025,6,3955,18,"G","2",NA,16.5,0,NA,"","3955_6","irrigated",NA,"alive",1,"Vegetative",0,NA,NA,NA,NA,NA,NA
2021,2,3964,3,"H","1",NA,8,0,NA,"maybe old tag 3934 that was NPNT","3964_2","control",2022,"alive",1,"Vegetative",0,NA,"0",NA,NA,0,NA
2022,2,3964,3,"H","0",NA,NA,NA,NA," NP. Separate from 3934","3964_2","control",2022,"dead",0,"Dead",NA,NA,NA,NA,NA,NA,0
2021,2,3965,11,"A","3",31,15,2,"SOS","","3965_2","control",NA,"alive",1,"Flowering",1,NA,"1",0,0,1,NA
2022,2,3965,11,"A","1",NA,23,0,NA,"","3965_2","control",NA,"alive",1,"Vegetative",0,NA,"1",0,0,1,1
2023,2,3965,11,"A","1",NA,17,0,NA,"","3965_2","control",NA,"alive",1,"Vegetative",0,NA,"0",NA,NA,1,0
2024,2,3965,11,"A","0",NA,NA,NA,NA,"NP","3965_2","control",NA,"dormant",1,"Dormant",NA,NA,"1",0,0,1,0
2025,2,3965,11,"A","1",NA,18,0,NA,"","3965_2","control",NA,"alive",1,"Vegetative",0,NA,NA,NA,NA,NA,NA
2021,13,3978,2,"F","5",18,14,2,"4.5","","3978_13","control",NA,"alive",1,"Flowering",1,NA,"5",4,1,1,NA
2022,13,3978,2,"F","5",38,11,4,"SOS","","3978_13","control",NA,"alive",1,"Flowering",1,NA,"7",4,1,1,1
2023,13,3978,2,"F","7",36,13.5,4,"SOS","","3978_13","control",NA,"alive",1,"Flowering",1,NA,"8",4,1,1,1
2024,13,3978,2,"F","8",28,9,4,"10","","3978_13","control",NA,"alive",1,"Flowering",1,NA,"6",4,1,1,1
2025,13,3978,2,"F","6",30,24,4,"8.5","one dead umbel","3978_13","control",NA,"alive",1,"Flowering",1,NA,NA,NA,NA,NA,1
2016,13,3980,0,"F","6",NA,7.3,2,"2.1","Leaves gone","3980_13","control",NA,"alive",1,"Flowering",1,NA,"6",3,1,1,NA
2017,13,3980,0,"F","6",NA,15,3,"3.5","","3980_13","control",NA,"alive",1,"Flowering",1,NA,"4",2,1,1,1
2018,13,3980,0,"F","4",13,10,2,"4","","3980_13","control",NA,"alive",1,"Flowering",1,NA,"3",1,1,1,1
2019,13,3980,0,"F","3",23,14,1,"4.5","","3980_13","control",NA,"alive",1,"Flowering",1,NA,"2",0,0,1,1
2020,13,3980,0,"F","2",NA,12.5,0,NA,"could be 2 plants","3980_13","control",NA,"alive",1,"Vegetative",0,NA,"2",0,0,1,1
2021,13,3980,0,"F","2",NA,18,0,NA,"","3980_13","control",NA,"alive",1,"Vegetative",0,NA,"4",2,1,1,0
2022,13,3980,0,"F","4",39,22.5,2,"SOS","","3980_13","control",NA,"alive",1,"Flowering",1,NA,"4",2,1,1,0
2023,13,3980,0,"F","4",38,12,2,"SOS","","3980_13","control",NA,"alive",1,"Flowering",1,NA,"4",2,1,1,1
2024,13,3980,0,"F","4",36.5,13,2,"6.5","","3980_13","control",NA,"alive",1,"Flowering",1,NA,"3",1,1,1,1
2025,13,3980,0,"F","3",23,23.5,1,"3","next to 3726","3980_13","control",NA,"alive",1,"Flowering",1,NA,NA,NA,NA,NA,1
2017,7,3981,0,"D","2",NA,16,0,NA,"","3981_7","drought",2019,"alive",1,"Vegetative",0,NA,"2",0,0,1,NA
2018,7,3981,0,"D","2",19,19,0,NA,"","3981_7","drought",2019,"alive",1,"Vegetative",0,NA,"0",NA,NA,0,0
2019,7,3981,0,"D","0",NA,NA,NA,NA,"no plant","3981_7","drought",2019,"dead",0,"Dead",NA,NA,NA,NA,NA,NA,0
2017,1,3982,8,"B","1",NA,8,0,NA,"","3982_1","irrigated",2020,"alive",1,"Vegetative",0,NA,"0",NA,NA,1,NA
2018,1,3982,8,"B","0",NA,NA,NA,NA,"no plant","3982_1","irrigated",2020,"dormant",1,"Dormant",NA,NA,"1",0,0,1,0
2019,1,3982,8,"B","1",NA,8.5,0,NA,"yes plant","3982_1","irrigated",2020,"alive",1,"Vegetative",0,NA,"0",NA,NA,0,NA
2020,1,3982,8,"B","0",NA,NA,NA,NA,"no plant","3982_1","irrigated",2020,"dead",0,"Dead",NA,NA,NA,NA,NA,NA,0
2017,4,3983,7,"I","5",NA,12,1,"3.5","Yellow leaves","3983_4","irrigated",NA,"alive",1,"Flowering",1,NA,"3",1,1,1,NA
2018,4,3983,7,"I","3",20,17,1,"2.7","","3983_4","irrigated",NA,"alive",1,"Flowering",1,NA,"0",NA,NA,1,1
2019,4,3983,7,"I","0",NA,NA,NA,NA,"no plant","3983_4","irrigated",NA,"dormant",1,"Dormant",NA,NA,"1",0,0,1,1
2020,4,3983,7,"I","1",NA,16.3,0,NA,"","3983_4","irrigated",NA,"alive",1,"Vegetative",0,NA,"2",0,0,1,NA
2021,4,3983,7,"I","2",NA,14,0,NA,"","3983_4","irrigated",NA,"alive",1,"Vegetative",0,NA,"1",0,0,1,0
2022,4,3983,7,"I","1",NA,13,0,NA,"","3983_4","irrigated",NA,"alive",1,"Vegetative",0,NA,"0",NA,NA,1,0
2023,4,3983,7,"I","0",NA,NA,NA,NA,"NP","3983_4","irrigated",NA,"dormant",1,"Dormant",NA,NA,"1",0,0,1,0
2024,4,3983,7,"I","1",NA,13,0,NA,"","3983_4","irrigated",NA,"alive",1,"Vegetative",0,NA,"1",0,0,1,NA
2025,4,3983,7,"I","1",NA,16.5,0,NA,"","3983_4","irrigated",NA,"alive",1,"Vegetative",0,NA,NA,NA,NA,NA,0
2016,5,3984,15,"H","3",NA,1.5,1,"0.8","","3984_5","drought",2019,"alive",1,"Flowering",1,NA,"3",1,1,1,NA
2017,5,3984,15,"H","3",NA,10,1,"2.5","","3984_5","drought",2019,"alive",1,"Flowering",1,NA,"2",0,0,1,1
2018,5,3984,15,"H","2",9,9,0,NA,"","3984_5","drought",2019,"alive",1,"Vegetative",0,NA,"0",NA,NA,0,1
2019,5,3984,15,"H","0",NA,NA,NA,NA,"no plant","3984_5","drought",2019,"dead",0,"Dead",NA,NA,NA,NA,NA,NA,0
2016,5,3987,3,"H","3",NA,8,1,"4.4","","3987_5","drought",2020,"alive",1,"Flowering",1,NA,"3",2,1,1,NA
2017,5,3987,3,"H","3",NA,14.5,2,"3","","3987_5","drought",2020,"alive",1,"Flowering",1,NA,"2",0,0,1,1
2018,5,3987,3,"H","2",11.5,11.5,0,NA,"","3987_5","drought",2020,"alive",1,"Vegetative",0,NA,"1",0,0,1,1
2019,5,3987,3,"H","1",NA,6,0,NA,"","3987_5","drought",2020,"alive",1,"Vegetative",0,NA,"0",NA,NA,0,0
2020,5,3987,3,"H","0",NA,NA,NA,NA,"no plant","3987_5","drought",2020,"dead",0,"Dead",NA,NA,NA,NA,NA,NA,0
2016,5,3988,14,"C","19",NA,5.2,2,"2.3","knocked over ","3988_5","drought",2023,"alive",1,"Flowering",1,NA,"4",0,0,1,NA
2017,5,3988,14,"C","4",NA,8,0,NA,"","3988_5","drought",2023,"alive",1,"Vegetative",0,NA,"4",1,1,1,1
2018,5,3988,14,"C","4",14,11,1,"2","","3988_5","drought",2023,"alive",1,"Flowering",1,NA,"1",0,0,1,0
2019,5,3988,14,"C","1",NA,13,0,NA,"","3988_5","drought",2023,"alive",1,"Vegetative",0,NA,NA,NA,NA,NA,1
2020,5,3988,14,"C",NA,NA,NA,NA,NA,"","3988_5","drought",2023,NA,NA,NA,NA,NA,"1",0,0,1,0
2021,5,3988,14,"C","1",NA,11,0,NA,"","3988_5","drought",2023,"alive",1,"Vegetative",0,NA,"6",2,1,1,NA
2022,5,3988,14,"C","6",32,19,2,"SOS","","3988_5","drought",2023,"alive",1,"Flowering",1,NA,"0",NA,NA,0,0
2023,5,3988,14,"C","0",NA,NA,NA,NA,"NP","3988_5","drought",2023,"dead",0,"Dead",NA,NA,NA,NA,NA,NA,1
2017,13,3989,17,"A","1",NA,13,1,"2","","3989_13","control",NA,"alive",1,"Flowering",1,NA,"3",0,0,1,NA
2018,13,3989,17,"A","3",8,8,0,NA,"","3989_13","control",NA,"alive",1,"Vegetative",0,NA,"2",1,1,1,1
2019,13,3989,17,"A","2",15.5,13,1,"2.5","","3989_13","control",NA,"alive",1,"Flowering",1,NA,NA,NA,NA,NA,0
2020,13,3989,17,"A",NA,NA,NA,NA,NA,"","3989_13","control",NA,NA,NA,NA,NA,NA,"1",0,0,1,1
2021,13,3989,17,"A","1",NA,14,0,NA,"","3989_13","control",NA,"alive",1,"Vegetative",0,NA,"4",1,1,1,NA
2022,13,3989,17,"A","4",27,12,1,"3","duplicate, 2021 - tag changed to 3989 ","3989_13","control",NA,"alive",1,"Flowering",1,NA,"2",0,0,1,0
2023,13,3989,17,"A","2",NA,14,0,NA,"tag is 3989","3989_13","control",NA,"alive",1,"Vegetative",0,NA,"1",0,0,1,1
2024,13,3989,17,"A","1",NA,13,0,NA,"","3989_13","control",NA,"alive",1,"Vegetative",0,NA,"0",NA,NA,NA,0
2025,13,3989,17,"A","0",NA,NA,NA,NA,"tag is 3989, NP","3989_13","control",NA,NA,NA,NA,NA,NA,NA,NA,NA,NA,0
2016,7,3994,9,"J","5",NA,6.5,1,"6","","3994_7","drought",NA,"alive",1,"Flowering",1,NA,"6",2,1,1,NA
2017,7,3994,9,"J","6",NA,14,2,"4.2","","3994_7","drought",NA,"alive",1,"Flowering",1,NA,"4",2,1,1,1
2018,7,3994,9,"J","4",24,12,2,"4","","3994_7","drought",NA,"alive",1,"Flowering",1,NA,"6",3,1,1,1
2019,7,3994,9,"J","6",9,17,3,"6","","3994_7","drought",NA,"alive",1,"Flowering",1,NA,"5",2,1,1,1
2020,7,3994,9,"J","5",32.5,15.7,2,"SOS","","3994_7","drought",NA,"alive",1,"Flowering",1,NA,"3",2,1,1,1
2021,7,3994,9,"J","3",26,14.5,2,"SOS","","3994_7","drought",NA,"alive",1,"Flowering",1,NA,"6",5,1,1,1
2022,7,3994,9,"J","6",56,29,5,"SOS","","3994_7","drought",NA,"alive",1,"Flowering",1,NA,"3",3,1,1,1
2023,7,3994,9,"J","3",56.5,23,3,"SOS","","3994_7","drought",NA,"alive",1,"Flowering",1,NA,"8",3,1,1,1
2024,7,3994,9,"J","8",48.5,21.5,3,"11.5","","3994_7","drought",NA,"alive",1,"Flowering",1,NA,"1",0,0,1,1
2025,7,3994,9,"J","1",NA,38,0,NA,"","3994_7","drought",NA,"alive",1,"Vegetative",0,NA,NA,NA,NA,NA,1
2021,13,3997,12,"G","4",14,15,1,NA,"","3997_13","control",NA,"alive",1,"Flowering",1,NA,"2",0,0,1,NA
2022,13,3997,12,"G","2",NA,15,0,NA,"","3997_13","control",NA,"alive",1,"Vegetative",0,NA,"4",3,1,1,1
2023,13,3997,12,"G","4",35,19,3,"SOS","","3997_13","control",NA,"alive",1,"Flowering",1,NA,"2",0,0,1,0
2024,13,3997,12,"G","2",NA,16.5,0,NA,"","3997_13","control",NA,"alive",1,"Vegetative",0,NA,"2",0,0,1,1
2025,13,3997,12,"G","2",NA,18.5,0,NA,"","3997_13","control",NA,"alive",1,"Vegetative",0,NA,NA,NA,NA,NA,0
2016,5,3998,3,"H","10",NA,8.8,0,NA,"","3998_5","drought",NA,"alive",1,"Vegetative",0,NA,"3",0,0,1,NA
2017,5,3998,3,"H","3",NA,14.5,0,NA,"","3998_5","drought",NA,"alive",1,"Vegetative",0,NA,"1",0,0,1,0
2018,5,3998,3,"H","1",14.5,14.5,0,NA,"","3998_5","drought",NA,"alive",1,"Vegetative",0,NA,"1",0,0,1,0
2019,5,3998,3,"H","1",NA,14.5,0,NA,"","3998_5","drought",NA,"alive",1,"Vegetative",0,NA,NA,NA,NA,NA,0
2020,5,3998,3,"H",NA,NA,NA,NA,NA,"NPNT","3998_5","drought",NA,NA,NA,NA,NA,NA,NA,NA,NA,NA,0
2021,5,3998,3,"H",NA,NA,NA,NA,NA,"NPNT","3998_5","drought",NA,NA,NA,NA,NA,NA,"1",0,0,1,NA
2022,5,3998,3,"H","1",NA,22,0,NA,"","3998_5","drought",NA,"alive",1,"Vegetative",0,NA,"1",0,0,1,NA
2023,5,3998,3,"H","1",NA,23,0,NA,"","3998_5","drought",NA,"alive",1,"Vegetative",0,NA,"0",NA,NA,1,0
2024,5,3998,3,"H","0",NA,NA,NA,NA,"NP","3998_5","drought",NA,"dormant",1,"Dormant",NA,NA,"1",0,0,1,0
2025,5,3998,3,"H","1",NA,17.5,0,NA,"","3998_5","drought",NA,"alive",1,"Vegetative",0,NA,NA,NA,NA,NA,NA
2021,5,5017,6,"H","2",NA,14,0,NA,"","5017_5","drought",NA,"alive",1,"Vegetative",0,NA,"1",0,0,1,NA
2022,5,5017,6,"H","1",NA,12.5,0,NA,"besides 3484","5017_5","drought",NA,"alive",1,"Vegetative",0,NA,"2",1,1,1,0
2023,5,5017,6,"H","2",30,16,1,"4.5","beside 3484","5017_5","drought",NA,"alive",1,"Flowering",1,NA,"2",1,1,1,0
2024,5,5017,6,"H","2",15.5,17,1,"1","","5017_5","drought",NA,"alive",1,"Flowering",1,NA,"2",0,0,1,1
2025,5,5017,6,"H","2",NA,20,0,NA,"","5017_5","drought",NA,"alive",1,"Vegetative",0,NA,NA,NA,NA,NA,1
2021,5,5021,5,"F","2",11,10,1,"3","","5021_5","drought",NA,"alive",1,"Flowering",1,NA,"5",3,1,1,NA
2022,5,5021,5,"F","5",24,12.5,3,"SOS","","5021_5","drought",NA,"alive",1,"Flowering",1,NA,"3",2,1,1,1
2023,5,5021,5,"F","3",37,12,2,"SOS","1 umbel dead","5021_5","drought",NA,"alive",1,"Flowering",1,NA,"3",1,1,1,1
2024,5,5021,5,"F","3",15,8,1,"1.5","","5021_5","drought",NA,"alive",1,"Flowering",1,NA,"2",2,1,1,1
2025,5,5021,5,"F","2",7,10,2,"0","both umbels dead","5021_5","drought",NA,"alive",1,"Flowering",1,NA,NA,NA,NA,NA,1
2021,5,5026,3,"D","1",NA,12,0,NA,"","5026_5","drought",NA,"alive",1,"Vegetative",0,NA,"2",2,1,1,NA
2022,5,5026,3,"D","2",27,14,2,"SOS","","5026_5","drought",NA,"alive",1,"Flowering",1,NA,"3",2,1,1,0
2023,5,5026,3,"D","3",26,17,2,"SOS","1 umbel dead, other eaten","5026_5","drought",NA,"alive",1,"Flowering",1,NA,"3",2,1,1,1
2024,5,5026,3,"D","3",22,10,2,"3","","5026_5","drought",NA,"alive",1,"Flowering",1,NA,"0",NA,NA,NA,1
2025,5,5026,3,"D","0",NA,NA,NA,NA,"NP (was there for phenology but now plant is gone)","5026_5","drought",NA,NA,NA,NA,NA,NA,NA,NA,NA,NA,1
2021,5,5027,1,"H","1",NA,19,0,NA,"","5027_5","drought",NA,"alive",1,"Vegetative",0,NA,"2",0,0,1,NA
2022,5,5027,1,"H","2",NA,26,0,NA,"","5027_5","drought",NA,"alive",1,"Vegetative",0,NA,"2",1,1,1,0
2023,5,5027,1,"H","2",34,15,1,"4","","5027_5","drought",NA,"alive",1,"Flowering",1,NA,"1",NA,NA,1,0
2024,5,5027,1,"H","1",NA,NA,NA,NA,"alive but no measurement","5027_5","drought",NA,"alive",1,NA,NA,NA,"1",0,0,1,1
2025,5,5027,1,"H","1",NA,20,0,NA,"","5027_5","drought",NA,"alive",1,"Vegetative",0,NA,NA,NA,NA,NA,NA
2021,5,5029,2,"H","1",NA,12,0,NA,"","5029_5","drought",2024,"alive",1,"Vegetative",0,NA,"1",0,0,1,NA
2022,5,5029,2,"H","1",NA,10,0,NA,"next to 3998","5029_5","drought",2024,"alive",1,"Vegetative",0,NA,"1",0,0,1,0
2023,5,5029,2,"H","1",NA,13,0,NA,"next to 3998","5029_5","drought",2024,"alive",1,"Vegetative",0,NA,"0",NA,NA,0,0
2024,5,5029,2,"H","0",NA,NA,NA,NA,"NP","5029_5","drought",2024,"dead",0,"Dead",NA,NA,NA,NA,NA,NA,0
2021,7,5032,16,"D","2",NA,16,0,NA,"","5032_7","drought",NA,"alive",1,"Vegetative",0,NA,"4",2,1,1,NA
2022,7,5032,16,"D","4",48,22,2,"SOS","","5032_7","drought",NA,"alive",1,"Flowering",1,NA,"4",3,1,1,0
2023,7,5032,16,"D","4",45,26,3,"SOS","2 umbels dead","5032_7","drought",NA,"alive",1,"Flowering",1,NA,"11",8,1,1,1
2024,7,5032,16,"D","11",60,26,8,"31.5","","5032_7","drought",NA,"alive",1,"Flowering",1,NA,"7",3,1,1,1
2025,7,5032,16,"D","7",52,19,3,"10","","5032_7","drought",NA,"alive",1,"Flowering",1,NA,NA,NA,NA,NA,1
2021,5,5033,10,"I","2",NA,8,0,NA,"","5033_5","drought",2022,"alive",1,"Vegetative",0,NA,"0",NA,NA,0,NA
2022,5,5033,10,"I","0",NA,NA,NA,NA,"NP ","5033_5","drought",2022,"dead",0,"Dead",NA,NA,NA,NA,NA,NA,0
2021,5,5034,10,"H","1",NA,17,0,NA,"","5034_5","drought",NA,"alive",1,"Vegetative",0,NA,"2",0,0,1,NA
2022,5,5034,10,"H","2",NA,17,0,NA,"","5034_5","drought",NA,"alive",1,"Vegetative",0,NA,"0",NA,NA,1,0
2023,5,5034,10,"H","0",NA,NA,NA,NA,"NP","5034_5","drought",NA,"dormant",1,"Dormant",NA,NA,"3",3,1,1,0
2024,5,5034,10,"H","3",17.5,12.5,3,"4","","5034_5","drought",NA,"alive",1,"Flowering",1,NA,"1",1,1,1,NA
2025,5,5034,10,"H","1",12.5,15,1,"2","","5034_5","drought",NA,"alive",1,"Flowering",1,NA,NA,NA,NA,NA,1
2021,5,5035,13,"G","1",NA,12,0,NA,"","5035_5","drought",2022,"alive",1,"Vegetative",0,NA,"0",NA,NA,0,NA
2022,5,5035,13,"G","0",NA,NA,NA,NA,"NP","5035_5","drought",2022,"dead",0,"Dead",NA,NA,NA,NA,NA,NA,0
2021,5,5036,11,"H","1",NA,8,1,NA,"","5036_5","drought",NA,"alive",1,"Flowering",1,NA,"3",2,1,1,NA
2022,5,5036,11,"H","3",21,12,2,"SOS","definitely not 3807","5036_5","drought",NA,"alive",1,"Flowering",1,NA,"4",2,1,1,1
2023,5,5036,11,"H","4",30,12,2,"SOS","definitely not 3807","5036_5","drought",NA,"alive",1,"Flowering",1,NA,"2",1,1,1,1
2024,5,5036,11,"H","2",18.5,12.5,1,"3","","5036_5","drought",NA,"alive",1,"Flowering",1,NA,"1",0,0,1,1
2025,5,5036,11,"H","1",NA,14,0,NA,"","5036_5","drought",NA,"alive",1,"Vegetative",0,NA,NA,NA,NA,NA,1
2021,7,5037,17,"E","2",NA,14,0,NA,"","5037_7","drought",NA,"alive",1,"Vegetative",0,NA,"2",1,1,1,NA
2022,7,5037,17,"E","2",37,23,1,"3","","5037_7","drought",NA,"alive",1,"Flowering",1,NA,"2",1,1,1,0
2023,7,5037,17,"E","2",28,23,1,NA,"umbel dead. Not tracking phenology.","5037_7","drought",NA,"alive",1,"Flowering",1,NA,"2",1,1,1,1
2024,7,5037,17,"E","2",45,18.5,1,"3.5","","5037_7","drought",NA,"alive",1,"Flowering",1,NA,"0",NA,NA,NA,1
2025,7,5037,17,"E","0",NA,NA,NA,NA,"NP","5037_7","drought",NA,NA,NA,NA,NA,NA,NA,NA,NA,NA,1
2021,7,5038,17,"J","1",NA,12.5,0,NA,"","5038_7","drought",NA,"alive",1,"Vegetative",0,NA,NA,NA,NA,NA,NA
2022,7,5038,17,"J",NA,NA,NA,NA,NA,"NPNT","5038_7","drought",NA,NA,NA,NA,NA,NA,"4",1,1,1,0
2023,7,5038,17,"J","4",51,24,1,"2","","5038_7","drought",NA,"alive",1,"Flowering",1,NA,NA,NA,NA,NA,NA
2024,7,5038,17,"J",NA,NA,NA,NA,NA,"NPNT","5038_7","drought",NA,NA,NA,NA,NA,NA,"4",2,1,1,1
2025,7,5038,17,"J","4",44,18,2,"3","one umbel dead","5038_7","drought",NA,"alive",1,"Flowering",1,NA,NA,NA,NA,NA,NA
2021,7,5040,16,"D","2",NA,14.5,0,NA,"","5040_7","drought",NA,"alive",1,"Vegetative",0,NA,"1",1,1,1,NA
2022,7,5040,16,"D","1",22,23.5,1,NA,"dead umbel","5040_7","drought",NA,"alive",1,"Flowering",1,NA,"0",NA,NA,1,0
2023,7,5040,16,"D","0",NA,NA,NA,NA,"NP","5040_7","drought",NA,"dormant",1,"Dormant",NA,NA,"2",1,1,1,1
2024,7,5040,16,"D","2",29.5,23.5,1,"2","","5040_7","drought",NA,"alive",1,"Flowering",1,NA,"1",0,0,1,NA
2025,7,5040,16,"D","1",NA,21.5,0,NA,"","5040_7","drought",NA,"alive",1,"Vegetative",0,NA,NA,NA,NA,NA,1
2021,7,5041,13,"G","1",NA,15,0,NA,"next to 3150","5041_7","drought",NA,"alive",1,"Vegetative",0,NA,"1",0,0,1,NA
2022,7,5041,13,"G","1",NA,19,0,NA,"next to 3150","5041_7","drought",NA,"alive",1,"Vegetative",0,NA,"1",1,1,1,0
2023,7,5041,13,"G","1",37,20,1,"5","next to 3150","5041_7","drought",NA,"alive",1,"Flowering",1,NA,"3",2,1,1,0
2024,7,5041,13,"G","3",45,28.5,2,"7","","5041_7","drought",NA,"alive",1,"Flowering",1,NA,"2",1,1,1,1
2025,7,5041,13,"G","2",35,NA,1,"4","leaves eaten","5041_7","drought",NA,"alive",1,"Flowering",1,NA,NA,NA,NA,NA,1
2021,5,5042,19,"G","1",NA,8.5,0,NA,"","5042_5","drought",NA,"alive",1,"Vegetative",0,NA,"2",1,1,1,NA
2022,5,5042,19,"G","2",19,14.5,1,"3.5","","5042_5","drought",NA,"alive",1,"Flowering",1,NA,"3",2,1,1,0
2023,5,5042,19,"G","3",23,9,2,"SOS","1 umbel dead","5042_5","drought",NA,"alive",1,"Flowering",1,NA,"5",3,1,1,1
2024,5,5042,19,"G","5",31,14,3,"11","","5042_5","drought",NA,"alive",1,"Flowering",1,NA,"2",1,1,1,1
2025,5,5042,19,"G","2",12,8,1,"2","","5042_5","drought",NA,"alive",1,"Flowering",1,NA,NA,NA,NA,NA,1
2021,5,5043,15,"F","1",NA,14,0,NA,"","5043_5","drought",NA,"alive",1,"Vegetative",0,NA,"2",0,0,1,NA
2022,5,5043,15,"F","2",NA,20,0,NA,"","5043_5","drought",NA,"alive",1,"Vegetative",0,NA,"2",2,1,1,0
2023,5,5043,15,"F","2",28,5.5,2,"SOS","","5043_5","drought",NA,"alive",1,"Flowering",1,NA,"2",1,1,1,0
2024,5,5043,15,"F","2",32,11,1,"2.5","","5043_5","drought",NA,"alive",1,"Flowering",1,NA,"2",0,0,1,1
2025,5,5043,15,"F","2",NA,11,0,NA,"","5043_5","drought",NA,"alive",1,"Vegetative",0,NA,NA,NA,NA,NA,1
2021,5,5045,12,"B","3",21,14.5,1,"3","","5045_5","drought",NA,"alive",1,"Flowering",1,NA,"4",1,1,1,NA
2022,5,5045,12,"B","4",31.5,24,1,"2","","5045_5","drought",NA,"alive",1,"Flowering",1,NA,"5",3,1,1,1
2023,5,5045,12,"B","5",33,19,3,"SOS","last umbel won't make seeds-- shrivelled","5045_5","drought",NA,"alive",1,"Flowering",1,NA,"3",1,1,1,1
2024,5,5045,12,"B","3",22,17,1,"4","uncounted pod check phen","5045_5","drought",NA,"alive",1,"Flowering",1,NA,"2",0,0,1,1
2025,5,5045,12,"B","2",NA,13,0,NA,"","5045_5","drought",NA,"alive",1,"Vegetative",0,NA,NA,NA,NA,NA,1
2021,7,5047,9,"B","1",12.5,15,1,"3","","5047_7","drought",NA,"alive",1,"Flowering",1,NA,"5",2,1,1,NA
2022,7,5047,9,"B","5",46,21.5,2,"SOS","","5047_7","drought",NA,"alive",1,"Flowering",1,NA,"3",2,1,1,1
2023,7,5047,9,"B","3",38,20,2,"SOS","","5047_7","drought",NA,"alive",1,"Flowering",1,NA,"5",3,1,1,1
2024,7,5047,9,"B","5",49,26.5,3,"15","","5047_7","drought",NA,"alive",1,"Flowering",1,NA,"2",1,1,1,1
2025,7,5047,9,"B","2",19,19,1,NA,"umbel dead","5047_7","drought",NA,"alive",1,"Flowering",1,NA,NA,NA,NA,NA,1
2021,7,5048,11,"E","1",NA,13.5,0,NA,"","5048_7","drought",NA,"alive",1,"Vegetative",0,NA,"2",1,1,1,NA
2022,7,5048,11,"E","2",41,21,1,"3.5","","5048_7","drought",NA,"alive",1,"Flowering",1,NA,"1",1,1,1,0
2023,7,5048,11,"E","1",35,20,1,"3","","5048_7","drought",NA,"alive",1,"Flowering",1,NA,"6",3,1,1,1
2024,7,5048,11,"E","6",47.5,26,3,"13","","5048_7","drought",NA,"alive",1,"Flowering",1,NA,"3",1,1,1,1
2025,7,5048,11,"E","3",26,23,1,"4","","5048_7","drought",NA,"alive",1,"Flowering",1,NA,NA,NA,NA,NA,1
2021,7,5049,2,"D","1",NA,14,1,NA,"","5049_7","drought",NA,"alive",1,"Flowering",1,NA,"3",1,1,1,NA
2022,7,5049,2,"D","3",44,26,1,"5","","5049_7","drought",NA,"alive",1,"Flowering",1,NA,"5",4,1,1,1
2023,7,5049,2,"D","5",27,17,4,"SOS","1 stalk broken (2 umbels broken)","5049_7","drought",NA,"alive",1,"Flowering",1,NA,"5",3,1,1,1
2024,7,5049,2,"D","5",35,24.5,3,"9.5","first measured umbel is dead and shriveled","5049_7","drought",NA,"alive",1,"Flowering",1,NA,"0",NA,NA,NA,1
2025,7,5049,2,"D","0",NA,NA,NA,NA,"NP","5049_7","drought",NA,NA,NA,NA,NA,NA,NA,NA,NA,NA,1
2021,7,5050,1,"A","1",NA,12.5,0,NA,"","5050_7","drought",NA,"alive",1,"Vegetative",0,NA,"2",1,1,1,NA
2022,7,5050,1,"A","2",38,22,1,"4","","5050_7","drought",NA,"alive",1,"Flowering",1,NA,NA,1,1,1,0
2023,7,5050,1,"A",NA,36,NA,1,"6","leaves eaten off. Did not track phenology.","5050_7","drought",NA,"alive",1,"Flowering",1,NA,"2",1,1,1,1
2024,7,5050,1,"A","2",28,24,1,"3.5","","5050_7","drought",NA,"alive",1,"Flowering",1,NA,NA,NA,NA,NA,1
2025,7,5050,1,"A",NA,NA,NA,NA,NA,"NPNT","5050_7","drought",NA,NA,NA,NA,NA,NA,NA,NA,NA,NA,1
2017,7,5051,1,"F","2",NA,18,1,"2","","5051_7","drought",2023,"alive",1,"Flowering",1,NA,"3",1,1,1,NA
2018,7,5051,1,"F","3",17,18,1,"2.8","","5051_7","drought",2023,"alive",1,"Flowering",1,NA,"2",1,1,1,1
2019,7,5051,1,"F","2",1.7,15.5,1,"2.5","","5051_7","drought",2023,"alive",1,"Flowering",1,NA,"0",NA,NA,1,1
2020,7,5051,1,"F","0",NA,NA,NA,NA,"no plant","5051_7","drought",2023,"dormant",1,"Dormant",NA,NA,"1",0,0,1,1
2021,7,5051,1,"F","1",NA,13.5,0,NA,"new tag for 3915 in 1F","5051_7","drought",2023,"alive",1,"Vegetative",0,NA,"3",2,1,1,NA
2022,7,5051,1,"F","3",47.5,22,2,"SOS","new tag for 3915, in 1F","5051_7","drought",2023,"alive",1,"Flowering",1,NA,"0",NA,NA,0,0
2023,7,5051,1,"F","0",NA,NA,NA,NA,"new tag for 3915. NP.","5051_7","drought",2023,"dead",0,"Dead",NA,NA,NA,NA,NA,NA,1
2021,7,5052,3,"J","2",NA,16,0,NA,"","5052_7","drought",NA,"alive",1,"Vegetative",0,NA,"2",0,0,1,NA
2022,7,5052,3,"J","2",NA,28,0,NA,"","5052_7","drought",NA,"alive",1,"Vegetative",0,NA,"3",2,1,1,0
2023,7,5052,3,"J","3",34,24,2,"SOS","1 umbel dead","5052_7","drought",NA,"alive",1,"Flowering",1,NA,"4",4,1,1,0
2024,7,5052,3,"J","4",31.5,20,4,"7.5","one umbel gone and unmeasured","5052_7","drought",NA,"alive",1,"Flowering",1,NA,NA,1,1,1,1
2025,7,5052,3,"J",NA,29,NA,1,NA,"everything eaten except for stalk","5052_7","drought",NA,"alive",1,"Flowering",1,NA,NA,NA,NA,NA,1
2021,7,5053,4,"J","1",NA,15.5,0,NA,"","5053_7","drought",NA,"alive",1,"Vegetative",0,NA,"2",1,1,1,NA
2022,7,5053,4,"J","2",35,17,1,"4","","5053_7","drought",NA,"alive",1,"Flowering",1,NA,"4",2,1,1,0
2023,7,5053,4,"J","4",39,14,2,"SOS","1 umbel dead","5053_7","drought",NA,"alive",1,"Flowering",1,NA,NA,NA,NA,NA,1
2024,7,5053,4,"J",NA,NA,NA,NA,NA,"NPNT","5053_7","drought",NA,NA,NA,NA,NA,NA,"0",NA,NA,NA,1
2025,7,5053,4,"J","0",NA,NA,NA,NA,"NP kept tag","5053_7","drought",NA,NA,NA,NA,NA,NA,NA,NA,NA,NA,NA
2021,7,5054,11,"J","1",NA,17,0,NA,"","5054_7","drought",NA,"alive",1,"Vegetative",0,NA,"2",1,1,1,NA
2022,7,5054,11,"J","2",47.5,29,1,"4.5","","5054_7","drought",NA,"alive",1,"Flowering",1,NA,"4",2,1,1,0
2023,7,5054,11,"J","4",58,33,2,"SOS","stalks are same height","5054_7","drought",NA,"alive",1,"Flowering",1,NA,"1",1,1,1,1
2024,7,5054,11,"J","1",32,28,1,"3","","5054_7","drought",NA,"alive",1,"Flowering",1,NA,"0",NA,NA,NA,1
2025,7,5054,11,"J","0",NA,NA,NA,NA,"NP","5054_7","drought",NA,NA,NA,NA,NA,NA,NA,NA,NA,NA,1
2021,7,5055,12,"J","1",NA,21,0,NA,"","5055_7","drought",2022,"alive",1,"Vegetative",0,NA,NA,NA,NA,0,NA
2022,7,5055,12,"J",NA,NA,NA,NA,NA,"NPNT","5055_7","drought",2022,"dead",0,"Dead",NA,NA,NA,NA,NA,NA,0
2021,7,5056,14,"J","1",NA,24,0,NA,"","5056_7","drought",NA,"alive",1,"Vegetative",0,NA,"2",2,1,1,NA
2022,7,5056,14,"J","2",51,20,2,"SOS","","5056_7","drought",NA,"alive",1,"Flowering",1,NA,"2",2,1,1,0
2023,7,5056,14,"J","2",34,28,2,"SOS","","5056_7","drought",NA,"alive",1,"Flowering",1,NA,"4",2,1,1,1
2024,7,5056,14,"J","4",57.5,25.5,2,"8.5","","5056_7","drought",NA,"alive",1,"Flowering",1,NA,"2",2,1,1,1
2025,7,5056,14,"J","2",42,25,2,"7","","5056_7","drought",NA,"alive",1,"Flowering",1,NA,NA,NA,NA,NA,1
2016,15,6157,0,"J","8",NA,14,2,"1.8","","6157_15","drought",NA,"alive",1,"Flowering",1,NA,NA,NA,NA,NA,NA
2022,5,7501,3,"C","2",NA,19,0,NA,"","7501_5","drought",NA,"alive",1,"Vegetative",0,NA,"0",NA,NA,1,NA
2023,5,7501,3,"C","0",NA,NA,NA,NA,"NP","7501_5","drought",NA,"dormant",1,"Dormant",NA,NA,"3",1,1,1,0
2024,5,7501,3,"C","3",25,17,1,"2.5","","7501_5","drought",NA,"alive",1,"Flowering",1,NA,"2",0,0,1,NA
2025,5,7501,3,"C","2",NA,17.5,0,NA,"","7501_5","drought",NA,"alive",1,"Vegetative",0,NA,NA,NA,NA,NA,1
2023,3,7502,5,"F","1",NA,14,0,NA,"","7502_3","control",2024,"alive",1,"Vegetative",0,NA,"0",NA,NA,0,NA
2024,3,7502,5,"F","0",NA,NA,NA,NA,"NP","7502_3","control",2024,"dead",0,"Dead",NA,NA,NA,NA,NA,NA,0
2022,1,7505,16,"D","1",NA,21,0,NA,"","7505_1","irrigated",2023,"alive",1,"Vegetative",0,NA,"0",NA,NA,0,NA
2023,1,7505,16,"D","0",NA,NA,NA,NA,"NP","7505_1","irrigated",2023,"dead",0,"Dead",NA,NA,NA,NA,NA,NA,0
2022,12,7507,16,"F","2",NA,14,0,NA,"","7507_12","irrigated",NA,"alive",1,"Vegetative",0,NA,"1",0,0,1,NA
2023,12,7507,16,"F","1",NA,11,0,NA,"","7507_12","irrigated",NA,"alive",1,"Vegetative",0,NA,"0",NA,NA,1,0
2024,12,7507,16,"F","0",NA,NA,NA,NA,"NP","7507_12","irrigated",NA,"dormant",1,"Dormant",NA,NA,"1",0,0,1,0
2025,12,7507,16,"F","1",NA,15,0,NA,"","7507_12","irrigated",NA,"alive",1,"Vegetative",0,NA,NA,NA,NA,NA,NA
2022,4,7509,18,"I","1",NA,13,0,NA,"","7509_4","irrigated",2023,"alive",1,"Vegetative",0,NA,"0",NA,NA,0,NA
2023,4,7509,18,"I","0",NA,NA,NA,NA,"NP","7509_4","irrigated",2023,"dead",0,"Dead",NA,NA,NA,NA,NA,NA,0
2022,4,7510,17,"G","1",NA,14,0,NA,"","7510_4","irrigated",NA,"alive",1,"Vegetative",0,NA,"2",0,0,1,NA
2023,4,7510,17,"G","2",NA,20,0,NA,"","7510_4","irrigated",NA,"alive",1,"Vegetative",0,NA,"1",0,0,1,0
2024,4,7510,17,"G","1",NA,19,0,NA,"","7510_4","irrigated",NA,"alive",1,"Vegetative",0,NA,"0",NA,NA,NA,0
2025,4,7510,17,"G","0",NA,NA,NA,NA,"NP","7510_4","irrigated",NA,NA,NA,NA,NA,NA,NA,NA,NA,NA,0
2022,12,7511,18,"F","1",NA,13,0,NA,"may be 3417?","7511_12","irrigated",NA,"alive",1,"Vegetative",0,NA,"2",0,0,1,NA
2023,12,7511,18,"F","2",NA,11,0,NA,"","7511_12","irrigated",NA,"alive",1,"Vegetative",0,NA,"2",0,0,1,0
2024,12,7511,18,"F","2",NA,12.5,0,NA,"","7511_12","irrigated",NA,"alive",1,"Vegetative",0,NA,"2",0,0,1,0
2025,12,7511,18,"F","2",NA,21,0,NA,"","7511_12","irrigated",NA,"alive",1,"Vegetative",0,NA,NA,NA,NA,NA,0
2022,5,7512,2,"G","2",NA,19.5,0,NA,"","7512_5","drought",NA,"alive",1,"Vegetative",0,NA,"1",1,1,1,NA
2023,5,7512,2,"G","1",24,19,1,NA,"dead umbel","7512_5","drought",NA,"alive",1,"Flowering",1,NA,"1",0,0,1,0
2024,5,7512,2,"G","1",NA,22,0,NA,"","7512_5","drought",NA,"alive",1,"Vegetative",0,NA,"1",0,0,1,1
2025,5,7512,2,"G","1",NA,12,0,NA,"","7512_5","drought",NA,"alive",1,"Vegetative",0,NA,NA,NA,NA,NA,0
2022,10,7513,4,"C","1",NA,18,0,NA,"","7513_10","drought",NA,"alive",1,"Vegetative",0,NA,"1",0,0,1,NA
2023,10,7513,4,"C","1",NA,20,0,NA,"","7513_10","drought",NA,"alive",1,"Vegetative",0,NA,"2",1,1,1,0
2024,10,7513,4,"C","2",28.5,17,1,"2.5","","7513_10","drought",NA,"alive",1,"Flowering",1,NA,"1",0,0,1,0
2025,10,7513,4,"C","1",NA,22,0,NA,"","7513_10","drought",NA,"alive",1,"Vegetative",0,NA,NA,NA,NA,NA,1
2022,13,7514,17,"G","1",NA,15,0,NA,"","7514_13","control",NA,"alive",1,"Vegetative",0,NA,"1",1,1,1,NA
2023,13,7514,17,"G","1",30.5,15,1,"5.5","","7514_13","control",NA,"alive",1,"Flowering",1,NA,"1",0,0,1,0
2024,13,7514,17,"G","1",NA,16,0,NA,"","7514_13","control",NA,"alive",1,"Vegetative",0,NA,"1",0,0,1,1
2025,13,7514,17,"G","1",NA,18.5,0,NA,"","7514_13","control",NA,"alive",1,"Vegetative",0,NA,NA,NA,NA,NA,0
2023,1,7515,9,"B","1",NA,7,0,NA,"","7515_1","irrigated",2024,"alive",1,"Vegetative",0,NA,"0",NA,NA,0,NA
2024,1,7515,9,"B","0",NA,NA,NA,NA,"NP","7515_1","irrigated",2024,"dead",0,"Dead",NA,NA,NA,NA,NA,NA,0
2023,14,7516,1,"E","1",NA,12,0,NA,"next to 3431","7516_14","drought",NA,"alive",1,"Vegetative",0,NA,NA,NA,NA,NA,NA
2024,14,7516,1,"F",NA,NA,NA,NA,NA,"NPNT; moss","7516_14","drought",NA,NA,NA,NA,NA,NA,"1",0,0,1,0
2025,14,7516,1,"E","1",NA,18.5,0,NA,"next to 3134, change in 2024 data the data for this tag to 3134","7516_14","drought",NA,"alive",1,"Vegetative",0,NA,NA,NA,NA,NA,NA
2023,1,7517,5,"F","1",NA,7,0,NA,"","7517_1","irrigated",NA,"alive",1,"Vegetative",0,NA,"2",0,0,1,NA
2024,1,7517,5,"F","2",NA,7,0,NA,"","7517_1","irrigated",NA,"alive",1,"Vegetative",0,NA,"1",0,0,1,0
2025,1,7517,5,"F","1",NA,9,0,NA,"5F is a big clump of antho. ","7517_1","irrigated",NA,"alive",1,"Vegetative",0,NA,NA,NA,NA,NA,0
2022,14,7518,5,"D","1",NA,19,0,NA,"","7518_14","drought",NA,"alive",1,"Vegetative",0,NA,"1",0,0,1,NA
2023,14,7518,5,"D","1",NA,9.5,0,NA,"","7518_14","drought",NA,"alive",1,"Vegetative",0,NA,"0",NA,NA,1,0
2024,14,7518,5,"D","0",NA,NA,NA,NA,"NP; moss","7518_14","drought",NA,"dormant",1,"Dormant",NA,NA,NA,NA,NA,NA,0
2025,14,7518,5,"D",NA,NA,NA,NA,NA,"NPNT","7518_14","drought",NA,NA,NA,NA,NA,NA,NA,NA,NA,NA,NA
2022,5,7519,3,"D","1",NA,24,0,NA,"","7519_5","drought",NA,"alive",1,"Vegetative",0,NA,"2",1,1,1,NA
2023,5,7519,3,"D","2",30,17,1,"4","","7519_5","drought",NA,"alive",1,"Flowering",1,NA,"2",2,1,1,0
2024,5,7519,3,"D","2",31,14,2,"6","","7519_5","drought",NA,"alive",1,"Flowering",1,NA,"2",1,1,1,1
2025,5,7519,3,"D","2",19.5,15,1,"3","","7519_5","drought",NA,"alive",1,"Flowering",1,NA,NA,NA,NA,NA,1
2022,7,7520,18,"I","1",NA,18,0,NA,"","7520_7","drought",2023,"alive",1,"Vegetative",0,NA,"0",NA,NA,0,NA
2023,7,7520,18,"I","0",NA,NA,NA,NA,"NP","7520_7","drought",2023,"dead",0,"Dead",NA,NA,NA,NA,NA,NA,0
2022,15,7521,15,"E","3",31.5,21,1,"3.5","","7521_15","drought",NA,"alive",1,"Flowering",1,NA,"1",1,1,1,NA
2023,15,7521,15,"E","1",38,15,1,"9","","7521_15","drought",NA,"alive",1,"Flowering",1,NA,"2",2,1,1,1
2024,15,7521,15,"E","2",21.5,7.5,2,"2","missed in phen; basal leaf senesced measured shorter leaf","7521_15","drought",NA,"alive",1,"Flowering",1,NA,"1",0,0,1,1
2025,15,7521,15,"E","1",NA,19,0,NA,"","7521_15","drought",NA,"alive",1,"Vegetative",0,NA,NA,NA,NA,NA,1
2022,5,7522,3,"F","4",24,21,1,"2.5","","7522_5","drought",NA,"alive",1,"Flowering",1,NA,"4",2,1,1,NA
2023,5,7522,3,"F","4",38,14,2,"SOS","","7522_5","drought",NA,"alive",1,"Flowering",1,NA,"5",2,1,1,1
2024,5,7522,3,"F","5",39,25,2,"5","","7522_5","drought",NA,"alive",1,"Flowering",1,NA,"2",1,1,1,1
2025,5,7522,3,"F","2",32,18,1,"5","","7522_5","drought",NA,"alive",1,"Flowering",1,NA,NA,NA,NA,NA,1
2023,3,7523,1,"B","1",NA,13,0,NA,"","7523_3","control",2024,"alive",1,"Vegetative",0,NA,"0",NA,NA,0,NA
2024,3,7523,1,"B","0",NA,NA,NA,NA,"NP","7523_3","control",2024,"dead",0,"Dead",NA,NA,NA,NA,NA,NA,0
2022,5,7524,6,"H","2",NA,16,0,NA,"","7524_5","drought",NA,"alive",1,"Vegetative",0,NA,"2",1,1,1,NA
2023,5,7524,6,"H","2",20,11,1,NA,"umbel dead","7524_5","drought",NA,"alive",1,"Flowering",1,NA,"2",0,0,1,0
2024,5,7524,6,"H","2",NA,14,0,NA,"","7524_5","drought",NA,"alive",1,"Vegetative",0,NA,"1",0,0,1,1
2025,5,7524,6,"H","1",NA,12,0,NA,"","7524_5","drought",NA,"alive",1,"Vegetative",0,NA,NA,NA,NA,NA,0
2022,5,7525,6,"F","1",NA,19.5,0,NA,"","7525_5","drought",2023,"alive",1,"Vegetative",0,NA,"0",NA,NA,0,NA
2023,5,7525,6,"F","0",NA,NA,NA,NA,"NP","7525_5","drought",2023,"dead",0,"Dead",NA,NA,NA,NA,NA,NA,0
2022,5,7526,19,"E","1",22,9,1,"4","","7526_5","drought",NA,"alive",1,"Flowering",1,NA,"1",1,1,1,NA
2023,5,7526,19,"E","1",25,9,1,"4","","7526_5","drought",NA,"alive",1,"Flowering",1,NA,"1",1,1,1,1
2024,5,7526,19,"E","1",18.5,9,1,"2.5","","7526_5","drought",NA,"alive",1,"Flowering",1,NA,"3",0,0,1,1
2025,5,7526,19,"E","3",NA,7,0,NA,"","7526_5","drought",NA,"alive",1,"Vegetative",0,NA,NA,NA,NA,NA,1
2022,13,7527,3,"F","1",NA,13,0,NA,"in rocks","7527_13","control",NA,"alive",1,"Vegetative",0,NA,"3",2,1,1,NA
2023,13,7527,3,"F","3",29,14,2,"SOS","in rocks","7527_13","control",NA,"alive",1,"Flowering",1,NA,"6",5,1,1,0
2024,13,7527,3,"F","6",28.5,11.5,5,"15.5","","7527_13","control",NA,"alive",1,"Flowering",1,NA,"2",2,1,1,1
2025,13,7527,3,"F","2",19,16,2,"3","one dead umbel","7527_13","control",NA,"alive",1,"Flowering",1,NA,NA,NA,NA,NA,1
2022,14,7528,5,"B","1",NA,18.5,0,NA,"next to 3380","7528_14","drought",NA,"alive",1,"Vegetative",0,NA,"2",1,1,1,NA
2023,14,7528,5,"B","2",28,12,1,"2.5","next to 3380","7528_14","drought",NA,"alive",1,"Flowering",1,NA,"1",0,0,1,0
2024,14,7528,5,"B","1",NA,15.5,0,NA,"next to 3689","7528_14","drought",NA,"alive",1,"Vegetative",0,NA,"1",0,0,1,1
2025,14,7528,5,"B","1",NA,18,0,NA,"","7528_14","drought",NA,"alive",1,"Vegetative",0,NA,NA,NA,NA,NA,0
2022,7,7529,11,"A","2",NA,13,0,NA,"","7529_7","drought",NA,"alive",1,"Vegetative",0,NA,"2",0,0,1,NA
2023,7,7529,11,"A","2",NA,19,0,NA,"","7529_7","drought",NA,"alive",1,"Vegetative",0,NA,"0",NA,NA,1,0
2024,7,7529,11,"A","0",NA,NA,NA,NA,"NP","7529_7","drought",NA,"dormant",1,"Dormant",NA,NA,"1",0,0,1,0
2025,7,7529,11,"A","1",NA,18,0,NA,"","7529_7","drought",NA,"alive",1,"Vegetative",0,NA,NA,NA,NA,NA,NA
2022,12,7530,12,"E","1",NA,15.5,0,NA,"","7530_12","irrigated",NA,"alive",1,"Vegetative",0,NA,"2",1,1,1,NA
2023,12,7530,12,"E","2",29,18,1,"5","","7530_12","irrigated",NA,"alive",1,"Flowering",1,NA,"2",1,1,1,0
2024,12,7530,12,"E","2",15,14.5,1,"3.5","moss","7530_12","irrigated",NA,"alive",1,"Flowering",1,NA,"1",0,0,1,1
2025,12,7530,12,"E","1",NA,17,0,NA,"moss","7530_12","irrigated",NA,"alive",1,"Vegetative",0,NA,NA,NA,NA,NA,1
2022,4,7531,17,"H","2",NA,16.5,0,NA,"","7531_4","irrigated",NA,"alive",1,"Vegetative",0,NA,"1",0,0,1,NA
2023,4,7531,17,"H","1",NA,23,0,NA,"","7531_4","irrigated",NA,"alive",1,"Vegetative",0,NA,"1",0,0,1,0
2024,4,7531,17,"H","1",NA,19,0,NA,"","7531_4","irrigated",NA,"alive",1,"Vegetative",0,NA,"0",NA,NA,NA,0
2025,4,7531,17,"H","0",NA,NA,NA,NA,"NP","7531_4","irrigated",NA,NA,NA,NA,NA,NA,NA,NA,NA,NA,0
2022,13,7532,12,"H","2",33,10,2,"SOS","","7532_13","control",NA,"alive",1,"Flowering",1,NA,"1",1,1,1,NA
2023,13,7532,12,"H","1",33,11,1,"5","","7532_13","control",NA,"alive",1,"Flowering",1,NA,"1",0,0,1,1
2024,13,7532,12,"H","1",NA,15.5,0,NA,"in moss","7532_13","control",NA,"alive",1,"Vegetative",0,NA,"2",0,0,1,1
2025,13,7532,12,"H","2",NA,20,0,NA,"in moss","7532_13","control",NA,"alive",1,"Vegetative",0,NA,NA,NA,NA,NA,0
2022,1,7533,2,"F","1",NA,21,0,NA,"","7533_1","irrigated",NA,"alive",1,"Vegetative",0,NA,"2",1,1,1,NA
2023,1,7533,2,"F","2",30,17,1,"7","","7533_1","irrigated",NA,"alive",1,"Flowering",1,NA,"2",0,0,1,0
2024,1,7533,2,"F","2",NA,16,0,NA,"","7533_1","irrigated",NA,"alive",1,"Vegetative",0,NA,"2",0,0,1,1
2025,1,7533,2,"F","2",NA,16,0,NA,"","7533_1","irrigated",NA,"alive",1,"Vegetative",0,NA,NA,NA,NA,NA,0
2023,1,7534,4,"F","1",NA,8.5,0,NA,"","7534_1","irrigated",NA,"alive",1,"Vegetative",0,NA,"1",0,0,1,NA
2024,1,7534,4,"F","1",NA,9,0,NA,"accidentally pulled leaf","7534_1","irrigated",NA,"alive",1,"Vegetative",0,NA,"1",0,0,1,0
2025,1,7534,4,"F","1",NA,10,0,NA,"","7534_1","irrigated",NA,"alive",1,"Vegetative",0,NA,NA,NA,NA,NA,0
2022,1,7535,7,"I","1",NA,7,0,NA,"","7535_1","irrigated",2023,"alive",1,"Vegetative",0,NA,"0",NA,NA,0,NA
2023,1,7535,7,"I","0",NA,NA,NA,NA,"NP","7535_1","irrigated",2023,"dead",0,"Dead",NA,NA,NA,NA,NA,NA,0
2022,1,7536,10,"J","1",41,10,1,"5","","7536_1","irrigated",NA,"alive",1,"Flowering",1,NA,"1",1,1,1,NA
2023,1,7536,10,"J","1",27,11,1,"5.5","","7536_1","irrigated",NA,"alive",1,"Flowering",1,NA,"2",1,1,1,1
2024,1,7536,10,"J","2",36.5,12.5,1,"3.5","","7536_1","irrigated",NA,"alive",1,"Flowering",1,NA,"0",NA,NA,NA,1
2025,1,7536,10,"J","0",NA,NA,NA,NA,"NP","7536_1","irrigated",NA,NA,NA,NA,NA,NA,NA,NA,NA,NA,1
2016,13,7537,4,"C","4",NA,3.4,1,"2.1","","7537_13","control",NA,"alive",1,"Flowering",1,NA,"6",3,1,1,NA
2017,13,7537,4,"C","6",NA,10,3,"2.7","","7537_13","control",NA,"alive",1,"Flowering",1,NA,"1",0,0,1,1
2018,13,7537,4,"C","1",10.5,10.5,0,NA,"","7537_13","control",NA,"alive",1,"Vegetative",0,NA,"4",2,1,1,1
2019,13,7537,4,"C","4",17,14,2,"5","","7537_13","control",NA,"alive",1,"Flowering",1,NA,"1",0,0,1,0
2020,13,7537,4,"C","1",NA,9.3,0,NA,"new tag = 3428","7537_13","control",NA,"alive",1,"Vegetative",0,NA,"2",1,1,1,1
2021,13,7537,4,"C","2",16,15,1,"2.5","note from last year: new tag = 3428","7537_13","control",NA,"alive",1,"Flowering",1,NA,"6",3,1,1,0
2022,13,7537,4,"C","6",34,10,3,"SOS","2021: given new tag 3428. 2022: 3428 is a duplicate, so given new replacement tag. New tag is 7537 ","7537_13","control",NA,"alive",1,"Flowering",1,NA,"4",3,1,1,1
2023,13,7537,4,"C","4",25,10,3,"SOS","new tag is 7537. 1 dead umbel.","7537_13","control",NA,"alive",1,"Flowering",1,NA,"3",2,1,1,1
2024,13,7537,4,"C","3",30,7,2,"6.5","","7537_13","control",NA,"alive",1,"Flowering",1,NA,"1",0,0,1,1
2025,13,7537,4,"C","1",NA,12,0,NA,"","7537_13","control",NA,"alive",1,"Vegetative",0,NA,NA,NA,NA,NA,1
2022,7,7538,16,"F","1",NA,24,0,NA,"","7538_7","drought",NA,"alive",1,"Vegetative",0,NA,"0",NA,NA,1,NA
2023,7,7538,16,"F","0",NA,NA,NA,NA,"NP","7538_7","drought",NA,"dormant",1,"Dormant",NA,NA,"1",1,1,1,0
2024,7,7538,16,"F","1",41,23,1,"3.5","","7538_7","drought",NA,"alive",1,"Flowering",1,NA,"0",NA,NA,NA,NA
2025,7,7538,16,"F","0",NA,NA,NA,NA,"NP","7538_7","drought",NA,NA,NA,NA,NA,NA,NA,NA,NA,NA,1
2022,3,7539,15,"C","2",NA,15,0,NA,"","7539_3","control",NA,"alive",1,"Vegetative",0,NA,"3",1,1,1,NA
2023,3,7539,15,"C","3",28,16.5,1,"3.5","","7539_3","control",NA,"alive",1,"Flowering",1,NA,"4",2,1,1,0
2024,3,7539,15,"C","4",36.5,19,2,"11.5","","7539_3","control",NA,"alive",1,"Flowering",1,NA,"2",1,1,1,1
2025,3,7539,15,"C","2",19,14,1,NA,"umbel dead","7539_3","control",NA,"alive",1,"Flowering",1,NA,NA,NA,NA,NA,1
2022,12,7540,8,"C","1",NA,11.5,0,NA,"","7540_12","irrigated",NA,"alive",1,"Vegetative",0,NA,"2",0,0,1,NA
2023,12,7540,8,"C","2",NA,18,0,NA,"","7540_12","irrigated",NA,"alive",1,"Vegetative",0,NA,NA,NA,NA,NA,0
2024,12,7540,8,"C",NA,NA,NA,NA,NA,"NPNT; Dactylis","7540_12","irrigated",NA,NA,NA,NA,NA,NA,"1",0,0,1,0
2025,12,7540,8,"C","1",NA,21,0,NA,"","7540_12","irrigated",NA,"alive",1,"Vegetative",0,NA,NA,NA,NA,NA,NA
2022,12,7541,16,"F","2",NA,11.5,0,NA,"","7541_12","irrigated",NA,"alive",1,"Vegetative",0,NA,"1",0,0,1,NA
2023,12,7541,16,"F","1",NA,10,0,NA,"","7541_12","irrigated",NA,"alive",1,"Vegetative",0,NA,"1",0,0,1,0
2024,12,7541,16,"F","1",NA,14.5,0,NA,"","7541_12","irrigated",NA,"alive",1,"Vegetative",0,NA,"2",0,0,1,0
2025,12,7541,16,"F","2",NA,14,0,NA,"","7541_12","irrigated",NA,"alive",1,"Vegetative",0,NA,NA,NA,NA,NA,0
2022,5,7542,8,"D","1",NA,19,0,NA,"","7542_5","drought",NA,"alive",1,"Vegetative",0,NA,"2",1,1,1,NA
2023,5,7542,8,"D","2",21,8,1,"2","","7542_5","drought",NA,"alive",1,"Flowering",1,NA,"1",0,0,1,0
2024,5,7542,8,"D","1",NA,10,0,NA,"","7542_5","drought",NA,"alive",1,"Vegetative",0,NA,"2",0,0,1,1
2025,5,7542,8,"D","2",NA,11,0,NA,"","7542_5","drought",NA,"alive",1,"Vegetative",0,NA,NA,NA,NA,NA,0
2022,5,7543,6,"E","1",NA,17.5,0,NA,"","7543_5","drought",NA,"alive",1,"Vegetative",0,NA,"2",1,1,1,NA
2023,5,7543,6,"E","2",25,16,1,"3.5","not going to make seeds--got pulled out accidentally","7543_5","drought",NA,"alive",1,"Flowering",1,NA,"1",0,0,1,0
2024,5,7543,6,"E","1",NA,12,0,NA,"leaf senesced","7543_5","drought",NA,"alive",1,"Vegetative",0,NA,"3",0,0,1,1
2025,5,7543,6,"E","3",NA,16,0,NA,"","7543_5","drought",NA,"alive",1,"Vegetative",0,NA,NA,NA,NA,NA,0
2022,7,7544,6,"G","2",30,16,1,"2","","7544_7","drought",NA,"alive",1,"Flowering",1,NA,"1",1,1,1,NA
2023,7,7544,6,"G","1",40,16.5,1,"6.5","","7544_7","drought",NA,"alive",1,"Flowering",1,NA,"4",2,1,1,1
2024,7,7544,6,"G","4",64.5,16.5,2,"9.5","","7544_7","drought",NA,"alive",1,"Flowering",1,NA,"2",2,1,1,1
2025,7,7544,6,"G","2",53,18,2,"6.5","one umbel dead","7544_7","drought",NA,"alive",1,"Flowering",1,NA,NA,NA,NA,NA,1
2022,4,7545,9,"J","2",33,14,1,"5.5","","7545_4","irrigated",NA,"alive",1,"Flowering",1,NA,"2",0,0,1,NA
2023,4,7545,9,"J","2",NA,23,0,NA,"","7545_4","irrigated",NA,"alive",1,"Vegetative",0,NA,"3",1,1,1,1
2024,4,7545,9,"J","3",27,18.5,1,"3","","7545_4","irrigated",NA,"alive",1,"Flowering",1,NA,"2",0,0,1,0
2025,4,7545,9,"J","2",NA,16,0,NA,"","7545_4","irrigated",NA,"alive",1,"Vegetative",0,NA,NA,NA,NA,NA,1
2022,5,7546,14,"G","2",24,14,2,"SOS","","7546_5","drought",NA,"alive",1,"Flowering",1,NA,"2",1,1,1,NA
2023,5,7546,14,"G","2",30,10,1,"6","","7546_5","drought",NA,"alive",1,"Flowering",1,NA,"3",1,1,1,1
2024,5,7546,14,"G","3",23,7.5,1,"3","measured senesced leaf","7546_5","drought",NA,"alive",1,"Flowering",1,NA,"1",1,1,1,1
2025,5,7546,14,"G","1",10,9,1,NA,"dead umbel","7546_5","drought",NA,"alive",1,"Flowering",1,NA,NA,NA,NA,NA,1
2022,3,7548,9,"G","3",NA,28.5,0,NA,"","7548_3","control",NA,"alive",1,"Vegetative",0,NA,"5",3,1,1,NA
2023,3,7548,9,"G","5",58.5,22.5,3,"SOS","","7548_3","control",NA,"alive",1,"Flowering",1,NA,"6",3,1,1,0
2024,3,7548,9,"G","6",50,23,3,"18","","7548_3","control",NA,"alive",1,"Flowering",1,NA,"4",2,1,1,1
2025,3,7548,9,"G","4",40,28,2,"9","","7548_3","control",NA,"alive",1,"Flowering",1,NA,NA,NA,NA,NA,1
2023,4,7549,1,"B","1",NA,6,0,NA,"","7549_4","irrigated",NA,"alive",1,"Vegetative",0,NA,"1",0,0,1,NA
2024,4,7549,1,"B","1",NA,7,0,NA,"","7549_4","irrigated",NA,"alive",1,"Vegetative",0,NA,"1",0,0,1,0
2025,4,7549,1,"B","1",NA,5.5,0,NA,"","7549_4","irrigated",NA,"alive",1,"Vegetative",0,NA,NA,NA,NA,NA,0
2022,4,7550,0,"H","4",46,19,2,"SOS","on plot edge","7550_4","irrigated",NA,"alive",1,"Flowering",1,NA,"3",2,1,1,NA
2023,4,7550,0,"H","3",35,18,2,"SOS","on plot edge","7550_4","irrigated",NA,"alive",1,"Flowering",1,NA,"1",1,1,1,1
2024,4,7550,0,"H","1",33.5,19,1,"6","","7550_4","irrigated",NA,"alive",1,"Flowering",1,NA,"1",0,0,1,1
2025,4,7550,0,"H","1",NA,19,0,NA,"","7550_4","irrigated",NA,"alive",1,"Vegetative",0,NA,NA,NA,NA,NA,1
2023,9,7551,16,"F","1",NA,6,0,NA,"","7551_9","irrigated",NA,"alive",1,"Vegetative",0,NA,NA,NA,NA,NA,NA
2024,9,7551,16,"F",NA,NA,NA,NA,NA,"NPNT; moss","7551_9","irrigated",NA,NA,NA,NA,NA,NA,NA,NA,NA,NA,0
2025,9,7551,16,"F",NA,NA,NA,NA,NA,"NPNT >2 years; holes","7551_9","irrigated",NA,NA,NA,NA,NA,NA,NA,NA,NA,NA,NA
2022,3,7552,15,"C","2",NA,21.5,0,NA,"","7552_3","control",NA,"alive",1,"Vegetative",0,NA,"5",3,1,1,NA
2023,3,7552,15,"C","5",35,22,3,"SOS","","7552_3","control",NA,"alive",1,"Flowering",1,NA,"7",3,1,1,0
2024,3,7552,15,"C","7",55,25,3,"20","dead?","7552_3","control",NA,"alive",1,"Flowering",1,NA,"2",0,0,1,1
2025,3,7552,15,"C","2",NA,25,0,NA,"","7552_3","control",NA,"alive",1,"Vegetative",0,NA,NA,NA,NA,NA,1
2023,5,7553,4,"E","2",36,12,1,"6","","7553_5","drought",NA,"alive",1,"Flowering",1,NA,"2",1,1,1,NA
2024,5,7553,4,"E","2",29,16,1,"5","","7553_5","drought",NA,"alive",1,"Flowering",1,NA,"2",0,0,1,1
2025,5,7553,4,"E","2",NA,13,0,NA,"","7553_5","drought",NA,"alive",1,"Vegetative",0,NA,NA,NA,NA,NA,1
2024,3,7554,4,"I","1",NA,6.5,0,NA,"","7554_3","control",NA,"alive",1,"Vegetative",0,NA,"1",0,0,1,NA
2025,3,7554,4,"I","1",NA,10.5,0,NA,"","7554_3","control",NA,"alive",1,"Vegetative",0,NA,NA,NA,NA,NA,0
2022,5,7555,18,"B","2",17,13,1,"4","","7555_5","drought",NA,"alive",1,"Flowering",1,NA,"2",2,1,1,NA
2023,5,7555,18,"B","2",34,13,2,"SOS","","7555_5","drought",NA,"alive",1,"Flowering",1,NA,"4",2,1,1,1
2024,5,7555,18,"B","4",18.5,10,2,"6","","7555_5","drought",NA,"alive",1,"Flowering",1,NA,"3",1,1,1,1
2025,5,7555,18,"B","3",14,11,1,"3","","7555_5","drought",NA,"alive",1,"Flowering",1,NA,NA,NA,NA,NA,1
2022,10,7556,6,"D","1",NA,12,0,NA,"","7556_10","drought",NA,"alive",1,"Vegetative",0,NA,"1",0,0,1,NA
2023,10,7556,6,"D","1",NA,22,0,NA,"","7556_10","drought",NA,"alive",1,"Vegetative",0,NA,"0",NA,NA,1,0
2024,10,7556,6,"D","0",NA,NA,NA,NA,"NP","7556_10","drought",NA,"dormant",1,"Dormant",NA,NA,"1",0,0,1,0
2025,10,7556,6,"D","1",NA,21,0,NA,"","7556_10","drought",NA,"alive",1,"Vegetative",0,NA,NA,NA,NA,NA,NA
2022,14,7557,7,"G","2",35,20,2,"SOS","","7557_14","drought",NA,"alive",1,"Flowering",1,NA,"3",1,1,1,NA
2023,14,7557,7,"G","3",52,19,1,"9","","7557_14","drought",NA,"alive",1,"Flowering",1,NA,"1",0,0,1,1
2024,14,7557,7,"G","1",NA,21.5,0,NA,"","7557_14","drought",NA,"alive",1,"Vegetative",0,NA,"1",0,0,1,1
2025,14,7557,7,"G","1",NA,19,0,NA,"","7557_14","drought",NA,"alive",1,"Vegetative",0,NA,NA,NA,NA,NA,0
2024,4,7558,2,"C","1",NA,6.5,0,NA,"","7558_4","irrigated",NA,"alive",1,"Vegetative",0,NA,"2",0,0,1,NA
2025,4,7558,2,"C","2",NA,10.5,0,NA,"","7558_4","irrigated",NA,"alive",1,"Vegetative",0,NA,NA,NA,NA,NA,0
2023,10,7559,7,"C","2",NA,8,0,NA,"","7559_10","drought",2024,"alive",1,"Vegetative",0,NA,"0",NA,NA,0,NA
2024,10,7559,7,"C","0",NA,NA,NA,NA,"NP","7559_10","drought",2024,"dead",0,"Dead",NA,NA,NA,NA,NA,NA,0
2022,2,7560,17,"J","1",NA,12,0,NA,"","7560_2","control",2024,"alive",1,"Vegetative",0,NA,"2",1,1,1,NA
2023,2,7560,17,"J","2",22,13,1,"4","","7560_2","control",2024,"alive",1,"Flowering",1,NA,"0",NA,NA,0,0
2024,2,7560,17,"J","0",NA,NA,NA,NA,"NP","7560_2","control",2024,"dead",0,"Dead",NA,NA,NA,NA,NA,NA,1
2023,5,7561,5,"I","1",NA,7,0,NA,"","7561_5","drought",2024,"alive",1,"Vegetative",0,NA,"0",NA,NA,0,NA
2024,5,7561,5,"I","0",NA,NA,NA,NA,"NP","7561_5","drought",2024,"dead",0,"Dead",NA,NA,NA,NA,NA,NA,0
2022,1,7562,10,"F","1",22,11.5,1,"3","","7562_1","irrigated",NA,"alive",1,"Flowering",1,NA,"1",1,1,1,NA
2023,1,7562,10,"F","1",29,17.5,1,"4","","7562_1","irrigated",NA,"alive",1,"Flowering",1,NA,"3",1,1,1,1
2024,1,7562,10,"F","3",22.5,11.5,1,"2","","7562_1","irrigated",NA,"alive",1,"Flowering",1,NA,"1",0,0,1,1
2025,1,7562,10,"F","1",NA,15,0,NA,"","7562_1","irrigated",NA,"alive",1,"Vegetative",0,NA,NA,NA,NA,NA,1
2022,2,7563,7,"A","1",NA,11.5,0,NA,"","7563_2","control",NA,"alive",1,"Vegetative",0,NA,"1",0,0,1,NA
2023,2,7563,7,"A","1",NA,7,0,NA,"","7563_2","control",NA,"alive",1,"Vegetative",0,NA,"1",0,0,1,0
2024,2,7563,7,"A","1",NA,10.5,0,NA,"","7563_2","control",NA,"alive",1,"Vegetative",0,NA,"1",0,0,1,0
2025,2,7563,7,"A","1",NA,12,0,NA,"","7563_2","control",NA,"alive",1,"Vegetative",0,NA,NA,NA,NA,NA,0
2023,5,7564,3,"B","2",27,18,1,"6","green pick","7564_5","drought",NA,"alive",1,"Flowering",1,NA,"3",2,1,1,NA
2024,5,7564,3,"B","3",33,16,2,"7","bsp?","7564_5","drought",NA,"alive",1,"Flowering",1,NA,"2",1,1,1,1
2025,5,7564,3,"B","2",18,18,1,"3","","7564_5","drought",NA,"alive",1,"Flowering",1,NA,NA,NA,NA,NA,1
2023,3,7565,18,"E","2",29,16,1,"4","","7565_3","control",NA,"alive",1,"Flowering",1,NA,"2",2,1,1,NA
2024,3,7565,18,"E","2",39,19,2,"9","","7565_3","control",NA,"alive",1,"Flowering",1,NA,"2",1,1,1,1
2025,3,7565,18,"E","2",21,22,1,"2.5","","7565_3","control",NA,"alive",1,"Flowering",1,NA,NA,NA,NA,NA,1
2022,14,7566,0,"D","2",NA,19.5,0,NA,"","7566_14","drought",NA,"alive",1,"Vegetative",0,NA,"3",0,0,1,NA
2023,14,7566,0,"D","3",NA,27,0,NA,"","7566_14","drought",NA,"alive",1,"Vegetative",0,NA,"1",0,0,1,0
2024,14,7566,0,"D","1",NA,20,0,NA,"next to another small untagged plant; in moss","7566_14","drought",NA,"alive",1,"Vegetative",0,NA,"1",0,0,1,0
2025,14,7566,0,"D","1",NA,26.5,0,NA,"","7566_14","drought",NA,"alive",1,"Vegetative",0,NA,NA,NA,NA,NA,0
2023,1,7567,5,"F","1",NA,7,0,NA,"","7567_1","irrigated",2024,"alive",1,"Vegetative",0,NA,"0",NA,NA,0,NA
2024,1,7567,5,"F","0",NA,NA,NA,NA,"NP","7567_1","irrigated",2024,"dead",0,"Dead",NA,NA,NA,NA,NA,NA,0
2023,2,7568,1,"C","1",NA,7,0,NA,"","7568_2","control",NA,"alive",1,"Vegetative",0,NA,"0",NA,NA,1,NA
2024,2,7568,1,"C","0",NA,NA,NA,NA,"NP","7568_2","control",NA,"dormant",1,"Dormant",NA,NA,"1",0,0,1,0
2025,2,7568,1,"C","1",NA,15,0,NA,"","7568_2","control",NA,"alive",1,"Vegetative",0,NA,NA,NA,NA,NA,NA
2022,2,7569,14,"I","2",NA,14,0,NA,"","7569_2","control",NA,"alive",1,"Vegetative",0,NA,"1",0,0,1,NA
2023,2,7569,14,"I","1",NA,11,0,NA,"","7569_2","control",NA,"alive",1,"Vegetative",0,NA,"0",NA,NA,1,0
2024,2,7569,14,"I","0",NA,NA,NA,NA,"NP","7569_2","control",NA,"dormant",1,"Dormant",NA,NA,"1",0,0,1,0
2025,2,7569,14,"I","1",NA,10,0,NA,"","7569_2","control",NA,"alive",1,"Vegetative",0,NA,NA,NA,NA,NA,NA
2023,5,7570,1,"H","2",14,13,1,NA,"umbel dead","7570_5","drought",NA,"alive",1,"Flowering",1,NA,"1",0,0,1,NA
2024,5,7570,1,"H","1",NA,17.5,0,NA,"","7570_5","drought",NA,"alive",1,"Vegetative",0,NA,"1",0,0,1,1
2025,5,7570,1,"H","1",NA,17,0,NA,"","7570_5","drought",NA,"alive",1,"Vegetative",0,NA,NA,NA,NA,NA,0
2022,13,7571,9,"G","2",NA,14,0,NA,"","7571_13","control",NA,"alive",1,"Vegetative",0,NA,"3",2,1,1,NA
2023,13,7571,9,"G","3",30,12.5,2,"SOS","","7571_13","control",NA,"alive",1,"Flowering",1,NA,"0",NA,NA,1,0
2024,13,7571,9,"G","0",NA,NA,NA,NA,"NP","7571_13","control",NA,"dormant",1,"Dormant",NA,NA,"2",0,0,1,1
2025,13,7571,9,"G","2",NA,14,0,NA,"","7571_13","control",NA,"alive",1,"Vegetative",0,NA,NA,NA,NA,NA,NA
2022,15,7572,1,"J","1",NA,23,0,NA,"","7572_15","drought",NA,"alive",1,"Vegetative",0,NA,"0",NA,NA,1,NA
2023,15,7572,1,"J","0",NA,NA,NA,NA,"NP","7572_15","drought",NA,"dormant",1,"Dormant",NA,NA,"2",0,0,1,0
2024,15,7572,1,"J","2",NA,9.5,0,NA,"accidentally broke leaves","7572_15","drought",NA,"alive",1,"Vegetative",0,NA,"1",0,0,1,NA
2025,15,7572,1,"J","1",NA,17,0,NA,"","7572_15","drought",NA,"alive",1,"Vegetative",0,NA,NA,NA,NA,NA,0
2022,3,7573,3,"A","4",42,17,1,"5","","7573_3","control",NA,"alive",1,"Flowering",1,NA,"4",2,1,1,NA
2023,3,7573,3,"A","4",47.5,17.5,2,"SOS","","7573_3","control",NA,"alive",1,"Flowering",1,NA,"3",2,1,1,1
2024,3,7573,3,"A","3",44,19,2,"5","","7573_3","control",NA,"alive",1,"Flowering",1,NA,"3",1,1,1,1
2025,3,7573,3,"A","3",26,23,1,"2","","7573_3","control",NA,"alive",1,"Flowering",1,NA,NA,NA,NA,NA,1
2022,14,7574,2,"A","2",NA,27,0,NA,"","7574_14","drought",2023,"alive",1,"Vegetative",0,NA,"0",NA,NA,0,NA
2023,14,7574,2,"A","0",NA,NA,NA,NA,"NP. Tag pulled.","7574_14","drought",2023,"dead",0,"Dead",NA,NA,NA,NA,NA,NA,0
2022,14,7575,5,"B","2",23.5,15.5,1,"2","","7575_14","drought",NA,"alive",1,"Flowering",1,NA,"1",0,0,1,NA
2023,14,7575,5,"B","1",NA,19,0,NA,"","7575_14","drought",NA,"alive",1,"Vegetative",0,NA,"1",0,0,1,1
2024,14,7575,5,"B","1",NA,15.5,0,NA,"moss; possibly is 3486?","7575_14","drought",NA,"alive",1,"Vegetative",0,NA,"1",0,0,1,0
2025,14,7575,5,"B","1",NA,16.5,0,NA,"","7575_14","drought",NA,"alive",1,"Vegetative",0,NA,NA,NA,NA,NA,0
2022,14,7576,12,"A","2",24.5,16,1,"4","on edge of plot","7576_14","drought",2024,"alive",1,"Flowering",1,NA,"3",2,1,1,NA
2023,14,7576,12,"A","3",36.5,14,2,"SOS","on edge of plot","7576_14","drought",2024,"alive",1,"Flowering",1,NA,"0",NA,NA,0,1
2024,14,7576,12,"A","0",NA,NA,NA,NA,"NP","7576_14","drought",2024,"dead",0,"Dead",NA,NA,NA,NA,NA,NA,1
2022,14,7577,3,"B","3",NA,17,0,NA,"","7577_14","drought",NA,"alive",1,"Vegetative",0,NA,"1",0,0,1,NA
2023,14,7577,3,"B","1",NA,23,0,NA,"","7577_14","drought",NA,"alive",1,"Vegetative",0,NA,"1",0,0,1,0
2024,14,7577,3,"B","1",NA,17,0,NA,"","7577_14","drought",NA,"alive",1,"Vegetative",0,NA,"1",0,0,1,0
2025,14,7577,3,"B","1",NA,23.5,0,NA,"","7577_14","drought",NA,"alive",1,"Vegetative",0,NA,NA,NA,NA,NA,0
2022,12,7578,11,"B","1",NA,20,0,NA,"","7578_12","irrigated",NA,"alive",1,"Vegetative",0,NA,"6",4,1,1,NA
2023,12,7578,11,"B","6",46,17.5,4,"SOS","","7578_12","irrigated",NA,"alive",1,"Flowering",1,NA,"3",1,1,1,0
2024,12,7578,11,"B","3",32,19,1,"6.5","","7578_12","irrigated",NA,"alive",1,"Flowering",1,NA,"2",0,0,1,1
2025,12,7578,11,"B","2",NA,19.5,0,NA,"","7578_12","irrigated",NA,"alive",1,"Vegetative",0,NA,NA,NA,NA,NA,1
2023,7,7579,5,"C","1",42,21,1,"6","","7579_7","drought",NA,"alive",1,"Flowering",1,NA,"2",1,1,1,NA
2024,7,7579,5,"C","2",43.5,27.5,1,"4.5","","7579_7","drought",NA,"alive",1,"Flowering",1,NA,"2",1,1,1,1
2025,7,7579,5,"C","2",39,25,1,"4","","7579_7","drought",NA,"alive",1,"Flowering",1,NA,NA,NA,NA,NA,1
2022,5,7580,3,"J","2",NA,19,0,NA,"","7580_5","drought",NA,"alive",1,"Vegetative",0,NA,"3",2,1,1,NA
2023,5,7580,3,"J","3",27,16.5,2,"SOS","phenology not tracked","7580_5","drought",NA,"alive",1,"Flowering",1,NA,"2",1,1,1,0
2024,5,7580,3,"J","2",14,8,1,"2","","7580_5","drought",NA,"alive",1,"Flowering",1,NA,"2",0,0,1,1
2025,5,7580,3,"J","2",NA,13,0,NA,"","7580_5","drought",NA,"alive",1,"Vegetative",0,NA,NA,NA,NA,NA,1
2022,5,7581,4,"J","1",NA,24,0,NA,"","7581_5","drought",2023,"alive",1,"Vegetative",0,NA,"0",NA,NA,0,NA
2023,5,7581,4,"J","0",NA,NA,NA,NA,"NP","7581_5","drought",2023,"dead",0,"Dead",NA,NA,NA,NA,NA,NA,0
2024,4,7582,2,"C","1",NA,6.5,0,NA,"","7582_4","irrigated",NA,"alive",1,"Vegetative",0,NA,"2",0,0,1,NA
2025,4,7582,2,"C","2",NA,11,0,NA,"","7582_4","irrigated",NA,"alive",1,"Vegetative",0,NA,NA,NA,NA,NA,0
2023,1,7583,5,"F","1",NA,7,0,NA,"","7583_1","irrigated",NA,"alive",1,"Vegetative",0,NA,"1",0,0,1,NA
2024,1,7583,5,"F","1",NA,10,0,NA,"","7583_1","irrigated",NA,"alive",1,"Vegetative",0,NA,"0",NA,NA,NA,0
2025,1,7583,5,"F","0",NA,NA,NA,NA,"NP, on hose","7583_1","irrigated",NA,NA,NA,NA,NA,NA,NA,NA,NA,NA,0
2024,3,7584,7,"B","1",NA,14,0,NA,"","7584_3","control",NA,"alive",1,"Vegetative",0,NA,"1",0,0,1,NA
2025,3,7584,7,"B","1",NA,11,0,NA,"","7584_3","control",NA,"alive",1,"Vegetative",0,NA,NA,NA,NA,NA,0
2023,4,7585,1,"E","1",NA,6,0,NA,"","7585_4","irrigated",NA,"alive",1,"Vegetative",0,NA,"2",0,0,1,NA
2024,4,7585,1,"E","2",NA,11,0,NA,"","7585_4","irrigated",NA,"alive",1,"Vegetative",0,NA,"2",0,0,1,0
2025,4,7585,1,"E","2",NA,17.5,0,NA,"","7585_4","irrigated",NA,"alive",1,"Vegetative",0,NA,NA,NA,NA,NA,0
2022,10,7586,7,"C","1",NA,12,0,NA,"","7586_10","drought",2024,"alive",1,"Vegetative",0,NA,"1",0,0,1,NA
2023,10,7586,7,"C","1",NA,6,0,NA,"","7586_10","drought",2024,"alive",1,"Vegetative",0,NA,"0",NA,NA,0,0
2024,10,7586,7,"C","0",NA,NA,NA,NA,"NP; brome","7586_10","drought",2024,"dead",0,"Dead",NA,NA,NA,NA,NA,NA,0
2024,3,7588,4,"B","1",NA,12,0,NA,"","7588_3","control",NA,"alive",1,"Vegetative",0,NA,"1",0,0,1,NA
2025,3,7588,4,"B","1",NA,12,0,NA,"","7588_3","control",NA,"alive",1,"Vegetative",0,NA,NA,NA,NA,NA,0
2022,13,7589,6,"I","2",NA,13,0,NA,"","7589_13","control",NA,"alive",1,"Vegetative",0,NA,"2",2,1,1,NA
2023,13,7589,6,"I","2",30,13,2,"SOS","1 umbel dead","7589_13","control",NA,"alive",1,"Flowering",1,NA,"2",1,1,1,0
2024,13,7589,6,"I","2",25.5,12,1,"2.5","","7589_13","control",NA,"alive",1,"Flowering",1,NA,"1",0,0,1,1
2025,13,7589,6,"I","1",NA,16.5,0,NA,"","7589_13","control",NA,"alive",1,"Vegetative",0,NA,NA,NA,NA,NA,1
2022,4,7590,17,"H","2",NA,15,0,NA,"","7590_4","irrigated",NA,"alive",1,"Vegetative",0,NA,"1",0,0,1,NA
2023,4,7590,17,"H","1",NA,13,0,NA,"","7590_4","irrigated",NA,"alive",1,"Vegetative",0,NA,"1",0,0,1,0
2024,4,7590,17,"H","1",NA,23.5,0,NA,"","7590_4","irrigated",NA,"alive",1,"Vegetative",0,NA,"0",NA,NA,NA,0
2025,4,7590,17,"H","0",NA,NA,NA,NA,"NP","7590_4","irrigated",NA,NA,NA,NA,NA,NA,NA,NA,NA,NA,0
2022,4,7591,9,"J","2",35,18,2,"SOS","","7591_4","irrigated",NA,"alive",1,"Flowering",1,NA,"3",2,1,1,NA
2023,4,7591,9,"J","3",44,18,2,"SOS","","7591_4","irrigated",NA,"alive",1,"Flowering",1,NA,"3",2,1,1,1
2024,4,7591,9,"J","3",32,18,2,"7.5","","7591_4","irrigated",NA,"alive",1,"Flowering",1,NA,NA,NA,NA,NA,1
2025,4,7591,9,"J",NA,NA,NA,NA,NA,"NT but plants around and digging","7591_4","irrigated",NA,NA,NA,NA,NA,NA,NA,NA,NA,NA,1
2022,13,7592,7,"J","4",32,12,2,"SOS","","7592_13","control",NA,"alive",1,"Flowering",1,NA,"2",3,1,1,NA
2023,13,7592,7,"J","2",40,12,3,"SOS","","7592_13","control",NA,"alive",1,"Flowering",1,NA,"4",3,1,1,1
2024,13,7592,7,"J","4",34,16,3,"11","spittlebug","7592_13","control",NA,"alive",1,"Flowering",1,NA,"0",NA,NA,NA,1
2025,13,7592,7,"J","0",NA,NA,NA,NA,"NP","7592_13","control",NA,NA,NA,NA,NA,NA,NA,NA,NA,NA,1
2022,15,7593,7,"A","3",27,17,1,"5","","7593_15","drought",NA,"alive",1,"Flowering",1,NA,"2",2,1,1,NA
2023,15,7593,7,"A","2",38,16.5,2,"SOS","","7593_15","drought",NA,"alive",1,"Flowering",1,NA,"5",2,1,1,1
2024,15,7593,7,"A","5",35,21.5,2,"4.5","","7593_15","drought",NA,"alive",1,"Flowering",1,NA,"2",0,0,1,1
2025,15,7593,7,"A","2",NA,16.5,0,NA,"","7593_15","drought",NA,"alive",1,"Vegetative",0,NA,NA,NA,NA,NA,1
2022,14,7594,10,"B","2",NA,16,0,NA,"","7594_14","drought",NA,"alive",1,"Vegetative",0,NA,"1",0,0,1,NA
2023,14,7594,10,"B","1",NA,16,0,NA,"","7594_14","drought",NA,"alive",1,"Vegetative",0,NA,"1",0,0,1,0
2024,14,7594,10,"B","1",NA,17.5,0,NA,"","7594_14","drought",NA,"alive",1,"Vegetative",0,NA,"1",0,0,1,0
2025,14,7594,10,"B","1",NA,13,0,NA,"","7594_14","drought",NA,"alive",1,"Vegetative",0,NA,NA,NA,NA,NA,0
2022,14,7595,10,"A","1",NA,14,0,NA,"","7595_14","drought",NA,"alive",1,"Vegetative",0,NA,"1",0,0,1,NA
2023,14,7595,10,"A","1",NA,8.5,0,NA,"","7595_14","drought",NA,"alive",1,"Vegetative",0,NA,"0",NA,NA,1,0
2024,14,7595,10,"A","0",NA,NA,NA,NA,"NP","7595_14","drought",NA,"dormant",1,"Dormant",NA,NA,"1",0,0,1,0
2025,14,7595,10,"A","1",NA,13,0,NA,"","7595_14","drought",NA,"alive",1,"Vegetative",0,NA,NA,NA,NA,NA,NA
2022,5,7596,4,"G","1",NA,18,0,NA,"","7596_5","drought",NA,"alive",1,"Vegetative",0,NA,"2",1,1,1,NA
2023,5,7596,4,"G","2",28,15,1,"2.5","","7596_5","drought",NA,"alive",1,"Flowering",1,NA,"0",NA,NA,1,0
2024,5,7596,4,"G","0",NA,NA,NA,NA,"NP","7596_5","drought",NA,"dormant",1,"Dormant",NA,NA,"3",0,0,1,1
2025,5,7596,4,"G","3",NA,11,0,NA,"","7596_5","drought",NA,"alive",1,"Vegetative",0,NA,NA,NA,NA,NA,NA
2022,5,7597,7,"F","2",NA,16,0,NA,"","7597_5","drought",NA,"alive",1,"Vegetative",0,NA,"2",1,1,1,NA
2023,5,7597,7,"F","2",30,13,1,"4.5","","7597_5","drought",NA,"alive",1,"Flowering",1,NA,"2",1,1,1,0
2024,5,7597,7,"F","2",21,14,1,"4","","7597_5","drought",NA,"alive",1,"Flowering",1,NA,"2",1,1,1,1
2025,5,7597,7,"F","2",12,7,1,"2.5","","7597_5","drought",NA,"alive",1,"Flowering",1,NA,NA,NA,NA,NA,1
2022,15,7598,6,"A","3",NA,22,0,NA,"","7598_15","drought",NA,"alive",1,"Vegetative",0,NA,"3",2,1,1,NA
2023,15,7598,6,"A","3",46,12,2,"SOS","","7598_15","drought",NA,"alive",1,"Flowering",1,NA,"4",2,1,1,0
2024,15,7598,6,"A","4",31.5,18.5,2,"6","","7598_15","drought",NA,"alive",1,"Flowering",1,NA,"4",1,1,1,1
2025,15,7598,6,"A","4",14,13.5,1,"2.5","","7598_15","drought",NA,"alive",1,"Flowering",1,NA,NA,NA,NA,NA,1
2022,1,7599,0,"G","1",NA,20.5,0,NA,"","7599_1","irrigated",NA,"alive",1,"Vegetative",0,NA,"1",1,1,1,NA
2023,1,7599,0,"G","1",31,16,1,"5","","7599_1","irrigated",NA,"alive",1,"Flowering",1,NA,"1",0,0,1,0
2024,1,7599,0,"G","1",NA,20.5,0,NA,"","7599_1","irrigated",NA,"alive",1,"Vegetative",0,NA,"1",0,0,1,1
2025,1,7599,0,"G","1",NA,27.5,0,NA,"","7599_1","irrigated",NA,"alive",1,"Vegetative",0,NA,NA,NA,NA,NA,0
2025,5,7601,4,"I","1",NA,11,0,NA,"","7601_5","drought",NA,"alive",1,"Vegetative",0,NA,NA,NA,NA,NA,NA
2025,15,7602,8,"D","1",NA,12,0,NA,"","7602_15","drought",NA,"alive",1,"Vegetative",0,NA,NA,NA,NA,NA,NA
2025,15,7603,7,"C","1",NA,19,0,NA,"","7603_15","drought",NA,"alive",1,"Vegetative",0,NA,NA,NA,NA,NA,NA
2025,15,7604,5,"E","3",NA,17.5,0,NA,"","7604_15","drought",NA,"alive",1,"Vegetative",0,NA,NA,NA,NA,NA,NA
2025,15,7605,5,"D","1",NA,14,0,NA,"","7605_15","drought",NA,"alive",1,"Vegetative",0,NA,NA,NA,NA,NA,NA
2025,15,7606,4,"E","1",NA,12.5,0,NA,"","7606_15","drought",NA,"alive",1,"Vegetative",0,NA,NA,NA,NA,NA,NA
2025,15,7607,5,"E","1",NA,12,0,NA,"","7607_15","drought",NA,"alive",1,"Vegetative",0,NA,NA,NA,NA,NA,NA
2025,12,7608,18,"H","1",NA,11,0,NA,"","7608_12","irrigated",NA,"alive",1,"Vegetative",0,NA,NA,NA,NA,NA,NA
2025,5,7609,5,"G","1",NA,6,0,NA,"","7609_5","drought",NA,"alive",1,"Vegetative",0,NA,NA,NA,NA,NA,NA
2024,1,7610,5,"E","1",NA,9.5,0,NA,"measured shriveled leaf","7610_1","irrigated",NA,"alive",1,"Vegetative",0,NA,"1",0,0,1,NA
2025,1,7610,5,"E","1",NA,8,0,NA,"","7610_1","irrigated",NA,"alive",1,"Vegetative",0,NA,NA,NA,NA,NA,0
2024,13,7611,12,"D","1",NA,5,0,NA,"","7611_13","control",NA,"alive",1,"Vegetative",0,NA,"1",0,0,1,NA
2025,13,7611,12,"D","1",NA,8,0,NA,"","7611_13","control",NA,"alive",1,"Vegetative",0,NA,NA,NA,NA,NA,0
2024,13,7612,14,"B","1",NA,8.5,0,NA,"","7612_13","control",NA,"alive",1,"Vegetative",0,NA,"1",0,0,1,NA
2025,13,7612,14,"B","1",NA,12.5,0,NA,"","7612_13","control",NA,"alive",1,"Vegetative",0,NA,NA,NA,NA,NA,0
2024,14,7613,1,"E","1",NA,7.5,0,NA,"","7613_14","drought",NA,"alive",1,"Vegetative",0,NA,"0",NA,NA,NA,NA
2025,14,7613,1,"E","0",NA,NA,NA,NA,"NP","7613_14","drought",NA,NA,NA,NA,NA,NA,NA,NA,NA,NA,0
2024,12,7614,18,"G","1",NA,12,0,NA,"moss; between 3216 and 3132","7614_12","irrigated",NA,"alive",1,"Vegetative",0,NA,"0",NA,NA,NA,NA
2025,12,7614,18,"G","0",NA,NA,NA,NA,"NP","7614_12","irrigated",NA,NA,NA,NA,NA,NA,NA,NA,NA,NA,0
2024,14,7615,1,"I","1",NA,13.5,0,NA,"","7615_14","drought",NA,"alive",1,"Vegetative",0,NA,"1",0,0,1,NA
2025,14,7615,1,"I","1",NA,19,0,NA,"","7615_14","drought",NA,"alive",1,"Vegetative",0,NA,NA,NA,NA,NA,0
2024,12,7616,11,"B","2",24,14.5,1,"2","BSP in phen","7616_12","irrigated",NA,"alive",1,"Flowering",1,NA,"1",0,0,1,NA
2025,12,7616,11,"B","1",NA,13,0,NA,"","7616_12","irrigated",NA,"alive",1,"Vegetative",0,NA,NA,NA,NA,NA,1
2024,1,7617,6,"J","2",26,17,1,"3","YSP in phen","7617_1","irrigated",NA,"alive",1,"Flowering",1,NA,"1",0,0,1,NA
2025,1,7617,6,"J","1",NA,14,0,NA,"","7617_1","irrigated",NA,"alive",1,"Vegetative",0,NA,NA,NA,NA,NA,1
2024,1,7618,2,"A","1",NA,6.5,0,NA,"","7618_1","irrigated",NA,"alive",1,"Vegetative",0,NA,"2",0,0,1,NA
2025,1,7618,2,"A","2",NA,16,0,NA,"","7618_1","irrigated",NA,"alive",1,"Vegetative",0,NA,NA,NA,NA,NA,0
2024,12,7619,16,"E","2",NA,11.5,0,NA,"5cm from hose in moss","7619_12","irrigated",NA,"alive",1,"Vegetative",0,NA,"5",1,1,1,NA
2025,12,7619,16,"E","5",24,20.5,1,"2.5","5cm from hose in moss","7619_12","irrigated",NA,"alive",1,"Flowering",1,NA,NA,NA,NA,NA,0
2024,13,7620,12,"F","1",NA,10,0,NA,"not new recruit","7620_13","control",NA,"alive",1,"Vegetative",0,NA,"1",0,0,1,NA
2025,13,7620,12,"F","1",NA,11,0,NA,"","7620_13","control",NA,"alive",1,"Vegetative",0,NA,NA,NA,NA,NA,0
2024,13,7621,18,"D","1",NA,8,0,NA,"","7621_13","control",NA,"alive",1,"Vegetative",0,NA,"0",NA,NA,NA,NA
2025,13,7621,18,"D","0",NA,NA,NA,NA,"NP","7621_13","control",NA,NA,NA,NA,NA,NA,NA,NA,NA,NA,0
2024,13,7622,14,"H","1",NA,12.5,0,NA,"def not new recruit","7622_13","control",NA,"alive",1,"Vegetative",0,NA,"1",0,0,1,NA
2025,13,7622,14,"H","1",NA,17,0,NA,"","7622_13","control",NA,"alive",1,"Vegetative",0,NA,NA,NA,NA,NA,0
2024,13,7623,19,"H","1",NA,9.5,0,NA,"in moss; next to 3617","7623_13","control",NA,"alive",1,"Vegetative",0,NA,"2",0,0,1,NA
2025,13,7623,19,"H","2",NA,11,0,NA,"in moss; next to 3617","7623_13","control",NA,"alive",1,"Vegetative",0,NA,NA,NA,NA,NA,0
2024,2,7624,12,"A","1",NA,8.5,NA,NA,"RSP in phen; umbel(s) gone","7624_2","control",NA,"alive",1,NA,NA,NA,"2",1,1,1,NA
2025,2,7624,12,"A","2",19,14.5,1,"3","found this tag in 12A not 2, double check if it was a duplicate!","7624_2","control",NA,"alive",1,"Flowering",1,NA,NA,NA,NA,NA,NA
2024,14,7625,2,"H","1",NA,25,0,NA,"","7625_14","drought",NA,"alive",1,"Vegetative",0,NA,"1",0,0,1,NA
2025,14,7625,2,"H","1",NA,16,0,NA,"","7625_14","drought",NA,"alive",1,"Vegetative",0,NA,NA,NA,NA,NA,0
2024,14,7626,2,"E","1",NA,13.5,0,NA,"","7626_14","drought",NA,"alive",1,"Vegetative",0,NA,"2",0,0,1,NA
2025,14,7626,2,"E","2",NA,15,0,NA,"","7626_14","drought",NA,"alive",1,"Vegetative",0,NA,NA,NA,NA,NA,0
2024,13,7627,13,"F","1",NA,4,0,NA,"moss","7627_13","control",NA,"alive",1,"Vegetative",0,NA,"1",0,0,1,NA
2025,13,7627,13,"F","1",NA,11,0,NA,"moss","7627_13","control",NA,"alive",1,"Vegetative",0,NA,NA,NA,NA,NA,0
2024,13,7628,2,"D","2",21.5,8.5,1,"2.5","GSP in phen","7628_13","control",NA,"alive",1,"Flowering",1,NA,"2",1,1,1,NA
2025,13,7628,2,"D","2",23.5,15.5,1,"3.5","","7628_13","control",NA,"alive",1,"Flowering",1,NA,NA,NA,NA,NA,1
2024,13,7629,13,"A","1",NA,6.5,0,NA,"","7629_13","control",NA,"alive",1,"Vegetative",0,NA,"0",NA,NA,NA,NA
2025,13,7629,13,"A","0",NA,NA,NA,NA,"NP","7629_13","control",NA,NA,NA,NA,NA,NA,NA,NA,NA,NA,0
2024,1,7630,3,"E","1",NA,8,0,NA,"","7630_1","irrigated",NA,"alive",1,"Vegetative",0,NA,"2",0,0,1,NA
2025,1,7630,3,"E","2",NA,16,0,NA,"","7630_1","irrigated",NA,"alive",1,"Vegetative",0,NA,NA,NA,NA,NA,0
2024,7,7631,13,"J","2",33,21.5,1,"4.5","RSP in phen","7631_7","drought",NA,"alive",1,"Flowering",1,NA,"2",1,1,1,NA
2025,7,7631,13,"J","2",38,24,1,NA,"umbel dead","7631_7","drought",NA,"alive",1,"Flowering",1,NA,NA,NA,NA,NA,1
2024,13,7632,10,"F","3",22,12.5,1,"3","GTP in phen","7632_13","control",NA,"alive",1,"Flowering",1,NA,"0",NA,NA,NA,NA
2025,13,7632,10,"F","0",NA,NA,NA,NA,"NP","7632_13","control",NA,NA,NA,NA,NA,NA,NA,NA,NA,NA,1
2024,1,7633,5,"G","1",NA,5,0,NA,"","7633_1","irrigated",NA,"alive",1,"Vegetative",0,NA,"0",NA,NA,NA,NA
2025,1,7633,5,"G","0",NA,NA,NA,NA,"NP","7633_1","irrigated",NA,NA,NA,NA,NA,NA,NA,NA,NA,NA,0
2024,13,7634,7,"J","2",20.5,12.5,1,"2","BSP in phen","7634_13","control",NA,"alive",1,"Flowering",1,NA,"1",0,0,1,NA
2025,13,7634,7,"J","1",NA,18,0,NA,"","7634_13","control",NA,"alive",1,"Vegetative",0,NA,NA,NA,NA,NA,1
2024,13,7635,12,"D","1",NA,3,0,NA,"","7635_13","control",NA,"alive",1,"Vegetative",0,NA,"1",0,0,1,NA
2025,13,7635,12,"D","1",NA,11.5,0,NA,"","7635_13","control",NA,"alive",1,"Vegetative",0,NA,NA,NA,NA,NA,0
2024,1,7636,4,"H","1",NA,6,0,NA,"","7636_1","irrigated",NA,"alive",1,"Vegetative",0,NA,"1",0,0,1,NA
2025,1,7636,4,"H","1",NA,19,0,NA,"","7636_1","irrigated",NA,"alive",1,"Vegetative",0,NA,NA,NA,NA,NA,0
2024,13,7637,12,"B","1",NA,5,0,NA,"","7637_13","control",NA,"alive",1,"Vegetative",0,NA,"1",0,0,1,NA
2025,13,7637,12,"B","1",NA,11,0,NA,"","7637_13","control",NA,"alive",1,"Vegetative",0,NA,NA,NA,NA,NA,0
2024,13,7638,15,"J","5",18,10,2,"5","YSP in phen","7638_13","control",NA,"alive",1,"Flowering",1,NA,"1",0,0,1,NA
2025,13,7638,15,"J","1",NA,16,0,NA,"","7638_13","control",NA,"alive",1,"Vegetative",0,NA,NA,NA,NA,NA,1
2024,7,7639,13,"J","1",34.5,23,1,"3","YSP in phen; next to 3406","7639_7","drought",NA,"alive",1,"Flowering",1,NA,"2",0,0,1,NA
2025,7,7639,13,"J","2",NA,27,0,NA,"next to 3406","7639_7","drought",NA,"alive",1,"Vegetative",0,NA,NA,NA,NA,NA,1
2024,13,7640,11,"D","1",NA,5,0,NA,"","7640_13","control",NA,"alive",1,"Vegetative",0,NA,"1",0,0,1,NA
2025,13,7640,11,"D","1",NA,11,0,NA,"","7640_13","control",NA,"alive",1,"Vegetative",0,NA,NA,NA,NA,NA,0
2024,1,7641,4,"C","1",NA,9,0,NA,"","7641_1","irrigated",NA,"alive",1,"Vegetative",0,NA,"1",0,0,1,NA
2025,1,7641,4,"C","1",NA,7,0,NA,"","7641_1","irrigated",NA,"alive",1,"Vegetative",0,NA,NA,NA,NA,NA,0
2024,13,7642,17,"J","2",21.5,13,2,"4","BSP in phen","7642_13","control",NA,"alive",1,"Flowering",1,NA,"2",1,1,1,NA
2025,13,7642,17,"J","2",19,12,1,"3.5","next to 3154","7642_13","control",NA,"alive",1,"Flowering",1,NA,NA,NA,NA,NA,1
2024,7,7643,13,"G","2",43.5,17.5,2,"3","one umbel dead and not measurable","7643_7","drought",NA,"alive",1,"Flowering",1,NA,"0",NA,NA,NA,NA
2025,7,7643,13,"G","0",NA,NA,NA,NA,"NP","7643_7","drought",NA,NA,NA,NA,NA,NA,NA,NA,NA,NA,1
2024,7,7644,3,"J","4",57.5,26.5,2,"6","","7644_7","drought",NA,"alive",1,"Flowering",1,NA,"1",1,1,1,NA
2025,7,7644,3,"J","1",32,25,1,NA,"umbel dead","7644_7","drought",NA,"alive",1,"Flowering",1,NA,NA,NA,NA,NA,1
2024,11,7645,7,"A","2",31.5,20,1,"3.5","","7645_11","control",NA,"alive",1,"Flowering",1,NA,"1",0,0,1,NA
2025,11,7645,7,"A","1",NA,32,0,NA,"edge of plot, plant under thatch","7645_11","control",NA,"alive",1,"Vegetative",0,NA,NA,NA,NA,NA,1
2024,10,7646,6,"A","1",NA,15,0,NA,"","7646_10","drought",NA,"alive",1,"Vegetative",0,NA,"1",0,0,1,NA
2025,10,7646,6,"A","1",NA,14.5,0,NA,"","7646_10","drought",NA,"alive",1,"Vegetative",0,NA,NA,NA,NA,NA,0
2024,10,7647,6,"B","1",NA,20.5,0,NA,"black spots on leaves","7647_10","drought",NA,"alive",1,"Vegetative",0,NA,"1",0,0,1,NA
2025,10,7647,6,"B","1",NA,18.5,0,NA,"","7647_10","drought",NA,"alive",1,"Vegetative",0,NA,NA,NA,NA,NA,0
2024,3,7648,2,"I","1",NA,8,0,NA,"","7648_3","control",NA,"alive",1,"Vegetative",0,NA,"1",0,0,1,NA
2025,3,7648,2,"I","1",NA,12,0,NA,"","7648_3","control",NA,"alive",1,"Vegetative",0,NA,NA,NA,NA,NA,0
2023,4,7649,2,"D","1",NA,11,0,NA,"","7649_4","irrigated",NA,"alive",1,"Vegetative",0,NA,"2",0,0,1,NA
2024,4,7649,2,"D","2",NA,9,0,NA,"","7649_4","irrigated",NA,"alive",1,"Vegetative",0,NA,"1",0,0,1,0
2025,4,7649,2,"D","1",NA,12.5,0,NA,"","7649_4","irrigated",NA,"alive",1,"Vegetative",0,NA,NA,NA,NA,NA,0
2023,4,7650,4,"C","2",NA,4,0,NA,"","7650_4","irrigated",NA,"alive",1,"Vegetative",0,NA,"1",0,0,1,NA
2024,4,7650,4,"C","1",NA,6.5,0,NA,"","7650_4","irrigated",NA,"alive",1,"Vegetative",0,NA,"1",0,0,1,0
2025,4,7650,4,"C","1",NA,10.5,0,NA,"","7650_4","irrigated",NA,"alive",1,"Vegetative",0,NA,NA,NA,NA,NA,0
2024,7,7651,0,"A","3",32.5,31.5,2,"7","RTP in phen","7651_7","drought",NA,"alive",1,"Flowering",1,NA,"1",1,1,1,NA
2025,7,7651,0,"A","1",14,26,1,NA,"umbel dead","7651_7","drought",NA,"alive",1,"Flowering",1,NA,NA,NA,NA,NA,1
2023,15,7652,4,"G","1",NA,20,0,NA,"","7652_15","drought",NA,"alive",1,"Vegetative",0,NA,NA,NA,NA,NA,NA
2024,15,7652,4,"G",NA,NA,NA,NA,NA,"NPNT","7652_15","drought",NA,NA,NA,NA,NA,NA,"1",0,0,1,0
2025,15,7652,4,"G","1",NA,23,0,NA,"","7652_15","drought",NA,"alive",1,"Vegetative",0,NA,NA,NA,NA,NA,NA
2023,9,7653,16,"I","1",NA,5,0,NA,"","7653_9","irrigated",NA,"alive",1,"Vegetative",0,NA,NA,NA,NA,NA,NA
2024,9,7653,16,"I",NA,NA,NA,NA,NA,"NPNT","7653_9","irrigated",NA,NA,NA,NA,NA,NA,NA,NA,NA,NA,0
2025,9,7653,16,"I",NA,NA,NA,NA,NA,"IN DIV. NP","7653_9","irrigated",NA,NA,NA,NA,NA,NA,NA,NA,NA,NA,NA
2024,3,7664,3,"I","1",NA,17,0,NA,"","7654_3","control",NA,"alive",1,"Vegetative",0,NA,"2",0,0,1,NA
2025,3,7664,3,"I","2",NA,16.5,0,NA,"tag is 7664","7654_3","control",NA,"alive",1,"Vegetative",0,NA,NA,NA,NA,NA,0
2024,5,7654,14,"F","2",28,12,1,"5","BSP in phen","7654_5","drought",NA,"alive",1,"Flowering",1,NA,"1",1,1,1,NA
2025,5,7654,14,"F","1",14.5,10,1,"4","","7654_5","drought",NA,"alive",1,"Flowering",1,NA,NA,NA,NA,NA,1
2024,15,7655,5,"I","2",24.5,6.5,1,"1.5","BSP in phen; long leaf senesced","7655_15","drought",NA,"alive",1,"Flowering",1,NA,"0",NA,NA,NA,NA
2025,15,7655,5,"I","0",NA,NA,NA,NA,"NP","7655_15","drought",NA,NA,NA,NA,NA,NA,NA,NA,NA,NA,1
2024,7,7656,0,"J","4",36.5,12,3,"7.5","first umbel looks like aborted bud; leaves eaten","7656_7","drought",NA,"alive",1,"Flowering",1,NA,NA,NA,NA,NA,NA
2025,7,7656,0,"J",NA,NA,NA,NA,NA,"NPNT","7656_7","drought",NA,NA,NA,NA,NA,NA,NA,NA,NA,NA,1
2024,15,7657,7,"F","4",44.5,23.5,1,"3","BSP in phen; spittlebug","7657_15","drought",NA,"alive",1,"Flowering",1,NA,"3",2,1,1,NA
2025,15,7657,7,"F","3",19,24.5,2,"1.5","","7657_15","drought",NA,"alive",1,"Flowering",1,NA,NA,NA,NA,NA,1
2023,4,7658,3,"C","1",NA,9,0,NA,"","7658_4","irrigated",NA,"alive",1,"Vegetative",0,NA,"0",NA,NA,1,NA
2024,4,7658,3,"C","0",NA,NA,NA,NA,"NP","7658_4","irrigated",NA,"dormant",1,"Dormant",NA,NA,"1",0,0,1,0
2025,4,7658,3,"C","1",NA,10,0,NA,"","7658_4","irrigated",NA,"alive",1,"Vegetative",0,NA,NA,NA,NA,NA,NA
2023,4,7659,1,"B","1",NA,10,0,NA,"","7659_4","irrigated",2024,"alive",1,"Vegetative",0,NA,"0",NA,NA,0,NA
2024,4,7659,1,"B","0",NA,NA,NA,NA,"NP; in 4B","7659_4","irrigated",2024,"dead",0,"Dead",NA,NA,NA,NA,NA,NA,0
2024,4,7660,4,"A","3",NA,8,0,NA,"","7660_4","irrigated",NA,"alive",1,"Vegetative",0,NA,"1",0,0,1,NA
2025,4,7660,4,"A","1",NA,11.5,0,NA,"","7660_4","irrigated",NA,"alive",1,"Vegetative",0,NA,NA,NA,NA,NA,0
2024,4,7661,3,"D","1",NA,7,0,NA,"","7661_4","irrigated",NA,"alive",1,"Vegetative",0,NA,"1",0,0,1,NA
2025,4,7661,3,"D","1",NA,10,0,NA,"","7661_4","irrigated",NA,"alive",1,"Vegetative",0,NA,NA,NA,NA,NA,0
2024,3,7662,6,"C","1",NA,11,0,NA,"","7662_3","control",NA,"alive",1,"Vegetative",0,NA,"1",0,0,1,NA
2025,3,7662,6,"C","1",NA,11,0,NA,"","7662_3","control",NA,"alive",1,"Vegetative",0,NA,NA,NA,NA,NA,0
2024,5,7663,18,"E","1",22.5,16,1,"2.5","BSP in phen; might be 3178?","7663_5","drought",NA,"alive",1,"Flowering",1,NA,"2",0,0,1,NA
2025,5,7663,18,"E","2",NA,18,0,NA,"","7663_5","drought",NA,"alive",1,"Vegetative",0,NA,NA,NA,NA,NA,1
2024,10,7665,7,"C","1",NA,10,0,NA,"","7665_10","drought",NA,"alive",1,"Vegetative",0,NA,"1",0,0,1,NA
2025,10,7665,7,"C","1",NA,8,0,NA,"","7665_10","drought",NA,"alive",1,"Vegetative",0,NA,NA,NA,NA,NA,0
2023,4,7666,2,"C","2",NA,13,0,NA,"","7666_4","irrigated",NA,"alive",1,"Vegetative",0,NA,"2",0,0,1,NA
2024,4,7666,2,"C","2",NA,6,0,NA,"","7666_4","irrigated",NA,"alive",1,"Vegetative",0,NA,"1",0,0,1,0
2025,4,7666,2,"C","1",NA,6,0,NA,"not part of the clump in 2C","7666_4","irrigated",NA,"alive",1,"Vegetative",0,NA,NA,NA,NA,NA,0
2023,4,7667,4,"B","1",NA,9,0,NA,"","7667_4","irrigated",NA,"alive",1,"Vegetative",0,NA,"0",NA,NA,1,NA
2024,4,7667,4,"B","0",NA,NA,NA,NA,"NP","7667_4","irrigated",NA,"dormant",1,"Dormant",NA,NA,"1",0,0,1,0
2025,4,7667,4,"B","1",NA,10.5,0,NA,"","7667_4","irrigated",NA,"alive",1,"Vegetative",0,NA,NA,NA,NA,NA,NA
2023,12,7668,12,"G","1",NA,6,0,NA,"","7668_12","irrigated",NA,"alive",1,"Vegetative",0,NA,"1",0,0,1,NA
2024,12,7668,12,"G","1",NA,6.5,0,NA,"","7668_12","irrigated",NA,"alive",1,"Vegetative",0,NA,"0",NA,NA,NA,0
2025,12,7668,12,"G","0",NA,NA,NA,NA,"NP","7668_12","irrigated",NA,NA,NA,NA,NA,NA,NA,NA,NA,NA,0
2023,12,7669,13,"F","1",NA,5,0,NA,"","7669_12","irrigated",NA,"alive",1,"Vegetative",0,NA,"1",0,0,1,NA
2024,12,7669,13,"F","1",NA,6.5,0,NA,"","7669_12","irrigated",NA,"alive",1,"Vegetative",0,NA,"0",NA,NA,NA,0
2025,12,7669,13,"F","0",NA,NA,NA,NA,"NP","7669_12","irrigated",NA,NA,NA,NA,NA,NA,NA,NA,NA,NA,0
2023,3,7670,7,"I","3",46,17,1,"8.5","pink sword from phenology","7670_3","control",NA,"alive",1,"Flowering",1,NA,"2",1,1,1,NA
2024,3,7670,7,"I","2",27.5,27.5,1,"3","","7670_3","control",NA,"alive",1,"Flowering",1,NA,"4",1,1,1,1
2025,3,7670,7,"I","4",30,27,1,"3","","7670_3","control",NA,"alive",1,"Flowering",1,NA,NA,NA,NA,NA,1
2023,14,7671,0,"H","3",NA,10,0,NA,"","7671_14","drought",NA,"alive",1,"Vegetative",0,NA,"1",0,0,1,NA
2024,14,7671,0,"H","1",NA,9,0,NA,"in moss","7671_14","drought",NA,"alive",1,"Vegetative",0,NA,"3",0,0,1,0
2025,14,7671,0,"H","3",NA,14.5,0,NA,"in moss","7671_14","drought",NA,"alive",1,"Vegetative",0,NA,NA,NA,NA,NA,0
2023,14,7672,0,"J","1",NA,10,0,NA,"","7672_14","drought",NA,"alive",1,"Vegetative",0,NA,NA,NA,NA,NA,NA
2024,14,7672,0,"J",NA,NA,NA,NA,NA,"NPNT","7672_14","drought",NA,NA,NA,NA,NA,NA,"1",0,0,1,0
2025,14,7672,0,"J","1",NA,18.5,0,NA,"","7672_14","drought",NA,"alive",1,"Vegetative",0,NA,NA,NA,NA,NA,NA
2023,12,7673,12,"F","1",NA,7,0,NA,"","7673_12","irrigated",NA,"alive",1,"Vegetative",0,NA,"1",0,0,1,NA
2024,12,7673,12,"F","1",NA,8,0,NA,"","7673_12","irrigated",NA,"alive",1,"Vegetative",0,NA,"1",0,0,1,0
2025,12,7673,12,"F","1",NA,7,0,NA,"","7673_12","irrigated",NA,"alive",1,"Vegetative",0,NA,NA,NA,NA,NA,0
2023,12,7674,13,"J","1",NA,7,0,NA,"","7674_12","irrigated",2024,"alive",1,"Vegetative",0,NA,"0",NA,NA,0,NA
2024,12,7674,13,"J","0",NA,NA,NA,NA,"NP","7674_12","irrigated",2024,"dead",0,"Dead",NA,NA,NA,NA,NA,NA,0
2024,5,7675,10,"J","4",21,16.5,2,"4.5","RSP in phen; also is BSP in phen; merge phen records","7675_5","drought",NA,"alive",1,"Flowering",1,NA,"1",0,0,1,NA
2025,5,7675,10,"J","1",NA,12,0,NA,"slightly in diversity plot","7675_5","drought",NA,"alive",1,"Vegetative",0,NA,NA,NA,NA,NA,1
2024,5,7676,19,"F","2",23.5,12,1,"2","RTP in phen","7676_5","drought",NA,"alive",1,"Flowering",1,NA,NA,NA,NA,NA,NA
2025,5,7676,19,"F",NA,NA,NA,NA,NA,"same plant as 3713, unearthed 3713 tag and they point at the same plant. Need to change in previous years","7676_5","drought",NA,NA,NA,NA,NA,NA,NA,NA,NA,NA,1
2023,3,7677,5,"E","1",NA,15,0,NA,"","7677_3","control",NA,"alive",1,"Vegetative",0,NA,"2",1,1,1,NA
2024,3,7677,5,"E","2",27,17,1,"4","","7677_3","control",NA,"alive",1,"Flowering",1,NA,"1",1,1,1,0
2025,3,7677,5,"E","1",21,11,1,"2.5","","7677_3","control",NA,"alive",1,"Flowering",1,NA,NA,NA,NA,NA,1
2023,3,7678,5,"I","1",NA,18,0,NA,"","7678_3","control",2024,"alive",1,"Vegetative",0,NA,"0",NA,NA,0,NA
2024,3,7678,5,"I","0",NA,NA,NA,NA,"NP","7678_3","control",2024,"dead",0,"Dead",NA,NA,NA,NA,NA,NA,0
2023,14,7679,1,"G","1",NA,13,0,NA,"","7679_14","drought",NA,"alive",1,"Vegetative",0,NA,"1",0,0,1,NA
2024,14,7679,1,"G","1",NA,14,0,NA,"in moss","7679_14","drought",NA,"alive",1,"Vegetative",0,NA,"1",0,0,1,0
2025,14,7679,1,"G","1",NA,17.5,0,NA,"in moss","7679_14","drought",NA,"alive",1,"Vegetative",0,NA,NA,NA,NA,NA,0
2023,14,7680,2,"I","1",NA,8,0,NA,"","7680_14","drought",NA,"alive",1,"Vegetative",0,NA,NA,NA,NA,NA,NA
2024,14,7680,2,"I",NA,NA,NA,NA,NA,"NPNT; moss","7680_14","drought",NA,NA,NA,NA,NA,NA,"0",NA,NA,NA,0
2025,14,7680,2,"I","0",NA,NA,NA,NA,"NP tag pulled","7680_14","drought",NA,NA,NA,NA,NA,NA,NA,NA,NA,NA,NA
2023,10,7681,8,"F","1",NA,20,0,NA,"","7681_10","drought",NA,"alive",1,"Vegetative",0,NA,"2",1,1,1,NA
2024,10,7681,8,"F","2",59.5,20,1,"3","7692 in phen","7681_10","drought",NA,"alive",1,"Flowering",1,NA,"3",1,1,1,0
2025,10,7681,8,"F","3",52,24,1,"4","","7681_10","drought",NA,"alive",1,"Flowering",1,NA,NA,NA,NA,NA,1
2023,10,7682,4,"E","1",NA,9,0,NA,"","7682_10","drought",2024,"alive",1,"Vegetative",0,NA,"0",NA,NA,0,NA
2024,10,7682,4,"E","0",NA,NA,NA,NA,"NP","7682_10","drought",2024,"dead",0,"Dead",NA,NA,NA,NA,NA,NA,0
2023,13,7683,11,"E","1",NA,7,0,NA,"","7683_13","control",NA,"alive",1,"Vegetative",0,NA,"1",0,0,1,NA
2024,13,7683,11,"E","1",NA,6,0,NA,"moss","7683_13","control",NA,"alive",1,"Vegetative",0,NA,"1",0,0,1,0
2025,13,7683,11,"E","1",NA,8,0,NA,"moss","7683_13","control",NA,"alive",1,"Vegetative",0,NA,NA,NA,NA,NA,0
2023,3,7684,14,"A","3",27.5,8.5,2,"SOS","","7684_3","control",NA,"alive",1,"Flowering",1,NA,"2",1,1,1,NA
2024,3,7684,14,"A","2",23,13,1,"4","","7684_3","control",NA,"alive",1,"Flowering",1,NA,"1",1,1,1,1
2025,3,7684,14,"A","1",13,10,1,NA,"umbel dead","7684_3","control",NA,"alive",1,"Flowering",1,NA,NA,NA,NA,NA,1
2023,14,7685,1,"D","2",NA,28,0,NA,"next to 7566","7685_14","drought",NA,"alive",1,"Vegetative",0,NA,"1",0,0,1,NA
2024,14,7685,1,"D","1",NA,21,0,NA,"in moss","7685_14","drought",NA,"alive",1,"Vegetative",0,NA,"2",0,0,1,0
2025,14,7685,1,"D","2",NA,29,0,NA,"in moss","7685_14","drought",NA,"alive",1,"Vegetative",0,NA,NA,NA,NA,NA,0
2023,12,7686,12,"G","1",NA,8,0,NA,"","7686_12","irrigated",NA,"alive",1,"Vegetative",0,NA,"1",0,0,1,NA
2024,12,7686,12,"G","1",NA,7.5,0,NA,"","7686_12","irrigated",NA,"alive",1,"Vegetative",0,NA,"1",0,0,1,0
2025,12,7686,12,"G","1",NA,7,0,NA,"","7686_12","irrigated",NA,"alive",1,"Vegetative",0,NA,NA,NA,NA,NA,0
2023,3,7687,2,"A","1",NA,14,0,NA,"","7687_3","control",NA,"alive",1,"Vegetative",0,NA,"1",0,0,1,NA
2024,3,7687,2,"A","1",NA,21,0,NA,"","7687_3","control",NA,"alive",1,"Vegetative",0,NA,"1",0,0,1,0
2025,3,7687,2,"A","1",NA,19,0,NA,"","7687_3","control",NA,"alive",1,"Vegetative",0,NA,NA,NA,NA,NA,0
2023,12,7688,11,"G","1",NA,9,0,NA,"","7688_12","irrigated",NA,"alive",1,"Vegetative",0,NA,"1",0,0,1,NA
2024,12,7688,11,"G","1",NA,7,0,NA,"","7688_12","irrigated",NA,"alive",1,"Vegetative",0,NA,"1",0,0,1,0
2025,12,7688,11,"G","1",NA,7,0,NA,"","7688_12","irrigated",NA,"alive",1,"Vegetative",0,NA,NA,NA,NA,NA,0
2023,3,7689,1,"B","1",NA,13,0,NA,"","7689_3","control",NA,"alive",1,"Vegetative",0,NA,"1",0,0,1,NA
2024,3,7689,1,"B","1",NA,18,0,NA,"","7689_3","control",NA,"alive",1,"Vegetative",0,NA,"0",NA,NA,NA,0
2025,3,7689,1,"B","0",NA,NA,NA,NA,"NP","7689_3","control",NA,NA,NA,NA,NA,NA,NA,NA,NA,NA,0
2023,12,7690,14,"J","1",NA,7,0,NA,"","7690_12","irrigated",NA,"alive",1,"Vegetative",0,NA,"1",0,0,1,NA
2024,12,7690,14,"J","1",NA,7.5,0,NA,"","7690_12","irrigated",NA,"alive",1,"Vegetative",0,NA,"1",0,0,1,0
2025,12,7690,14,"J","1",NA,6,0,NA,"","7690_12","irrigated",NA,"alive",1,"Vegetative",0,NA,NA,NA,NA,NA,0
2024,5,7691,7,"J","5",33.5,18,4,"8","BSP in phen","7691_5","drought",NA,"alive",1,"Flowering",1,NA,NA,NA,NA,NA,NA
2025,5,7691,7,"J",NA,NA,NA,NA,NA,"NPNT - definitely no plants around 7J","7691_5","drought",NA,NA,NA,NA,NA,NA,NA,NA,NA,NA,1
2023,10,7692,8,"F","1",NA,22,0,NA,"","7692_10","drought",NA,"alive",1,"Vegetative",0,NA,"1",0,0,1,NA
2024,10,7692,8,"F","1",NA,25.5,0,NA,"","7692_10","drought",NA,"alive",1,"Vegetative",0,NA,"1",0,0,1,0
2025,10,7692,8,"F","1",NA,18,0,NA,"","7692_10","drought",NA,"alive",1,"Vegetative",0,NA,NA,NA,NA,NA,0
2024,4,7693,2,"C","1",NA,11.5,0,NA,"","7693_4","irrigated",NA,"alive",1,"Vegetative",0,NA,"1",0,0,1,NA
2025,4,7693,2,"C","1",NA,8,0,NA,"","7693_4","irrigated",NA,"alive",1,"Vegetative",0,NA,NA,NA,NA,NA,0
2023,12,7694,11,"G","1",NA,6,0,NA,"","7694_12","irrigated",2024,"alive",1,"Vegetative",0,NA,"0",NA,NA,0,NA
2024,12,7694,11,"G","0",NA,NA,NA,NA,"NP","7694_12","irrigated",2024,"dead",0,"Dead",NA,NA,NA,NA,NA,NA,0
2023,13,7695,12,"E","1",NA,6,0,NA,"","7695_13","control",2024,"alive",1,"Vegetative",0,NA,"0",NA,NA,0,NA
2024,13,7695,12,"E","0",NA,NA,NA,NA,"NP","7695_13","control",2024,"dead",0,"Dead",NA,NA,NA,NA,NA,NA,0
2023,4,7696,0,"A","5",42.5,19,4,"SOS","","7696_4","irrigated",NA,"alive",1,"Flowering",1,NA,"4",3,1,1,NA
2024,4,7696,0,"A","4",28,13.5,3,"12","","7696_4","irrigated",NA,"alive",1,"Flowering",1,NA,"3",2,1,1,1
2025,4,7696,0,"A","3",28.5,21,2,"6","","7696_4","irrigated",NA,"alive",1,"Flowering",1,NA,NA,NA,NA,NA,1
2023,13,7697,12,"D","1",NA,6,0,NA,"","7697_13","control",2024,"alive",1,"Vegetative",0,NA,"0",NA,NA,0,NA
2024,13,7697,12,"D","0",NA,NA,NA,NA,"NP; moss","7697_13","control",2024,"dead",0,"Dead",NA,NA,NA,NA,NA,NA,0
2023,10,7698,9,"D","3",65,24,2,"SOS","","7698_10","drought",NA,"alive",1,"Flowering",1,NA,"4",2,1,1,NA
2024,10,7698,9,"D","4",69.5,22.5,2,"12.5","","7698_10","drought",NA,"alive",1,"Flowering",1,NA,"3",2,1,1,1
2025,10,7698,9,"D","3",55,22.5,2,"5","","7698_10","drought",NA,"alive",1,"Flowering",1,NA,NA,NA,NA,NA,1
2023,12,7699,11,"I","1",NA,7,0,NA,"","7699_12","irrigated",2024,"alive",1,"Vegetative",0,NA,"0",NA,NA,0,NA
2024,12,7699,11,"I","0",NA,NA,NA,NA,"NP","7699_12","irrigated",2024,"dead",0,"Dead",NA,NA,NA,NA,NA,NA,0
2023,13,7700,11,"E","1",NA,7,0,NA,"","7700_13","control",NA,"alive",1,"Vegetative",0,NA,"0",NA,NA,1,NA
2024,13,7700,11,"E","0",NA,NA,NA,NA,"NP; moss","7700_13","control",NA,"dormant",1,"Dormant",NA,NA,"2",0,0,1,0
2025,13,7700,11,"E","2",NA,14.5,0,NA,"moss","7700_13","control",NA,"alive",1,"Vegetative",0,NA,NA,NA,NA,NA,NA
2025,12,7701,18,"D","2",NA,14,0,NA,"","7701_12","irrigated",NA,"alive",1,"Vegetative",0,NA,NA,NA,NA,NA,NA
2025,4,7703,1,"D","1",NA,13,0,NA,"","7703_4","irrigated",NA,"alive",1,"Vegetative",0,NA,NA,NA,NA,NA,NA
2025,4,7704,0,"C","1",NA,11,0,NA,"","7704_4","irrigated",NA,"alive",1,"Vegetative",0,NA,NA,NA,NA,NA,NA
2025,15,7705,8,"G","1",NA,8.5,0,NA,"between 3760 and 3404","7705_15","drought",NA,"alive",1,"Vegetative",0,NA,NA,NA,NA,NA,NA
2025,15,7706,7,"E","2",NA,18,0,NA,"","7706_15","drought",NA,"alive",1,"Vegetative",0,NA,NA,NA,NA,NA,NA
2025,15,7707,5,"G","1",NA,18,0,NA,"next to 7652","7707_15","drought",NA,"alive",1,"Vegetative",0,NA,NA,NA,NA,NA,NA
2025,15,7708,7,"E","2",NA,21,0,NA,"","7708_15","drought",NA,"alive",1,"Vegetative",0,NA,NA,NA,NA,NA,NA
2025,14,7709,2,"B","1",NA,9.5,0,NA,"","7709_14","drought",NA,"alive",1,"Vegetative",0,NA,NA,NA,NA,NA,NA
2025,3,7710,5,"F","2",NA,19,0,NA,"untagged blue toothpick from last year","7710_3","control",NA,"alive",1,"Vegetative",0,NA,NA,NA,NA,NA,NA
2025,15,7711,7,"D","1",NA,10.5,0,NA,"","7711_15","drought",NA,"alive",1,"Vegetative",0,NA,NA,NA,NA,NA,NA
2025,12,7712,3,"E","2",NA,16,0,NA,"","7712_12","irrigated",NA,"alive",1,"Vegetative",0,NA,NA,NA,NA,NA,NA
2025,12,7713,0,"B","2",NA,12,0,NA,"edge of dactylis clump","7713_12","irrigated",NA,"alive",1,"Vegetative",0,NA,NA,NA,NA,NA,NA
2025,12,7714,7,"A","1",NA,11,0,NA,"","7714_12","irrigated",NA,"alive",1,"Vegetative",0,NA,NA,NA,NA,NA,NA
2025,15,7715,8,"J","3",NA,11.5,0,NA,"vole hole","7715_15","drought",NA,"alive",1,"Vegetative",0,NA,NA,NA,NA,NA,NA
2025,15,7716,9,"G","2",NA,8,0,NA,"","7716_15","drought",NA,"alive",1,"Vegetative",0,NA,NA,NA,NA,NA,NA
2025,15,7717,9,"D","1",NA,6,0,NA,"","7717_15","drought",NA,"alive",1,"Vegetative",0,NA,NA,NA,NA,NA,NA
2025,15,7718,8,"D","1",NA,12.5,0,NA,"","7718_15","drought",NA,"alive",1,"Vegetative",0,NA,NA,NA,NA,NA,NA
2025,15,7719,9,"D","1",NA,7,0,NA,"","7719_15","drought",NA,"alive",1,"Vegetative",0,NA,NA,NA,NA,NA,NA
2025,12,7720,0,"H","1",NA,10,0,NA,"","7720_12","irrigated",NA,"alive",1,"Vegetative",0,NA,NA,NA,NA,NA,NA
2025,12,7721,1,"H","1",NA,9,0,NA,"","7721_12","irrigated",NA,"alive",1,"Vegetative",0,NA,NA,NA,NA,NA,NA
2025,5,7722,5,"C","1",NA,11,0,NA,"","7722_5","drought",NA,"alive",1,"Vegetative",0,NA,NA,NA,NA,NA,NA
2025,13,7723,6,"B","1",NA,10,0,NA,"","7723_13","control",NA,"alive",1,"Vegetative",0,NA,NA,NA,NA,NA,NA
2025,13,7724,8,"J","1",NA,9,0,NA,"","7724_13","control",NA,"alive",1,"Vegetative",0,NA,NA,NA,NA,NA,NA
2025,13,7725,4,"I","1",NA,13.5,0,NA,"","7725_13","control",NA,"alive",1,"Vegetative",0,NA,NA,NA,NA,NA,NA
2025,13,7726,3,"I","1",NA,16,0,NA,"","7726_13","control",NA,"alive",1,"Vegetative",0,NA,NA,NA,NA,NA,NA
2025,13,7727,0,"F","1",NA,9,0,NA,"","7727_13","control",NA,"alive",1,"Vegetative",0,NA,NA,NA,NA,NA,NA
2025,13,7728,3,"F","2",13,19,1,"1","","7728_13","control",NA,"alive",1,"Flowering",1,NA,NA,NA,NA,NA,NA
2025,13,7729,7,"E","2",NA,4,0,NA,"","7729_13","control",NA,"alive",1,"Vegetative",0,NA,NA,NA,NA,NA,NA
2025,13,7730,7,"I","1",NA,15,0,NA,"","7730_13","control",NA,"alive",1,"Vegetative",0,NA,NA,NA,NA,NA,NA
2025,13,7731,5,"F","1",NA,13.5,0,NA,"","7731_13","control",NA,"alive",1,"Vegetative",0,NA,NA,NA,NA,NA,NA
2025,12,7732,19,"F","1",NA,11,0,NA,"","7732_12","irrigated",NA,"alive",1,"Vegetative",0,NA,NA,NA,NA,NA,NA
2025,12,7733,16,"C","1",NA,14,0,NA,"","7733_12","irrigated",NA,"alive",1,"Vegetative",0,NA,NA,NA,NA,NA,NA
2025,13,7734,3,"E","1",NA,7,0,NA,"","7734_13","control",NA,"alive",1,"Vegetative",0,NA,NA,NA,NA,NA,NA
2025,13,7735,5,"J","1",NA,7,0,NA,"","7735_13","control",NA,"alive",1,"Vegetative",0,NA,NA,NA,NA,NA,NA
2025,13,7736,6,"H","2",NA,14,0,NA,"","7736_13","control",NA,"alive",1,"Vegetative",0,NA,NA,NA,NA,NA,NA
2025,12,7737,13,"E","2",NA,13,0,NA,"could be 2 plants","7737_12","irrigated",NA,"alive",1,"Vegetative",0,NA,NA,NA,NA,NA,NA
2025,12,7738,13,"E","2",NA,9.5,0,NA,"","7738_12","irrigated",NA,"alive",1,"Vegetative",0,NA,NA,NA,NA,NA,NA
2025,4,7739,1,"J","1",NA,19,0,NA,"","7739_4","irrigated",NA,"alive",1,"Vegetative",0,NA,NA,NA,NA,NA,NA
2025,4,7740,2,"J","1",NA,14,0,NA,"close to 7740","7740_4","irrigated",NA,"alive",1,"Vegetative",0,NA,NA,NA,NA,NA,NA
2025,14,7741,6,"B","1",NA,16,0,NA,"","7741_14","drought",NA,"alive",1,"Vegetative",0,NA,NA,NA,NA,NA,NA
2025,14,7742,9,"E","1",NA,15,0,NA,"","7742_14","drought",NA,"alive",1,"Vegetative",0,NA,NA,NA,NA,NA,NA
2025,12,7743,18,"D","1",NA,14,0,NA,"","7743_12","irrigated",NA,"alive",1,"Vegetative",0,NA,NA,NA,NA,NA,NA
2025,3,7744,3,"I","1",NA,14,0,NA,"","7744_3","control",NA,"alive",1,"Vegetative",0,NA,NA,NA,NA,NA,NA
2025,13,7746,5,"E","1",NA,6,0,NA,"NEXT TO 7747","7746_13","control",NA,"alive",1,"Vegetative",0,NA,NA,NA,NA,NA,NA
2025,13,7747,6,"E","1",NA,6,0,NA,"next to 7746","7747_13","control",NA,"alive",1,"Vegetative",0,NA,NA,NA,NA,NA,NA
2025,13,7748,4,"B","1",NA,10.5,0,NA,"","7748_13","control",NA,"alive",1,"Vegetative",0,NA,NA,NA,NA,NA,NA
2025,13,7749,5,"B","1",NA,7,0,NA,"","7749_13","control",NA,"alive",1,"Vegetative",0,NA,NA,NA,NA,NA,NA
2025,13,7750,6,"A","1",NA,14.5,0,NA,"","7750_13","control",NA,"alive",1,"Vegetative",0,NA,NA,NA,NA,NA,NA
2025,13,7751,5,"B","2",NA,14,0,NA,"","7751_13","control",NA,"alive",1,"Vegetative",0,NA,NA,NA,NA,NA,NA
2025,13,7752,5,"C","1",NA,6,0,NA,"","7752_13","control",NA,"alive",1,"Vegetative",0,NA,NA,NA,NA,NA,NA
2025,13,7753,7,"B","2",NA,8,0,NA,"","7753_13","control",NA,"alive",1,"Vegetative",0,NA,NA,NA,NA,NA,NA
2025,13,7754,2,"G","1",NA,15,0,NA,"","7754_13","control",NA,"alive",1,"Vegetative",0,NA,NA,NA,NA,NA,NA
2025,13,7755,3,"E","1",NA,15.5,0,NA,"","7755_13","control",NA,"alive",1,"Vegetative",0,NA,NA,NA,NA,NA,NA
2025,15,7756,7,"C","1",NA,10,0,NA,"","7756_15","drought",NA,"alive",1,"Vegetative",0,NA,NA,NA,NA,NA,NA
2025,14,7757,0,"D","1",NA,14.5,0,NA,"next to 7566","7757_14","drought",NA,"alive",1,"Vegetative",0,NA,NA,NA,NA,NA,NA
2025,15,7758,6,"A","1",NA,11.5,0,NA,"","7758_15","drought",NA,"alive",1,"Vegetative",0,NA,NA,NA,NA,NA,NA
2025,15,7759,3,"B","1",NA,4,0,NA,"","7759_15","drought",NA,"alive",1,"Vegetative",0,NA,NA,NA,NA,NA,NA
2025,12,7760,19,"B","1",NA,16,0,NA,"","7760_12","irrigated",NA,"alive",1,"Vegetative",0,NA,NA,NA,NA,NA,NA
2025,12,7761,18,"B","1",NA,10,0,NA,"","7761_12","irrigated",NA,"alive",1,"Vegetative",0,NA,NA,NA,NA,NA,NA
2025,15,7762,7,"A","1",NA,8,0,NA,"","7762_15","drought",NA,"alive",1,"Vegetative",0,NA,NA,NA,NA,NA,NA
2025,15,7763,6,"B","1",NA,8,0,NA,"","7763_15","drought",NA,"alive",1,"Vegetative",0,NA,NA,NA,NA,NA,NA
2025,13,7764,8,"C","2",NA,12.5,0,NA,"could be 2 plants","7764_13","control",NA,"alive",1,"Vegetative",0,NA,NA,NA,NA,NA,NA
2025,13,7765,8,"C","1",NA,9,0,NA,"","7765_13","control",NA,"alive",1,"Vegetative",0,NA,NA,NA,NA,NA,NA
2025,13,7766,9,"B","1",NA,5.5,0,NA,"","7766_13","control",NA,"alive",1,"Vegetative",0,NA,NA,NA,NA,NA,NA
2025,13,7767,7,"D","1",NA,2,0,NA,"","7767_13","control",NA,"alive",1,"Vegetative",0,NA,NA,NA,NA,NA,NA
2025,13,7768,7,"D","1",NA,5.5,0,NA,"","7768_13","control",NA,"alive",1,"Vegetative",0,NA,NA,NA,NA,NA,NA
2025,13,7769,8,"J","2",NA,15,0,NA,"","7769_13","control",NA,"alive",1,"Vegetative",0,NA,NA,NA,NA,NA,NA
2025,13,7770,8,"F","1",NA,7,0,NA,"","7770_13","control",NA,"alive",1,"Vegetative",0,NA,NA,NA,NA,NA,NA
2025,13,7771,7,"E","1",NA,5,0,NA,"","7771_13","control",NA,"alive",1,"Vegetative",0,NA,NA,NA,NA,NA,NA
2025,13,7772,7,"E","2",NA,7,0,NA,"","7772_13","control",NA,"alive",1,"Vegetative",0,NA,NA,NA,NA,NA,NA
2025,13,7773,7,"A","1",NA,8,0,NA,"","7773_13","control",NA,"alive",1,"Vegetative",0,NA,NA,NA,NA,NA,NA
2025,13,7774,4,"C","1",NA,9.5,0,NA,"","7774_13","control",NA,"alive",1,"Vegetative",0,NA,NA,NA,NA,NA,NA
2025,15,7775,7,"C","1",NA,7,0,NA,"","7775_15","drought",NA,"alive",1,"Vegetative",0,NA,NA,NA,NA,NA,NA
2025,12,7776,19,"G","1",NA,13,0,NA,"","7776_12","irrigated",NA,"alive",1,"Vegetative",0,NA,NA,NA,NA,NA,NA
2025,12,7777,15,"I","1",NA,13,0,NA,"","7777_12","irrigated",NA,"alive",1,"Vegetative",0,NA,NA,NA,NA,NA,NA
2025,12,7778,18,"D","1",NA,6.5,0,NA,"","7778_12","irrigated",NA,"alive",1,"Vegetative",0,NA,NA,NA,NA,NA,NA
2025,12,7779,19,"E","1",NA,12.5,0,NA,"","7779_12","irrigated",NA,"alive",1,"Vegetative",0,NA,NA,NA,NA,NA,NA
2025,15,7780,6,"B","1",NA,11,0,NA,"","7780_15","drought",NA,"alive",1,"Vegetative",0,NA,NA,NA,NA,NA,NA
2025,15,7781,6,"D","2",NA,17,0,NA,"","7781_15","drought",NA,"alive",1,"Vegetative",0,NA,NA,NA,NA,NA,NA
2025,15,7782,6,"D","1",NA,12,0,NA,"","7782_15","drought",NA,"alive",1,"Vegetative",0,NA,NA,NA,NA,NA,NA
2025,15,7783,3,"B","1",NA,9,0,NA,"","7783_15","drought",NA,"alive",1,"Vegetative",0,NA,NA,NA,NA,NA,NA
2025,13,7784,6,"B","1",NA,5.5,0,NA,"","7784_13","control",NA,"alive",1,"Vegetative",0,NA,NA,NA,NA,NA,NA
2025,15,7785,7,"C","1",NA,3.5,0,NA,"","7785_15","drought",NA,"alive",1,"Vegetative",0,NA,NA,NA,NA,NA,NA
2025,15,7786,5,"B","1",NA,9.5,0,NA,"","7786_15","drought",NA,"alive",1,"Vegetative",0,NA,NA,NA,NA,NA,NA
2025,15,7787,7,"B","1",NA,9.5,0,NA,"","7787_15","drought",NA,"alive",1,"Vegetative",0,NA,NA,NA,NA,NA,NA
2025,12,7788,7,"F","1",NA,8,0,NA,"","7788_12","irrigated",NA,"alive",1,"Vegetative",0,NA,NA,NA,NA,NA,NA
2025,14,7789,5,"D","1",NA,11.5,0,NA,"","7789_14","drought",NA,"alive",1,"Vegetative",0,NA,NA,NA,NA,NA,NA
2025,12,7790,7,"F","1",NA,10,0,NA,"","7790_12","irrigated",NA,"alive",1,"Vegetative",0,NA,NA,NA,NA,NA,NA
2025,12,7791,8,"G","1",NA,7,0,NA,"","7791_12","irrigated",NA,"alive",1,"Vegetative",0,NA,NA,NA,NA,NA,NA
2025,12,7792,17,"C","2",39,19,1,"4.5","next to hose","7792_12","irrigated",NA,"alive",1,"Flowering",1,NA,NA,NA,NA,NA,NA
2025,13,7793,7,"B","1",NA,9,0,NA,"","7793_13","control",NA,"alive",1,"Vegetative",0,NA,NA,NA,NA,NA,NA
2025,13,7794,8,"B","1",NA,7.5,0,NA,"","7794_13","control",NA,"alive",1,"Vegetative",0,NA,NA,NA,NA,NA,NA
2025,13,7795,9,"B","1",NA,15,0,NA,"","7795_13","control",NA,"alive",1,"Vegetative",0,NA,NA,NA,NA,NA,NA
2025,13,7796,9,"B","1",NA,5.5,0,NA,"","7796_13","control",NA,"alive",1,"Vegetative",0,NA,NA,NA,NA,NA,NA
2025,13,7797,9,"B","1",NA,5.5,0,NA,"","7797_13","control",NA,"alive",1,"Vegetative",0,NA,NA,NA,NA,NA,NA
2025,13,7798,6,"B","1",NA,10,0,NA,"","7798_13","control",NA,"alive",1,"Vegetative",0,NA,NA,NA,NA,NA,NA
2025,13,7799,5,"B","1",NA,9,0,NA,"","7799_13","control",NA,"alive",1,"Vegetative",0,NA,NA,NA,NA,NA,NA
2025,14,7800,1,"A","1",NA,13.5,0,NA,"this is the ""small untagged plant"" next to 3495 that wasn’t tagged last year (new in 2024)","7800_14","drought",NA,"alive",1,"Vegetative",0,NA,NA,NA,NA,NA,NA
2025,4,7901,0,"B","1",NA,9,0,NA,"","7901_4","irrigated",NA,"alive",1,"Vegetative",0,NA,NA,NA,NA,NA,NA
2025,7,7905,6,"I","1",NA,18,0,NA,"","7905_7","drought",NA,"alive",1,"Vegetative",0,NA,NA,NA,NA,NA,NA
2025,4,7907,9,"J","3",NA,16.5,0,NA,"could be the NT in a hole 7591 (look for it in 2026!)","7907_4","irrigated",NA,"alive",1,"Vegetative",0,NA,NA,NA,NA,NA,NA
2025,1,7908,1,"B","2",NA,24,0,NA,"","7908_1","irrigated",NA,"alive",1,"Vegetative",0,NA,NA,NA,NA,NA,NA
2025,1,7909,6,"F","2",NA,20,0,NA,"","7909_1","irrigated",NA,"alive",1,"Vegetative",0,NA,NA,NA,NA,NA,NA
2025,3,7917,6,"J","2",NA,13,0,NA,"","7917_3","control",NA,"alive",1,"Vegetative",0,NA,NA,NA,NA,NA,NA
2025,4,7919,8,"J","2",NA,9,0,NA,"in moss","7919_4","irrigated",NA,"alive",1,"Vegetative",0,NA,NA,NA,NA,NA,NA
2025,3,7922,14,"B","1",14,7,1,NA,"dead umbel","7922_3","control",NA,"alive",1,"Flowering",1,NA,NA,NA,NA,NA,NA
2025,1,7923,1,"F","1",NA,16,0,NA,"","7923_1","irrigated",NA,"alive",1,"Vegetative",0,NA,NA,NA,NA,NA,NA
2025,3,7925,6,"C","1",NA,8,0,NA,"","7925_3","control",NA,"alive",1,"Vegetative",0,NA,NA,NA,NA,NA,NA
2025,4,7927,0,"B","1",NA,11,0,NA,"","7927_4","irrigated",NA,"alive",1,"Vegetative",0,NA,NA,NA,NA,NA,NA
2025,4,7928,5,"I","1",NA,16.5,0,NA,"","7928_4","irrigated",NA,"alive",1,"Vegetative",0,NA,NA,NA,NA,NA,NA
2025,1,7929,8,"J","1",NA,18,0,NA,"","7929_1","irrigated",NA,"alive",1,"Vegetative",0,NA,NA,NA,NA,NA,NA
2025,7,7933,7,"I","1",NA,14,0,NA,"","7933_7","drought",NA,"alive",1,"Vegetative",0,NA,NA,NA,NA,NA,NA
2025,1,7934,8,"C","1",NA,15,0,NA,"","7934_1","irrigated",NA,"alive",1,"Vegetative",0,NA,NA,NA,NA,NA,NA
2025,1,7935,5,"I","1",NA,15,0,NA,"","7935_1","irrigated",NA,"alive",1,"Vegetative",0,NA,NA,NA,NA,NA,NA
2025,1,7939,3,"H","1",NA,21,0,NA,"","7939_1","irrigated",NA,"alive",1,"Vegetative",0,NA,NA,NA,NA,NA,NA
2025,4,7940,0,"H","1",NA,7,0,NA,"","7940_4","irrigated",NA,"alive",1,"Vegetative",0,NA,NA,NA,NA,NA,NA
2025,4,7946,0,"C","1",NA,8.5,0,NA,"","7946_4","irrigated",NA,"alive",1,"Vegetative",0,NA,NA,NA,NA,NA,NA
2025,4,7947,3,"B","1",NA,11,0,NA,"","7947_4","irrigated",NA,"alive",1,"Vegetative",0,NA,NA,NA,NA,NA,NA
2025,4,7948,2,"J","1",NA,12,0,NA,"close to 7948","7948_4","irrigated",NA,"alive",1,"Vegetative",0,NA,NA,NA,NA,NA,NA
2025,4,7949,2,"C","1",NA,7.5,0,NA,"","7949_4","irrigated",NA,"alive",1,"Vegetative",0,NA,NA,NA,NA,NA,NA
2025,2,7963,2,"G","2",NA,20.5,0,NA,"","7963_2","control",NA,"alive",1,"Vegetative",0,NA,NA,NA,NA,NA,NA
2025,4,7970,0,"I","1",NA,10.5,0,NA,"","7970_4","irrigated",NA,"alive",1,"Vegetative",0,NA,NA,NA,NA,NA,NA
2025,4,7971,3,"B","2",NA,11,0,NA,"","7971_4","irrigated",NA,"alive",1,"Vegetative",0,NA,NA,NA,NA,NA,NA
2025,14,7972,4,"H","1",NA,28,0,NA,"","7972_14","drought",NA,"alive",1,"Vegetative",0,NA,NA,NA,NA,NA,NA
2025,14,7973,2,"J","1",NA,16,0,NA,"","7973_14","drought",NA,"alive",1,"Vegetative",0,NA,NA,NA,NA,NA,NA
2025,14,7974,1,"J","1",NA,15,0,NA,"","7974_14","drought",NA,"alive",1,"Vegetative",0,NA,NA,NA,NA,NA,NA
2025,14,7975,2,"I","1",NA,14.5,0,NA,"","7975_14","drought",NA,"alive",1,"Vegetative",0,NA,NA,NA,NA,NA,NA
2025,14,7976,2,"H","1",NA,19,0,NA,"","7976_14","drought",NA,"alive",1,"Vegetative",0,NA,NA,NA,NA,NA,NA
2025,14,7977,1,"E","1",NA,18.5,0,NA,"","7977_14","drought",NA,"alive",1,"Vegetative",0,NA,NA,NA,NA,NA,NA
2025,14,7978,0,"H","1",NA,14,0,NA,"","7978_14","drought",NA,"alive",1,"Vegetative",0,NA,NA,NA,NA,NA,NA
