"Year","Plot","Tag","Xcoor","Ycoor","No.leaves","Stalk_Height","Leaf.length","No.umbels","umbel.diam","YrTag","demo.note","tag.pulled","problem.tag","phenology","plantid","trt","state","psurvival","life_st","pflower","proc.note","No.leavesT1","No.umbelsT1","pflowerT1","psurvivalT1","pflowerTminus1","no.seeds","pseeds"
2021,4,1411,6,"G","3",NA,19,0,NA,2021,"",NA,NA,NA,"1411_4","irrigated","alive",1,"Vegetative",0,NA,"3",2,1,1,NA,NA,NA
2022,4,1411,6,"G","3",48,19,2,"12.5",2021,"",NA,NA,NA,"1411_4","irrigated","alive",1,"Flowering",1,NA,"4",3,1,1,0,42,1
2023,4,1411,6,"G","4",60,18,3,"21",2021,"",NA,NA,NA,"1411_4","irrigated","alive",1,"Flowering",1,NA,"3",1,1,1,1,462,1
2024,4,1411,6,"G","3",37,17,1,"4",NA,"",NA,NA,NA,"1411_4","irrigated","alive",1,"Flowering",1,NA,"4",1,1,1,1,96,1
2025,4,1411,6,"G","4",38,20,1,"6",NA,"",NA,NA,1,"1411_4","irrigated","alive",1,"Flowering",1,NA,"7",4,1,1,1,82,1
2026,4,1411,6,"G","7",43,18,4,"18",NA,"",NA,NA,NA,"1411_4","irrigated","alive",1,"Flowering",1,NA,NA,NA,NA,NA,1,384,1
2021,5,5022,8,"F","2",NA,12,0,NA,2021,"",NA,NA,NA,"2055_5","drought","alive",1,"Vegetative",0,NA,"3",1,1,1,NA,NA,NA
2022,5,5022,8,"F","3",21,13,1,"3",2021,"Tag is 5022",NA,1,NA,"2055_5","drought","alive",1,"Flowering",1,NA,"1",1,1,1,0,0,0
2023,5,5022,8,"F","1",29,14,1,"4",2021,"tag is 5022",NA,NA,NA,"2055_5","drought","alive",1,"Flowering",1,NA,"2",1,1,1,1,0,0
2024,5,5022,8,"F","2",7,NA,1,"1.5",NA,"longest leaf gone; second longest 1cm; tag is 5022",NA,NA,NA,"2055_5","drought","alive",1,"Flowering",1,NA,"1",0,0,1,1,0,0
2025,5,5022,8,"F","1",NA,17,0,NA,NA,"tag is 5022",NA,1,NA,"2055_5","drought","alive",1,"Vegetative",0,NA,"2",1,1,1,1,NA,NA
2026,5,5022,8,"F","2",NA,10,1,NA,NA,"dead umbel",NA,NA,NA,"2055_5","drought","alive",1,"Flowering",1,NA,NA,NA,NA,NA,0,NA,NA
2016,14,2107,13,"A","3",10.5,6,0,NA,2016,"",NA,NA,NA,"2107_14","drought","alive",1,"Vegetative",0,NA,NA,NA,NA,NA,NA,NA,NA
2021,4,2230,10,"J","3",33,19.5,2,"8",2021,"",NA,NA,NA,"2230_4","irrigated","alive",1,"Flowering",1,NA,"4",3,1,1,NA,8,1
2022,4,2230,10,"J","4",36.5,22.5,3,"13.5",2021,"",NA,NA,NA,"2230_4","irrigated","alive",1,"Flowering",1,NA,"5",3,1,1,1,24,1
2023,4,2230,10,"J","5",49,23,3,"13",2021,"",NA,NA,NA,"2230_4","irrigated","alive",1,"Flowering",1,NA,"3",0,0,1,1,22,1
2024,4,2230,10,"J","3",NA,25,0,NA,NA,"",NA,NA,NA,"2230_4","irrigated","alive",1,"Vegetative",0,NA,"7",3,1,1,1,NA,NA
2025,4,2230,10,"J","7",37.5,25,3,"10.5",NA,"",NA,NA,1,"2230_4","irrigated","alive",1,"Flowering",1,NA,"8",3,1,1,0,0,0
2026,4,2230,10,"J","8",43.5,19,3,"12.5",NA,"",NA,NA,NA,"2230_4","irrigated","alive",1,"Flowering",1,NA,NA,NA,NA,NA,1,42,1
2016,14,2928,17,"B","1",7.1,7.1,0,NA,2016,"",NA,NA,NA,"2928_14","drought","alive",1,"Vegetative",0,NA,NA,NA,NA,NA,NA,NA,NA
2016,5,3001,16,"I","4",16.5,8.3,1,"1",2016,"",NA,NA,NA,"3001_5","drought","alive",1,"Flowering",1,NA,"0",NA,NA,0,NA,NA,NA
2017,5,3001,16,"I","0",NA,NA,NA,NA,2016,"No plant/dead?",NA,NA,NA,"3001_5","drought","dead",0,"Dead",NA,NA,NA,NA,NA,NA,1,NA,NA
2016,12,3002,3,"B","5",13.5,7.4,0,NA,2016,"",NA,NA,NA,"3002_12","irrigated","alive",1,"Vegetative",0,NA,"1",2,1,1,NA,NA,NA
2017,12,3002,3,"B","1",17.5,7,2,"2.5",2016,"",NA,NA,NA,"3002_12","irrigated","alive",1,"Flowering",1,NA,"2",0,0,1,0,NA,NA
2018,12,3002,3,"B","2",12.5,12.5,0,NA,2016,"",NA,NA,NA,"3002_12","irrigated","alive",1,"Vegetative",0,NA,"4",2,1,1,1,NA,NA
2019,12,3002,3,"B","4",24,12,2,"4",2016,"",NA,NA,NA,"3002_12","irrigated","alive",1,"Flowering",1,NA,"2",0,0,1,0,NA,NA
2020,12,3002,3,"B","2",NA,13.2,0,NA,2016,"",NA,NA,NA,"3002_12","irrigated","alive",1,"Vegetative",0,NA,"3",0,0,1,1,NA,NA
2021,12,3002,3,"B","3",NA,17.5,0,NA,2016,"",NA,NA,NA,"3002_12","irrigated","alive",1,"Vegetative",0,NA,"7",3,1,1,0,NA,NA
2022,12,3002,3,"B","7",32,16.5,3,"9",2016,"",NA,NA,NA,"3002_12","irrigated","alive",1,"Flowering",1,NA,"1",0,0,1,0,168,1
2023,12,3002,3,"B","1",NA,18,0,NA,2016,"",NA,NA,NA,"3002_12","irrigated","alive",1,"Vegetative",0,NA,"3",1,1,1,1,NA,NA
2024,12,3002,3,"B","3",41,15.5,1,"7",NA,"",NA,NA,NA,"3002_12","irrigated","alive",1,"Flowering",1,NA,"3",0,0,1,0,130,1
2025,12,3002,3,"B","3",NA,29,0,NA,NA,"",NA,NA,NA,"3002_12","irrigated","alive",1,"Vegetative",0,NA,NA,NA,NA,NA,1,NA,NA
2026,12,3002,3,"B",NA,NA,NA,NA,NA,NA,"NPNT",NA,NA,NA,"3002_12","irrigated",NA,NA,NA,NA,NA,NA,NA,NA,NA,0,NA,NA
2017,5,3003,10,"C","2",17,10,1,"2.5",2017,"",NA,NA,NA,"3003_5","drought","alive",1,"Flowering",1,NA,"1",0,0,1,NA,NA,NA
2018,5,3003,10,"C","1",11.5,11.5,0,NA,2017,"",NA,NA,NA,"3003_5","drought","alive",1,"Vegetative",0,NA,"1",0,0,1,1,NA,NA
2019,5,3003,10,"C","1",NA,8,0,NA,2017,"",NA,NA,NA,"3003_5","drought","alive",1,"Vegetative",0,NA,NA,NA,NA,NA,0,NA,NA
2020,5,3003,10,"C",NA,NA,NA,NA,NA,2017,"NS",NA,NA,NA,"3003_5","drought",NA,NA,NA,NA,NA,"0",NA,NA,0,0,NA,NA
2021,5,3003,10,"C","0",NA,NA,NA,NA,2017,"NP",NA,NA,NA,"3003_5","drought","dead",0,"Dead",NA,NA,NA,NA,NA,NA,NA,NA,NA
2021,14,3004,0,"A","1",NA,12,0,NA,2021,"",NA,NA,NA,"3004_14","drought","alive",1,"Vegetative",0,NA,"4",3,1,1,NA,NA,NA
2022,14,3004,0,"A","4",64.5,26,3,"10.5",2021,"one umbel eaten ",NA,NA,NA,"3004_14","drought","alive",1,"Flowering",1,NA,"1",0,0,1,0,10,1
2023,14,3004,0,"A","1",NA,20,0,NA,2021,"",NA,NA,NA,"3004_14","drought","alive",1,"Vegetative",0,NA,"1",0,0,1,1,NA,NA
2024,14,3004,0,"A","1",NA,16,0,NA,NA,"sticking up out of moss",NA,NA,NA,"3004_14","drought","alive",1,"Vegetative",0,NA,"1",0,0,1,0,NA,NA
2025,14,3004,0,"A","1",NA,17,0,NA,NA,"sticking up out of moss",NA,NA,NA,"3004_14","drought","alive",1,"Vegetative",0,NA,"0",NA,NA,NA,0,NA,NA
2026,14,3004,0,"A","0",NA,NA,NA,NA,NA,"NP",NA,NA,NA,"3004_14","drought",NA,NA,NA,NA,NA,NA,NA,NA,NA,0,NA,NA
2016,6,3005,18,"E","13",38,8.1,3,"4",2016,"Dead leaves, 2 stems",NA,NA,NA,"3005_6","irrigated","alive",1,"Flowering",1,NA,"2",1,1,1,NA,NA,NA
2017,6,3005,18,"E","2",18,10.5,1,"3",2016,"",NA,NA,NA,"3005_6","irrigated","alive",1,"Flowering",1,NA,"2",1,1,1,1,NA,NA
2018,6,3005,18,"E","2",16,13.5,1,"2.3",2016,"",NA,NA,NA,"3005_6","irrigated","alive",1,"Flowering",1,NA,"1",1,1,1,1,NA,NA
2019,6,3005,18,"E","1",12,9,1,"1.5",2016,"",NA,NA,NA,"3005_6","irrigated","alive",1,"Flowering",1,NA,"1",1,1,1,1,NA,NA
2020,6,3005,18,"E","1",19.5,10.2,1,"2.2",2016,"",NA,NA,NA,"3005_6","irrigated","alive",1,"Flowering",1,NA,"1",0,0,1,1,NA,NA
2021,6,3005,18,"E","1",NA,14,0,NA,2016,"",NA,NA,NA,"3005_6","irrigated","alive",1,"Vegetative",0,NA,"2",1,1,1,1,NA,NA
2022,6,3005,18,"E","2",24,13.5,1,"3.5",2016," ",NA,NA,NA,"3005_6","irrigated","alive",1,"Flowering",1,NA,"2",1,1,1,0,0,0
2023,6,3005,18,"E","2",30,18,1,"4",2016,"at some point we saw 4 umbels, but now there's only 1",NA,NA,NA,"3005_6","irrigated","alive",1,"Flowering",1,NA,"1",0,0,1,1,0,0
2024,6,3005,18,"E","1",NA,18,0,NA,NA,"",NA,NA,NA,"3005_6","irrigated","alive",1,"Vegetative",0,NA,"1",1,1,1,1,NA,NA
2025,6,3005,18,"E","1",24,19,1,"3",NA,"",NA,NA,NA,"3005_6","irrigated","alive",1,"Flowering",1,NA,"1",0,0,1,0,NA,NA
2026,6,3005,18,"E","1",NA,15,0,NA,NA,"",NA,NA,NA,"3005_6","irrigated","alive",1,"Vegetative",0,NA,NA,NA,NA,NA,1,NA,NA
2018,15,3006,18,"B","3",23,23,0,NA,2018,"",NA,NA,NA,"3006_15","drought","alive",1,"Vegetative",0,NA,"2",1,1,1,NA,NA,NA
2019,15,3006,18,"B","2",17,13,1,"1.5",2018,"",NA,NA,NA,"3006_15","drought","alive",1,"Flowering",1,NA,NA,NA,NA,1,0,NA,NA
2020,15,3006,18,"B",NA,NA,NA,NA,NA,2018,"NS",NA,NA,NA,"3006_15","drought",NA,1,NA,NA,NA,"3",1,1,1,1,NA,NA
2021,15,3006,18,"B","3",29.5,23.5,1,"3",2018,"",NA,NA,NA,"3006_15","drought","alive",1,"Flowering",1,NA,"3",1,1,1,NA,NA,NA
2022,15,3006,18,"B","3",37,25,1,"4",2018,"",NA,NA,NA,"3006_15","drought","alive",1,"Flowering",1,NA,"3",2,1,1,1,32,1
2023,15,3006,18,"B","3",64,20.5,2,"12",2018,"",NA,NA,NA,"3006_15","drought","alive",1,"Flowering",1,NA,"0",NA,NA,0,1,12,1
2024,15,3006,18,"B","0",NA,NA,NA,NA,NA,"NP",NA,NA,NA,"3006_15","drought","dead",0,"Dead",NA,NA,NA,NA,NA,NA,1,NA,NA
2016,4,3007,4,"H","9",14.7,6.4,0,NA,2016,"",NA,NA,NA,"3007_4","irrigated","alive",1,"Vegetative",0,NA,"3",0,0,1,NA,NA,NA
2017,4,3007,4,"H","3",14,12,0,NA,2016,"",NA,NA,NA,"3007_4","irrigated","alive",1,"Vegetative",0,NA,"2",0,0,1,0,NA,NA
2018,4,3007,4,"H","2",13,13,0,NA,2016,"",NA,NA,NA,"3007_4","irrigated","alive",1,"Vegetative",0,NA,NA,NA,NA,1,0,NA,NA
2019,4,3007,4,"H",NA,NA,NA,NA,NA,2016,"NPNT",NA,NA,NA,"3007_4","irrigated",NA,1,NA,NA,NA,"1",0,0,1,0,NA,NA
2020,4,3007,4,"H","1",NA,16.1,0,NA,2016,"",NA,NA,NA,"3007_4","irrigated","alive",1,"Vegetative",0,NA,"1",0,0,1,NA,NA,NA
2021,4,3007,4,"H","1",NA,18,0,NA,2016,"",NA,NA,NA,"3007_4","irrigated","alive",1,"Vegetative",0,NA,"3",1,1,1,0,NA,NA
2022,4,3007,4,"H","3",41,13.5,1,"5",2016,"",NA,NA,NA,"3007_4","irrigated","alive",1,"Flowering",1,NA,"1",0,0,1,0,56,1
2023,4,3007,4,"H","1",NA,26,0,NA,2016,"",NA,NA,NA,"3007_4","irrigated","alive",1,"Vegetative",0,NA,"2",0,0,1,1,NA,NA
2024,4,3007,4,"H","2",NA,21,0,NA,NA,"",NA,NA,NA,"3007_4","irrigated","alive",1,"Vegetative",0,NA,"2",0,0,1,0,NA,NA
2025,4,3007,4,"H","2",NA,25,0,NA,NA,"",NA,NA,NA,"3007_4","irrigated","alive",1,"Vegetative",0,NA,"2",0,0,1,0,NA,NA
2026,4,3007,4,"H","2",NA,13,0,NA,NA,"",NA,NA,NA,"3007_4","irrigated","alive",1,"Vegetative",0,NA,NA,NA,NA,NA,0,NA,NA
2016,6,3008,4,"J","6",25.3,7.8,1,"6.1",2016,"Dead leaves",NA,NA,NA,"3008_6","irrigated","alive",1,"Flowering",1,NA,"5",3,1,1,NA,NA,NA
2017,6,3008,4,"J","5",24.5,12.5,3,"4",2016,"",NA,NA,NA,"3008_6","irrigated","alive",1,"Flowering",1,NA,"2",0,0,1,1,NA,NA
2018,6,3008,4,"J","2",12.5,12.5,0,NA,2016,"",NA,NA,NA,"3008_6","irrigated","alive",1,"Vegetative",0,NA,"1",0,0,1,1,NA,NA
2019,6,3008,4,"J","1",NA,21.5,0,NA,2016,"",NA,NA,NA,"3008_6","irrigated","alive",1,"Vegetative",0,NA,"1",0,0,1,0,NA,NA
2020,6,3008,4,"J","1",NA,15.5,0,NA,2016,"",NA,NA,NA,"3008_6","irrigated","alive",1,"Vegetative",0,NA,"2",0,0,1,0,NA,NA
2021,6,3008,4,"J","2",NA,24.5,0,NA,2016,"",NA,NA,NA,"3008_6","irrigated","alive",1,"Vegetative",0,NA,"2",1,1,1,0,NA,NA
2022,6,3008,4,"J","2",51,27,1,"7",2016,"",NA,NA,NA,"3008_6","irrigated","alive",1,"Flowering",1,NA,"3",2,1,1,0,112,1
2023,6,3008,4,"J","3",39,19,2,"11",2016,"",NA,NA,NA,"3008_6","irrigated","alive",1,"Flowering",1,NA,"2",1,1,1,1,32,1
2024,6,3008,4,"J","2",23,16.5,1,"4",NA,"",NA,NA,NA,"3008_6","irrigated","alive",1,"Flowering",1,NA,"0",NA,NA,0,1,0,0
2025,6,3008,4,"J","0",NA,NA,NA,NA,NA,"NP",NA,NA,NA,"3008_6","irrigated","dead",0,"Dead",NA,NA,NA,NA,NA,NA,1,NA,NA
2016,13,3009,17,"J","4",28.5,7.6,1,"3.4",2016,"",NA,NA,NA,"3009_13","control","alive",1,"Flowering",1,NA,"5",1,1,1,NA,NA,NA
2017,13,3009,17,"J","5",21,12.5,1,"2.5",2016,"",NA,NA,NA,"3009_13","control","alive",1,"Flowering",1,NA,"6",2,1,1,1,NA,NA
2018,13,3009,17,"J","6",11,9.5,2,"3.5",2016,"",NA,NA,NA,"3009_13","control","alive",1,"Flowering",1,NA,"5",1,1,1,1,NA,NA
2019,13,3009,17,"J","5",21,13.5,1,"3",2016,"",NA,NA,NA,"3009_13","control","alive",1,"Flowering",1,NA,"0",NA,NA,0,1,NA,NA
2020,13,3009,17,"J","0",NA,NA,NA,NA,2016,"no plant",NA,NA,NA,"3009_13","control","dead",0,"Dead",NA,NA,NA,NA,NA,NA,1,NA,NA
2016,5,3010,14,"G","3",8.5,3.9,0,NA,2016,"",NA,NA,NA,"3010_5","drought","alive",1,"Vegetative",0,NA,"3",1,1,1,NA,NA,NA
2017,5,3010,14,"G","3",13.5,13,1,"2.5",2016,"",NA,NA,NA,"3010_5","drought","alive",1,"Flowering",1,NA,"2",1,1,1,0,NA,NA
2018,5,3010,14,"G","2",15,11,1,"2.8",2016,"",NA,NA,NA,"3010_5","drought","alive",1,"Flowering",1,NA,"1",0,0,1,1,NA,NA
2019,5,3010,14,"G","1",NA,17.5,0,NA,2016,"",NA,NA,NA,"3010_5","drought","alive",1,"Vegetative",0,NA,NA,NA,NA,1,1,NA,NA
2020,5,3010,14,"G",NA,NA,NA,NA,NA,2016,"NS",NA,NA,NA,"3010_5","drought",NA,1,NA,NA,NA,"1",0,0,1,0,NA,NA
2021,5,3010,14,"G","1",NA,5,0,NA,2016,"",NA,NA,NA,"3010_5","drought","alive",1,"Vegetative",0,NA,"3",2,1,1,NA,NA,NA
2022,5,3010,14,"G","3",25,18,2,"8",2016,"",NA,NA,NA,"3010_5","drought","alive",1,"Flowering",1,NA,"5",3,1,1,0,112,1
2023,5,3010,14,"G","5",33,13,3,"11",2016,"",NA,NA,NA,"3010_5","drought","alive",1,"Flowering",1,NA,"5",2,1,1,1,NA,NA
2024,5,3010,14,"G","5",18,16,2,"6",NA,"",NA,NA,NA,"3010_5","drought","alive",1,"Flowering",1,NA,"4",1,1,1,1,26,1
2025,5,3010,14,"G","4",14,14,1,"3",NA,"",NA,NA,NA,"3010_5","drought","alive",1,"Flowering",1,NA,"3",2,1,1,1,NA,NA
2026,5,3010,14,"G","3",10,14.5,2,"3.5",NA,"",NA,NA,NA,"3010_5","drought","alive",1,"Flowering",1,NA,NA,NA,NA,NA,1,0,0
2016,4,3011,3,"H","3",15.5,8.8,NA,NA,2016,"",NA,NA,NA,"3011_4","irrigated","alive",1,NA,NA,NA,"4",1,1,1,NA,NA,NA
2017,4,3011,3,"H","4",20.5,10,1,"2.5",2016,"",NA,NA,NA,"3011_4","irrigated","alive",1,"Flowering",1,NA,"1",0,0,1,NA,NA,NA
2018,4,3011,3,"H","1",10,10,0,"0",2016,"",NA,NA,NA,"3011_4","irrigated","alive",1,"Vegetative",0,NA,"1",0,0,1,1,NA,NA
2019,4,3011,3,"H","1",NA,10,0,NA,2016,"",NA,NA,NA,"3011_4","irrigated","alive",1,"Vegetative",0,NA,"1",0,0,1,0,NA,NA
2020,4,3011,3,"H","1",NA,9.4,0,NA,2016,"",NA,NA,NA,"3011_4","irrigated","alive",1,"Vegetative",0,NA,NA,NA,NA,0,0,NA,NA
2021,4,3011,3,"H",NA,NA,NA,NA,NA,2016,"NPNT",NA,NA,NA,"3011_4","irrigated","dead",0,"Dead",NA,NA,NA,NA,NA,NA,0,NA,NA
2021,1,3012,17,"G","1",NA,10,0,NA,2021,"",NA,NA,NA,"3012_1","irrigated","alive",1,"Vegetative",0,NA,"1",0,0,1,NA,NA,NA
2022,1,3012,17,"G","1",NA,20,0,NA,2021,"",NA,NA,NA,"3012_1","irrigated","alive",1,"Vegetative",0,NA,"1",1,1,1,0,NA,NA
2023,1,3012,17,"G","1",27,11.5,1,"3",2021,"",NA,NA,NA,"3012_1","irrigated","alive",1,"Flowering",1,NA,"1",1,1,1,0,NA,NA
2024,1,3012,17,"G","1",23.5,9,1,"2",NA,"",NA,NA,NA,"3012_1","irrigated","alive",1,"Flowering",1,NA,"0",NA,NA,0,1,0,0
2025,1,3012,17,"G","0",NA,NA,NA,NA,NA,"NP",NA,NA,NA,"3012_1","irrigated","dead",0,"Dead",NA,NA,NA,NA,NA,NA,1,NA,NA
2017,2,3013,3,"I","1",9.5,9.5,0,NA,2017,"",NA,NA,NA,"3013_2","control","alive",1,"Vegetative",0,NA,"2",0,0,1,NA,NA,NA
2018,2,3013,3,"I","2",13.5,13.5,0,NA,2017,"",NA,NA,NA,"3013_2","control","alive",1,"Vegetative",0,NA,"1",0,0,1,0,NA,NA
2019,2,3013,3,"I","1",NA,8.5,0,NA,2017,"",NA,NA,NA,"3013_2","control","alive",1,"Vegetative",0,NA,"1",0,0,1,0,NA,NA
2020,2,3013,3,"I","1",NA,9.8,0,NA,2017,"",NA,NA,NA,"3013_2","control","alive",1,"Vegetative",0,NA,"2",0,0,1,0,NA,NA
2021,2,3013,3,"I","2",NA,12,0,NA,2017,"",NA,NA,NA,"3013_2","control","alive",1,"Vegetative",0,NA,"1",1,1,1,0,NA,NA
2022,2,3013,3,"I","1",27,13,1,"3",2017,"",NA,NA,NA,"3013_2","control","alive",1,"Flowering",1,NA,"1",1,1,1,0,12,1
2023,2,3013,3,"I","1",13,23,1,NA,2017,"dead umbel. Did not track phenology.",NA,NA,NA,"3013_2","control","alive",1,"Flowering",1,NA,"2",1,1,1,1,NA,NA
2024,2,3013,3,"I","2",30.5,12.5,1,"4",NA,"",NA,NA,NA,"3013_2","control","alive",1,"Flowering",1,NA,"0",NA,NA,0,1,32,1
2025,2,3013,3,"I","0",NA,NA,NA,NA,NA,"NP",NA,NA,NA,"3013_2","control","dead",0,"Dead",NA,NA,NA,NA,NA,NA,1,NA,NA
2016,15,3014,9,"I","8",19,10.2,2,"1.5",2016,"",NA,NA,NA,"3014_15","drought","alive",1,"Flowering",1,NA,"8",3,1,1,NA,NA,NA
2017,15,3014,9,"I","8",9.5,10,3,"2.5",2016,"",NA,NA,NA,"3014_15","drought","alive",1,"Flowering",1,NA,"3",0,0,1,1,NA,NA
2018,15,3014,9,"I","3",16,16,0,NA,2016,"",NA,NA,NA,"3014_15","drought","alive",1,"Vegetative",0,NA,"4",0,0,1,1,NA,NA
2019,15,3014,9,"I","4",NA,13.5,0,NA,2016,"",NA,NA,NA,"3014_15","drought","alive",1,"Vegetative",0,NA,"2",0,0,1,0,NA,NA
2020,15,3014,9,"I","2",NA,12.7,0,NA,2016,"",NA,NA,NA,"3014_15","drought","alive",1,"Vegetative",0,NA,"5",2,1,1,0,NA,NA
2021,15,3014,9,"I","5",10,11,2,"4",2016,"",NA,NA,NA,"3014_15","drought","alive",1,"Flowering",1,NA,"6",2,1,1,0,0,0
2022,15,3014,9,"I","6",19.5,14,2,"6.5",2016,"",NA,NA,NA,"3014_15","drought","alive",1,"Flowering",1,NA,"7",5,1,1,1,52,1
2023,15,3014,9,"I","7",23,14,5,"13",2016,"",NA,NA,NA,"3014_15","drought","alive",1,"Flowering",1,NA,"5",4,1,1,1,NA,NA
2024,15,3014,9,"I","5",24.5,15.5,4,"5",NA,"two umbels are buds; counted not measured",NA,NA,NA,"3014_15","drought","alive",1,"Flowering",1,NA,"0",NA,NA,1,1,0,0
2025,15,3014,9,"I","0",NA,NA,NA,NA,NA,"NP",NA,NA,NA,"3014_15","drought","dormant",1,"Dormant",NA,NA,"2",0,0,1,1,NA,NA
2026,15,3014,9,"I","2",NA,10.5,0,NA,NA,"",NA,NA,NA,"3014_15","drought","alive",1,"Vegetative",0,NA,NA,NA,NA,NA,NA,NA,NA
2017,3,3015,0,"F","2",32,12.5,3,"4.5",2017,"",NA,NA,NA,"3015_3","control","alive",1,"Flowering",1,NA,"3",1,1,1,NA,NA,NA
2018,3,3015,0,"F","3",24,18.5,1,"2.5",2017,"",NA,NA,NA,"3015_3","control","alive",1,"Flowering",1,NA,"1",0,0,1,1,NA,NA
2019,3,3015,0,"F","1",NA,11,0,NA,2017,"one leaf partially eaten",NA,NA,NA,"3015_3","control","alive",1,"Vegetative",0,NA,"0",NA,NA,1,1,NA,NA
2020,3,3015,0,"F","0",NA,NA,NA,NA,2017,"no plant",NA,NA,NA,"3015_3","control","dormant",1,"Dormant",NA,NA,"2",0,0,1,0,NA,NA
2021,3,3015,0,"F","2",NA,14,0,NA,2017,"",NA,NA,NA,"3015_3","control","alive",1,"Vegetative",0,NA,"3",1,1,1,NA,NA,NA
2022,3,3015,0,"F","3",34,17,1,"5",2017,"",NA,NA,NA,"3015_3","control","alive",1,"Flowering",1,NA,"6",3,1,1,0,0,0
2023,3,3015,0,"F","6",45,20,3,"16",2017,"",NA,NA,NA,"3015_3","control","alive",1,"Flowering",1,NA,"4",2,1,1,1,134,1
2024,3,3015,0,"F","4",41.5,24,2,"8",NA,"",NA,NA,NA,"3015_3","control","alive",1,"Flowering",1,NA,"2",1,1,1,1,122,1
2025,3,3015,0,"F","2",26,22,1,"3.5",NA,"",NA,NA,1,"3015_3","control","alive",1,"Flowering",1,NA,"4",1,1,1,1,0,0
2026,3,3015,0,"F","4",14,20.5,1,"6.5",NA,"",NA,NA,NA,"3015_3","control","alive",1,"Flowering",1,NA,NA,NA,NA,NA,1,50,1
2016,15,3017,7,"G","3",27.5,12,1,"2.8",2016,"",NA,NA,NA,"3017_15","drought","alive",1,"Flowering",1,NA,"8",4,1,1,NA,NA,NA
2017,15,3017,7,"G","8",33,12,4,"3.5",2016,"",NA,NA,NA,"3017_15","drought","alive",1,"Flowering",1,NA,"4",2,1,1,1,NA,NA
2018,15,3017,7,"G","4",24,13,2,"2.4",2016,"",NA,NA,NA,"3017_15","drought","alive",1,"Flowering",1,NA,"2",1,1,1,1,NA,NA
2019,15,3017,7,"G","2",16.5,11,1,"2",2016,"",NA,NA,NA,"3017_15","drought","alive",1,"Flowering",1,NA,"1",0,0,1,1,NA,NA
2020,15,3017,7,"G","1",NA,15.2,0,NA,2016,"",NA,NA,NA,"3017_15","drought","alive",1,"Vegetative",0,NA,"2",0,0,1,1,NA,NA
2021,15,3017,7,"G","2",NA,16,0,NA,2016,"",NA,NA,NA,"3017_15","drought","alive",1,"Vegetative",0,NA,"6",2,1,1,0,NA,NA
2022,15,3017,7,"G","6",36,19,2,"5",2016,"",NA,NA,NA,"3017_15","drought","alive",1,"Flowering",1,NA,"4",3,1,1,0,70,1
2023,15,3017,7,"G","4",39,16,3,"7",2016,"1 umbel dead",NA,NA,NA,"3017_15","drought","alive",1,"Flowering",1,NA,"3",2,1,1,1,NA,NA
2024,15,3017,7,"G","3",32,16,2,"5",NA,"",NA,NA,NA,"3017_15","drought","alive",1,"Flowering",1,NA,"3",0,0,1,1,48,1
2025,15,3017,7,"G","3",NA,15,0,NA,NA,"",NA,NA,NA,"3017_15","drought","alive",1,"Vegetative",0,NA,"4",0,0,1,1,NA,NA
2026,15,3017,7,"G","4",NA,16.5,0,NA,NA,"",NA,NA,NA,"3017_15","drought","alive",1,"Vegetative",0,NA,NA,NA,NA,NA,0,NA,NA
2017,13,3018,10,"G","2",19,13,2,"4",2017,"",NA,NA,NA,"3018_13","control","alive",1,"Flowering",1,NA,"3",1,1,1,NA,NA,NA
2018,13,3018,10,"G","3",9.5,10.5,1,"2.4",2017,"",NA,NA,NA,"3018_13","control","alive",1,"Flowering",1,NA,"4",2,1,1,1,NA,NA
2019,13,3018,10,"G","4",21,15.5,2,"4.5",2017,"one leaf pulled off",NA,NA,NA,"3018_13","control","alive",1,"Flowering",1,NA,NA,NA,NA,1,1,NA,NA
2020,13,3018,10,"G",NA,NA,NA,NA,NA,2017,"NS",NA,NA,NA,"3018_13","control",NA,1,NA,NA,NA,"3",1,1,1,1,NA,NA
2021,13,3018,10,"G","3",20,15.5,1,"3.5",2017,"",NA,NA,NA,"3018_13","control","alive",1,"Flowering",1,NA,"4",3,1,1,NA,0,0
2022,13,3018,10,"G","4",36,13,3,"13.5",2017,"",NA,NA,NA,"3018_13","control","alive",1,"Flowering",1,NA,"6",5,1,1,1,218,1
2023,13,3018,10,"G","6",32,12,5,"19",2017,"",NA,NA,NA,"3018_13","control","alive",1,"Flowering",1,NA,"4",3,1,1,1,210,1
2024,13,3018,10,"G","4",31.5,9,3,"5",NA,"two basal leaves gone",NA,NA,NA,"3018_13","control","alive",1,"Flowering",1,NA,"3",4,1,1,1,72,1
2025,13,3018,10,"G","3",23.5,13,4,"10",NA,"",NA,NA,NA,"3018_13","control","alive",1,"Flowering",1,NA,"5",2,1,1,1,NA,NA
2026,13,3018,10,"G","5",20,18,2,NA,NA,"",NA,NA,NA,"3018_13","control","alive",1,"Flowering",1,NA,NA,NA,NA,NA,1,0,0
2025,3,3019,2,"A","1",NA,22,0,NA,2025,"",NA,NA,NA,"3019_3","control","alive",1,"Vegetative",0,NA,"0",NA,NA,NA,NA,NA,NA
2026,3,3019,2,"A","0",NA,NA,NA,NA,2025,"NP",NA,NA,NA,"3019_3","control",NA,NA,NA,NA,NA,NA,NA,NA,NA,0,NA,NA
2017,3,3019,2,"A","6",18.5,18.5,1,"2.2",2017,"",NA,NA,NA,"3019_3_senior","control","alive",1,"Flowering",1,NA,"2",1,1,1,NA,NA,NA
2018,3,3019,2,"A","2",15,19,1,"0.8",2017,"",NA,NA,NA,"3019_3_senior","control","alive",1,"Flowering",1,NA,"2",1,1,1,1,NA,NA
2019,3,3019,2,"A","2",9,15,1,"2",2017,"",NA,NA,NA,"3019_3_senior","control","alive",1,"Flowering",1,NA,"1",0,0,1,1,NA,NA
2020,3,3019,2,"A","1",NA,12,0,NA,2017,"",NA,NA,NA,"3019_3_senior","control","alive",1,"Vegetative",0,NA,NA,NA,NA,0,1,NA,NA
2021,3,3019,2,"A",NA,NA,NA,NA,NA,2017,"NPNT",NA,NA,NA,"3019_3_senior","control","dead",0,"Dead",NA,NA,NA,NA,NA,NA,0,NA,NA
2021,4,3020,0,"D","1",NA,9,0,NA,2021,"",NA,NA,NA,"3020_4","irrigated","alive",1,"Vegetative",0,NA,"0",NA,NA,1,NA,NA,NA
2022,4,3020,0,"D","0",NA,NA,NA,NA,2021,"NP",NA,NA,NA,"3020_4","irrigated","dormant",1,"Dormant",NA,NA,"1",0,0,1,0,NA,NA
2023,4,3020,0,"D","1",NA,20.5,0,NA,2021,"next to hose",NA,NA,NA,"3020_4","irrigated","alive",1,"Vegetative",0,NA,"2",0,0,1,NA,NA,NA
2024,4,3020,0,"D","2",NA,14,0,NA,NA,"",NA,NA,NA,"3020_4","irrigated","alive",1,"Vegetative",0,NA,"1",0,0,1,0,NA,NA
2025,4,3020,0,"D","1",NA,16.5,0,NA,NA,"",NA,NA,NA,"3020_4","irrigated","alive",1,"Vegetative",0,NA,"3",0,0,1,0,NA,NA
2026,4,3020,0,"D","3",NA,18,0,NA,NA,"",NA,NA,NA,"3020_4","irrigated","alive",1,"Vegetative",0,NA,NA,NA,NA,NA,0,NA,NA
2021,15,3021,9,"J","2",NA,16,0,NA,2021,"",NA,NA,NA,"3021_15","drought","alive",1,"Vegetative",0,NA,"4",2,1,1,NA,NA,NA
2022,15,3021,9,"J","4",57,19,2,"11",2021,"",NA,NA,NA,"3021_15","drought","alive",1,"Flowering",1,NA,"0",NA,NA,0,0,168,1
2023,15,3021,9,"J","0",NA,NA,NA,NA,2021,"NP",NA,NA,NA,"3021_15","drought","dead",0,"Dead",NA,NA,NA,NA,NA,NA,1,NA,NA
2022,5,3022,14,"J","3",28,11,2,"7.5",2022,"",NA,NA,NA,"3022_5","drought","alive",1,"Flowering",1,NA,"4",2,1,1,NA,104,1
2023,5,3022,14,"J","4",35,10,2,"9.5",2022,"",NA,NA,NA,"3022_5","drought","alive",1,"Flowering",1,NA,"3",1,1,1,1,NA,NA
2024,5,3022,14,"J","3",27.5,11,1,"5",2022,"",NA,NA,NA,"3022_5","drought","alive",1,"Flowering",1,NA,"1",0,0,1,1,64,1
2025,5,3022,14,"J","1",NA,17,0,NA,2022,"",NA,NA,NA,"3022_5","drought","alive",1,"Vegetative",0,NA,"0",NA,NA,NA,1,NA,NA
2026,5,3022,14,"J","0",NA,NA,NA,NA,2022,"NP",NA,NA,NA,"3022_5","drought",NA,NA,NA,NA,NA,NA,NA,NA,NA,0,NA,NA
2016,5,3022,14,"J","6",16,3.8,2,"2.2",2016,"",NA,NA,NA,"3022_5_senior","drought","alive",1,"Flowering",1,NA,"3",1,1,1,NA,NA,NA
2017,5,3022,14,"J","3",22.5,11,1,"3",2016,"",NA,NA,NA,"3022_5_senior","drought","alive",1,"Flowering",1,NA,"0",NA,NA,0,1,NA,NA
2018,5,3022,14,"J","0",NA,NA,NA,NA,2016,"no plant",NA,NA,NA,"3022_5_senior","drought","dead",0,"Dead",NA,NA,NA,NA,NA,NA,1,NA,NA
2016,13,3023,16,"G","7",20,5.7,2,"3.2",2016,"2 stalks",NA,NA,NA,"3023_13","control","alive",1,"Flowering",1,NA,"5",2,1,1,NA,NA,NA
2017,13,3023,16,"G","5",18,14.5,2,"2",2016,"",NA,NA,NA,"3023_13","control","alive",1,"Flowering",1,NA,"2",1,1,1,1,NA,NA
2018,13,3023,16,"G","2",12,10.5,1,"1.7",2016,"",NA,NA,NA,"3023_13","control","alive",1,"Flowering",1,NA,"3",0,0,1,1,NA,NA
2019,13,3023,16,"G","3",NA,14,0,NA,2016,"",NA,NA,NA,"3023_13","control","alive",1,"Vegetative",0,NA,NA,NA,NA,1,1,NA,NA
2020,13,3023,16,"G",NA,NA,NA,NA,NA,2016,"NS",NA,NA,NA,"3023_13","control",NA,1,NA,NA,NA,"3",1,1,1,0,NA,NA
2021,13,3023,16,"G","3",23,20,1,"2.5",2016,"",NA,NA,NA,"3023_13","control","alive",1,"Flowering",1,NA,"0",NA,NA,1,NA,0,0
2022,13,3023,16,"G","0",NA,NA,NA,NA,2016,"NP",NA,NA,NA,"3023_13","control","dormant",1,"Dormant",NA,NA,"3",1,1,1,1,NA,NA
2023,13,3023,16,"G","3",32,17,1,"6",2016,"",NA,NA,NA,"3023_13","control","alive",1,"Flowering",1,NA,"1",1,1,1,NA,NA,NA
2024,13,3023,16,"G","1",21.5,14.5,1,"2.5",NA,"",NA,NA,NA,"3023_13","control","alive",1,"Flowering",1,NA,"3",1,1,1,1,0,0
2025,13,3023,16,"G","3",24,21,1,"3",NA,"",NA,NA,NA,"3023_13","control","alive",1,"Flowering",1,NA,"5",1,1,1,1,NA,NA
2026,13,3023,16,"G","5",30.5,17.5,1,"2.5",NA,"",NA,NA,NA,"3023_13","control","alive",1,"Flowering",1,NA,NA,NA,NA,NA,1,0,0
2016,5,3024,0,"H","9",25,6.7,2,"2.1",2016,"",NA,NA,NA,"3024_5","drought","alive",1,"Flowering",1,NA,"4",2,1,1,NA,NA,NA
2017,5,3024,0,"H","4",20.5,15,2,"2",2016,"",NA,NA,NA,"3024_5","drought","alive",1,"Flowering",1,NA,"2",1,1,1,1,NA,NA
2018,5,3024,0,"H","2",10,11.5,1,"3.8",2016,"",NA,NA,NA,"3024_5","drought","alive",1,"Flowering",1,NA,"2",0,0,1,1,NA,NA
2019,5,3024,0,"H","2",NA,11.5,0,NA,2016,"",NA,NA,NA,"3024_5","drought","alive",1,"Vegetative",0,NA,"2",0,0,1,1,NA,NA
2020,5,3024,0,"H","2",NA,12,0,NA,2016,"",NA,NA,NA,"3024_5","drought","alive",1,"Vegetative",0,NA,"1",0,0,1,0,NA,NA
2021,5,3024,0,"H","1",NA,12,0,NA,2016,"",NA,NA,NA,"3024_5","drought","alive",1,"Vegetative",0,NA,"1",0,0,1,0,NA,NA
2022,5,3024,0,"H","1",NA,17.5,0,NA,2016,"",NA,NA,NA,"3024_5","drought","alive",1,"Vegetative",0,NA,"1",0,0,1,0,NA,NA
2023,5,3024,0,"H","1",NA,21,0,NA,2016,"",NA,NA,NA,"3024_5","drought","alive",1,"Vegetative",0,NA,"1",0,0,1,0,NA,NA
2024,5,3024,0,"H","1",NA,20,0,NA,NA,"",NA,NA,NA,"3024_5","drought","alive",1,"Vegetative",0,NA,"1",0,0,1,0,NA,NA
2025,5,3024,0,"H","1",NA,17.5,0,NA,NA,"",NA,NA,NA,"3024_5","drought","alive",1,"Vegetative",0,NA,"1",0,0,1,0,NA,NA
2026,5,3024,0,"H","1",NA,16,0,NA,NA,"",NA,NA,NA,"3024_5","drought","alive",1,"Vegetative",0,NA,NA,NA,NA,NA,0,NA,NA
2021,13,3026,3,"E","1",NA,9,0,NA,2021,"",NA,NA,NA,"3026_13","control","alive",1,"Vegetative",0,NA,"2",1,1,1,NA,NA,NA
2022,13,3026,3,"E","2",26,10,1,"3",2021,"",NA,NA,NA,"3026_13","control","alive",1,"Flowering",1,NA,"3",1,1,1,0,24,1
2023,13,3026,3,"E","3",25,15.5,1,"3",2021,"can't read note",NA,1,NA,"3026_13","control","alive",1,"Flowering",1,NA,"2",1,1,1,1,46,1
2024,13,3026,3,"E","2",18.5,16.5,1,"3",NA,"",NA,NA,NA,"3026_13","control","alive",1,"Flowering",1,NA,"5",3,1,1,1,0,0
2025,13,3026,3,"E","5",24,15,3,"7",NA,"",NA,NA,NA,"3026_13","control","alive",1,"Flowering",1,NA,"6",2,1,1,1,84,1
2026,13,3026,3,"E","6",32,23,2,"7",NA,"",NA,NA,NA,"3026_13","control","alive",1,"Flowering",1,NA,NA,NA,NA,NA,1,122,1
2016,13,3027,0,"C","3",21.5,6.5,1,"2.1",2016,"3 stalks",NA,NA,NA,"3027_13","control","alive",1,"Flowering",1,NA,"4",2,1,1,NA,NA,NA
2017,13,3027,0,"C","4",18,11,2,"3",2016,"",NA,NA,NA,"3027_13","control","alive",1,"Flowering",1,NA,"2",0,0,1,1,NA,NA
2018,13,3027,0,"C","2",14,14,0,NA,2016,"",NA,NA,NA,"3027_13","control","alive",1,"Vegetative",0,NA,"1",0,0,1,1,NA,NA
2019,13,3027,0,"C","1",NA,12,0,NA,2016,"",NA,NA,NA,"3027_13","control","alive",1,"Vegetative",0,NA,"1",0,0,1,0,NA,NA
2020,13,3027,0,"C","1",NA,8.5,0,NA,2016,"",NA,NA,NA,"3027_13","control","alive",1,"Vegetative",0,NA,"3",0,0,1,0,NA,NA
2021,13,3027,0,"C","3",NA,12.5,0,NA,2016,"",NA,NA,NA,"3027_13","control","alive",1,"Vegetative",0,NA,"1",0,0,1,0,NA,NA
2022,13,3027,0,"C","1",NA,12.5,0,NA,2016,"",NA,NA,NA,"3027_13","control","alive",1,"Vegetative",0,NA,"0",NA,NA,0,0,NA,NA
2023,13,3027,0,"C","0",NA,NA,NA,NA,2016,"NP",NA,NA,NA,"3027_13","control","dead",0,"Dead",NA,NA,NA,NA,NA,NA,0,NA,NA
2016,14,3032,6,"B","4",26.5,8,2,"2.5",2016,"",NA,NA,NA,"3032_14","drought","alive",1,"Flowering",1,NA,"3",1,1,1,NA,NA,NA
2017,14,3032,6,"B","3",34.5,14,1,"4.5",2016,"",NA,NA,NA,"3032_14","drought","alive",1,"Flowering",1,NA,"1",0,0,1,1,NA,NA
2018,14,3032,6,"B","1",5.5,5.5,0,NA,2016,"",NA,NA,NA,"3032_14","drought","alive",1,"Vegetative",0,NA,"4",2,1,1,1,NA,NA
2019,14,3032,6,"B","4",21,9,2,"2.5",2016,"",NA,NA,NA,"3032_14","drought","alive",1,"Flowering",1,NA,"1",0,0,1,0,NA,NA
2020,14,3032,6,"B","1",NA,13.6,0,NA,2016,"",NA,NA,NA,"3032_14","drought","alive",1,"Vegetative",0,NA,NA,NA,NA,NA,1,NA,NA
2021,14,3032,6,"B",NA,NA,NA,NA,NA,2016,"NPNT",NA,NA,NA,"3032_14","drought",NA,NA,NA,NA,NA,NA,NA,NA,0,0,NA,NA
2022,14,3032,6,"B",NA,NA,NA,NA,NA,2016,"NPNT",NA,NA,NA,"3032_14","drought","dead",0,"Dead",NA,NA,NA,NA,NA,NA,NA,NA,NA
2021,5,3034,8,"G","2",NA,9,0,NA,2021,"",NA,NA,NA,"3034_5","drought","alive",1,"Vegetative",0,NA,"1",0,0,1,NA,NA,NA
2022,5,3034,8,"G","1",NA,15.5,0,NA,2021,"",NA,NA,NA,"3034_5","drought","alive",1,"Vegetative",0,NA,"1",0,0,1,0,NA,NA
2023,5,3034,8,"G","1",NA,19,0,NA,2021,"",NA,NA,NA,"3034_5","drought","alive",1,"Vegetative",0,NA,"1",0,0,1,0,NA,NA
2024,5,3034,8,"G","1",NA,10.5,0,NA,2021,"",NA,NA,NA,"3034_5","drought","alive",1,"Vegetative",0,NA,"2",0,0,1,0,NA,NA
2025,5,3034,8,"G","2",NA,12,0,NA,2021,"",NA,NA,NA,"3034_5","drought","alive",1,"Vegetative",0,NA,"2",0,0,1,0,NA,NA
2026,5,3034,8,"G","2",NA,16,0,NA,2021,"",NA,NA,NA,"3034_5","drought","alive",1,"Vegetative",0,NA,NA,NA,NA,NA,0,NA,NA
2017,5,3034,8,"G","6",12,12,0,NA,2017,"",NA,NA,NA,"3034_5_senior","drought","alive",1,"Vegetative",0,NA,"1",0,0,1,NA,NA,NA
2018,5,3034,8,"G","1",6.5,6.5,0,NA,2017,"",NA,NA,NA,"3034_5_senior","drought","alive",1,"Vegetative",0,NA,"0",NA,NA,0,0,NA,NA
2019,5,3034,8,"G","0",NA,NA,NA,NA,2017,"no plant",NA,NA,NA,"3034_5_senior","drought","dead",0,"Dead",NA,NA,NA,NA,NA,NA,0,NA,NA
2016,14,3035,3,"B","3",14,7.5,0,NA,2016,"",NA,NA,NA,"3035_14","drought","alive",1,"Vegetative",0,NA,"1",0,0,1,NA,NA,NA
2017,14,3035,3,"B","1",4,4,0,NA,2016,"",NA,NA,NA,"3035_14","drought","alive",1,"Vegetative",0,NA,"2",0,0,1,0,NA,NA
2018,14,3035,3,"B","2",15,15.5,0,NA,2016,"",NA,NA,NA,"3035_14","drought","alive",1,"Vegetative",0,NA,"3",1,1,1,0,NA,NA
2019,14,3035,3,"B","3",14,11,1,"2",2016,"",NA,NA,NA,"3035_14","drought","alive",1,"Flowering",1,NA,"1",0,0,1,0,NA,NA
2020,14,3035,3,"B","1",NA,12,0,NA,2016,"",NA,NA,NA,"3035_14","drought","alive",1,"Vegetative",0,NA,"3",0,0,1,1,NA,NA
2021,14,3035,3,"B","3",NA,16,0,NA,2016,"",NA,NA,NA,"3035_14","drought","alive",1,"Vegetative",0,NA,"6",3,1,1,0,NA,NA
2022,14,3035,3,"B","6",44,14,3,"11",2016,"",NA,NA,NA,"3035_14","drought","alive",1,"Flowering",1,NA,"2",1,1,1,0,46,1
2023,14,3035,3,"B","2",37.5,20,1,"4",2016,"",NA,NA,NA,"3035_14","drought","alive",1,"Flowering",1,NA,"1",0,0,1,1,26,1
2024,14,3035,3,"B","1",NA,18.5,0,NA,NA,"moss",NA,NA,NA,"3035_14","drought","alive",1,"Vegetative",0,NA,"2",0,0,1,1,NA,NA
2025,14,3035,3,"B","2",NA,17,0,NA,NA,"moss",NA,NA,NA,"3035_14","drought","alive",1,"Vegetative",0,NA,"6",2,1,1,0,NA,NA
2026,14,3035,3,"B","6",35,13.5,2,"3.5",NA,"",NA,NA,NA,"3035_14","drought","alive",1,"Flowering",1,NA,NA,NA,NA,NA,0,0,0
2016,3,3036,2,"B","12",23.3,10.6,NA,NA,2016,"2 stalks, top has been eaten",NA,NA,NA,"3036_3","control","alive",1,NA,NA,NA,"0",NA,NA,1,NA,NA,NA
2017,3,3036,2,"B","0",NA,NA,NA,NA,2016,"No plant/dead?",NA,NA,NA,"3036_3","control","dormant",1,"Dormant",NA,NA,"2",0,0,1,NA,NA,NA
2018,3,3036,2,"B","2",14,14,0,NA,2016,"",NA,NA,NA,"3036_3","control","alive",1,"Vegetative",0,NA,"1",NA,NA,1,NA,NA,NA
2019,3,3036,2,"B","1",NA,8,NA,NA,2016,"no plant",NA,NA,NA,"3036_3","control","alive",1,NA,NA,NA,NA,NA,NA,1,0,NA,NA
2020,3,3036,2,"B",NA,NA,NA,NA,NA,2016,"npnt",NA,NA,NA,"3036_3","control",NA,1,NA,NA,NA,"1",0,0,1,NA,NA,NA
2021,3,3036,2,"B","1",NA,19.5,0,NA,2021,"replacing 3036",NA,NA,NA,"3036_3","control","alive",1,"Vegetative",0,NA,"1",0,0,1,NA,NA,NA
2022,3,3036,2,"B","1",NA,22,0,NA,2016,"was replaced by 3762 in 2021, but this year found both tags, and point at the same plant. Pulled the replacement tag",NA,1,NA,"3036_3","control","alive",1,"Vegetative",0,NA,"1",0,0,1,0,NA,NA
2023,3,3036,2,"B","1",NA,12,0,NA,2016,"",NA,NA,NA,"3036_3","control","alive",1,"Vegetative",0,NA,NA,NA,NA,1,0,NA,NA
2024,3,3036,2,"B",NA,NA,NA,NA,NA,NA,"NPNT",NA,NA,NA,"3036_3","control",NA,1,NA,NA,NA,"1",0,0,1,0,NA,NA
2025,3,3036,2,"B","1",NA,22,0,NA,NA,"",NA,NA,NA,"3036_3","control","alive",1,"Vegetative",0,NA,NA,NA,NA,NA,NA,NA,NA
2026,3,3036,2,"B",NA,NA,NA,NA,NA,NA,"NPNT under giant claytonia",NA,NA,NA,"3036_3","control",NA,NA,NA,NA,NA,NA,NA,NA,NA,0,NA,NA
2016,5,3040,12,"D","3",16,7.1,0,NA,2016,"",NA,NA,NA,"3040_5","drought","alive",1,"Vegetative",0,NA,"4",2,1,1,NA,NA,NA
2017,5,3040,12,"D","4",19.5,8.5,2,"2",2016,"",NA,NA,NA,"3040_5","drought","alive",1,"Flowering",1,NA,"0",NA,NA,1,0,NA,NA
2018,5,3040,12,"D","0",NA,NA,NA,NA,2016,"no plant",NA,NA,NA,"3040_5","drought","dormant",1,"Dormant",NA,NA,"1",0,0,1,1,NA,NA
2019,5,3040,12,"D","1",NA,12,0,NA,2016,"",NA,NA,NA,"3040_5","drought","alive",1,"Vegetative",0,NA,NA,NA,NA,NA,NA,NA,NA
2020,5,3040,12,"D",NA,NA,NA,NA,NA,2016,"NS",NA,NA,NA,"3040_5","drought",NA,NA,NA,NA,NA,NA,NA,NA,0,0,NA,NA
2021,5,3040,12,"D",NA,NA,NA,NA,NA,2016,"NPNT",NA,NA,NA,"3040_5","drought","dead",0,"Dead",NA,NA,NA,NA,NA,NA,NA,NA,NA
2021,13,3042,14,"B","2",NA,17,0,NA,2021,"",NA,NA,NA,"3042_13","control","alive",1,"Vegetative",0,NA,"2",1,1,1,NA,NA,NA
2022,13,3042,14,"B","2",31.5,11,1,"3",2021,"",NA,NA,NA,"3042_13","control","alive",1,"Flowering",1,NA,NA,NA,NA,1,0,28,1
2023,13,3042,14,"B",NA,NA,NA,NA,NA,2021,"NPNT",NA,NA,NA,"3042_13","control",NA,1,NA,NA,NA,"2",1,1,1,1,NA,NA
2024,13,3042,14,"B","2",24,11,1,"2",NA,"BTP in phen",NA,NA,NA,"3042_13","control","alive",1,"Flowering",1,NA,"1",0,0,1,NA,0,0
2025,13,3042,14,"B","1",NA,21,0,NA,NA,"",NA,NA,NA,"3042_13","control","alive",1,"Vegetative",0,NA,NA,NA,NA,NA,1,NA,NA
2026,13,3042,14,"B",NA,NA,NA,NA,NA,NA,"NPNT",NA,NA,NA,"3042_13","control",NA,NA,NA,NA,NA,NA,NA,NA,NA,0,NA,NA
2016,7,3044,7,"D","5",34,9,1,"3.5",2016,"",NA,NA,NA,"3044_7","drought","alive",1,"Flowering",1,NA,"2",1,1,1,NA,NA,NA
2017,7,3044,7,"D","2",28,20,1,"2",2016,"",NA,NA,NA,"3044_7","drought","alive",1,"Flowering",1,NA,"4",1,1,1,1,NA,NA
2018,7,3044,7,"D","4",28,22.5,1,"5.2",2016,"",NA,NA,NA,"3044_7","drought","alive",1,"Flowering",1,NA,"2",1,1,1,1,NA,NA
2019,7,3044,7,"D","2",22,18,1,"3",2016,"",NA,NA,NA,"3044_7","drought","alive",1,"Flowering",1,NA,"2",0,0,1,1,NA,NA
2020,7,3044,7,"D","2",NA,13.1,0,NA,2016,"",NA,NA,NA,"3044_7","drought","alive",1,"Vegetative",0,NA,"1",0,0,1,1,NA,NA
2021,7,3044,7,"D","1",NA,18.5,0,NA,2016,"",NA,NA,NA,"3044_7","drought","alive",1,"Vegetative",0,NA,"3",2,1,1,0,NA,NA
2022,7,3044,7,"D","3",47.5,25.5,2,"11",2016,"",NA,NA,NA,"3044_7","drought","alive",1,"Flowering",1,NA,"3",2,1,1,0,50,1
2023,7,3044,7,"D","3",55,30.5,2,"5",2016,"",NA,NA,NA,"3044_7","drought","alive",1,"Flowering",1,NA,"4",3,1,1,1,112,1
2024,7,3044,7,"D","4",60,28,3,"10.5",NA,"",NA,NA,NA,"3044_7","drought","alive",1,"Flowering",1,NA,"3",1,1,1,1,32,1
2025,7,3044,7,"D","3",33,18,1,NA,NA,"umbel dead",NA,NA,NA,"3044_7","drought","alive",1,"Flowering",1,NA,NA,NA,NA,NA,1,NA,NA
2026,7,3044,7,"D",NA,NA,NA,NA,NA,NA,"NPNT",NA,NA,NA,"3044_7","drought",NA,NA,NA,NA,NA,NA,NA,NA,NA,1,NA,NA
2017,1,3046,8,"B","1",11,11,0,NA,2017,"",NA,NA,NA,"3046_1","irrigated","alive",1,"Vegetative",0,NA,"2",0,0,1,NA,NA,NA
2018,1,3046,8,"B","2",9,9,0,NA,2017,"",NA,NA,NA,"3046_1","irrigated","alive",1,"Vegetative",0,NA,"2",0,0,1,0,NA,NA
2019,1,3046,8,"B","2",NA,14,0,NA,2017,"",NA,NA,NA,"3046_1","irrigated","alive",1,"Vegetative",0,NA,"0",NA,NA,0,0,NA,NA
2020,1,3046,8,"B","0",NA,NA,NA,NA,2017,"no plant",NA,NA,NA,"3046_1","irrigated","dead",0,"Dead",NA,NA,NA,NA,NA,NA,0,NA,NA
2018,15,3047,14,"J","2",14,14,0,NA,2018,"",NA,NA,NA,"3047_15","drought","alive",1,"Vegetative",0,NA,"1",0,0,1,NA,NA,NA
2019,15,3047,14,"J","1",NA,14,0,NA,2018,"",NA,NA,NA,"3047_15","drought","alive",1,"Vegetative",0,NA,NA,NA,NA,1,0,NA,NA
2020,15,3047,14,"J",NA,NA,NA,NA,NA,2018,"NS",NA,NA,NA,"3047_15","drought",NA,1,NA,NA,NA,"2",2,1,1,0,NA,NA
2021,15,3047,14,"J","2",23,13.5,2,"5",2018,"",NA,NA,NA,"3047_15","drought","alive",1,"Flowering",1,NA,"6",3,1,1,NA,0,0
2022,15,3047,14,"J","6",49,24,3,"10.5",2018,"",NA,NA,NA,"3047_15","drought","alive",1,"Flowering",1,NA,"9",3,1,1,1,92,1
2023,15,3047,14,"J","9",44,21,3,"10",2018,"",NA,NA,NA,"3047_15","drought","alive",1,"Flowering",1,NA,"9",5,1,1,1,96,1
2024,15,3047,14,"J","9",16.5,26,5,"21",NA,"",NA,NA,NA,"3047_15","drought","alive",1,"Flowering",1,NA,NA,NA,NA,NA,1,0,0
2025,15,3047,14,"J",NA,NA,NA,NA,NA,NA,"NPNT vole",NA,NA,NA,"3047_15","drought",NA,NA,NA,NA,NA,NA,NA,NA,NA,1,NA,NA
2026,15,3047,14,"J",NA,NA,NA,NA,NA,NA,"NPNT 2 years",NA,NA,NA,"3047_15","drought",NA,NA,NA,NA,NA,NA,NA,NA,NA,NA,NA,NA
2021,6,3048,8,"J","2",NA,17,0,NA,2021,"",NA,NA,NA,"3048_6","irrigated","alive",1,"Vegetative",0,NA,"1",0,0,1,NA,NA,NA
2022,6,3048,8,"J","1",NA,20,0,NA,2021,"outside plot",NA,NA,NA,"3048_6","irrigated","alive",1,"Vegetative",0,NA,"2",1,1,1,0,NA,NA
2023,6,3048,8,"J","2",31,11,1,"5",2021,"not tracked for phenology. Outside plot.",NA,NA,NA,"3048_6","irrigated","alive",1,"Flowering",1,NA,"2",1,1,1,0,NA,NA
2024,6,3048,8,"J","2",55,18.5,1,"6",NA,"stalk broke when measuring",NA,NA,NA,"3048_6","irrigated","alive",1,"Flowering",1,NA,"1",1,1,1,1,0,0
2025,6,3048,8,"J","1",25,16,1,"4",NA,"",NA,NA,NA,"3048_6","irrigated","alive",1,"Flowering",1,NA,"0",NA,NA,NA,1,NA,NA
2026,6,3048,8,"J","0",NA,NA,NA,NA,NA,"NP",NA,NA,NA,"3048_6","irrigated",NA,NA,NA,NA,NA,NA,NA,NA,NA,1,NA,NA
2019,12,3049,15,"B","2",NA,10.5,0,NA,NA,"Found tagged in plot, but not on last year's data sheet",NA,NA,NA,"3049_12","irrigated","alive",1,"Vegetative",0,NA,"1",0,0,1,NA,NA,NA
2020,12,3049,15,"B","1",NA,9.1,0,NA,NA,"",NA,NA,NA,"3049_12","irrigated","alive",1,"Vegetative",0,NA,"1",0,0,1,0,NA,NA
2021,12,3049,15,"B","1",NA,11,0,NA,NA,"",NA,NA,NA,"3049_12","irrigated","alive",1,"Vegetative",0,NA,"2",0,0,1,0,NA,NA
2022,12,3049,15,"B","2",NA,27,0,NA,NA,"",NA,NA,NA,"3049_12","irrigated","alive",1,"Vegetative",0,NA,"2",1,1,1,0,NA,NA
2023,12,3049,15,"B","2",44,27,1,"6",NA,"",NA,NA,NA,"3049_12","irrigated","alive",1,"Flowering",1,NA,"0",NA,NA,1,0,0,0
2024,12,3049,15,"B","0",NA,NA,NA,NA,NA,"NP",NA,NA,NA,"3049_12","irrigated","dormant",1,"Dormant",NA,NA,"3",0,0,1,1,NA,NA
2025,12,3049,15,"B","3",NA,23,0,NA,NA,"",NA,NA,NA,"3049_12","irrigated","alive",1,"Vegetative",0,NA,NA,NA,NA,NA,NA,NA,NA
2026,12,3049,15,"B",NA,NA,NA,NA,NA,NA,"NPNT",NA,NA,NA,"3049_12","irrigated",NA,NA,NA,NA,NA,NA,NA,NA,NA,0,NA,NA
2016,15,3052,3,"J","7",25,8,1,"2",2016,"",NA,NA,NA,"3052_15","drought","alive",1,"Flowering",1,NA,"4",1,1,1,NA,NA,NA
2017,15,3052,3,"J","4",19.5,10,1,"2",2016,"",NA,NA,NA,"3052_15","drought","alive",1,"Flowering",1,NA,"2",0,0,1,1,NA,NA
2018,15,3052,3,"J","2",16.5,16.5,0,NA,2016,"",NA,NA,NA,"3052_15","drought","alive",1,"Vegetative",0,NA,"3",1,1,1,1,NA,NA
2019,15,3052,3,"J","3",9.5,13,1,"1",2016,"",NA,NA,NA,"3052_15","drought","alive",1,"Flowering",1,NA,"2",1,1,1,0,NA,NA
2020,15,3052,3,"J","2",12.5,17.8,1,"0",2016,"eaten umbel and stalk",NA,NA,NA,"3052_15","drought","alive",1,"Flowering",1,NA,"3",1,1,1,1,NA,NA
2021,15,3052,3,"J","3",20.5,19.5,1,"3.5",2016,"",NA,NA,NA,"3052_15","drought","alive",1,"Flowering",1,NA,"4",2,1,1,1,28,1
2022,15,3052,3,"J","4",41,20,2,"8.5",2016,"",NA,NA,NA,"3052_15","drought","alive",1,"Flowering",1,NA,"5",4,1,1,1,102,1
2023,15,3052,3,"J","5",46,21,4,"17.5",2016,"1 umbel dead",NA,NA,NA,"3052_15","drought","alive",1,"Flowering",1,NA,"2",1,1,1,1,NA,NA
2024,15,3052,3,"J","2",41,23,1,"5",NA,"",NA,NA,NA,"3052_15","drought","alive",1,"Flowering",1,NA,"0",NA,NA,0,1,22,1
2025,15,3052,3,"J","0",NA,NA,NA,NA,NA,"NP",NA,NA,NA,"3052_15","drought","dead",0,"Dead",NA,NA,NA,NA,NA,NA,1,NA,NA
2021,2,3053,14,"B","1",NA,15,2,NA,2021,"umbles dead",NA,NA,NA,"3053_2","control","alive",1,"Flowering",1,NA,"0",NA,NA,1,NA,0,0
2022,2,3053,14,"B","0",NA,NA,NA,NA,2021,"NP",NA,NA,NA,"3053_2","control","dormant",1,"Dormant",NA,NA,"1",0,0,1,1,NA,NA
2023,2,3053,14,"B","1",NA,13,0,NA,2021,"",NA,NA,NA,"3053_2","control","alive",1,"Vegetative",0,NA,"0",NA,NA,0,NA,NA,NA
2024,2,3053,14,"B","0",NA,NA,NA,NA,NA,"NP",NA,NA,NA,"3053_2","control","dead",0,"Dead",NA,NA,NA,NA,NA,NA,0,0,0
2016,3,3056,0,"B","8",12.3,7.4,0,NA,2016,"",NA,NA,NA,"3056_3","control","alive",1,"Vegetative",0,NA,"2",0,0,1,NA,NA,NA
2017,3,3056,0,"B","2",13.5,13.5,0,NA,2016,"",NA,NA,NA,"3056_3","control","alive",1,"Vegetative",0,NA,"3",0,0,1,0,NA,NA
2018,3,3056,0,"B","3",16.5,16.5,0,NA,2016,"",NA,NA,NA,"3056_3","control","alive",1,"Vegetative",0,NA,"4",0,0,1,0,NA,NA
2019,3,3056,0,"B","4",NA,11.5,0,NA,2016,"",NA,NA,NA,"3056_3","control","alive",1,"Vegetative",0,NA,NA,NA,NA,1,0,NA,NA
2020,3,3056,0,"B",NA,NA,NA,NA,NA,2016,"NPNT",NA,NA,NA,"3056_3","control",NA,1,NA,NA,NA,"3",0,0,1,0,NA,NA
2021,3,3056,0,"B","3",NA,19,0,NA,2016,"",NA,NA,NA,"3056_3","control","alive",1,"Vegetative",0,NA,"2",1,1,1,NA,NA,NA
2022,3,3056,0,"B","2",39,17,1,"6",2016,"",NA,NA,NA,"3056_3","control","alive",1,"Flowering",1,NA,"3",1,1,1,0,62,1
2023,3,3056,0,"B","3",36,23.5,1,"7",2016,"",NA,NA,NA,"3056_3","control","alive",1,"Flowering",1,NA,"2",1,1,1,1,0,0
2024,3,3056,0,"B","2",34,15.5,1,"4",NA,"",NA,NA,NA,"3056_3","control","alive",1,"Flowering",1,NA,"0",NA,NA,0,1,50,1
2025,3,3056,0,"B","0",NA,NA,NA,NA,NA,"NP",NA,NA,NA,"3056_3","control","dead",0,"Dead",NA,NA,NA,NA,NA,NA,1,NA,NA
2016,14,3058,2,"A","6",41,5.7,1,"5",2016,"",NA,NA,NA,"3058_14","drought","alive",1,"Flowering",1,NA,"2",0,0,1,NA,NA,NA
2017,14,3058,2,"A","2",12,12,0,NA,2016,"",NA,NA,NA,"3058_14","drought","alive",1,"Vegetative",0,NA,"5",1,1,1,1,NA,NA
2018,14,3058,2,"A","5",19.5,14,1,"2.5",2016,"",NA,NA,NA,"3058_14","drought","alive",1,"Flowering",1,NA,"2",0,0,1,0,NA,NA
2019,14,3058,2,"A","2",NA,7,0,NA,2016,"",NA,NA,NA,"3058_14","drought","alive",1,"Vegetative",0,NA,"2",0,0,1,1,NA,NA
2020,14,3058,2,"A","2",NA,10.6,0,NA,2016,"",NA,NA,NA,"3058_14","drought","alive",1,"Vegetative",0,NA,"3",0,0,1,0,NA,NA
2021,14,3058,2,"A","3",NA,16,0,NA,2016,"",NA,NA,NA,"3058_14","drought","alive",1,"Vegetative",0,NA,"2",0,0,1,0,NA,NA
2022,14,3058,2,"A","2",NA,18.5,0,NA,2016,"",NA,NA,NA,"3058_14","drought","alive",1,"Vegetative",0,NA,"3",2,1,1,0,NA,NA
2023,14,3058,2,"A","3",30,19.5,2,"0",2016,"are both dead? No explanation for NA",NA,1,NA,"3058_14","drought","alive",1,"Flowering",1,NA,"2",1,1,1,0,0,0
2024,14,3058,2,"A","2",28,11.5,1,"3",NA,"",NA,NA,NA,"3058_14","drought","alive",1,"Flowering",1,NA,"3",0,0,1,1,0,0
2025,14,3058,2,"A","3",NA,23.5,0,NA,NA,"",NA,NA,NA,"3058_14","drought","alive",1,"Vegetative",0,NA,"0",NA,NA,NA,1,NA,NA
2026,14,3058,2,"A","0",NA,NA,NA,NA,NA,"NP",NA,NA,NA,"3058_14","drought",NA,NA,NA,NA,NA,NA,NA,NA,NA,0,NA,NA
2017,9,3059,11,"0.21","3",25.5,20,1,"3.5",2017,"Ycoord= distance from quadrat (m)",NA,NA,NA,"3059_9","irrigated","alive",1,"Flowering",1,NA,"2",0,0,1,NA,NA,NA
2018,9,3059,11,"0.21","2",19,19,0,NA,2017,"",NA,NA,NA,"3059_9","irrigated","alive",1,"Vegetative",0,NA,"1",0,0,1,1,NA,NA
2019,9,3059,11,"0.21","1",NA,9.5,0,NA,2017,"",NA,NA,NA,"3059_9","irrigated","alive",1,"Vegetative",0,NA,"2",0,0,1,0,NA,NA
2020,9,3059,11,"0.21","2",NA,13,0,NA,2017,"1 leaf ripped off",NA,NA,NA,"3059_9","irrigated","alive",1,"Vegetative",0,NA,NA,NA,NA,0,0,NA,NA
2021,9,3059,11,"0.21",NA,NA,NA,NA,NA,2017,"NPNT ,maybe new 3731 or 3770",NA,NA,NA,"3059_9","irrigated","dead",0,"Dead",NA,NA,NA,NA,NA,NA,0,NA,NA
2017,5,3060,14,"D","5",20,8,1,"2.5",2017,"",NA,NA,NA,"3060_5","drought","alive",1,"Flowering",1,NA,"1",1,1,1,NA,NA,NA
2018,5,3060,14,"D","1",8,7,1,"2.5",2017,"",NA,NA,NA,"3060_5","drought","alive",1,"Flowering",1,NA,"1",0,0,1,1,NA,NA
2019,5,3060,14,"D","1",NA,9,0,NA,2017,"",NA,NA,NA,"3060_5","drought","alive",1,"Vegetative",0,NA,NA,NA,NA,NA,1,NA,NA
2020,5,3060,14,"D",NA,NA,NA,NA,NA,2017,"NS",NA,NA,NA,"3060_5","drought",NA,NA,NA,NA,NA,"0",NA,NA,0,0,NA,NA
2021,5,3060,14,"D","0",NA,NA,NA,NA,2017,"NP",NA,NA,NA,"3060_5","drought","dead",0,"Dead",NA,NA,NA,NA,NA,NA,NA,NA,NA
2021,13,3061,19,"E","1",NA,5,0,NA,2021,"",NA,NA,NA,"3061_13","control","alive",1,"Vegetative",0,NA,"0",NA,NA,1,NA,NA,NA
2022,13,3061,19,"E","0",NA,NA,NA,NA,2021,"NP",NA,NA,NA,"3061_13","control","dormant",1,"Dormant",NA,NA,"5",3,1,1,0,NA,NA
2023,13,3061,19,"E","5",40,15,3,"11.5",2021,"",NA,NA,NA,"3061_13","control","alive",1,"Flowering",1,NA,"0",NA,NA,1,NA,NA,NA
2024,13,3061,19,"E","0",NA,NA,NA,NA,2021,"NP",NA,NA,NA,"3061_13","control","dormant",1,"Dormant",NA,NA,"1",0,0,1,1,NA,NA
2025,13,3061,19,"E","1",NA,20.5,0,NA,2021,"in 18E",NA,NA,NA,"3061_13","control","alive",1,"Vegetative",0,NA,"3",0,0,1,NA,NA,NA
2026,13,3061,19,"E","3",NA,18.5,0,NA,2021,"",NA,NA,NA,"3061_13","control","alive",1,"Vegetative",0,NA,NA,NA,NA,NA,0,NA,NA
2016,13,3061,19,"E","3",10,5.6,0,NA,2016,"",NA,NA,NA,"3061_13_senior","control","alive",1,"Vegetative",0,NA,"1",0,0,1,NA,NA,NA
2017,13,3061,19,"E","1",5.5,5.5,0,NA,2016,"",NA,NA,NA,"3061_13_senior","control","alive",1,"Vegetative",0,NA,"1",0,0,1,0,NA,NA
2018,13,3061,19,"E","1",9.5,9.5,0,NA,2016,"18C",NA,NA,NA,"3061_13_senior","control","alive",1,"Vegetative",0,NA,"0",NA,NA,0,0,NA,NA
2019,13,3061,19,"E","0",NA,NA,NA,NA,2016,"no plant",NA,NA,NA,"3061_13_senior","control","dead",0,"Dead",NA,NA,NA,NA,NA,NA,0,NA,NA
2021,14,3062,19,"G","1",NA,15.5,0,NA,2021,"",NA,NA,NA,"3062_14","drought","alive",1,"Vegetative",0,NA,"0",NA,NA,0,NA,NA,NA
2022,14,3062,19,"G","0",NA,NA,NA,NA,2021,"NP",NA,NA,NA,"3062_14","drought","dead",0,"Dead",NA,NA,NA,NA,NA,NA,0,NA,NA
2016,15,3063,1,"J","3",44,17.5,1,"6.5",2016,"",NA,NA,NA,"3063_15","drought","alive",1,"Flowering",1,NA,"1",1,1,1,NA,NA,NA
2017,15,3063,1,"J","1",23,14,1,"3.5",2016,"",NA,NA,NA,"3063_15","drought","alive",1,"Flowering",1,NA,"0",NA,NA,1,1,NA,NA
2018,15,3063,1,"J","0",NA,NA,NA,NA,2016,"no plant",NA,NA,NA,"3063_15","drought","dormant",1,"Dormant",NA,NA,"1",0,0,1,1,NA,NA
2019,15,3063,1,"J","1",NA,15.5,0,NA,2016,"",NA,NA,NA,"3063_15","drought","alive",1,"Vegetative",0,NA,NA,NA,NA,1,NA,NA,NA
2020,15,3063,1,"J",NA,NA,NA,NA,NA,2016,"no plant",NA,NA,NA,"3063_15","drought",NA,1,NA,NA,NA,"2",0,0,1,0,NA,NA
2021,15,3063,1,"J","2",NA,13,0,NA,2016,"may be new plant?",NA,NA,NA,"3063_15","drought","alive",1,"Vegetative",0,NA,"3",1,1,1,NA,NA,NA
2022,15,3063,1,"J","3",47,22,1,"7",2016,"maybe new plant? ",NA,NA,NA,"3063_15","drought","alive",1,"Flowering",1,NA,"2",2,1,1,0,8,1
2023,15,3063,1,"J","2",45,18.5,2,"3",2016,"1 umbel dead",NA,NA,NA,"3063_15","drought","alive",1,"Flowering",1,NA,"2",1,1,1,1,NA,NA
2024,15,3063,1,"J","2",33,20.5,1,"4",NA,"",NA,NA,NA,"3063_15","drought","alive",1,"Flowering",1,NA,NA,NA,NA,0,1,0,0
2025,15,3063,1,"J",NA,NA,NA,NA,NA,NA,"NPNT vole tunnels",NA,NA,NA,"3063_15","drought","dead",0,"Dead",NA,NA,NA,NA,NA,NA,1,NA,NA
2016,4,3064,1,"H","3",8.5,3.5,NA,NA,2016,"",NA,NA,NA,"3064_4","irrigated","alive",1,NA,NA,NA,"2",0,0,1,NA,NA,NA
2017,4,3064,1,"H","2",9,9,0,NA,2016,"",NA,NA,NA,"3064_4","irrigated","alive",1,"Vegetative",0,NA,"3",0,0,1,NA,NA,NA
2018,4,3064,1,"H","3",14,14,0,NA,2016,"",NA,NA,NA,"3064_4","irrigated","alive",1,"Vegetative",0,NA,"2",0,0,1,0,NA,NA
2019,4,3064,1,"H","2",NA,14,0,NA,2016,"",NA,NA,NA,"3064_4","irrigated","alive",1,"Vegetative",0,NA,"4",1,1,1,0,NA,NA
2020,4,3064,1,"H","4",23.4,12.3,1,"2.2",2016,"",NA,NA,NA,"3064_4","irrigated","alive",1,"Flowering",1,NA,"3",1,1,1,0,NA,NA
2021,4,3064,1,"H","3",22,19.5,1,"4",2016,"",NA,NA,NA,"3064_4","irrigated","alive",1,"Flowering",1,NA,"3",0,0,1,1,0,0
2022,4,3064,1,"H","3",NA,11.5,0,NA,2016,"under hose",NA,NA,NA,"3064_4","irrigated","alive",1,"Vegetative",0,NA,"1",0,0,1,1,NA,NA
2023,4,3064,1,"H","1",NA,16,0,NA,2016,"under hose",NA,NA,NA,"3064_4","irrigated","alive",1,"Vegetative",0,NA,"1",0,0,1,0,NA,NA
2024,4,3064,1,"H","1",NA,13,0,NA,NA,"",NA,NA,NA,"3064_4","irrigated","alive",1,"Vegetative",0,NA,"0",NA,NA,0,0,NA,NA
2025,4,3064,1,"H","0",NA,NA,NA,NA,NA,"NP",NA,NA,NA,"3064_4","irrigated","dead",0,"Dead",NA,NA,NA,NA,NA,NA,0,NA,NA
2016,15,3065,2,"F","4",42,6.5,2,"3.9",2016,"",NA,NA,NA,"3065_15","drought","alive",1,"Flowering",1,NA,"7",6,1,1,NA,NA,NA
2017,15,3065,2,"F","7",46,14,6,"6",2016,"",NA,NA,NA,"3065_15","drought","alive",1,"Flowering",1,NA,"13",6,1,1,1,NA,NA
2018,15,3065,2,"F","13",31,21,6,"3.8",2016,"",NA,NA,NA,"3065_15","drought","alive",1,"Flowering",1,NA,"10",5,1,1,1,NA,NA
2019,15,3065,2,"F","10",32.5,18.5,5,"5",2016,"",NA,NA,NA,"3065_15","drought","alive",1,"Flowering",1,NA,"9",3,1,1,1,NA,NA
2020,15,3065,2,"F","9",32,13.2,3,"17.9",2016,"",NA,NA,NA,"3065_15","drought","alive",1,"Flowering",1,NA,"10",5,1,1,1,NA,NA
2021,15,3065,2,"F","10",26,13,5,"12.5",2016,"",NA,NA,NA,"3065_15","drought","alive",1,"Flowering",1,NA,"9",3,1,1,1,0,0
2022,15,3065,2,"F","9",38,22,3,"11.5",2016,"",NA,NA,NA,"3065_15","drought","alive",1,"Flowering",1,NA,"10",6,1,1,1,38,1
2023,15,3065,2,"F","10",60,20,6,"21.5",2016,"1 umbel dead",NA,NA,NA,"3065_15","drought","alive",1,"Flowering",1,NA,"16",9,1,1,1,NA,NA
2024,15,3065,2,"F","16",44.5,6,9,"30",NA,"spittlebug",NA,NA,NA,"3065_15","drought","alive",1,"Flowering",1,NA,"0",NA,NA,0,1,62,1
2025,15,3065,2,"F","0",NA,NA,NA,NA,NA,"NP tag pulled vole digging",1,NA,NA,"3065_15","drought","dead",0,"Dead",NA,NA,NA,NA,NA,NA,1,NA,NA
2019,14,3066,17,"B","3",NA,17,0,NA,2019,"",NA,NA,NA,"3066_14","drought","alive",1,"Vegetative",0,NA,"2",1,1,1,NA,NA,NA
2020,14,3066,17,"B","2",25,12.5,1,"4.5",2019,"",NA,NA,NA,"3066_14","drought","alive",1,"Flowering",1,NA,"1",0,0,1,0,NA,NA
2021,14,3066,17,"B","1",NA,19,0,NA,2019,"",NA,NA,NA,"3066_14","drought","alive",1,"Vegetative",0,NA,"0",NA,NA,1,1,NA,NA
2022,14,3066,17,"B","0",NA,NA,NA,NA,2019,"NP",NA,NA,NA,"3066_14","drought","dormant",1,"Dormant",NA,NA,"3",1,1,1,0,NA,NA
2023,14,3066,17,"B","3",49.5,16.5,1,"6",2019,"",NA,NA,NA,"3066_14","drought","alive",1,"Flowering",1,NA,NA,NA,NA,0,NA,NA,NA
2024,14,3066,17,"B",NA,NA,NA,NA,NA,NA,"NPNT",NA,NA,NA,"3066_14","drought","dead",0,"Dead",NA,NA,NA,NA,NA,NA,1,NA,NA
2016,5,3067,16,"F","6",17.5,10,1,"2.2",2016,"",NA,NA,NA,"3067_5","drought","alive",1,"Flowering",1,NA,"2",1,1,1,NA,NA,NA
2017,5,3067,16,"F","2",16.5,11.5,1,"2",2016,"",NA,NA,NA,"3067_5","drought","alive",1,"Flowering",1,NA,"3",1,1,1,1,NA,NA
2018,5,3067,16,"F","3",13.5,7.5,1,"2.5",2016,"",NA,NA,NA,"3067_5","drought","alive",1,"Flowering",1,NA,"1",0,0,1,1,NA,NA
2019,5,3067,16,"F","1",NA,12,0,NA,2016,"",NA,NA,NA,"3067_5","drought","alive",1,"Vegetative",0,NA,NA,NA,NA,1,1,NA,NA
2020,5,3067,16,"F",NA,NA,NA,NA,NA,2016,"NS",NA,NA,NA,"3067_5","drought",NA,1,NA,NA,NA,"2",1,1,1,0,NA,NA
2021,5,3067,16,"F","2",23,12,1,"5",2016,"",NA,NA,NA,"3067_5","drought","alive",1,"Flowering",1,NA,"5",3,1,1,NA,27,1
2022,5,3067,16,"F","5",28,14,3,"15",2016,"",NA,NA,NA,"3067_5","drought","alive",1,"Flowering",1,NA,"3",3,1,1,1,120,1
2023,5,3067,16,"F","3",34,13,3,"17",2016,"",NA,NA,NA,"3067_5","drought","alive",1,"Flowering",1,NA,"3",2,1,1,1,NA,NA
2024,5,3067,16,"F","3",17,10.5,2,"2.5",NA,"",NA,NA,NA,"3067_5","drought","alive",1,"Flowering",1,NA,"3",2,1,1,1,0,0
2025,5,3067,16,"F","3",15.5,13,2,"4.5",NA,"",NA,NA,NA,"3067_5","drought","alive",1,"Flowering",1,NA,"3",2,1,1,1,NA,NA
2026,5,3067,16,"F","3",22,11.5,2,"6",NA,"",NA,NA,NA,"3067_5","drought","alive",1,"Flowering",1,NA,NA,NA,NA,NA,1,52,1
2016,15,3068,6,"I","3",36.5,14.1,1,"5.5",2016,"",NA,NA,NA,"3068_15","drought","alive",1,"Flowering",1,NA,"3",1,1,1,NA,NA,NA
2017,15,3068,6,"I","3",31.5,14,1,"4",2016,"",NA,NA,NA,"3068_15","drought","alive",1,"Flowering",1,NA,"3",1,1,1,1,NA,NA
2018,15,3068,6,"I","3",17,14,1,"2.3",2016,"",NA,NA,NA,"3068_15","drought","alive",1,"Flowering",1,NA,"2",2,1,1,1,NA,NA
2019,15,3068,6,"I","2",26,13.5,2,"3.5",2016,"",NA,NA,NA,"3068_15","drought","alive",1,"Flowering",1,NA,"1",0,0,1,1,NA,NA
2020,15,3068,6,"I","1",NA,12.4,0,NA,2016,"",NA,NA,NA,"3068_15","drought","alive",1,"Vegetative",0,NA,"1",1,1,1,1,NA,NA
2021,15,3068,6,"I","1",16,17,1,"3",2016,"",NA,NA,NA,"3068_15","drought","alive",1,"Flowering",1,NA,"6",2,1,1,0,0,0
2022,15,3068,6,"I","6",49,17,2,"9.5",2016,"",NA,NA,NA,"3068_15","drought","alive",1,"Flowering",1,NA,"6",3,1,1,1,74,1
2023,15,3068,6,"I","6",42,15,3,"14",2016,"1 umbel dead",NA,NA,NA,"3068_15","drought","alive",1,"Flowering",1,NA,"4",2,1,1,1,NA,NA
2024,15,3068,6,"I","4",33.5,22,2,"6",NA,"",NA,NA,NA,"3068_15","drought","alive",1,"Flowering",1,NA,"1",0,0,1,1,44,1
2025,15,3068,6,"I","1",NA,16,0,NA,NA,"",NA,NA,NA,"3068_15","drought","alive",1,"Vegetative",0,NA,"2",0,0,1,1,NA,NA
2026,15,3068,6,"I","2",NA,25,0,NA,NA,"",NA,NA,NA,"3068_15","drought","alive",1,"Vegetative",0,NA,NA,NA,NA,NA,0,NA,NA
2016,7,3069,1,"C","22",35.5,5,2,"3",2016,"Dead leaves, 2 stems",NA,NA,NA,"3069_7","drought","alive",1,"Flowering",1,NA,"4",2,1,1,NA,NA,NA
2017,7,3069,1,"C","4",34,18.5,2,"3.8",2016,"",NA,NA,NA,"3069_7","drought","alive",1,"Flowering",1,NA,"4",2,1,1,1,NA,NA
2018,7,3069,1,"C","4",22,9,2,"2.8",2016,"",NA,NA,NA,"3069_7","drought","alive",1,"Flowering",1,NA,"2",1,1,1,1,NA,NA
2019,7,3069,1,"C","2",16,17,1,"2",2016,"",NA,NA,NA,"3069_7","drought","alive",1,"Flowering",1,NA,NA,NA,NA,NA,1,NA,NA
2020,7,3069,1,"C",NA,NA,NA,NA,NA,2016,"NPNT",NA,NA,NA,"3069_7","drought",NA,NA,NA,NA,NA,NA,NA,NA,1,1,NA,NA
2021,7,3069,1,"C",NA,NA,NA,NA,NA,2016,"NPNT",NA,NA,NA,"3069_7","drought",NA,1,NA,NA,NA,"1",0,0,1,NA,NA,NA
2022,7,3069,1,"C","1",NA,26.5,0,NA,2016,"",NA,NA,NA,"3069_7","drought","alive",1,"Vegetative",0,NA,"2",1,1,1,NA,NA,NA
2023,7,3069,1,"C","2",27,22,1,NA,2016,"umbel dead",NA,NA,NA,"3069_7","drought","alive",1,"Flowering",1,NA,"2",1,1,1,0,0,0
2024,7,3069,1,"C","2",37.5,24,1,"3.5",NA,"",NA,NA,NA,"3069_7","drought","alive",1,"Flowering",1,NA,"0",NA,NA,0,1,0,0
2025,7,3069,1,"C","0",NA,NA,NA,NA,NA,"NP",NA,NA,NA,"3069_7","drought","dead",0,"Dead",NA,NA,NA,NA,NA,NA,1,NA,NA
2016,6,3070,4,"G","10",29.5,9.5,2,"8.1",2016,"Dead leaves",NA,NA,NA,"3070_6","irrigated","alive",1,"Flowering",1,NA,"7",3,1,1,NA,NA,NA
2017,6,3070,4,"G","7",30,13,3,"5",2016,"",NA,NA,NA,"3070_6","irrigated","alive",1,"Flowering",1,NA,"5",2,1,1,1,NA,NA
2018,6,3070,4,"G","5",19.5,17.5,2,"3.8",2016,"",NA,NA,NA,"3070_6","irrigated","alive",1,"Flowering",1,NA,"4",2,1,1,1,NA,NA
2019,6,3070,4,"G","4",34,16,2,"3.5",2016,"",NA,NA,NA,"3070_6","irrigated","alive",1,"Flowering",1,NA,"4",1,1,1,1,NA,NA
2020,6,3070,4,"G","4",48.3,15.4,1,"6.1",2016,"",NA,NA,NA,"3070_6","irrigated","alive",1,"Flowering",1,NA,"5",3,1,1,1,NA,NA
2021,6,3070,4,"G","5",34,17,3,"6",2016,"",NA,NA,NA,"3070_6","irrigated","alive",1,"Flowering",1,NA,"6",3,1,1,1,104,1
2022,6,3070,4,"G","6",64,22,3,"14.5",2016,"",NA,NA,NA,"3070_6","irrigated","alive",1,"Flowering",1,NA,"7",4,1,1,1,0,0
2023,6,3070,4,"G","7",52,19.5,4,"19",2016,"1 umbel dead",NA,NA,NA,"3070_6","irrigated","alive",1,"Flowering",1,NA,"4",3,1,1,1,26,1
2024,6,3070,4,"G","4",54,27,3,"16",NA,"",NA,NA,NA,"3070_6","irrigated","alive",1,"Flowering",1,NA,"1",1,1,1,1,198,1
2025,6,3070,4,"G","1",21.5,10,1,NA,NA,"umbel dead",NA,NA,NA,"3070_6","irrigated","alive",1,"Flowering",1,NA,"3",1,1,1,1,NA,NA
2026,6,3070,4,"G","3",NA,20,1,NA,NA,"",NA,NA,NA,"3070_6","irrigated","alive",1,"Flowering",1,NA,NA,NA,NA,NA,1,0,0
2017,3,3071,0,"A","2",10,17,0,NA,2017,"",NA,NA,NA,"3071_3","control","alive",1,"Vegetative",0,NA,"0",NA,NA,0,NA,NA,NA
2018,3,3071,0,"A","0",NA,NA,NA,NA,2017,"no plant",NA,NA,NA,"3071_3","control","dead",0,"Dead",NA,NA,NA,NA,NA,NA,0,NA,NA
2022,5,3073,17,"G","2",NA,12.5,0,NA,2022,"",NA,NA,NA,"3073_5","drought","alive",1,"Vegetative",0,NA,"3",2,1,1,NA,NA,NA
2023,5,3073,17,"G","3",29,11,2,"10",2022,"",NA,NA,NA,"3073_5","drought","alive",1,"Flowering",1,NA,"1",0,0,1,0,NA,NA
2024,5,3073,17,"G","1",NA,11.5,0,NA,2022,"plant behind tag/pin",NA,NA,NA,"3073_5","drought","alive",1,"Vegetative",0,NA,"2",0,0,1,1,NA,NA
2025,5,3073,17,"G","2",NA,9,0,NA,2022,"",NA,NA,NA,"3073_5","drought","alive",1,"Vegetative",0,NA,"1",0,0,1,0,NA,NA
2026,5,3073,17,"G","1",NA,12,0,NA,2022,"",NA,NA,NA,"3073_5","drought","alive",1,"Vegetative",0,NA,NA,NA,NA,NA,0,NA,NA
2016,5,3073,17,"G","3",12,3.1,1,"2.1",2016,"",NA,NA,NA,"3073_5_senior","drought","alive",1,"Flowering",1,NA,"4",2,1,1,NA,NA,NA
2017,5,3073,17,"G","4",17,8.5,2,"3",2016,"",NA,NA,NA,"3073_5_senior","drought","alive",1,"Flowering",1,NA,"2",0,0,1,1,NA,NA
2018,5,3073,17,"G","2",10,10,0,NA,2016,"",NA,NA,NA,"3073_5_senior","drought","alive",1,"Vegetative",0,NA,"0",NA,NA,0,1,NA,NA
2019,5,3073,17,"G","0",NA,NA,NA,NA,2016,"no plant",NA,NA,NA,"3073_5_senior","drought","dead",0,"Dead",NA,NA,NA,NA,NA,NA,0,NA,NA
2017,5,3074,11,"C","2",15,10,1,"1.5",2017,"",NA,NA,NA,"3074_5","drought","alive",1,"Flowering",1,NA,"1",0,0,1,NA,NA,NA
2018,5,3074,11,"C","1",13,13,0,NA,2017,"",NA,NA,NA,"3074_5","drought","alive",1,"Vegetative",0,NA,"1",0,0,1,1,NA,NA
2019,5,3074,11,"C","1",NA,13,0,NA,2017,"",NA,NA,NA,"3074_5","drought","alive",1,"Vegetative",0,NA,NA,NA,NA,1,0,NA,NA
2020,5,3074,11,"C",NA,NA,NA,NA,NA,2017,"NS",NA,NA,NA,"3074_5","drought",NA,1,NA,NA,NA,"0",NA,NA,1,0,NA,NA
2021,5,3074,11,"C","0",NA,NA,NA,NA,2017,"NP",NA,NA,NA,"3074_5","drought","dormant",1,"Dormant",NA,NA,"4",3,1,1,NA,NA,NA
2022,5,3074,11,"C","4",28,17,3,"9",2017,"",NA,NA,NA,"3074_5","drought","alive",1,"Flowering",1,NA,"5",3,1,1,NA,0,0
2023,5,3074,11,"C","5",30,19,3,"10",2017,"",NA,NA,NA,"3074_5","drought","alive",1,"Flowering",1,NA,"3",2,1,1,1,NA,NA
2024,5,3074,11,"C","3",27,13,2,"3.5",NA,"",NA,NA,NA,"3074_5","drought","alive",1,"Flowering",1,NA,"2",1,1,1,1,0,0
2025,5,3074,11,"C","2",16,11,1,NA,NA,"dead umbel",NA,NA,NA,"3074_5","drought","alive",1,"Flowering",1,NA,"2",1,1,1,1,NA,NA
2026,5,3074,11,"C","2",18,17,1,"1",NA,"",NA,NA,NA,"3074_5","drought","alive",1,"Flowering",1,NA,NA,NA,NA,NA,1,0,0
2016,4,3075,1,"I","3",11.9,6,NA,NA,2016,"",NA,NA,NA,"3075_4","irrigated","alive",1,NA,NA,NA,"3",0,0,1,NA,NA,NA
2017,4,3075,1,"I","3",14,14,0,NA,2016,"",NA,NA,NA,"3075_4","irrigated","alive",1,"Vegetative",0,NA,"3",0,0,1,NA,NA,NA
2018,4,3075,1,"I","3",13,13,0,NA,2016,"",NA,NA,NA,"3075_4","irrigated","alive",1,"Vegetative",0,NA,"1",0,0,1,0,NA,NA
2019,4,3075,1,"I","1",NA,11,0,NA,2016,"",NA,NA,NA,"3075_4","irrigated","alive",1,"Vegetative",0,NA,NA,NA,NA,NA,0,NA,NA
2020,4,3075,1,"I",NA,NA,NA,NA,NA,2016,"NPNT",NA,NA,NA,"3075_4","irrigated",NA,NA,NA,NA,NA,NA,NA,NA,1,0,NA,NA
2021,4,3075,1,"I",NA,NA,NA,NA,NA,2016,"NPNT",NA,NA,NA,"3075_4","irrigated",NA,1,NA,NA,NA,"2",0,0,1,NA,NA,NA
2022,4,3075,1,"I","2",NA,18,0,NA,2016,"under hose",NA,NA,NA,"3075_4","irrigated","alive",1,"Vegetative",0,NA,"1",0,0,1,NA,NA,NA
2023,4,3075,1,"I","1",NA,25,0,NA,2016,"under hose",NA,NA,NA,"3075_4","irrigated","alive",1,"Vegetative",0,NA,"0",NA,NA,0,0,NA,NA
2024,4,3075,1,"I","0",NA,NA,NA,NA,NA,"NP",NA,NA,NA,"3075_4","irrigated","dead",0,"Dead",NA,NA,NA,NA,NA,NA,0,NA,NA
2016,15,3076,13,"I","4",30.5,13,1,"6",2016,"",NA,NA,NA,"3076_15","drought","alive",1,"Flowering",1,NA,"3",2,1,1,NA,NA,NA
2017,15,3076,13,"H","3",17.5,14.5,2,"3.5",2016,"",NA,NA,NA,"3076_15","drought","alive",1,"Flowering",1,NA,"3",1,1,1,1,NA,NA
2018,15,3076,13,"H","3",16,13,1,"1.2",2016,"tag says '3076'",NA,NA,NA,"3076_15","drought","alive",1,"Flowering",1,NA,"1",0,0,1,1,NA,NA
2019,15,3076,13,"H","1",NA,16,0,NA,2016,"tag says '3076'",NA,NA,NA,"3076_15","drought","alive",1,"Vegetative",0,NA,NA,NA,NA,1,1,NA,NA
2020,15,3076,13,"H",NA,NA,NA,NA,NA,2016,"tag says '3076'; NS",NA,NA,NA,"3076_15","drought",NA,1,NA,NA,NA,"2",1,1,1,0,NA,NA
2021,15,3076,13,"H","2",21,10,1,"3.5",2016,"",NA,NA,NA,"3076_15","drought","alive",1,"Flowering",1,NA,"4",2,1,1,NA,0,0
2022,15,3076,13,"H","4",42,20,2,"9.5",2016,"Tag says 3076",NA,NA,NA,"3076_15","drought","alive",1,"Flowering",1,NA,"2",2,1,1,1,152,1
2023,15,3076,13,"H","2",44,22.5,2,"12",2016,"tag says 3076",NA,1,NA,"3076_15","drought","alive",1,"Flowering",1,NA,"1",1,1,1,1,98,1
2024,15,3076,13,"H","1",33.5,18.5,1,"3.5",NA,"tag is 3076 not 3706",NA,NA,NA,"3076_15","drought","alive",1,"Flowering",1,NA,"1",0,0,1,1,14,1
2025,15,3076,13,"H","1",NA,14,0,NA,NA,"tag is 3076 not 3706",NA,1,NA,"3076_15","drought","alive",1,"Vegetative",0,NA,"0",NA,NA,NA,1,NA,NA
2026,15,3076,13,"H","0",NA,NA,NA,NA,NA,"NP. Tag is 3076",NA,1,NA,"3076_15","drought",NA,NA,NA,NA,NA,NA,NA,NA,NA,0,NA,NA
2016,13,3079,9,"B","4",16,5.1,2,"1.7",2016,"Leaves gone",NA,NA,NA,"3079_13","control","alive",1,"Flowering",1,NA,"13",4,1,1,NA,NA,NA
2017,13,3079,9,"B","13",15.5,10.5,4,"4.5",2016,"",NA,NA,NA,"3079_13","control","alive",1,"Flowering",1,NA,"2",0,0,1,1,NA,NA
2018,13,3079,9,"B","2",5,5,0,NA,2016,"",NA,NA,NA,"3079_13","control","alive",1,"Vegetative",0,NA,"4",1,1,1,1,NA,NA
2019,13,3079,9,"B","4",27.5,13.5,1,"3.5",2016,"",NA,NA,NA,"3079_13","control","alive",1,"Flowering",1,NA,NA,NA,NA,NA,0,NA,NA
2020,13,3079,9,"B",NA,NA,NA,NA,NA,2016,"npnt",NA,NA,NA,"3079_13","control",NA,NA,NA,NA,NA,NA,NA,NA,0,1,NA,NA
2021,13,3079,9,"B",NA,NA,NA,NA,NA,2016,"NPNT",NA,NA,NA,"3079_13","control","dead",0,"Dead",NA,NA,NA,NA,NA,NA,NA,NA,NA
2021,3,3081,1,"B","3",NA,24,0,NA,2021,"",NA,NA,NA,"3081_3","control","alive",1,"Vegetative",0,NA,"4",1,1,1,NA,NA,NA
2022,3,3081,1,"B","4",39,22,1,"4.5",2021,"",NA,NA,NA,"3081_3","control","alive",1,"Flowering",1,NA,"2",1,1,1,0,58,1
2023,3,3081,1,"B","2",38,20.5,1,"4.5",2021,"",NA,NA,NA,"3081_3","control","alive",1,"Flowering",1,NA,"1",0,0,1,1,0,0
2024,3,3081,1,"B","1",NA,26,0,NA,NA,"",NA,NA,NA,"3081_3","control","alive",1,"Vegetative",0,NA,"1",0,0,1,1,NA,NA
2025,3,3081,1,"B","1",NA,32,0,NA,NA,"",NA,NA,NA,"3081_3","control","alive",1,"Vegetative",0,NA,"4",1,1,1,0,NA,NA
2026,3,3081,1,"B","4",29,25,1,"3.5",NA,"",NA,NA,NA,"3081_3","control","alive",1,"Flowering",1,NA,NA,NA,NA,NA,0,0,0
2016,15,3083,7,"I","6",35,10,1,"4.8",2016,"",NA,NA,NA,"3083_15","drought","alive",1,"Flowering",1,NA,"5",2,1,1,NA,NA,NA
2017,15,3083,7,"I","5",21,12,2,"3.5",2016,"",NA,NA,NA,"3083_15","drought","alive",1,"Flowering",1,NA,"4",1,1,1,1,NA,NA
2018,15,3083,7,"I","4",17.5,11.5,1,"3.3",2016,"",NA,NA,NA,"3083_15","drought","alive",1,"Flowering",1,NA,"1",1,1,1,1,NA,NA
2019,15,3083,7,"I","1",11,17,1,"1.5",2016,"",NA,NA,NA,"3083_15","drought","alive",1,"Flowering",1,NA,"3",0,0,1,1,NA,NA
2020,15,3083,7,"I","3",NA,11.6,0,NA,2016,"",NA,NA,NA,"3083_15","drought","alive",1,"Vegetative",0,NA,"5",1,1,1,1,NA,NA
2021,15,3083,7,"I","5",20,11.5,1,"3.5",2016,"",NA,NA,NA,"3083_15","drought","alive",1,"Flowering",1,NA,"7",3,1,1,0,0,0
2022,15,3083,7,"I","7",33,17.5,3,"11.5",2016,"",NA,NA,NA,"3083_15","drought","alive",1,"Flowering",1,NA,"4",1,1,1,1,252,1
2023,15,3083,7,"I","4",33,15,1,"3",2016,"1 stalk eaten off",NA,NA,NA,"3083_15","drought","alive",1,"Flowering",1,NA,"4",0,0,1,1,NA,NA
2024,15,3083,7,"I","4",NA,20.5,0,NA,NA,"",NA,NA,NA,"3083_15","drought","alive",1,"Vegetative",0,NA,"0",NA,NA,0,1,NA,NA
2025,15,3083,7,"I","0",NA,NA,NA,NA,NA,"NP",NA,NA,NA,"3083_15","drought","dead",0,"Dead",NA,NA,NA,NA,NA,NA,0,NA,NA
2021,14,3084,12,"A","1",NA,16,0,NA,2021,"tag in 4A",NA,NA,NA,"3084_14","drought","alive",1,"Vegetative",0,NA,"0",NA,NA,1,NA,NA,NA
2022,14,3084,12,"A","0",NA,NA,NA,NA,2021,"NP",NA,NA,NA,"3084_14","drought","dormant",1,"Dormant",NA,NA,"1",0,0,1,0,NA,NA
2023,14,3084,12,"A","1",NA,22.5,0,NA,2021,"",NA,NA,NA,"3084_14","drought","alive",1,"Vegetative",0,NA,"0",NA,NA,0,NA,NA,NA
2024,14,3084,12,"A","0",NA,NA,NA,NA,2021,"xcoord is 14 not 12; NP",NA,NA,NA,"3084_14","drought","dead",0,"Dead",NA,NA,NA,NA,NA,NA,0,NA,NA
2016,14,3084,12,"A","3",15.5,7.8,0,NA,2016,"",NA,NA,NA,"3084_14_senior","drought","alive",1,"Vegetative",0,NA,"1",0,0,1,NA,NA,NA
2017,14,3084,12,"A","1",22.5,11.5,0,NA,2016,"",NA,NA,NA,"3084_14_senior","drought","alive",1,"Vegetative",0,NA,"1",0,0,1,0,NA,NA
2018,14,3084,12,"A","1",3,3,0,NA,2016,"",NA,NA,NA,"3084_14_senior","drought","alive",1,"Vegetative",0,NA,"0",NA,NA,0,0,NA,NA
2019,14,3084,12,"A","0",NA,NA,NA,NA,2016,"no plant",NA,NA,NA,"3084_14_senior","drought","dead",0,"Dead",NA,NA,NA,NA,NA,NA,0,NA,NA
2016,14,3085,5,"B","6",16.5,6.1,0,NA,2016,"",NA,NA,NA,"3085_14","drought","alive",1,"Vegetative",0,NA,NA,NA,NA,1,NA,NA,NA
2017,14,3085,5,"B",NA,NA,NA,NA,NA,2016,"NP/NT OR No plant/dead?",NA,NA,NA,"3085_14","drought",NA,1,NA,NA,NA,"1",0,0,1,0,NA,NA
2018,14,3085,5,"B","1",9.5,9.5,0,NA,2016,"",NA,NA,NA,"3085_14","drought","alive",1,"Vegetative",0,NA,"2",1,1,1,NA,NA,NA
2019,14,3085,5,"B","2",12.5,16,1,"1.25",2016,"",NA,NA,NA,"3085_14","drought","alive",1,"Flowering",1,NA,"1",0,0,1,0,NA,NA
2020,14,3085,5,"B","1",NA,8.7,0,NA,2016,"",NA,NA,NA,"3085_14","drought","alive",1,"Vegetative",0,NA,NA,NA,NA,0,1,NA,NA
2021,14,3085,5,"B",NA,NA,NA,NA,NA,2016,"NPNT",NA,NA,NA,"3085_14","drought","dead",0,"Dead",NA,NA,NA,NA,NA,NA,0,NA,NA
2018,14,3086,9,"C","3",17,17,0,NA,2018,"",NA,NA,NA,"3086_14","drought","alive",1,"Vegetative",0,NA,"2",1,1,1,NA,NA,NA
2019,14,3086,9,"C","2",21.5,11.5,1,"2",2018,"",NA,NA,NA,"3086_14","drought","alive",1,"Flowering",1,NA,NA,NA,NA,NA,0,NA,NA
2020,14,3086,9,"C",NA,NA,NA,NA,NA,2018,"npnt",NA,NA,NA,"3086_14","drought",NA,NA,NA,NA,NA,NA,NA,NA,1,1,NA,NA
2021,14,3086,9,"C",NA,NA,NA,NA,NA,2018,"NPNT",NA,NA,NA,"3086_14","drought",NA,1,NA,NA,NA,"3",2,1,1,NA,NA,NA
2022,14,3086,9,"C","3",45,23,2,"2",2018,"1 umbel eaten",NA,NA,NA,"3086_14","drought","alive",1,"Flowering",1,NA,"4",2,1,1,NA,64,1
2023,14,3086,9,"C","4",42,22.5,2,"9.5",2018,"",NA,NA,NA,"3086_14","drought","alive",1,"Flowering",1,NA,"2",1,1,1,1,NA,NA
2024,14,3086,9,"C","2",30,11,1,"2",NA,"",NA,NA,NA,"3086_14","drought","alive",1,"Flowering",1,NA,"2",1,1,1,1,0,0
2025,14,3086,9,"C","2",22,12.5,1,"3",NA,"closer to 11C",NA,NA,NA,"3086_14","drought","alive",1,"Flowering",1,NA,"2",0,0,1,1,0,0
2026,14,3086,9,"C","2",NA,22,0,NA,NA,"",NA,NA,NA,"3086_14","drought","alive",1,"Vegetative",0,NA,NA,NA,NA,NA,1,NA,NA
2016,13,3088,9,"B","11",27,6,2,"7.3",2016,"",NA,NA,NA,"3088_13","control","alive",1,"Flowering",1,NA,"7",2,1,1,NA,NA,NA
2017,13,3088,9,"B","7",16,10,2,"3",2016,"",NA,NA,NA,"3088_13","control","alive",1,"Flowering",1,NA,"4",1,1,1,1,NA,NA
2018,13,3088,9,"B","4",13,9.5,1,"4.5",2016,"",NA,NA,NA,"3088_13","control","alive",1,"Flowering",1,NA,"3",1,1,1,1,NA,NA
2019,13,3088,9,"B","3",23.5,11.5,1,"6",2016,"",NA,NA,NA,"3088_13","control","alive",1,"Flowering",1,NA,"2",0,0,1,1,NA,NA
2020,13,3088,9,"B","2",NA,8.8,0,NA,2016,"",NA,NA,NA,"3088_13","control","alive",1,"Vegetative",0,NA,"4",0,0,1,1,NA,NA
2021,13,3088,9,"B","4",NA,16,0,NA,2016,"",NA,NA,NA,"3088_13","control","alive",1,"Vegetative",0,NA,"6",5,1,1,0,NA,NA
2022,13,3088,9,"B","6",32,12,5,"20",2016,"",NA,NA,NA,"3088_13","control","alive",1,"Flowering",1,NA,"5",3,1,1,0,182,1
2023,13,3088,9,"B","5",28,8.5,3,"11",2016,"",NA,NA,NA,"3088_13","control","alive",1,"Flowering",1,NA,"6",4,1,1,1,44,1
2024,13,3088,9,"B","6",2.5,10.5,4,"11",NA,"",NA,NA,NA,"3088_13","control","alive",1,"Flowering",1,NA,"2",0,0,1,1,44,1
2025,13,3088,9,"B","2",NA,14,0,NA,NA,"",NA,NA,NA,"3088_13","control","alive",1,"Vegetative",0,NA,"4",1,1,1,1,NA,NA
2026,13,3088,9,"B","4",23.5,19,1,"4.5",NA,"",NA,NA,NA,"3088_13","control","alive",1,"Flowering",1,NA,NA,NA,NA,NA,0,8,1
2017,7,3089,5,"I","2",33,17,2,"3",2017,"",NA,NA,NA,"3089_7","drought","alive",1,"Flowering",1,NA,"3",2,1,1,NA,NA,NA
2018,7,3089,5,"I","3",25.5,15,2,"2.8",2017,"",NA,NA,NA,"3089_7","drought","alive",1,"Flowering",1,NA,"4",3,1,1,1,NA,NA
2019,7,3089,5,"I","4",33,12,3,"3.5",2017,"",NA,NA,NA,"3089_7","drought","alive",1,"Flowering",1,NA,"1",1,1,1,1,NA,NA
2020,7,3089,5,"I","1",24.1,11.5,1,"3.1",2017,"",NA,NA,NA,"3089_7","drought","alive",1,"Flowering",1,NA,"4",1,1,1,1,NA,NA
2021,7,3089,5,"I","4",19.5,15.5,1,"2.5",2017,"",NA,NA,NA,"3089_7","drought","alive",1,"Flowering",1,NA,"2",2,1,1,1,0,0
2022,7,3089,5,"I","2",42.5,14,2,"9.5",2017,"",NA,NA,NA,"3089_7","drought","alive",1,"Flowering",1,NA,"2",2,1,1,1,92,1
2023,7,3089,5,"I","2",31.5,18,2,"6",2017,"",NA,NA,NA,"3089_7","drought","alive",1,"Flowering",1,NA,"2",1,1,1,1,0,0
2024,7,3089,5,"I","2",32,23.5,1,"2.5",NA,"",NA,NA,NA,"3089_7","drought","alive",1,"Flowering",1,NA,"2",0,0,1,1,0,0
2025,7,3089,5,"I","2",NA,18,0,NA,NA,"",NA,NA,NA,"3089_7","drought","alive",1,"Vegetative",0,NA,"0",NA,NA,NA,1,NA,NA
2026,7,3089,5,"I","0",NA,NA,NA,NA,NA,"NP",NA,NA,NA,"3089_7","drought",NA,NA,NA,NA,NA,NA,NA,NA,NA,0,NA,NA
2016,4,3090,18,"P","10",32.4,8.5,1,"5.5",2016,"Diversity plot, 2 stems",NA,NA,NA,"3090_4","irrigated","alive",1,"Flowering",1,NA,"3",0,0,1,NA,NA,NA
2017,4,3090,18,"P","3",16,16,0,NA,2016,"Diversity Plot",NA,NA,NA,"3090_4","irrigated","alive",1,"Vegetative",0,NA,"0",NA,NA,1,1,NA,NA
2018,4,3090,18,"P","0",NA,NA,NA,NA,2016,"no plant no tag",NA,NA,NA,"3090_4","irrigated","dormant",1,"Dormant",NA,NA,"7",1,1,1,0,NA,NA
2019,4,3090,18,"P","7",31,19,1,"4",2016,"Diversity plot, found tag but plant not very close to tag?",NA,NA,NA,"3090_4","irrigated","alive",1,"Flowering",1,NA,"0",NA,NA,1,NA,NA,NA
2020,4,3090,18,"P","0",NA,NA,NA,NA,2016,"no plant",NA,NA,NA,"3090_4","irrigated","dormant",1,"Dormant",NA,NA,"9",2,1,1,1,NA,NA
2021,4,3090,18,"P","9",37,19,2,"6",2016,"",NA,NA,NA,"3090_4","irrigated","alive",1,"Flowering",1,NA,"1",0,0,1,NA,54,1
2022,4,3090,18,"P","1",NA,17.5,0,NA,2016,"",NA,NA,NA,"3090_4","irrigated","alive",1,"Vegetative",0,NA,NA,NA,NA,0,1,NA,NA
2023,4,3090,18,"P",NA,NA,NA,NA,NA,2016,"NPNT. Giant mouse hole. = 18F.",NA,NA,NA,"3090_4","irrigated","dead",0,"Dead",NA,NA,NA,NA,NA,NA,0,NA,NA
2017,5,3093,14,"A","2",23,13,1,"5",2017," Tagged last year but no data",NA,NA,NA,"3093_5","drought","alive",1,"Flowering",1,NA,"3",1,1,1,NA,NA,NA
2018,5,3093,14,"A","3",17,15,1,"2.8",2017,"",NA,NA,NA,"3093_5","drought","alive",1,"Flowering",1,NA,"3",1,1,1,1,NA,NA
2019,5,3093,14,"A","3",11.5,14.5,1,"2.5",2017,"",NA,NA,NA,"3093_5","drought","alive",1,"Flowering",1,NA,NA,NA,NA,1,1,NA,NA
2020,5,3093,14,"A",NA,NA,NA,NA,NA,2017,"NS",NA,NA,NA,"3093_5","drought",NA,1,NA,NA,NA,"3",1,1,1,1,NA,NA
2021,5,3093,14,"A","3",21.5,15.5,1,"3.5",2017,"",NA,NA,NA,"3093_5","drought","alive",1,"Flowering",1,NA,"3",1,1,1,NA,6,1
2022,5,3093,14,"A","3",28,20,1,"4",2017,"",NA,NA,NA,"3093_5","drought","alive",1,"Flowering",1,NA,"2",2,1,1,1,94,1
2023,5,3093,14,"A","2",42,21.5,2,"14.5",2017,"",NA,NA,NA,"3093_5","drought","alive",1,"Flowering",1,NA,"4",2,1,1,1,NA,NA
2024,5,3093,14,"A","4",32,16.5,2,"8.5",NA,"",NA,NA,NA,"3093_5","drought","alive",1,"Flowering",1,NA,"6",2,1,1,1,16,1
2025,5,3093,14,"A","6",21,16,2,"3",NA,"",NA,NA,NA,"3093_5","drought","alive",1,"Flowering",1,NA,"2",1,1,1,1,NA,NA
2026,5,3093,14,"A","2",21,14,1,"3",NA,"",NA,NA,NA,"3093_5","drought","alive",1,"Flowering",1,NA,NA,NA,NA,NA,1,0,0
2016,15,3094,14,"D","2",12,4.2,1,"1.5",2016,"",NA,NA,NA,"3094_15","drought","alive",1,"Flowering",1,NA,"4",0,0,1,NA,NA,NA
2017,15,3094,14,"D","4",16,16,0,NA,2016,"",NA,NA,NA,"3094_15","drought","alive",1,"Vegetative",0,NA,NA,NA,NA,0,1,NA,NA
2018,15,3094,14,"D",NA,NA,NA,NA,NA,2016,"no plant no tag",NA,NA,NA,"3094_15","drought","dead",0,"Dead",NA,NA,NA,NA,NA,NA,0,NA,NA
2017,15,3095,6,"J","5",33,17,2,"4",2017,"",NA,NA,NA,"3095_15","drought","alive",1,"Flowering",1,NA,"8",4,1,1,NA,NA,NA
2018,15,3095,6,"J","8",16.5,22,4,"2.7",2017,"",NA,NA,NA,"3095_15","drought","alive",1,"Flowering",1,NA,"3",1,1,1,1,NA,NA
2019,15,3095,6,"J","3",16.5,18,1,"1.5",2017,"",NA,NA,NA,"3095_15","drought","alive",1,"Flowering",1,NA,"5",1,1,1,1,NA,NA
2020,15,3095,6,"J","5",30,16,1,"2.7",2017,"",NA,NA,NA,"3095_15","drought","alive",1,"Flowering",1,NA,"4",2,1,1,1,NA,NA
2021,15,3095,6,"J","4",23,17.5,2,"4",2017,"",NA,NA,NA,"3095_15","drought","alive",1,"Flowering",1,NA,"5",2,1,1,1,0,0
2022,15,3095,6,"J","5",42,20,2,"6",2017,"",NA,NA,NA,"3095_15","drought","alive",1,"Flowering",1,NA,"8",5,1,1,1,32,1
2023,15,3095,6,"J","8",55,12,5,"17",2017,"1 umbel dead",NA,NA,NA,"3095_15","drought","alive",1,"Flowering",1,NA,"6",4,1,1,1,NA,NA
2024,15,3095,6,"J","6",46,18,4,"9.5",NA,"",NA,NA,NA,"3095_15","drought","alive",1,"Flowering",1,NA,"0",NA,NA,0,1,32,1
2025,15,3095,6,"J","0",NA,NA,NA,NA,NA,"NP vole ",NA,NA,NA,"3095_15","drought","dead",0,"Dead",NA,NA,NA,NA,NA,NA,1,NA,NA
2016,5,3095,14,"B","8",28,7,1,"3.9",2016,"",NA,NA,NA,"3095_5","drought","alive",1,"Flowering",1,NA,NA,NA,NA,NA,NA,NA,NA
2017,5,3095,14,"B",NA,NA,NA,NA,NA,2016,"NP/NT",NA,NA,NA,"3095_5","drought",NA,NA,NA,NA,NA,NA,NA,NA,0,1,NA,NA
2018,5,3095,14,"B",NA,NA,NA,NA,NA,2016,"no plant no tag",NA,NA,NA,"3095_5","drought","dead",0,"Dead",NA,NA,NA,NA,NA,NA,NA,NA,NA
2021,13,3096,0,"H","1",NA,18,0,NA,2021,"",NA,NA,NA,"3096_13","control","alive",1,"Vegetative",0,NA,"0",NA,NA,1,NA,NA,NA
2022,13,3096,0,"H","0",NA,NA,NA,NA,2021,"NP",NA,NA,NA,"3096_13","control","dormant",1,"Dormant",NA,NA,"2",1,1,1,0,NA,NA
2023,13,3096,0,"H","2",37.5,25,1,"3",2021,"",NA,NA,NA,"3096_13","control","alive",1,"Flowering",1,NA,"2",1,1,1,NA,NA,NA
2024,13,3096,0,"H","2",37,23,1,"4",NA,"missed in phen because outside plot",NA,NA,NA,"3096_13","control","alive",1,"Flowering",1,NA,"0",NA,NA,0,1,0,0
2025,13,3096,0,"H","0",NA,NA,NA,NA,NA,"NP, outside plot",NA,NA,NA,"3096_13","control","dead",0,"Dead",NA,NA,NA,NA,NA,NA,1,NA,NA
2017,7,3100,9,"B","2",29,19,1,"4.5",2017,"",NA,NA,NA,"3100_7","drought","alive",1,"Flowering",1,NA,"3",1,1,1,NA,NA,NA
2018,7,3100,9,"B","3",22,19,1,"5.2",2017,"",NA,NA,NA,"3100_7","drought","alive",1,"Flowering",1,NA,"3",3,1,1,1,NA,NA
2019,7,3100,9,"B","3",24.5,13.5,3,"4",2017,"",NA,NA,NA,"3100_7","drought","alive",1,"Flowering",1,NA,"1",1,1,1,1,NA,NA
2020,7,3100,9,"B","1",12.5,10.6,1,"4",2017,"",NA,NA,NA,"3100_7","drought","alive",1,"Flowering",1,NA,"2",0,0,1,1,NA,NA
2021,7,3100,9,"B","2",NA,14,0,NA,2017,"",NA,NA,NA,"3100_7","drought","alive",1,"Vegetative",0,NA,"2",1,1,1,1,NA,NA
2022,7,3100,9,"B","2",37,20,1,"6",2017,"",NA,NA,NA,"3100_7","drought","alive",1,"Flowering",1,NA,"2",1,1,1,0,2,1
2023,7,3100,9,"B","2",43,28,1,"5.5",2017,"",NA,NA,NA,"3100_7","drought","alive",1,"Flowering",1,NA,"4",2,1,1,1,2,1
2024,7,3100,9,"B","4",43,31.5,2,"10",NA,"",NA,NA,NA,"3100_7","drought","alive",1,"Flowering",1,NA,"3",1,1,1,1,0,0
2025,7,3100,9,"B","3",25,27,1,"4.5",NA,"",NA,NA,NA,"3100_7","drought","alive",1,"Flowering",1,NA,NA,NA,NA,NA,1,NA,NA
2026,7,3100,9,"B",NA,NA,NA,NA,NA,NA,"NPNT big hole",NA,NA,NA,"3100_7","drought",NA,NA,NA,NA,NA,NA,NA,NA,NA,1,NA,NA
2019,14,3101,19,"D","1",NA,18.5,0,NA,2019,"",NA,NA,NA,"3101_14","drought","alive",1,"Vegetative",0,NA,"2",1,1,1,NA,NA,NA
2020,14,3101,19,"D","2",11,15.5,1,"2.5",2019,"",NA,NA,NA,"3101_14","drought","alive",1,"Flowering",1,NA,"2",0,0,1,0,NA,NA
2021,14,3101,19,"D","2",NA,17.5,0,NA,2019,"",NA,NA,NA,"3101_14","drought","alive",1,"Vegetative",0,NA,"2",1,1,1,1,NA,NA
2022,14,3101,19,"D","2",36,20,1,"7.5",2019,"",NA,NA,NA,"3101_14","drought","alive",1,"Flowering",1,NA,"1",0,0,1,0,16,1
2023,14,3101,19,"D","1",NA,15.5,0,NA,2019,"",NA,NA,NA,"3101_14","drought","alive",1,"Vegetative",0,NA,"1",0,0,1,1,NA,NA
2024,14,3101,19,"D","1",NA,19.5,0,NA,NA,"",NA,NA,NA,"3101_14","drought","alive",1,"Vegetative",0,NA,"1",0,0,1,0,NA,NA
2025,14,3101,19,"D","1",NA,17,0,NA,NA,"outside plot",NA,NA,NA,"3101_14","drought","alive",1,"Vegetative",0,NA,"2",0,0,1,0,NA,NA
2026,14,3101,19,"D","2",NA,17,0,NA,NA,"",NA,NA,NA,"3101_14","drought","alive",1,"Vegetative",0,NA,NA,NA,NA,NA,0,NA,NA
2017,4,3103,11,"O","1",9,9,0,NA,2017,"Diversity plot",NA,NA,NA,"3103_4","irrigated","alive",1,"Vegetative",0,NA,"1",0,0,1,NA,NA,NA
2018,4,3103,11,"O","1",9,9,0,NA,2017,"",NA,NA,NA,"3103_4","irrigated","alive",1,"Vegetative",0,NA,"0",NA,NA,1,0,NA,NA
2019,4,3103,11,"O","0",NA,NA,NA,NA,2017,"Diversity plot, no plant",NA,NA,NA,"3103_4","irrigated","dormant",1,"Dormant",NA,NA,"2",0,0,1,0,NA,NA
2020,4,3103,11,"O","2",NA,11.5,0,NA,2017,"diversity plot",NA,NA,NA,"3103_4","irrigated","alive",1,"Vegetative",0,NA,"1",0,0,1,NA,NA,NA
2021,4,3103,11,"O","1",NA,10,0,NA,2017,"",NA,NA,NA,"3103_4","irrigated","alive",1,"Vegetative",0,NA,"1",0,0,1,0,NA,NA
2022,4,3103,11,"O","1",NA,24,0,NA,2017,"",NA,NA,NA,"3103_4","irrigated","alive",1,"Vegetative",0,NA,"2",1,1,1,0,NA,NA
2023,4,3103,11,"O","2",52,18,1,"5",2017,"11E",NA,NA,NA,"3103_4","irrigated","alive",1,"Flowering",1,NA,NA,NA,NA,0,0,NA,NA
2024,4,3103,11,"O",NA,NA,NA,NA,NA,NA,"NPNT",NA,NA,NA,"3103_4","irrigated","dead",0,"Dead",NA,NA,NA,NA,NA,NA,1,NA,NA
2018,15,3104,15,"J","1",9.5,9.5,0,NA,2018,"",NA,NA,NA,"3104_15","drought","alive",1,"Vegetative",0,NA,"0",NA,NA,0,NA,NA,NA
2019,15,3104,15,"J","0",NA,NA,NA,NA,2018,"no plant",NA,NA,NA,"3104_15","drought","dead",0,"Dead",NA,NA,NA,NA,NA,NA,0,NA,NA
2016,5,3105,1,"J","4",22.5,8.6,1,"1.5",2016,"",NA,NA,NA,"3105_5","drought","alive",1,"Flowering",1,NA,"7",2,1,1,NA,NA,NA
2017,5,3105,1,"J","7",24.5,11.5,2,"2.2",2016,"",NA,NA,NA,"3105_5","drought","alive",1,"Flowering",1,NA,"4",1,1,1,1,NA,NA
2018,5,3105,1,"J","4",12.5,11.5,1,"1.8",2016,"",NA,NA,NA,"3105_5","drought","alive",1,"Flowering",1,NA,"1",0,0,1,1,NA,NA
2019,5,3105,1,"J","1",NA,8.5,0,NA,2016,"",NA,NA,NA,"3105_5","drought","alive",1,"Vegetative",0,NA,"1",0,0,1,1,NA,NA
2020,5,3105,1,"J","1",NA,10.4,0,NA,2016,"",NA,NA,NA,"3105_5","drought","alive",1,"Vegetative",0,NA,"1",0,0,1,0,NA,NA
2021,5,3105,1,"J","1",NA,12,0,NA,2016,"",NA,NA,NA,"3105_5","drought","alive",1,"Vegetative",0,NA,"4",0,0,1,0,NA,NA
2022,5,3105,1,"J","4",NA,17,0,NA,2016,"",NA,NA,NA,"3105_5","drought","alive",1,"Vegetative",0,NA,"1",0,0,1,0,NA,NA
2023,5,3105,1,"J","1",NA,17,0,NA,2016,"",NA,NA,NA,"3105_5","drought","alive",1,"Vegetative",0,NA,"1",0,0,1,0,NA,NA
2024,5,3105,1,"J","1",NA,17.5,0,NA,NA,"",NA,NA,NA,"3105_5","drought","alive",1,"Vegetative",0,NA,"2",0,0,1,0,NA,NA
2025,5,3105,1,"J","2",NA,16,0,NA,NA,"",NA,NA,NA,"3105_5","drought","alive",1,"Vegetative",0,NA,"0",NA,NA,NA,0,NA,NA
2026,5,3105,1,"J","0",NA,NA,NA,NA,NA,"NP",NA,NA,NA,"3105_5","drought",NA,NA,NA,NA,NA,NA,NA,NA,NA,0,NA,NA
2017,5,3106,17,"E","7",28.5,15,3,"3",2017,"",NA,NA,NA,"3106_5","drought","alive",1,"Flowering",1,NA,"1",0,0,1,NA,NA,NA
2018,5,3106,17,"E","1",14,14,0,NA,2017,"",NA,NA,NA,"3106_5","drought","alive",1,"Vegetative",0,NA,"1",0,0,1,1,NA,NA
2019,5,3106,17,"E","1",NA,7,0,NA,2017,"",NA,NA,NA,"3106_5","drought","alive",1,"Vegetative",0,NA,NA,NA,NA,NA,0,NA,NA
2020,5,3106,17,"E",NA,NA,NA,NA,NA,2017,"NS",NA,NA,NA,"3106_5","drought",NA,NA,NA,NA,NA,NA,NA,NA,0,0,NA,NA
2021,5,3106,17,"E",NA,NA,NA,NA,NA,2017,"NPNT",NA,NA,NA,"3106_5","drought","dead",0,"Dead",NA,NA,NA,NA,NA,NA,NA,NA,NA
2017,14,3107,13,"A","2",16.5,16.5,0,NA,2016,"",NA,NA,NA,"3107_14","drought","alive",1,"Vegetative",0,NA,"1",0,0,1,NA,NA,NA
2018,14,3107,13,"A","1",22,22,0,NA,2016,"",NA,NA,NA,"3107_14","drought","alive",1,"Vegetative",0,NA,"2",1,1,1,0,NA,NA
2019,14,3107,13,"A","2",19.5,13,1,"2",2016,"",NA,NA,NA,"3107_14","drought","alive",1,"Flowering",1,NA,NA,NA,NA,1,0,NA,NA
2020,14,3107,13,"A",NA,NA,NA,NA,NA,2016,"NS",NA,NA,NA,"3107_14","drought",NA,1,NA,NA,NA,"3",0,0,1,1,NA,NA
2021,14,3107,13,"A","3",NA,11,0,NA,2016,"",NA,NA,NA,"3107_14","drought","alive",1,"Vegetative",0,NA,"0",NA,NA,0,NA,NA,NA
2022,14,3107,13,"A","0",NA,NA,NA,NA,2016,"NP",NA,NA,NA,"3107_14","drought","dead",0,"Dead",NA,NA,NA,NA,NA,NA,0,NA,NA
2019,13,3108,12,"G","2",17,12,1,"4",2019,"",NA,NA,NA,"3108_13","control","alive",1,"Flowering",1,NA,NA,NA,NA,1,NA,NA,NA
2020,13,3108,12,"G",NA,NA,NA,NA,NA,2019,"NS",NA,NA,NA,"3108_13","control",NA,1,NA,NA,NA,"4",1,1,1,1,NA,NA
2021,13,3108,12,"G","4",NA,15,1,NA,2019,"",NA,NA,NA,"3108_13","control","alive",1,"Flowering",1,NA,"2",1,1,1,NA,0,0
2022,13,3108,12,"G","2",30,15,1,"6.5",2019,"",NA,NA,NA,"3108_13","control","alive",1,"Flowering",1,NA,"3",2,1,1,1,46,1
2023,13,3108,12,"G","3",25,13,2,"9.5",2019,"",NA,NA,NA,"3108_13","control","alive",1,"Flowering",1,NA,"4",3,1,1,1,NA,NA
2024,13,3108,12,"G","4",25.5,18,3,"6.5",NA,"",NA,NA,NA,"3108_13","control","alive",1,"Flowering",1,NA,"2",1,1,1,1,0,0
2025,13,3108,12,"G","2",28,17,1,"4.5",NA,"",NA,NA,NA,"3108_13","control","alive",1,"Flowering",1,NA,"2",0,0,1,1,NA,NA
2026,13,3108,12,"G","2",NA,15,0,NA,NA,"",NA,NA,NA,"3108_13","control","alive",1,"Vegetative",0,NA,NA,NA,NA,NA,1,NA,NA
2017,5,3108,1,"I","8",27,16,4,"3",2017,"",NA,NA,NA,"3108_5","drought","alive",1,"Flowering",1,NA,"1",1,1,1,NA,NA,NA
2018,5,3108,1,"I","1",11.5,10,1,"1",2017,"",NA,NA,NA,"3108_5","drought","alive",1,"Flowering",1,NA,"1",0,0,1,1,NA,NA
2019,5,3108,1,"I","1",NA,10.5,0,NA,2017,"",NA,NA,NA,"3108_5","drought","alive",1,"Vegetative",0,NA,"2",0,0,1,1,NA,NA
2020,5,3108,1,"I","2",NA,13.7,0,NA,2017,"",NA,NA,NA,"3108_5","drought","alive",1,"Vegetative",0,NA,"1",0,0,1,0,NA,NA
2021,5,3108,1,"I","1",NA,12,0,NA,2017,"",NA,NA,NA,"3108_5","drought","alive",1,"Vegetative",0,NA,"4",1,1,1,0,NA,NA
2022,5,3108,1,"I","4",27,19.5,1,"3.5",2017,"",NA,NA,NA,"3108_5","drought","alive",1,"Flowering",1,NA,"3",2,1,1,0,26,1
2023,5,3108,1,"I","3",33,15,2,"7",2017,"",NA,NA,NA,"3108_5","drought","alive",1,"Flowering",1,NA,"2",1,1,1,1,50,1
2024,5,3108,1,"I","2",13,14,1,"1",NA,"",NA,NA,NA,"3108_5","drought","alive",1,"Flowering",1,NA,"2",0,0,1,1,0,0
2025,5,3108,1,"I","2",NA,20.5,0,NA,NA,"",NA,NA,NA,"3108_5","drought","alive",1,"Vegetative",0,NA,"0",NA,NA,NA,1,NA,NA
2026,5,3108,1,"I","0",NA,NA,NA,NA,NA,"NP",NA,NA,NA,"3108_5","drought",NA,NA,NA,NA,NA,NA,NA,NA,NA,0,NA,NA
2019,13,3109,5,"I","1",NA,6,0,NA,2019,"",NA,NA,NA,"3109_13","control","alive",1,"Vegetative",0,NA,"0",NA,NA,0,NA,NA,NA
2020,13,3109,5,"I","0",NA,NA,NA,NA,2019,"no plant",NA,NA,NA,"3109_13","control","dead",0,"Dead",NA,NA,NA,NA,NA,NA,0,NA,NA
2017,5,3109,12,"F","4",14,7,1,"2.5",2017,"",NA,NA,NA,"3109_5","drought","alive",1,"Flowering",1,NA,"2",0,0,1,NA,NA,NA
2018,5,3109,12,"F","2",13,13,0,"0",2017,"",NA,NA,NA,"3109_5","drought","alive",1,"Vegetative",0,NA,"1",0,0,1,1,NA,NA
2019,5,3109,12,"F","1",NA,11,0,NA,2017,"",NA,NA,NA,"3109_5","drought","alive",1,"Vegetative",0,NA,NA,NA,NA,1,0,NA,NA
2020,5,3109,12,"F",NA,NA,NA,NA,NA,2017,"NS",NA,NA,NA,"3109_5","drought",NA,1,NA,NA,NA,"0",NA,NA,1,0,NA,NA
2021,5,3109,12,"F","0",NA,NA,NA,NA,2017,"NP",NA,NA,NA,"3109_5","drought","dormant",1,"Dormant",NA,NA,"3",2,1,1,NA,NA,NA
2022,5,3109,12,"F","3",22,11,2,"4.5",2017,"",NA,NA,NA,"3109_5","drought","alive",1,"Flowering",1,NA,"0",NA,NA,1,NA,50,1
2023,5,3109,12,"F","0",NA,NA,NA,NA,2017,"NP",NA,NA,NA,"3109_5","drought","dormant",1,"Dormant",NA,NA,"3",2,1,1,1,NA,NA
2024,5,3109,12,"F","3",14,10,2,"2",NA,"",NA,NA,NA,"3109_5","drought","alive",1,"Flowering",1,NA,"1",0,0,1,NA,6,1
2025,5,3109,12,"F","1",NA,13,0,NA,NA,"",NA,NA,NA,"3109_5","drought","alive",1,"Vegetative",0,NA,"0",NA,NA,NA,1,NA,NA
2026,5,3109,12,"F","0",NA,NA,NA,NA,NA,"NP",NA,NA,NA,"3109_5","drought",NA,NA,NA,NA,NA,NA,NA,NA,NA,0,NA,NA
2019,13,3110,0,"I","1",NA,16,0,NA,2019,"",NA,NA,NA,"3110_13","control","alive",1,"Vegetative",0,NA,"0",NA,NA,0,NA,NA,NA
2020,13,3110,0,"I","0",NA,NA,NA,NA,2019,"no plant",NA,NA,NA,"3110_13","control","dead",0,"Dead",NA,NA,NA,NA,NA,NA,0,NA,NA
2019,13,3111,0,"I","1",NA,12,0,NA,2019,"",NA,NA,NA,"3111_13","control","alive",1,"Vegetative",0,NA,"0",NA,NA,0,NA,NA,NA
2020,13,3111,0,"I","0",NA,NA,NA,NA,2019,"no plant",NA,NA,NA,"3111_13","control","dead",0,"Dead",NA,NA,NA,NA,NA,NA,0,NA,NA
2019,13,3112,0,"J","2",21,13,1,"3",2019,"",NA,NA,NA,"3112_13","control","alive",1,"Flowering",1,NA,"1",0,0,1,NA,NA,NA
2020,13,3112,0,"J","1",NA,15.6,0,NA,2019,"",NA,NA,NA,"3112_13","control","alive",1,"Vegetative",0,NA,"1",0,0,1,1,NA,NA
2021,13,3112,0,"J","1",NA,14.5,0,NA,2019,"",NA,NA,NA,"3112_13","control","alive",1,"Vegetative",0,NA,"2",1,1,1,0,NA,NA
2022,13,3112,0,"J","2",28,20,1,"4",2019,"",NA,NA,NA,"3112_13","control","alive",1,"Flowering",1,NA,"0",NA,NA,0,0,0,0
2023,13,3112,0,"J","0",NA,NA,NA,NA,2019,"NP",NA,NA,NA,"3112_13","control","dead",0,"Dead",NA,NA,NA,NA,NA,NA,1,NA,NA
2018,15,3112,15,"D","3",7.5,11,1,"1.5",2018,"",NA,NA,NA,"3112_15","drought","alive",1,"Flowering",1,NA,"0",NA,NA,0,NA,NA,NA
2019,15,3112,15,"D","0",NA,NA,NA,NA,2018,"no plant",NA,NA,NA,"3112_15","drought","dead",0,"Dead",NA,NA,NA,NA,NA,NA,1,NA,NA
2019,13,3113,6,"I","1",NA,2,0,NA,2019,"",NA,NA,NA,"3113_13","control","alive",1,"Vegetative",0,NA,"0",NA,NA,0,NA,NA,NA
2020,13,3113,6,"I","0",NA,NA,NA,NA,2019,"no plant",NA,NA,NA,"3113_13","control","dead",0,"Dead",NA,NA,NA,NA,NA,NA,0,NA,NA
2023,13,3114,8,"H","2",NA,9,0,NA,2023,"",NA,NA,NA,"3114_13","control","alive",1,"Vegetative",0,NA,"2",0,0,1,NA,NA,NA
2024,13,3114,8,"H","2",NA,13,0,NA,2023,"plant behind tag/pin",NA,NA,NA,"3114_13","control","alive",1,"Vegetative",0,NA,"4",2,1,1,0,NA,NA
2025,13,3114,8,"H","4",28,20,2,"5",2023,"plant behind tag/pin",NA,NA,NA,"3114_13","control","alive",1,"Flowering",1,NA,"2",0,0,1,0,NA,NA
2026,13,3114,8,"H","2",NA,15.5,0,NA,2023,"",NA,NA,NA,"3114_13","control","alive",1,"Vegetative",0,NA,NA,NA,NA,NA,1,NA,NA
2019,13,3114,8,"H","1",NA,5,0,NA,2019,"",NA,NA,NA,"3114_13_senior","control","alive",1,"Vegetative",0,NA,"1",0,0,1,NA,NA,NA
2020,13,3114,8,"H","1",NA,6.8,0,NA,2019,"new tag = 3429",NA,NA,NA,"3114_13_senior","control","alive",1,"Vegetative",0,NA,"0",NA,NA,0,0,NA,NA
2021,13,3114,8,"H","0",NA,NA,NA,NA,2019,"NP, tag is 3429",NA,NA,NA,"3114_13_senior","control","dead",0,"Dead",NA,NA,NA,NA,NA,NA,0,NA,NA
2019,13,3115,11,"G","1",NA,6,0,NA,2019,"",NA,NA,NA,"3115_13","control","alive",1,"Vegetative",0,NA,NA,NA,NA,NA,NA,NA,NA
2020,13,3115,11,"G",NA,NA,NA,NA,NA,2019,"NS",NA,NA,NA,"3115_13","control",NA,NA,NA,NA,NA,"0",NA,NA,0,0,NA,NA
2021,13,3115,11,"G","0",NA,NA,NA,NA,2019,"NP",NA,NA,NA,"3115_13","control","dead",0,"Dead",NA,NA,NA,NA,NA,NA,NA,NA,NA
2016,15,3116,16,"C","3",21,10.5,0,NA,2016,"Umbel missing?",NA,NA,NA,"3116_15","drought","alive",1,"Vegetative",0,NA,"5",3,1,1,NA,NA,NA
2017,15,3116,16,"C","5",32.5,18.5,3,"4.5",2016,"",NA,NA,NA,"3116_15","drought","alive",1,"Flowering",1,NA,"2",0,0,1,0,NA,NA
2018,15,3116,16,"C","2",17.5,17.5,0,NA,2016,"",NA,NA,NA,"3116_15","drought","alive",1,"Vegetative",0,NA,"3",2,1,1,1,NA,NA
2019,15,3116,16,"C","3",30,9.5,2,"6",2016,"",NA,NA,NA,"3116_15","drought","alive",1,"Flowering",1,NA,"0",NA,NA,1,0,NA,NA
2020,15,3116,16,"C","0",NA,NA,NA,NA,2016,"eaten",NA,NA,NA,"3116_15","drought","dormant",1,"Dormant",NA,NA,"5",4,1,1,1,NA,NA
2021,15,3116,16,"C","5",21,16,4,"10.5",2016,"",NA,NA,NA,"3116_15","drought","alive",1,"Flowering",1,NA,"9",3,1,1,NA,0,0
2022,15,3116,16,"C","9",43,25,3,"20",2016,"",NA,NA,NA,"3116_15","drought","alive",1,"Flowering",1,NA,"12",9,1,1,1,76,1
2023,15,3116,16,"C","12",37,22,9,"38",2016,"2 umbels dead",NA,NA,NA,"3116_15","drought","alive",1,"Flowering",1,NA,"6",4,1,1,1,408,1
2024,15,3116,16,"C","6",32.5,19,4,"12.5",NA,"",NA,NA,NA,"3116_15","drought","alive",1,"Flowering",1,NA,"5",0,0,1,1,12,1
2025,15,3116,16,"C","5",NA,23.5,0,NA,NA,"",NA,NA,NA,"3116_15","drought","alive",1,"Vegetative",0,NA,"5",4,1,1,1,NA,NA
2026,15,3116,16,"C","5",27,21,4,"13.5",NA,"",NA,NA,NA,"3116_15","drought","alive",1,"Flowering",1,NA,NA,NA,NA,NA,0,66,1
2024,13,3117,16,"H","1",19.5,16,1,"3",2024,"",NA,NA,NA,"3117_13","control","alive",1,"Flowering",1,NA,"1",0,0,1,NA,0,0
2025,13,3117,16,"H","1",NA,28.5,0,NA,2024,"",NA,NA,NA,"3117_13","control","alive",1,"Vegetative",0,NA,NA,NA,NA,NA,1,NA,NA
2026,13,3117,16,"H",NA,NA,NA,NA,NA,2024,"NPNT",NA,NA,NA,"3117_13","control",NA,NA,NA,NA,NA,NA,NA,NA,NA,0,NA,NA
2019,13,3117,16,"H","1",NA,10,0,NA,2019,"",NA,NA,NA,"3117_13_senior","control","alive",1,"Vegetative",0,NA,NA,NA,NA,1,NA,NA,NA
2020,13,3117,16,"H",NA,NA,NA,NA,NA,2019,"NS",NA,NA,NA,"3117_13_senior","control",NA,1,NA,NA,NA,"3",0,0,1,0,NA,NA
2021,13,3117,16,"H","3",NA,19,0,NA,2019,"",NA,NA,NA,"3117_13_senior","control","alive",1,"Vegetative",0,NA,"0",NA,NA,0,NA,NA,NA
2022,13,3117,16,"H","0",NA,NA,NA,NA,2019,"NP",NA,NA,NA,"3117_13_senior","control","dead",0,"Dead",NA,NA,NA,NA,NA,NA,0,NA,NA
2019,13,3118,11,"H","2",12,6,1,"2.5",2019,"",NA,NA,NA,"3118_13","control","alive",1,"Flowering",1,NA,NA,NA,NA,1,NA,NA,NA
2020,13,3118,11,"H",NA,NA,NA,NA,NA,2019,"NS",NA,NA,NA,"3118_13","control",NA,1,NA,NA,NA,"2",0,0,1,1,NA,NA
2021,13,3118,11,"H","2",NA,19,0,NA,2019,"",NA,NA,NA,"3118_13","control","alive",1,"Vegetative",0,NA,"3",2,1,1,NA,NA,NA
2022,13,3118,11,"H","3",34,14,2,"8",2019,"",NA,NA,NA,"3118_13","control","alive",1,"Flowering",1,NA,"3",3,1,1,0,116,1
2023,13,3118,11,"H","3",30,18,3,"12",2019,"",NA,NA,NA,"3118_13","control","alive",1,"Flowering",1,NA,"3",2,1,1,1,NA,NA
2024,13,3118,11,"H","3",26,11,2,"3.5",NA,"",NA,NA,NA,"3118_13","control","alive",1,"Flowering",1,NA,"5",3,1,1,1,76,1
2025,13,3118,11,"H","5",19,20.5,3,"2.5",NA,"one dead umbel",NA,NA,NA,"3118_13","control","alive",1,"Flowering",1,NA,"5",3,1,1,1,NA,NA
2026,13,3118,11,"H","5",22,18,3,"4.5",NA,"",NA,NA,NA,"3118_13","control","alive",1,"Flowering",1,NA,NA,NA,NA,NA,1,76,1
2016,14,3118,17,"A","6",12,6.3,0,NA,2016,"2 stalks",NA,NA,NA,"3118_14","drought","alive",1,"Vegetative",0,NA,"3",1,1,1,NA,NA,NA
2017,14,3118,17,"A","3",29,13,1,"3.2",2016,"",NA,NA,NA,"3118_14","drought","alive",1,"Flowering",1,NA,"1",0,0,1,0,NA,NA
2018,14,3118,17,"A","1",10.5,10.5,0,NA,2016,"",NA,NA,NA,"3118_14","drought","alive",1,"Vegetative",0,NA,"2",0,0,1,1,NA,NA
2019,14,3118,17,"A","2",NA,17,0,NA,2016,"",NA,NA,NA,"3118_14","drought","alive",1,"Vegetative",0,NA,NA,NA,NA,1,0,NA,NA
2020,14,3118,17,"A",NA,NA,NA,NA,NA,2016,"NS",NA,NA,NA,"3118_14","drought",NA,1,NA,NA,NA,"3",0,0,1,0,NA,NA
2021,14,3118,17,"A","3",NA,20.5,0,NA,2016,"",NA,NA,NA,"3118_14","drought","alive",1,"Vegetative",0,NA,"2",1,1,1,NA,NA,NA
2022,14,3118,17,"A","2",28.5,16,1,"5",2016,"",NA,NA,NA,"3118_14","drought","alive",1,"Flowering",1,NA,"1",0,0,1,0,62,1
2023,14,3118,17,"A","1",NA,16,0,NA,2016,"",NA,NA,NA,"3118_14","drought","alive",1,"Vegetative",0,NA,"2",1,1,1,1,NA,NA
2024,14,3118,17,"A","2",26,17,1,"2",NA,"",NA,NA,NA,"3118_14","drought","alive",1,"Flowering",1,NA,"1",0,0,1,0,0,0
2025,14,3118,17,"A","1",NA,21,0,NA,NA,"",NA,NA,NA,"3118_14","drought","alive",1,"Vegetative",0,NA,"4",0,0,1,1,NA,NA
2026,14,3118,17,"A","4",NA,20,0,NA,NA,"",NA,NA,NA,"3118_14","drought","alive",1,"Vegetative",0,NA,NA,NA,NA,NA,0,NA,NA
2017,13,3119,9,"H","3",8,9.5,1,"1.5",2017,"",NA,NA,NA,"3119_13","control","alive",1,"Flowering",1,NA,"1",0,0,1,NA,NA,NA
2018,13,3119,9,"H","1",7.5,7.5,0,NA,2017,"",NA,NA,NA,"3119_13","control","alive",1,"Vegetative",0,NA,"3",1,1,1,1,NA,NA
2019,13,3119,9,"H","3",10,7,1,"2",2017,"duplicate, changed to '3119'",NA,NA,NA,"3119_13","control","alive",1,"Flowering",1,NA,"0",NA,NA,1,0,NA,NA
2020,13,3119,9,"H","0",NA,NA,NA,NA,2017,"no plant, old tag = 3388",NA,NA,NA,"3119_13","control","dormant",1,"Dormant",NA,NA,"3",0,0,1,1,NA,NA
2021,13,3119,9,"H","3",NA,14,0,NA,2017,"old tag was 3388",NA,NA,NA,"3119_13","control","alive",1,"Vegetative",0,NA,"3",2,1,1,NA,NA,NA
2022,13,3119,9,"H","3",29.5,12.5,2,"8.5",2017,"old tag was 3388",NA,NA,NA,"3119_13","control","alive",1,"Flowering",1,NA,"6",4,1,1,0,48,1
2023,13,3119,9,"H","6",24,13,4,"10.5",2017,"",NA,NA,NA,"3119_13","control","alive",1,"Flowering",1,NA,"2",1,1,1,1,34,1
2024,13,3119,9,"H","2",13.5,14,1,"2",NA,"",NA,NA,NA,"3119_13","control","alive",1,"Flowering",1,NA,"4",2,1,1,1,0,0
2025,13,3119,9,"H","4",20,15,2,"5.5",NA,"",NA,NA,NA,"3119_13","control","alive",1,"Flowering",1,NA,"3",0,0,1,1,NA,NA
2026,13,3119,9,"H","3",NA,17,0,NA,NA,"",NA,NA,NA,"3119_13","control","alive",1,"Vegetative",0,NA,NA,NA,NA,NA,1,NA,NA
2019,13,3120,3,"H","3",NA,13,0,NA,2019,"",NA,NA,NA,"3120_13","control","alive",1,"Vegetative",0,NA,"1",0,0,1,NA,NA,NA
2020,13,3120,3,"H","1",NA,9.3,0,NA,2019,"",NA,NA,NA,"3120_13","control","alive",1,"Vegetative",0,NA,"5",0,0,1,0,NA,NA
2021,13,3120,3,"H","5",NA,14.5,0,NA,2019,"",NA,NA,NA,"3120_13","control","alive",1,"Vegetative",0,NA,"3",2,1,1,0,NA,NA
2022,13,3120,3,"H","3",29,13.5,2,"7",2019,"",NA,NA,NA,"3120_13","control","alive",1,"Flowering",1,NA,"7",5,1,1,0,110,1
2023,13,3120,3,"H","7",39,16,5,"15",2019,"2 umbels dead",NA,NA,NA,"3120_13","control","alive",1,"Flowering",1,NA,"3",2,1,1,1,130,1
2024,13,3120,3,"H","3",17.5,15,2,"4.5",NA,"",NA,NA,NA,"3120_13","control","alive",1,"Flowering",1,NA,"3",1,1,1,1,0,0
2025,13,3120,3,"H","3",18.5,18,1,NA,NA,"umbel dead",NA,NA,NA,"3120_13","control","alive",1,"Flowering",1,NA,"0",NA,NA,NA,1,NA,NA
2026,13,3120,3,"H","0",NA,NA,NA,NA,NA,"NP",NA,NA,NA,"3120_13","control",NA,NA,NA,NA,NA,NA,NA,NA,NA,1,NA,NA
2016,5,3120,7,"G","3",12.5,6.1,1,"1.9",2016,"",NA,NA,NA,"3120_5","drought","alive",1,"Flowering",1,NA,"4",2,1,1,NA,NA,NA
2017,5,3120,7,"G","4",16.5,11.5,2,"2",2016,"",NA,NA,NA,"3120_5","drought","alive",1,"Flowering",1,NA,"2",0,0,1,1,NA,NA
2018,5,3120,7,"G","2",11.5,11.5,0,NA,2016,"",NA,NA,NA,"3120_5","drought","alive",1,"Vegetative",0,NA,"2",0,0,1,1,NA,NA
2019,5,3120,7,"G","2",NA,11.5,0,NA,2016,"",NA,NA,NA,"3120_5","drought","alive",1,"Vegetative",0,NA,"2",0,0,1,0,NA,NA
2020,5,3120,7,"G","2",NA,12.5,0,NA,2016,"",NA,NA,NA,"3120_5","drought","alive",1,"Vegetative",0,NA,"3",0,0,1,0,NA,NA
2021,5,3120,7,"G","3",NA,14,0,NA,2016,"",NA,NA,NA,"3120_5","drought","alive",1,"Vegetative",0,NA,"4",0,0,1,0,NA,NA
2022,5,3120,7,"G","4",NA,19,0,NA,2016,"",NA,NA,NA,"3120_5","drought","alive",1,"Vegetative",0,NA,"4",2,1,1,0,NA,NA
2023,5,3120,7,"G","4",26,13,2,"7.5",2016,"umbels are same height",NA,NA,NA,"3120_5","drought","alive",1,"Flowering",1,NA,"3",1,1,1,0,0,0
2024,5,3120,7,"G","3",17,14,1,"1",NA,"",NA,NA,NA,"3120_5","drought","alive",1,"Flowering",1,NA,"3",0,0,1,1,0,0
2025,5,3120,7,"G","3",NA,18,0,NA,NA,"",NA,NA,NA,"3120_5","drought","alive",1,"Vegetative",0,NA,"4",2,1,1,1,NA,NA
2026,5,3120,7,"G","4",23,19,2,"5",NA,"",NA,NA,NA,"3120_5","drought","alive",1,"Flowering",1,NA,NA,NA,NA,NA,0,20,1
2019,13,3121,3,"F","1",NA,7,0,NA,2019,"",NA,NA,NA,"3121_13","control","alive",1,"Vegetative",0,NA,"1",0,0,1,NA,NA,NA
2020,13,3121,3,"F","1",NA,4.1,0,NA,2019,"",NA,NA,NA,"3121_13","control","alive",1,"Vegetative",0,NA,"0",NA,NA,0,0,NA,NA
2021,13,3121,3,"F","0",NA,NA,NA,NA,2019,"NP",NA,NA,NA,"3121_13","control","dead",0,"Dead",NA,NA,NA,NA,NA,NA,0,NA,NA
2019,13,3122,4,"F","1",NA,9,0,NA,2019,"",NA,NA,NA,"3122_13","control","alive",1,"Vegetative",0,NA,"2",0,0,1,NA,NA,NA
2020,13,3122,4,"F","2",NA,5.8,0,NA,2019,"",NA,NA,NA,"3122_13","control","alive",1,"Vegetative",0,NA,"0",NA,NA,0,0,NA,NA
2021,13,3122,4,"F","0",NA,NA,NA,NA,2019,"NP",NA,NA,NA,"3122_13","control","dead",0,"Dead",NA,NA,NA,NA,NA,NA,0,NA,NA
2017,4,3122,8,"J","3",13,9.5,0,NA,2017,"",NA,NA,NA,"3122_4","irrigated","alive",1,"Vegetative",0,NA,"2",1,1,1,NA,NA,NA
2018,4,3122,8,"J","2",22,13,1,"2.4",2017,"",NA,NA,NA,"3122_4","irrigated","alive",1,"Flowering",1,NA,"2",1,1,1,0,NA,NA
2019,4,3122,8,"J","2",26,12.5,1,"3",2017,"",NA,NA,NA,"3122_4","irrigated","alive",1,"Flowering",1,NA,"0",NA,NA,1,1,NA,NA
2020,4,3122,8,"J","0",NA,NA,NA,NA,2017,"no plant",NA,NA,NA,"3122_4","irrigated","dormant",1,"Dormant",NA,NA,"1",0,0,1,1,NA,NA
2021,4,3122,8,"J","1",NA,14,0,NA,2017,"",NA,NA,NA,"3122_4","irrigated","alive",1,"Vegetative",0,NA,"5",2,1,1,NA,10,1
2022,4,3122,8,"J","5",43,14,2,"6.5",2017,"",NA,NA,NA,"3122_4","irrigated","alive",1,"Flowering",1,NA,"7",4,1,1,0,52,1
2023,4,3122,8,"J","7",53,17,4,"13",2017,"",NA,NA,NA,"3122_4","irrigated","alive",1,"Flowering",1,NA,"0",NA,NA,0,1,162,1
2024,4,3122,8,"J","0",NA,NA,NA,NA,NA,"NP; lots of digging",NA,NA,NA,"3122_4","irrigated","dead",0,"Dead",NA,NA,NA,NA,NA,NA,1,NA,NA
2016,13,3123,5,"H","5",23,3.8,1,"3.2",2016,"2 stalks, top has been eaten",NA,NA,NA,"3123_13","control","alive",1,"Flowering",1,NA,"24",5,1,1,NA,NA,NA
2017,13,3123,5,"H","24",24,10,5,"4.5",2016,"",NA,NA,NA,"3123_13","control","alive",1,"Flowering",1,NA,"10",4,1,1,1,NA,NA
2018,13,3123,5,"H","10",13.5,7.5,4,"2.7",2016,"",NA,NA,NA,"3123_13","control","alive",1,"Flowering",1,NA,"15",5,1,1,1,NA,NA
2019,13,3123,5,"H","15",28,12,5,"6",2016,"",NA,NA,NA,"3123_13","control","alive",1,"Flowering",1,NA,"2",0,0,1,1,NA,NA
2020,13,3123,5,"H","2",NA,11.8,0,NA,2016,"eaten",NA,NA,NA,"3123_13","control","alive",1,"Vegetative",0,NA,"7",0,0,1,1,NA,NA
2021,13,3123,5,"H","7",NA,15,0,NA,2016,"",NA,NA,NA,"3123_13","control","alive",1,"Vegetative",0,NA,"10",4,1,1,0,NA,NA
2022,13,3123,5,"H","10",34.5,12,4,"11",2016,"",NA,NA,NA,"3123_13","control","alive",1,"Flowering",1,NA,"11",9,1,1,0,212,1
2023,13,3123,5,"H","11",39,13,9,"37.5",2016,"3 umbels dead",NA,NA,NA,"3123_13","control","alive",1,"Flowering",1,NA,"7",3,1,1,1,684,1
2024,13,3123,5,"H","7",33,12.5,3,"11.5",NA,"",NA,NA,NA,"3123_13","control","alive",1,"Flowering",1,NA,"8",6,1,1,1,74,1
2025,13,3123,5,"H","8",26,17,6,"5.5",NA,"3 dead umbles",NA,NA,NA,"3123_13","control","alive",1,"Flowering",1,NA,"16",7,1,1,1,NA,NA
2026,13,3123,5,"H","16",39.5,19,7,"7.5",NA,"",NA,NA,NA,"3123_13","control","alive",1,"Flowering",1,NA,NA,NA,NA,NA,1,208,1
2016,5,3124,16,"D","12",33.5,6.7,2,"3",2016,"",NA,NA,NA,"3124_5","drought","alive",1,"Flowering",1,NA,"2",2,1,1,NA,NA,NA
2017,5,3124,16,"D","2",21,12,2,"2",2016,"",NA,NA,NA,"3124_5","drought","alive",1,"Flowering",1,NA,"3",1,1,1,1,NA,NA
2018,5,3124,16,"D","3",13,13.5,1,"2.5",2016,"",NA,NA,NA,"3124_5","drought","alive",1,"Flowering",1,NA,"1",1,1,1,1,NA,NA
2019,5,3124,16,"D","1",17,7.5,1,"2",2016,"",NA,NA,NA,"3124_5","drought","alive",1,"Flowering",1,NA,NA,NA,NA,1,1,NA,NA
2020,5,3124,16,"D",NA,NA,NA,NA,NA,2016,"NS",NA,NA,NA,"3124_5","drought",NA,1,NA,NA,NA,"2",1,1,1,1,NA,NA
2021,5,3124,16,"D","2",18,18,1,"3",2016,"",NA,NA,NA,"3124_5","drought","alive",1,"Flowering",1,NA,"3",2,1,1,NA,0,0
2022,5,3124,16,"D","3",30,15,2,"7.5",2016,"",NA,NA,NA,"3124_5","drought","alive",1,"Flowering",1,NA,"3",2,1,1,1,138,1
2023,5,3124,16,"D","3",50,21,2,"12.5",2016,"",NA,NA,NA,"3124_5","drought","alive",1,"Flowering",1,NA,"3",1,1,1,1,NA,NA
2024,5,3124,16,"D","3",40,21,1,"4",NA,"",NA,NA,NA,"3124_5","drought","alive",1,"Flowering",1,NA,"2",1,1,1,1,84,1
2025,5,3124,16,"D","2",11,19,1,"1.5",NA,"",NA,NA,NA,"3124_5","drought","alive",1,"Flowering",1,NA,NA,NA,NA,NA,1,NA,NA
2026,5,3124,16,"D",NA,NA,NA,NA,NA,NA,"NPNT",NA,NA,NA,"3124_5","drought",NA,NA,NA,NA,NA,NA,NA,NA,NA,1,NA,NA
2019,5,3125,14,"C","1",NA,14,0,NA,2019,"",NA,NA,NA,"3125_5.14C","drought","alive",1,"Vegetative",0,NA,"1",0,0,1,NA,NA,NA
2020,5,3125,14,"C","1",NA,13,0,NA,2019,"",NA,NA,NA,"3125_5.14C","drought","alive",1,"Vegetative",0,NA,"2",0,0,1,0,NA,NA
2021,5,3125,14,"C","2",NA,14,0,NA,2019,"",NA,NA,NA,"3125_5.14C","drought","alive",1,"Vegetative",0,NA,NA,NA,NA,1,0,NA,NA
2022,5,3125,14,"C",NA,NA,NA,NA,NA,2019,"NPNT",NA,NA,NA,"3125_5.14C","drought",NA,1,NA,NA,NA,"6",3,1,1,0,NA,NA
2023,5,3125,14,"C","6",41,15,3,"11.5",2019,"",NA,NA,NA,"3125_5.14C","drought","alive",1,"Flowering",1,NA,"3",2,1,1,NA,NA,NA
2024,5,3125,14,"C","3",30.5,15,2,"2",NA,"one umbel dead unmeasured",NA,NA,NA,"3125_5.14C","drought","alive",1,"Flowering",1,NA,"4",2,1,1,1,0,0
2025,5,3125,14,"C","4",15,12.5,2,"6.5",NA,"",NA,NA,NA,"3125_5.14C","drought","alive",1,"Flowering",1,NA,"4",1,1,1,1,NA,NA
2026,5,3125,14,"C","4",25,15,1,"3.5",NA,"",NA,NA,NA,"3125_5.14C","drought","alive",1,"Flowering",1,NA,NA,NA,NA,NA,1,0,0
2017,5,3125,3,"I","4",19.5,10.5,1,"2",2017,"",NA,NA,NA,"3125_5.3I","drought","alive",1,"Flowering",1,NA,"1",0,0,1,NA,NA,NA
2018,5,3125,3,"I","1",8,8,0,NA,2017,"",NA,NA,NA,"3125_5.3I","drought","alive",1,"Vegetative",0,NA,"0",NA,NA,1,1,NA,NA
2019,5,3125,3,"I","0",NA,NA,NA,NA,2017,"no plant",NA,NA,NA,"3125_5.3I","drought","dormant",1,"Dormant",NA,NA,"1",0,0,1,0,NA,NA
2020,5,3125,3,"I","1",NA,13,0,NA,2017,"",NA,NA,NA,"3125_5.3I","drought","alive",1,"Vegetative",0,NA,"1",0,0,1,NA,NA,NA
2021,5,3125,3,"I","1",NA,11,0,NA,2017,"",NA,NA,NA,"3125_5.3I","drought","alive",1,"Vegetative",0,NA,"2",1,1,1,0,NA,NA
2022,5,3125,3,"I","2",28,18,1,"4",2017,"",NA,NA,NA,"3125_5.3I","drought","alive",1,"Flowering",1,NA,"4",2,1,1,0,0,0
2023,5,3125,3,"I","4",42.5,17,2,"11.5",2017,"",NA,NA,NA,"3125_5.3I","drought","alive",1,"Flowering",1,NA,"2",1,1,1,1,42,1
2024,5,3125,3,"I","2",19.5,14,1,"2.5",NA,"",NA,NA,NA,"3125_5.3I","drought","alive",1,"Flowering",1,NA,"2",1,1,1,1,0,0
2025,5,3125,3,"I","2",26,14,1,"3",NA,"",NA,NA,NA,"3125_5.3I","drought","alive",1,"Flowering",1,NA,"3",0,NA,1,1,NA,NA
2026,5,3125,3,"I","3",NA,NA,0,NA,NA,"all leaves eaten",NA,NA,NA,"3125_5.3I","drought","alive",1,NA,NA,NA,NA,NA,NA,NA,1,NA,NA
2021,1,3126,6,"D","2",NA,18,0,NA,2021,"",NA,NA,NA,"3126_1","irrigated","alive",1,"Vegetative",0,NA,"3",2,1,1,NA,NA,NA
2022,1,3126,6,"D","3",50,17.5,2,"8.5",2021,"",NA,NA,NA,"3126_1","irrigated","alive",1,"Flowering",1,NA,"4",2,1,1,0,118,1
2023,1,3126,6,"D","4",47,18.5,2,"10.5",2021,"",NA,NA,NA,"3126_1","irrigated","alive",1,"Flowering",1,NA,"1",0,0,1,1,96,1
2024,1,3126,6,"D","1",NA,20.5,0,NA,NA,"",NA,NA,NA,"3126_1","irrigated","alive",1,"Vegetative",0,NA,"3",1,1,1,1,NA,NA
2025,1,3126,6,"D","3",41,22.5,1,"4",NA,"",NA,NA,1,"3126_1","irrigated","alive",1,"Flowering",1,NA,"0",NA,NA,NA,0,40,1
2026,1,3126,6,"D","0",NA,NA,NA,NA,NA,"NP",NA,NA,NA,"3126_1","irrigated",NA,NA,NA,NA,NA,NA,NA,NA,NA,1,NA,NA
2019,13,3126,17,"B","2",NA,16,0,NA,2019,"",NA,NA,NA,"3126_13","control","alive",1,"Vegetative",0,NA,NA,NA,NA,1,NA,NA,NA
2020,13,3126,17,"B",NA,NA,NA,NA,NA,2019,"NS",NA,NA,NA,"3126_13","control",NA,1,NA,NA,NA,"2",0,0,1,0,NA,NA
2021,13,3126,17,"B","2",NA,15,0,NA,2019,"",NA,NA,NA,"3126_13","control","alive",1,"Vegetative",0,NA,"4",2,1,1,NA,NA,NA
2022,13,3126,17,"B","4",32.5,18,2,"10",2019,"",NA,NA,NA,"3126_13","control","alive",1,"Flowering",1,NA,"2",1,1,1,0,146,1
2023,13,3126,17,"B","2",24,14,1,"5",2019,"",NA,NA,NA,"3126_13","control","alive",1,"Flowering",1,NA,"1",0,0,1,1,NA,NA
2024,13,3126,17,"B","1",NA,14.5,0,NA,NA,"in moss",NA,NA,NA,"3126_13","control","alive",1,"Vegetative",0,NA,"1",0,0,1,1,NA,NA
2025,13,3126,17,"B","1",NA,20,0,NA,NA,"in moss",NA,NA,NA,"3126_13","control","alive",1,"Vegetative",0,NA,"0",NA,NA,NA,0,NA,NA
2026,13,3126,17,"B","0",NA,NA,NA,NA,NA,"NP",NA,NA,NA,"3126_13","control",NA,NA,NA,NA,NA,NA,NA,NA,NA,0,NA,NA
2019,5,3127,16,"B","1",NA,13.5,0,NA,2019,"",NA,NA,NA,"3127_5","drought","alive",1,"Vegetative",0,NA,NA,NA,NA,1,NA,NA,NA
2020,5,3127,16,"B",NA,NA,NA,NA,NA,2019,"NS",NA,NA,NA,"3127_5","drought",NA,1,NA,NA,NA,"2",1,1,1,0,NA,NA
2021,5,3127,16,"B","2",15,12,1,"2.5",2019,"",NA,NA,NA,"3127_5","drought","alive",1,"Flowering",1,NA,"3",2,1,1,NA,0,0
2022,5,3127,16,"B","3",26,9,2,"8",2019,"",NA,NA,NA,"3127_5","drought","alive",1,"Flowering",1,NA,"6",3,1,1,1,150,1
2023,5,3127,16,"B","6",41,13,3,"15",2019,"",NA,NA,NA,"3127_5","drought","alive",1,"Flowering",1,NA,"2",1,1,1,1,NA,NA
2024,5,3127,16,"B","2",21,8.5,1,"3",NA,"",NA,NA,NA,"3127_5","drought","alive",1,"Flowering",1,NA,"2",1,1,1,1,0,0
2025,5,3127,16,"B","2",9.5,12,1,"2",NA,"",NA,NA,NA,"3127_5","drought","alive",1,"Flowering",1,NA,"3",2,1,1,1,NA,NA
2026,5,3127,16,"B","3",25,13.5,2,"5.5",NA,"",NA,NA,NA,"3127_5","drought","alive",1,"Flowering",1,NA,NA,NA,NA,NA,1,0,0
2016,13,3128,13,"H","12",26,8.4,3,"2.7",2016,"3 stalks",NA,NA,NA,"3128_13","control","alive",1,"Flowering",1,NA,"5",3,1,1,NA,NA,NA
2017,13,3128,13,"H","5",17.5,10,3,"3",2016,"",NA,NA,NA,"3128_13","control","alive",1,"Flowering",1,NA,"3",0,0,1,1,NA,NA
2018,13,3128,13,"H","3",10,10,0,NA,2016,"",NA,NA,NA,"3128_13","control","alive",1,"Vegetative",0,NA,"5",1,1,1,1,NA,NA
2019,13,3128,13,"H","5",13,13,1,"1",2016,"",NA,NA,NA,"3128_13","control","alive",1,"Flowering",1,NA,"2",0,0,1,0,NA,NA
2020,13,3128,13,"H","2",NA,15.2,0,NA,2016,"",NA,NA,NA,"3128_13","control","alive",1,"Vegetative",0,NA,"3",1,1,1,1,NA,NA
2021,13,3128,13,"H","3",10,16,1,NA,2016,"",NA,NA,NA,"3128_13","control","alive",1,"Flowering",1,NA,"3",1,1,1,0,0,0
2022,13,3128,13,"H","3",30,13,1,"3",2016,"",NA,NA,NA,"3128_13","control","alive",1,"Flowering",1,NA,"4",2,1,1,1,50,1
2023,13,3128,13,"H","4",35,15,2,"8",2016,"",NA,NA,NA,"3128_13","control","alive",1,"Flowering",1,NA,"2",1,1,1,1,NA,NA
2024,13,3128,13,"H","2",22,13.5,1,"3",NA,"",NA,NA,NA,"3128_13","control","alive",1,"Flowering",1,NA,"2",0,0,1,1,10,1
2025,13,3128,13,"H","2",NA,14,0,NA,NA,"",NA,NA,NA,"3128_13","control","alive",1,"Vegetative",0,NA,"0",NA,NA,NA,1,NA,NA
2026,13,3128,13,"H","0",NA,NA,NA,NA,NA,"NP",NA,NA,NA,"3128_13","control",NA,NA,NA,NA,NA,NA,NA,NA,NA,0,NA,NA
2019,12,3129,15,"H","1",NA,11,0,NA,2019,"",NA,NA,NA,"3129_12","irrigated","alive",1,"Vegetative",0,NA,"2",0,0,1,NA,NA,NA
2020,12,3129,15,"H","2",NA,14.1,0,NA,2019,"",NA,NA,NA,"3129_12","irrigated","alive",1,"Vegetative",0,NA,"3",0,0,1,0,NA,NA
2021,12,3129,15,"H","3",NA,29,0,NA,2019,"",NA,NA,NA,"3129_12","irrigated","alive",1,"Vegetative",0,NA,"3",2,1,1,0,NA,NA
2022,12,3129,15,"H","3",35,19,2,"10",2019,"weird split stalk",NA,NA,NA,"3129_12","irrigated","alive",1,"Flowering",1,NA,"4",1,1,1,0,368,1
2023,12,3129,15,"H","4",34,19,1,"4",2019,"",NA,NA,NA,"3129_12","irrigated","alive",1,"Flowering",1,NA,"3",2,1,1,1,14,1
2024,12,3129,15,"H","3",28.5,12.5,2,"4.5",NA,"",NA,NA,NA,"3129_12","irrigated","alive",1,"Flowering",1,NA,"1",1,1,1,1,36,1
2025,12,3129,15,"H","1",30,18,1,"6",NA,"",NA,NA,NA,"3129_12","irrigated","alive",1,"Flowering",1,NA,NA,NA,NA,NA,1,NA,NA
2026,12,3129,15,"H",NA,NA,NA,NA,NA,NA,"NPNT",NA,NA,NA,"3129_12","irrigated",NA,NA,NA,NA,NA,NA,NA,NA,NA,1,NA,NA
2019,12,3130,3,"B","1",NA,6,0,NA,2019,"",NA,NA,NA,"3130_12","irrigated","alive",1,"Vegetative",0,NA,NA,NA,NA,0,NA,NA,NA
2020,12,3130,3,"B",NA,NA,NA,NA,NA,2019,"npnt",NA,NA,NA,"3130_12","irrigated","dead",0,"Dead",NA,NA,NA,NA,NA,NA,0,NA,NA
2019,12,3131,13,"H","1",NA,7.5,0,NA,2019,"",NA,NA,NA,"3131_12","irrigated","alive",1,"Vegetative",0,NA,"2",0,0,1,NA,NA,NA
2020,12,3131,13,"H","2",NA,8.8,0,NA,2019,"",NA,NA,NA,"3131_12","irrigated","alive",1,"Vegetative",0,NA,"3",0,0,1,0,NA,NA
2021,12,3131,13,"H","3",NA,15,0,NA,2019,"",NA,NA,NA,"3131_12","irrigated","alive",1,"Vegetative",0,NA,"3",1,1,1,0,NA,NA
2022,12,3131,13,"H","3",30,12,1,"5",2019,"",NA,NA,NA,"3131_12","irrigated","alive",1,"Flowering",1,NA,"2",1,1,1,0,42,1
2023,12,3131,13,"H","2",35,16.5,1,"5.5",2019,"",NA,NA,NA,"3131_12","irrigated","alive",1,"Flowering",1,NA,"1",0,0,1,1,74,1
2024,12,3131,13,"H","1",NA,18,0,NA,NA,"",NA,NA,NA,"3131_12","irrigated","alive",1,"Vegetative",0,NA,"3",2,1,1,1,NA,NA
2025,12,3131,13,"H","3",26,17,2,"5",NA,"",NA,NA,NA,"3131_12","irrigated","alive",1,"Flowering",1,NA,"2",1,1,1,0,NA,NA
2026,12,3131,13,"H","2",33,17,1,"4.5",NA,"",NA,NA,NA,"3131_12","irrigated","alive",1,"Flowering",1,NA,NA,NA,NA,NA,1,14,1
2016,7,3131,12,"F","8",38,3,1,"2.5",2016,"Diversity plot",NA,NA,NA,"3131_7","drought","alive",1,"Flowering",1,NA,NA,NA,NA,NA,NA,NA,NA
2017,7,3131,12,"F",NA,NA,NA,NA,NA,2016,"NP/NT",NA,NA,NA,"3131_7","drought",NA,NA,NA,NA,NA,NA,NA,NA,0,1,NA,NA
2018,7,3131,12,"F",NA,NA,NA,NA,NA,2016,"no plant no tag",NA,NA,NA,"3131_7","drought","dead",0,"Dead",NA,NA,NA,NA,NA,NA,NA,NA,NA
2019,12,3132,18,"F","2",NA,5.5,0,NA,2019,"",NA,NA,NA,"3132_12","irrigated","alive",1,"Vegetative",0,NA,"1",0,0,1,NA,NA,NA
2020,12,3132,18,"F","1",NA,7.2,0,NA,2019,"",NA,NA,NA,"3132_12","irrigated","alive",1,"Vegetative",0,NA,"2",0,0,1,0,NA,NA
2021,12,3132,18,"F","2",NA,9,0,NA,2019,"",NA,NA,NA,"3132_12","irrigated","alive",1,"Vegetative",0,NA,"1",0,0,1,0,NA,NA
2022,12,3132,18,"F","1",NA,12.5,0,NA,2019,"",NA,NA,NA,"3132_12","irrigated","alive",1,"Vegetative",0,NA,"1",0,0,1,0,NA,NA
2023,12,3132,18,"F","1",NA,14,0,NA,2019,"",NA,NA,NA,"3132_12","irrigated","alive",1,"Vegetative",0,NA,"1",0,0,1,0,NA,NA
2024,12,3132,18,"F","1",NA,7,0,NA,NA,"",NA,NA,NA,"3132_12","irrigated","alive",1,"Vegetative",0,NA,"1",0,0,1,0,NA,NA
2025,12,3132,18,"F","1",NA,12,0,NA,NA,"",NA,NA,NA,"3132_12","irrigated","alive",1,"Vegetative",0,NA,"2",0,0,1,0,NA,NA
2026,12,3132,18,"F","2",NA,10,0,NA,NA,"",NA,NA,NA,"3132_12","irrigated","alive",1,"Vegetative",0,NA,NA,NA,NA,NA,0,NA,NA
2019,12,3133,5,"C","2",NA,8,0,NA,2019,"",NA,NA,NA,"3133_12","irrigated","alive",1,"Vegetative",0,NA,"2",0,0,1,NA,NA,NA
2020,12,3133,5,"C","2",NA,13.8,0,NA,2019,"",NA,NA,NA,"3133_12","irrigated","alive",1,"Vegetative",0,NA,"1",0,0,1,0,NA,NA
2021,12,3133,5,"C","1",NA,9.5,0,NA,2019,"",NA,NA,NA,"3133_12","irrigated","alive",1,"Vegetative",0,NA,"0",NA,NA,1,0,NA,NA
2022,12,3133,5,"C","0",NA,NA,NA,NA,2019,"NP",NA,NA,NA,"3133_12","irrigated","dormant",1,"Dormant",NA,NA,"3",0,0,1,0,NA,NA
2023,12,3133,5,"C","3",NA,18,0,NA,2019,"",NA,NA,NA,"3133_12","irrigated","alive",1,"Vegetative",0,NA,"2",1,1,1,NA,NA,NA
2024,12,3133,5,"C","2",30,14.5,1,"3.5",NA,"",NA,NA,NA,"3133_12","irrigated","alive",1,"Flowering",1,NA,"2",1,1,1,0,16,1
2025,12,3133,5,"C","2",22,15,1,"2.5",NA,"",NA,NA,NA,"3133_12","irrigated","alive",1,"Flowering",1,NA,"0",NA,NA,NA,1,0,0
2026,12,3133,5,"C","0",NA,NA,NA,NA,NA,"NP",NA,NA,NA,"3133_12","irrigated",NA,NA,NA,NA,NA,NA,NA,NA,NA,1,NA,NA
2019,12,3134,13,"H","1",NA,8,0,NA,2019,"",NA,NA,NA,"3134_12","irrigated","alive",1,"Vegetative",0,NA,"1",0,0,1,NA,NA,NA
2020,12,3134,13,"H","1",NA,10.5,0,NA,2019,"",NA,NA,NA,"3134_12","irrigated","alive",1,"Vegetative",0,NA,"2",0,0,1,0,NA,NA
2021,12,3134,13,"H","2",NA,14.5,0,NA,2019,"",NA,NA,NA,"3134_12","irrigated","alive",1,"Vegetative",0,NA,"1",0,0,1,0,NA,NA
2022,12,3134,13,"H","1",NA,21.5,0,NA,2019,"",NA,NA,NA,"3134_12","irrigated","alive",1,"Vegetative",0,NA,"4",2,1,1,0,NA,NA
2023,12,3134,13,"H","4",49,23,2,"11",2019,"",NA,NA,NA,"3134_12","irrigated","alive",1,"Flowering",1,NA,"3",2,1,1,0,68,1
2024,12,3134,13,"H","3",33,17.5,2,"4",NA,"",NA,NA,NA,"3134_12","irrigated","alive",1,"Flowering",1,NA,"3",1,1,1,1,2,1
2025,12,3134,13,"H","3",30,20,1,"3.5",NA,"",NA,NA,NA,"3134_12","irrigated","alive",1,"Flowering",1,NA,"1",0,0,1,1,NA,NA
2026,12,3134,13,"H","1",NA,18,0,NA,NA,"",NA,NA,NA,"3134_12","irrigated","alive",1,"Vegetative",0,NA,NA,NA,NA,NA,1,NA,NA
2019,12,3135,7,"G","3",21,10.5,1,"2",2019,"",NA,NA,NA,"3135_12","irrigated","alive",1,"Flowering",1,NA,"2",2,1,1,NA,NA,NA
2020,12,3135,7,"G","2",14,10.2,2,"3.1",2019,"",NA,NA,NA,"3135_12","irrigated","alive",1,"Flowering",1,NA,"3",2,1,1,1,NA,NA
2021,12,3135,7,"G","3",21.5,9,2,"4",2019,"",NA,NA,NA,"3135_12","irrigated","alive",1,"Flowering",1,NA,"4",3,1,1,1,54,1
2022,12,3135,7,"G","4",34,9,3,"10.5",2019,"",NA,NA,NA,"3135_12","irrigated","alive",1,"Flowering",1,NA,"2",1,1,1,1,166,1
2023,12,3135,7,"G","2",41,15,1,"7",2019,"",NA,NA,NA,"3135_12","irrigated","alive",1,"Flowering",1,NA,"6",3,1,1,1,88,1
2024,12,3135,7,"G","6",37,14,3,"12",NA,"",NA,NA,NA,"3135_12","irrigated","alive",1,"Flowering",1,NA,"3",1,1,1,1,110,1
2025,12,3135,7,"G","3",22,16,1,"4.5",NA,"",NA,NA,NA,"3135_12","irrigated","alive",1,"Flowering",1,NA,"3",1,1,1,1,26,1
2026,12,3135,7,"G","3",36,14,1,"5",NA,"",NA,NA,NA,"3135_12","irrigated","alive",1,"Flowering",1,NA,NA,NA,NA,NA,1,58,1
2016,5,3135,18,"D","3",16.5,10.1,0,NA,2016,"Main stem missing, probably had one",NA,NA,NA,"3135_5","drought","alive",1,"Vegetative",0,NA,"3",2,1,1,NA,NA,NA
2017,5,3135,18,"D","3",20,12.5,2,"3",2016,"",NA,NA,NA,"3135_5","drought","alive",1,"Flowering",1,NA,"2",1,1,1,0,NA,NA
2018,5,3135,18,"D","2",11.5,10,1,"4.5",2016,"",NA,NA,NA,"3135_5","drought","alive",1,"Flowering",1,NA,"3",2,1,1,1,NA,NA
2019,5,3135,18,"D","3",27.3,9,2,"3.5",2016,"",NA,NA,NA,"3135_5","drought","alive",1,"Flowering",1,NA,NA,NA,NA,1,1,NA,NA
2020,5,3135,18,"D",NA,NA,NA,NA,NA,2016,"NS",NA,NA,NA,"3135_5","drought",NA,1,NA,NA,NA,"2",1,1,1,1,NA,NA
2021,5,3135,18,"D","2",16,9,1,"3",2016,"",NA,NA,NA,"3135_5","drought","alive",1,"Flowering",1,NA,"4",3,1,1,NA,0,0
2022,5,3135,18,"D","4",28,11.5,3,"16",2016,"",NA,NA,NA,"3135_5","drought","alive",1,"Flowering",1,NA,"3",2,1,1,1,78,1
2023,5,3135,18,"D","3",55,14,2,"11",2016,"1 leaf broken off",NA,NA,NA,"3135_5","drought","alive",1,"Flowering",1,NA,"3",2,1,1,1,NA,NA
2024,5,3135,18,"D","3",37.5,13.5,2,"10",NA,"",NA,NA,NA,"3135_5","drought","alive",1,"Flowering",1,NA,"1",0,0,1,1,124,1
2024,5,3135,18,"D","3",37.5,13.5,2,"10",NA,"",NA,NA,NA,"3135_5","drought","alive",1,"Flowering",1,NA,"1",0,0,1,1,80,1
2025,5,3135,18,"D","1",NA,13,0,NA,NA,"",NA,NA,NA,"3135_5","drought","alive",1,"Vegetative",0,NA,"1",0,0,1,1,NA,NA
2026,5,3135,18,"D","1",NA,15,0,NA,NA,"",NA,NA,NA,"3135_5","drought","alive",1,"Vegetative",0,NA,NA,NA,NA,NA,0,NA,NA
2019,13,3136,14,"A","2",NA,15,0,NA,2019,"",NA,NA,NA,"3136_13","control","alive",1,"Vegetative",0,NA,NA,NA,NA,1,NA,NA,NA
2020,13,3136,14,"A",NA,NA,NA,NA,NA,2019,"NS",NA,NA,NA,"3136_13","control",NA,1,NA,NA,NA,"1",0,0,1,0,NA,NA
2021,13,3136,14,"A","1",NA,12.5,0,NA,2019,"",NA,NA,NA,"3136_13","control","alive",1,"Vegetative",0,NA,"1",0,0,1,NA,NA,NA
2022,13,3136,14,"A","1",NA,13,0,NA,2019,"",NA,NA,NA,"3136_13","control","alive",1,"Vegetative",0,NA,"2",2,1,1,0,NA,NA
2023,13,3136,14,"A","2",24,11,2,"5.5",2019,"",NA,NA,NA,"3136_13","control","alive",1,"Flowering",1,NA,"1",0,0,1,0,NA,NA
2024,13,3136,14,"A","1",NA,8.5,0,NA,NA,"",NA,NA,NA,"3136_13","control","alive",1,"Vegetative",0,NA,"1",0,0,1,1,NA,NA
2025,13,3136,14,"A","1",NA,20.5,0,NA,NA,"",NA,NA,NA,"3136_13","control","alive",1,"Vegetative",0,NA,"0",NA,NA,NA,0,NA,NA
2026,13,3136,14,"A","0",NA,NA,NA,NA,NA,"NP",NA,NA,NA,"3136_13","control",NA,NA,NA,NA,NA,NA,NA,NA,NA,0,NA,NA
2016,6,3136,16,"B","9",38,8.5,1,"3.5",2016,"Dead leaves",NA,NA,NA,"3136_6","irrigated","alive",1,"Flowering",1,NA,"3",2,1,1,NA,NA,NA
2017,6,3136,16,"B","3",18.5,13.5,2,"2.8",2016,"",NA,NA,NA,"3136_6","irrigated","alive",1,"Flowering",1,NA,"2",1,1,1,1,NA,NA
2018,6,3136,16,"B","2",18,15,1,"2.3",2016,"",NA,NA,NA,"3136_6","irrigated","alive",1,"Flowering",1,NA,"2",2,1,1,1,NA,NA
2019,6,3136,16,"B","2",29,11.5,2,"4",2016,"",NA,NA,NA,"3136_6","irrigated","alive",1,"Flowering",1,NA,"3",2,1,1,1,NA,NA
2020,6,3136,16,"B","3",24,10.8,2,"3.1",2016,"",NA,NA,NA,"3136_6","irrigated","alive",1,"Flowering",1,NA,"2",2,1,1,1,NA,NA
2021,6,3136,16,"B","2",33,13.5,2,"5",2016,"",NA,NA,NA,"3136_6","irrigated","alive",1,"Flowering",1,NA,"5",3,1,1,1,0,0
2022,6,3136,16,"B","5",53,15,3,"14.5",2016,"",NA,NA,NA,"3136_6","irrigated","alive",1,"Flowering",1,NA,"6",3,1,1,1,278,1
2023,6,3136,16,"B","6",45,24,3,"12",2016,"",NA,NA,NA,"3136_6","irrigated","alive",1,"Flowering",1,NA,"2",2,1,1,1,62,1
2024,6,3136,16,"B","2",4,20,2,"7",NA,"",NA,NA,NA,"3136_6","irrigated","alive",1,"Flowering",1,NA,"3",1,1,1,1,54,1
2025,6,3136,16,"B","3",39,23,1,"3.5",NA,"",NA,NA,NA,"3136_6","irrigated","alive",1,"Flowering",1,NA,"1",1,1,1,1,96,1
2026,6,3136,16,"B","1",23.5,22,1,"3",NA,"",NA,NA,NA,"3136_6","irrigated","alive",1,"Flowering",1,NA,NA,NA,NA,NA,1,14,1
2019,12,3137,12,"G","1",NA,9,0,NA,2019,"",NA,NA,NA,"3137_12","irrigated","alive",1,"Vegetative",0,NA,"1",0,0,1,NA,NA,NA
2020,12,3137,12,"G","1",NA,9.7,0,NA,2019,"",NA,NA,NA,"3137_12","irrigated","alive",1,"Vegetative",0,NA,"3",0,0,1,0,NA,NA
2021,12,3137,12,"G","3",NA,11.5,0,NA,2019,"",NA,NA,NA,"3137_12","irrigated","alive",1,"Vegetative",0,NA,"3",1,1,1,0,NA,NA
2022,12,3137,12,"G","3",24,12.5,1,"3.5",2019,"",NA,NA,NA,"3137_12","irrigated","alive",1,"Flowering",1,NA,"2",0,0,1,0,48,1
2023,12,3137,12,"G","2",NA,16,0,NA,2019,"",NA,NA,NA,"3137_12","irrigated","alive",1,"Vegetative",0,NA,"1",0,0,1,1,NA,NA
2024,12,3137,12,"G","1",NA,11.5,0,NA,NA,"",NA,NA,NA,"3137_12","irrigated","alive",1,"Vegetative",0,NA,"2",0,0,1,0,NA,NA
2025,12,3137,12,"G","2",NA,14,0,NA,NA,"",NA,NA,NA,"3137_12","irrigated","alive",1,"Vegetative",0,NA,"1",0,0,1,0,NA,NA
2026,12,3137,12,"G","1",NA,13,0,NA,NA,"",NA,NA,NA,"3137_12","irrigated","alive",1,"Vegetative",0,NA,NA,NA,NA,NA,0,NA,NA
2019,13,3138,12,"A","1",NA,6.5,0,NA,2019,"",NA,NA,NA,"3138_13","control","alive",1,"Vegetative",0,NA,NA,NA,NA,1,NA,NA,NA
2020,13,3138,12,"A",NA,NA,NA,NA,NA,2019,"NS",NA,NA,NA,"3138_13","control",NA,1,NA,NA,NA,"1",0,0,1,0,NA,NA
2021,13,3138,12,"A","1",NA,10,0,NA,2019,"",NA,NA,NA,"3138_13","control","alive",1,"Vegetative",0,NA,"0",NA,NA,1,NA,NA,NA
2022,13,3138,12,"A","0",NA,NA,NA,NA,2019,"NP",NA,NA,NA,"3138_13","control","dormant",1,"Dormant",NA,NA,"1",0,0,1,0,NA,NA
2023,13,3138,12,"A","1",NA,10,0,NA,2019,"",NA,NA,NA,"3138_13","control","alive",1,"Vegetative",0,NA,"1",0,0,1,NA,NA,NA
2024,13,3138,12,"A","1",NA,11,0,NA,NA,"",NA,NA,NA,"3138_13","control","alive",1,"Vegetative",0,NA,"1",0,0,1,0,NA,NA
2025,13,3138,12,"A","1",NA,10.5,0,NA,NA,"",NA,NA,NA,"3138_13","control","alive",1,"Vegetative",0,NA,"1",0,0,1,0,NA,NA
2026,13,3138,12,"A","1",NA,12,0,NA,NA,"",NA,NA,NA,"3138_13","control","alive",1,"Vegetative",0,NA,NA,NA,NA,NA,0,NA,NA
2019,12,3139,17,"A","2",NA,5.5,0,NA,2019,"",NA,NA,NA,"3139_12","irrigated","alive",1,"Vegetative",0,NA,"1",0,0,1,NA,NA,NA
2020,12,3139,17,"A","1",NA,2.3,0,NA,2019,"",NA,NA,NA,"3139_12","irrigated","alive",1,"Vegetative",0,NA,"2",0,0,1,0,NA,NA
2021,12,3139,17,"A","2",NA,5.5,0,NA,2019,"",NA,NA,NA,"3139_12","irrigated","alive",1,"Vegetative",0,NA,"4",NA,NA,1,0,NA,NA
2022,12,3139,17,"A","4",NA,11,NA,NA,2019,"",NA,NA,NA,"3139_12","irrigated","alive",1,NA,NA,NA,"4",0,0,1,0,NA,NA
2023,12,3139,17,"A","4",NA,17,0,NA,2019,"",NA,NA,NA,"3139_12","irrigated","alive",1,"Vegetative",0,NA,"1",0,0,1,NA,NA,NA
2024,12,3139,17,"A","1",NA,13,0,NA,NA,"",NA,NA,NA,"3139_12","irrigated","alive",1,"Vegetative",0,NA,"3",0,0,1,0,NA,NA
2025,12,3139,17,"A","3",NA,14.5,0,NA,NA,"",NA,NA,NA,"3139_12","irrigated","alive",1,"Vegetative",0,NA,"1",0,0,1,0,NA,NA
2026,12,3139,17,"A","1",NA,20,0,NA,NA,"",NA,NA,NA,"3139_12","irrigated","alive",1,"Vegetative",0,NA,NA,NA,NA,NA,0,NA,NA
2019,12,3140,16,"C","3",NA,9,0,NA,2019,"",NA,NA,NA,"3140_12","irrigated","alive",1,"Vegetative",0,NA,"2",0,0,1,NA,NA,NA
2020,12,3140,16,"C","2",NA,4.9,0,NA,2019,"",NA,NA,NA,"3140_12","irrigated","alive",1,"Vegetative",0,NA,"1",0,0,1,0,NA,NA
2021,12,3140,16,"C","1",NA,10,0,NA,2019,"",NA,NA,NA,"3140_12","irrigated","alive",1,"Vegetative",0,NA,"2",0,0,1,0,NA,NA
2022,12,3140,16,"C","2",NA,14,0,NA,2019,"",NA,NA,NA,"3140_12","irrigated","alive",1,"Vegetative",0,NA,"2",0,0,1,0,NA,NA
2023,12,3140,16,"C","2",NA,12,0,NA,2019,"",NA,NA,NA,"3140_12","irrigated","alive",1,"Vegetative",0,NA,"1",0,0,1,0,NA,NA
2024,12,3140,16,"C","1",NA,9,0,NA,NA,"moss",NA,NA,NA,"3140_12","irrigated","alive",1,"Vegetative",0,NA,"4",0,0,1,0,NA,NA
2025,12,3140,16,"C","4",NA,14.5,0,NA,NA,"",NA,NA,NA,"3140_12","irrigated","alive",1,"Vegetative",0,NA,"1",0,0,1,0,NA,NA
2026,12,3140,16,"C","1",NA,12,0,NA,NA,"",NA,NA,NA,"3140_12","irrigated","alive",1,"Vegetative",0,NA,NA,NA,NA,NA,0,112,1
2016,6,3140,18,"F","3",25.2,2.5,1,"2.3",2016,"Partly eaten",NA,NA,NA,"3140_6","irrigated","alive",1,"Flowering",1,NA,"2",2,1,1,NA,NA,NA
2017,6,3140,18,"F","2",20,15,2,"3.5",2016,"",NA,NA,NA,"3140_6","irrigated","alive",1,"Flowering",1,NA,"6",1,1,1,1,NA,NA
2018,6,3140,18,"F","6",13.5,19,1,"0.7",2016,"",NA,NA,NA,"3140_6","irrigated","alive",1,"Flowering",1,NA,"2",2,1,1,1,NA,NA
2019,6,3140,18,"F","2",15,14,2,"2.5",2016,"",NA,NA,NA,"3140_6","irrigated","alive",1,"Flowering",1,NA,"1",0,0,1,1,NA,NA
2020,6,3140,18,"F","1",NA,12.1,0,NA,2016,"",NA,NA,NA,"3140_6","irrigated","alive",1,"Vegetative",0,NA,"4",1,1,1,1,NA,NA
2021,6,3140,18,"F","4",24,18,1,"4",2016,"",NA,NA,NA,"3140_6","irrigated","alive",1,"Flowering",1,NA,"4",3,1,1,0,0,0
2022,6,3140,18,"F","4",41,20.5,3,"18",2016,"",NA,NA,NA,"3140_6","irrigated","alive",1,"Flowering",1,NA,"5",4,1,1,1,216,1
2023,6,3140,18,"F","5",30,19,4,"13.5",2016,"",NA,NA,NA,"3140_6","irrigated","alive",1,"Flowering",1,NA,"2",1,1,1,1,60,1
2024,6,3140,18,"F","2",23,23,1,"2.5",NA,"",NA,NA,NA,"3140_6","irrigated","alive",1,"Flowering",1,NA,"1",0,0,1,1,112,1
2025,6,3140,18,"F","1",NA,16,0,NA,NA,"",NA,NA,NA,"3140_6","irrigated","alive",1,"Vegetative",0,NA,"1",0,0,1,1,NA,NA
2026,6,3140,18,"F","1",NA,20.5,0,NA,NA,"",NA,NA,NA,"3140_6","irrigated","alive",1,"Vegetative",0,NA,NA,NA,NA,NA,0,NA,NA
2019,13,3141,10,"A","2",NA,10,0,NA,2019,"",NA,NA,NA,"3141_13","control","alive",1,"Vegetative",0,NA,NA,NA,NA,NA,NA,NA,NA
2020,13,3141,10,"A",NA,NA,NA,NA,NA,2019,"NS",NA,NA,NA,"3141_13","control",NA,NA,NA,NA,NA,"0",NA,NA,0,0,NA,NA
2021,13,3141,10,"A","0",NA,NA,NA,NA,2019,"NP",NA,NA,NA,"3141_13","control","dead",0,"Dead",NA,NA,NA,NA,NA,NA,NA,NA,NA
2016,6,3141,15,"E","6",29.5,4.1,1,"4.3",2016,"",NA,NA,NA,"3141_6","irrigated","alive",1,"Flowering",1,NA,"6",0,0,1,NA,NA,NA
2017,6,3141,15,"E","6",19,19,0,NA,2016,"",NA,NA,NA,"3141_6","irrigated","alive",1,"Vegetative",0,NA,"1",0,0,1,1,NA,NA
2018,6,3141,15,"E","1",12,12,0,NA,2016,"",NA,NA,NA,"3141_6","irrigated","alive",1,"Vegetative",0,NA,"2",1,1,1,0,NA,NA
2019,6,3141,15,"E","2",9,7.5,1,"3",2016,"",NA,NA,NA,"3141_6","irrigated","alive",1,"Flowering",1,NA,"4",2,1,1,0,NA,NA
2020,6,3141,15,"E","4",27,13.1,2,"8.7",2016,"",NA,NA,NA,"3141_6","irrigated","alive",1,"Flowering",1,NA,"4",3,1,1,1,NA,NA
2021,6,3141,15,"E","4",27.5,14,3,"10",2016,"",NA,NA,NA,"3141_6","irrigated","alive",1,"Flowering",1,NA,"5",3,1,1,1,142,1
2022,6,3141,15,"E","5",50,19,3,"19",2016,"",NA,NA,NA,"3141_6","irrigated","alive",1,"Flowering",1,NA,"5",3,1,1,1,332,1
2023,6,3141,15,"E","5",28,16,3,"7",2016,"last flower is sad and small",NA,NA,NA,"3141_6","irrigated","alive",1,"Flowering",1,NA,"2",1,1,1,1,0,0
2024,6,3141,15,"E","2",32.5,14,1,"4",NA,"",NA,NA,NA,"3141_6","irrigated","alive",1,"Flowering",1,NA,"1",0,0,1,1,0,0
2025,6,3141,15,"E","1",NA,20,0,NA,NA,"",NA,NA,NA,"3141_6","irrigated","alive",1,"Vegetative",0,NA,"1",0,0,1,1,NA,NA
2026,6,3141,15,"E","1",NA,19,0,NA,NA,"",NA,NA,NA,"3141_6","irrigated","alive",1,"Vegetative",0,NA,NA,NA,NA,NA,0,NA,NA
2017,13,3142,17,"A","2",16,13,2,"2.5",2017,"",NA,NA,NA,"3142_13","control","alive",1,"Flowering",1,NA,"1",0,0,1,NA,NA,NA
2018,13,3142,17,"A","1",9.5,9.5,0,NA,2017,"",NA,NA,NA,"3142_13","control","alive",1,"Vegetative",0,NA,"3",0,0,1,1,NA,NA
2019,13,3142,17,"A","3",NA,16,0,NA,2017,"duplicate, changed to '3142",NA,NA,NA,"3142_13","control","alive",1,"Vegetative",0,NA,NA,NA,NA,1,0,NA,NA
2020,13,3142,17,"A",NA,NA,NA,NA,NA,2017,"new tag: 3142; NS",NA,NA,NA,"3142_13","control",NA,1,NA,NA,NA,"3",1,1,1,0,NA,NA
2021,13,3142,17,"A","3",13,16,1,"2",2017,"tag is 3142",NA,NA,NA,"3142_13","control","alive",1,"Flowering",1,NA,"1",0,0,1,NA,0,0
2022,13,3142,17,"A","1",NA,14,0,NA,2017,"2021: tag is 3142. 2022: changed previously",NA,NA,NA,"3142_13","control","alive",1,"Vegetative",0,NA,"0",NA,NA,1,1,NA,NA
2023,13,3142,17,"A","0",NA,NA,NA,NA,2017,"tag is 3142. NP.",NA,1,NA,"3142_13","control","dormant",1,"Dormant",NA,NA,"1",0,0,1,0,NA,NA
2024,13,3142,17,"A","1",NA,13,0,NA,NA,"",NA,NA,NA,"3142_13","control","alive",1,"Vegetative",0,NA,"1",0,0,1,NA,NA,NA
2025,13,3142,17,"A","1",NA,13,0,NA,NA,"tag is 3142",NA,1,NA,"3142_13","control","alive",1,"Vegetative",0,NA,"0",NA,NA,NA,0,NA,NA
2026,13,3142,17,"A","0",NA,NA,NA,NA,NA,"",NA,NA,NA,"3142_13","control",NA,NA,NA,NA,NA,NA,NA,NA,NA,0,NA,NA
2016,6,3142,19,"D","13",37.2,6.7,2,"4.2",2016,"2 stalks",NA,NA,NA,"3142_6","irrigated","alive",1,"Flowering",1,NA,"3",2,1,1,NA,NA,NA
2017,6,3142,19,"D","3",21,13,2,"3.2",2016,"",NA,NA,NA,"3142_6","irrigated","alive",1,"Flowering",1,NA,"3",1,1,1,1,NA,NA
2018,6,3142,19,"D","3",13,14,1,"2",2016,"",NA,NA,NA,"3142_6","irrigated","alive",1,"Flowering",1,NA,"2",1,1,1,1,NA,NA
2019,6,3142,19,"D","2",13.5,13,1,"2",2016,"",NA,NA,NA,"3142_6","irrigated","alive",1,"Flowering",1,NA,"1",1,1,1,1,NA,NA
2020,6,3142,19,"D","1",14.5,10,1,"1.8",2016,"tag missing, new tag=3792",NA,NA,NA,"3142_6","irrigated","alive",1,"Flowering",1,NA,"0",NA,NA,1,1,NA,NA
2021,6,3142,19,"D","0",NA,NA,NA,NA,2016,"NP, tag is 3792",NA,NA,NA,"3142_6","irrigated","dormant",1,"Dormant",NA,NA,"2",1,1,1,1,NA,NA
2022,6,3142,19,"D","2",37,19,1,"4",2016,"had repleacement tag 3792, but found both this year pointing at same plant. 2022: 3792 tag pulled",NA,1,NA,"3142_6","irrigated","alive",1,"Flowering",1,NA,"1",2,1,1,NA,0,0
2023,6,3142,19,"D","1",23,17,2,"0",2016,"",NA,NA,NA,"3142_6","irrigated","alive",1,"Flowering",1,NA,"1",0,0,1,1,0,0
2024,6,3142,19,"D","1",NA,16.5,0,NA,NA,"",NA,NA,NA,"3142_6","irrigated","alive",1,"Vegetative",0,NA,"0",NA,NA,0,1,NA,NA
2025,6,3142,19,"D","0",NA,NA,NA,NA,NA,"NP, outside plot",NA,NA,NA,"3142_6","irrigated","dead",0,"Dead",NA,NA,NA,NA,NA,NA,0,NA,NA
2019,13,3143,11,"A","1",NA,10,0,NA,2019,"",NA,NA,NA,"3143_13","control","alive",1,"Vegetative",0,NA,NA,NA,NA,1,NA,NA,NA
2020,13,3143,11,"A",NA,NA,NA,NA,NA,2019,"NS",NA,NA,NA,"3143_13","control",NA,1,NA,NA,NA,"2",1,1,1,0,NA,NA
2021,13,3143,11,"A","2",12,11,1,"2.5",2019,"",NA,NA,NA,"3143_13","control","alive",1,"Flowering",1,NA,"3",1,1,1,NA,0,0
2022,13,3143,11,"A","3",29,13.5,1,"5.5",2019,"",NA,NA,NA,"3143_13","control","alive",1,"Flowering",1,NA,"3",2,1,1,1,78,1
2023,13,3143,11,"A","3",32,13,2,"12",2019,"",NA,NA,NA,"3143_13","control","alive",1,"Flowering",1,NA,"3",1,1,1,1,NA,NA
2024,13,3143,11,"A","3",21.5,11.5,1,"2.5",NA,"",NA,NA,NA,"3143_13","control","alive",1,"Flowering",1,NA,"1",0,0,1,1,20,1
2025,13,3143,11,"A","1",NA,17.5,0,NA,NA,"",NA,NA,NA,"3143_13","control","alive",1,"Vegetative",0,NA,"4",1,1,1,1,NA,NA
2026,13,3143,11,"A","4",29,20,1,"4",NA,"",NA,NA,NA,"3143_13","control","alive",1,"Flowering",1,NA,NA,NA,NA,NA,0,82,1
2017,9,3143,14,"0.95","4",33,22,1,"3",2017,"Ycoord= distance from quadrat (m)",NA,NA,NA,"3143_9","irrigated","alive",1,"Flowering",1,NA,"9",2,1,1,NA,NA,NA
2018,9,3143,14,"0.95","9",36,23.5,2,"3.5",2017,"",NA,NA,NA,"3143_9","irrigated","alive",1,"Flowering",1,NA,"6",3,1,1,1,NA,NA
2019,9,3143,14,"0.95","6",38,22,3,"6",2017,"",NA,NA,NA,"3143_9","irrigated","alive",1,"Flowering",1,NA,"4",3,1,1,1,NA,NA
2020,9,3143,14,"0.95","4",47.8,20.1,3,"13.9",2017,"",NA,NA,NA,"3143_9","irrigated","alive",1,"Flowering",1,NA,"3",2,1,1,1,NA,NA
2021,9,3143,14,"0.95","3",37,20,2,"5",2017,"14T",NA,NA,NA,"3143_9","irrigated","alive",1,"Flowering",1,NA,"6",3,1,1,1,28,1
2022,9,3143,14,"0.95","6",50,20,3,"13",2017,"14T",NA,NA,NA,"3143_9","irrigated","alive",1,"Flowering",1,NA,"3",2,1,1,1,NA,NA
2023,9,3143,14,"0.95","3",52,18,2,"8",2017,"14J (div)",NA,NA,NA,"3143_9","irrigated","alive",1,"Flowering",1,NA,"4",1,1,1,1,NA,NA
2024,9,3143,14,"0.95","4",44,19,1,"7",NA,"14J (div); phen flp 17 may",NA,NA,NA,"3143_9","irrigated","alive",1,"Flowering",1,NA,NA,NA,NA,1,1,NA,NA
2025,9,3143,14,"0.95",NA,NA,NA,NA,NA,NA,"14J (div); NPNT, big hole",NA,NA,NA,"3143_9","irrigated",NA,1,NA,NA,NA,"10",0,0,1,1,NA,NA
2026,9,3143,14,"0.95","10",NA,19,0,NA,NA,"14J div",NA,NA,NA,"3143_9","irrigated","alive",1,"Vegetative",0,NA,NA,NA,NA,NA,NA,NA,NA
2019,12,3144,17,"A","1",NA,5.5,0,NA,2019,"",NA,NA,NA,"3144_12","irrigated","alive",1,"Vegetative",0,NA,"1",0,0,1,NA,NA,NA
2020,12,3144,17,"A","1",NA,5.8,0,NA,2019,"",NA,NA,NA,"3144_12","irrigated","alive",1,"Vegetative",0,NA,"0",NA,NA,0,0,NA,NA
2021,12,3144,17,"A","0",NA,NA,NA,NA,2019,"NP",NA,NA,NA,"3144_12","irrigated","dead",0,"Dead",NA,NA,NA,NA,NA,NA,0,NA,NA
2021,5,3144,14,"J","1",10,9,1,"3.5",2021,"",NA,NA,NA,"3144_5","drought","alive",1,"Flowering",1,NA,"0",NA,NA,0,NA,0,0
2022,5,3144,14,"J","0",NA,NA,NA,NA,2021,"NP",NA,NA,NA,"3144_5","drought","dead",0,"Dead",NA,NA,NA,NA,NA,NA,1,NA,NA
2017,5,3144,14,"J","3",23.5,10,1,"4",2017,"",NA,NA,NA,"3144_5_senior","drought","alive",1,"Flowering",1,NA,"2",0,0,1,NA,NA,NA
2018,5,3144,14,"J","2",9.5,11.5,0,NA,2017,"",NA,NA,NA,"3144_5_senior","drought","alive",1,"Vegetative",0,NA,"0",NA,NA,0,1,NA,NA
2019,5,3144,14,"J","0",NA,NA,NA,NA,2017,"no plant",NA,NA,NA,"3144_5_senior","drought","dead",0,"Dead",NA,NA,NA,NA,NA,NA,0,NA,NA
2019,12,3145,11,"D","3",NA,12.5,0,NA,2019,"",NA,NA,NA,"3145_12","irrigated","alive",1,"Vegetative",0,NA,"4",0,0,1,NA,NA,NA
2020,12,3145,11,"D","4",NA,12,0,NA,2019,"",NA,NA,NA,"3145_12","irrigated","alive",1,"Vegetative",0,NA,"2",0,0,1,0,NA,NA
2021,12,3145,11,"D","2",NA,15,0,NA,2019,"",NA,NA,NA,"3145_12","irrigated","alive",1,"Vegetative",0,NA,"3",1,1,1,0,NA,NA
2022,12,3145,11,"D","3",29.5,12,1,"4.5",2019,"",NA,NA,NA,"3145_12","irrigated","alive",1,"Flowering",1,NA,"4",0,0,1,0,92,1
2023,12,3145,11,"D","4",NA,22,0,NA,2019,"",NA,NA,NA,"3145_12","irrigated","alive",1,"Vegetative",0,NA,"2",1,1,1,1,NA,NA
2024,12,3145,11,"D","2",24,17,1,"2.5",NA,"",NA,NA,NA,"3145_12","irrigated","alive",1,"Flowering",1,NA,"3",0,0,1,0,0,0
2025,12,3145,11,"D","3",NA,20,0,NA,NA,"",NA,NA,NA,"3145_12","irrigated","alive",1,"Vegetative",0,NA,"1",0,0,1,1,NA,NA
2026,12,3145,11,"D","1",NA,19,0,NA,NA,"",NA,NA,NA,"3145_12","irrigated","alive",1,"Vegetative",0,NA,NA,NA,NA,NA,0,NA,NA
2019,12,3146,16,"B","2",NA,4.5,0,NA,2019,"",NA,NA,NA,"3146_12","irrigated","alive",1,"Vegetative",0,NA,"1",0,0,1,NA,NA,NA
2020,12,3146,16,"B","1",NA,5,0,NA,2019,"",NA,NA,NA,"3146_12","irrigated","alive",1,"Vegetative",0,NA,"2",0,0,1,0,NA,NA
2021,12,3146,16,"B","2",NA,14.5,0,NA,2019,"",NA,NA,NA,"3146_12","irrigated","alive",1,"Vegetative",0,NA,"1",0,0,1,0,NA,NA
2022,12,3146,16,"B","1",NA,18,0,NA,2019,"",NA,NA,NA,"3146_12","irrigated","alive",1,"Vegetative",0,NA,"1",0,0,1,0,NA,NA
2023,12,3146,16,"B","1",NA,25,0,NA,2019,"",NA,NA,NA,"3146_12","irrigated","alive",1,"Vegetative",0,NA,"3",1,1,1,0,NA,NA
2024,12,3146,16,"B","3",32.5,18.5,1,"3.5",NA,"missed in phen?",NA,NA,NA,"3146_12","irrigated","alive",1,"Flowering",1,NA,"2",0,0,1,0,44,1
2025,12,3146,16,"B","2",NA,22,0,NA,NA,"",NA,NA,NA,"3146_12","irrigated","alive",1,"Vegetative",0,NA,"3",1,1,1,1,NA,NA
2026,12,3146,16,"B","3",51,23,1,"5",NA,"",NA,NA,NA,"3146_12","irrigated","alive",1,"Flowering",1,NA,NA,NA,NA,NA,0,NA,NA
2019,12,3147,17,"B","2",NA,10.5,0,NA,2019,"",NA,NA,NA,"3147_12","irrigated","alive",1,"Vegetative",0,NA,"1",0,0,1,NA,NA,NA
2020,12,3147,17,"B","1",NA,11.3,0,NA,2019,"",NA,NA,NA,"3147_12","irrigated","alive",1,"Vegetative",0,NA,NA,NA,NA,1,0,NA,NA
2021,12,3147,17,"B",NA,NA,NA,NA,NA,2019,"NPNT",NA,NA,NA,"3147_12","irrigated",NA,1,NA,NA,NA,"1",0,0,1,0,NA,NA
2022,12,3147,17,"B","1",NA,19,0,NA,2019,"near plant 99",NA,NA,NA,"3147_12","irrigated","alive",1,"Vegetative",0,NA,"3",2,1,1,NA,NA,NA
2023,12,3147,17,"B","3",43,22,2,"11",2019,"",NA,NA,NA,"3147_12","irrigated","alive",1,"Flowering",1,NA,"3",1,1,1,0,94,1
2024,12,3147,17,"B","3",28,15,1,"5",NA,"",NA,NA,NA,"3147_12","irrigated","alive",1,"Flowering",1,NA,"2",0,0,1,1,14,1
2025,12,3147,17,"B","2",NA,21,0,NA,NA,"",NA,NA,NA,"3147_12","irrigated","alive",1,"Vegetative",0,NA,"0",NA,NA,NA,1,NA,NA
2026,12,3147,17,"B","0",NA,NA,NA,NA,NA,"NP",NA,NA,NA,"3147_12","irrigated",NA,NA,NA,NA,NA,NA,NA,NA,NA,0,NA,NA
2019,12,3148,17,"D","2",NA,8,0,NA,2019,"",NA,NA,NA,"3148_12","irrigated","alive",1,"Vegetative",0,NA,"1",0,0,1,NA,NA,NA
2020,12,3148,17,"D","1",NA,8.3,0,NA,2019,"",NA,NA,NA,"3148_12","irrigated","alive",1,"Vegetative",0,NA,"1",0,0,1,0,NA,NA
2021,12,3148,17,"D","1",NA,15,0,NA,2019,"",NA,NA,NA,"3148_12","irrigated","alive",1,"Vegetative",0,NA,"2",0,0,1,0,NA,NA
2022,12,3148,17,"D","2",NA,17.5,0,NA,2019,"",NA,NA,NA,"3148_12","irrigated","alive",1,"Vegetative",0,NA,"2",0,0,1,0,NA,NA
2023,12,3148,17,"D","2",NA,6,0,NA,2019,"",NA,NA,NA,"3148_12","irrigated","alive",1,"Vegetative",0,NA,"1",0,0,1,0,NA,NA
2024,12,3148,17,"D","1",NA,6.5,0,NA,NA,"",NA,NA,NA,"3148_12","irrigated","alive",1,"Vegetative",0,NA,"2",0,0,1,0,NA,NA
2025,12,3148,17,"D","2",NA,12,0,NA,NA,"",NA,NA,NA,"3148_12","irrigated","alive",1,"Vegetative",0,NA,"0",NA,NA,NA,0,NA,NA
2026,12,3148,17,"D","0",NA,NA,NA,NA,NA,"NP",NA,NA,NA,"3148_12","irrigated",NA,NA,NA,NA,NA,NA,NA,NA,NA,0,NA,NA
2022,5,3148,2,"C","2",27.5,19.5,1,"4",2022,"",NA,NA,NA,"3148_5","drought","alive",1,"Flowering",1,NA,"3",2,1,1,NA,52,1
2023,5,3148,2,"C","3",41,18.5,2,"4",2022,"",NA,NA,NA,"3148_5","drought","alive",1,"Flowering",1,NA,"6",3,1,1,1,0,0
2024,5,3148,2,"C","6",30,14,3,"11",2022,"possivle 4th umbel as pod; check phen",NA,NA,NA,"3148_5","drought","alive",1,"Flowering",1,NA,"2",1,1,1,1,0,0
2025,5,3148,2,"C","2",19,16,1,"3",2022,"",NA,NA,NA,"3148_5","drought","alive",1,"Flowering",1,NA,"4",2,1,1,1,0,0
2026,5,3148,2,"C","4",18,16,2,"5.5",2022,"",NA,NA,NA,"3148_5","drought","alive",1,"Flowering",1,NA,NA,NA,NA,NA,1,0,0
2017,5,3148,2,"C","2",23,11,2,"3",2017,"",NA,NA,NA,"3148_5_senior","drought","alive",1,"Flowering",1,NA,"1",1,1,1,NA,NA,NA
2018,5,3148,2,"C","1",11,8.5,1,"2.25",2017,"",NA,NA,NA,"3148_5_senior","drought","alive",1,"Flowering",1,NA,"0",NA,NA,0,1,NA,NA
2019,5,3148,2,"C","0",NA,NA,NA,NA,2017,"no plant",NA,NA,NA,"3148_5_senior","drought","dead",0,"Dead",NA,NA,NA,NA,NA,NA,1,NA,NA
2019,12,3149,16,"C","3",NA,9,0,NA,2019,"",NA,NA,NA,"3149_12","irrigated","alive",1,"Vegetative",0,NA,"2",0,0,1,NA,NA,NA
2020,12,3149,16,"C","2",NA,5.7,0,NA,2019,"",NA,NA,NA,"3149_12","irrigated","alive",1,"Vegetative",0,NA,"1",0,0,1,0,NA,NA
2021,12,3149,16,"C","1",NA,11,0,NA,2019,"",NA,NA,NA,"3149_12","irrigated","alive",1,"Vegetative",0,NA,"2",0,0,1,0,NA,NA
2022,12,3149,16,"C","2",NA,18,0,NA,2019,"",NA,NA,NA,"3149_12","irrigated","alive",1,"Vegetative",0,NA,"1",0,0,1,0,NA,NA
2023,12,3149,16,"C","1",NA,15,0,NA,2019,"",NA,NA,NA,"3149_12","irrigated","alive",1,"Vegetative",0,NA,"0",NA,NA,1,0,NA,NA
2024,12,3149,16,"C","0",NA,NA,NA,NA,NA,"NP",NA,NA,NA,"3149_12","irrigated","dormant",1,"Dormant",NA,NA,"2",0,0,1,0,NA,NA
2025,12,3149,16,"C","2",NA,13,0,NA,NA,"",NA,NA,NA,"3149_12","irrigated","alive",1,"Vegetative",0,NA,NA,NA,NA,NA,NA,NA,NA
2026,12,3149,16,"C",NA,NA,NA,NA,NA,NA,"NPNT",NA,NA,NA,"3149_12","irrigated",NA,NA,NA,NA,NA,NA,NA,NA,NA,0,NA,NA
2016,14,3149,19,"A","2",16.5,3.6,1,"1.5",2016,"",NA,NA,NA,"3149_14","drought","alive",1,"Flowering",1,NA,"3",1,1,1,NA,NA,NA
2017,14,3149,19,"A","3",24.5,12,1,"2.7",2016,"",NA,NA,NA,"3149_14","drought","alive",1,"Flowering",1,NA,"2",0,0,1,1,NA,NA
2018,14,3149,19,"A","2",14.5,14.5,0,NA,2016,"",NA,NA,NA,"3149_14","drought","alive",1,"Vegetative",0,NA,"1",1,1,1,1,NA,NA
2019,14,3149,19,"A","1",22,12,1,"3.5",2016,"",NA,NA,NA,"3149_14","drought","alive",1,"Flowering",1,NA,NA,NA,NA,1,0,NA,NA
2020,14,3149,19,"A",NA,NA,NA,NA,NA,2016,"NS",NA,NA,NA,"3149_14","drought",NA,1,NA,NA,NA,"2",1,1,1,1,NA,NA
2021,14,3149,19,"A","2",21,14.5,1,"2",2016,"",NA,NA,NA,"3149_14","drought","alive",1,"Flowering",1,NA,"5",3,1,1,NA,38,1
2022,14,3149,19,"A","5",49,16,3,"11.5",2016,"Outside of plot",NA,NA,NA,"3149_14","drought","alive",1,"Flowering",1,NA,"4",0,0,1,1,234,1
2023,14,3149,19,"A","4",NA,27,0,NA,2016,"outside of plot",NA,NA,NA,"3149_14","drought","alive",1,"Vegetative",0,NA,"1",0,0,1,1,NA,NA
2024,14,3149,19,"A","1",NA,14.5,0,NA,NA,"",NA,NA,NA,"3149_14","drought","alive",1,"Vegetative",0,NA,"1",1,1,1,0,NA,NA
2025,14,3149,19,"A","1",32,8,1,"3.5",NA,"outside plot",NA,NA,NA,"3149_14","drought","alive",1,"Flowering",1,NA,"3",0,0,1,0,NA,NA
2026,14,3149,19,"A","3",NA,14,0,NA,NA,"",NA,NA,NA,"3149_14","drought","alive",1,"Vegetative",0,NA,NA,NA,NA,NA,1,NA,NA
2019,7,3150,13,"G","2",NA,17,0,NA,2019,"",NA,NA,NA,"3150_7","drought","alive",1,"Vegetative",0,NA,"1",0,0,1,NA,NA,NA
2020,7,3150,13,"G","1",NA,15.8,0,NA,2019,"",NA,NA,NA,"3150_7","drought","alive",1,"Vegetative",0,NA,"1",0,0,1,0,NA,NA
2021,7,3150,13,"G","1",NA,17,0,NA,2019,"",NA,NA,NA,"3150_7","drought","alive",1,"Vegetative",0,NA,"1",0,0,1,0,NA,NA
2022,7,3150,13,"G","1",NA,24,0,NA,2019,"",NA,NA,NA,"3150_7","drought","alive",1,"Vegetative",0,NA,"1",1,1,1,0,NA,NA
2023,7,3150,13,"G","1",38,20.5,1,"5",2019,"",NA,NA,NA,"3150_7","drought","alive",1,"Flowering",1,NA,"3",2,1,1,0,NA,NA
2024,7,3150,13,"G","3",39,30,2,"5",NA,"",NA,NA,NA,"3150_7","drought","alive",1,"Flowering",1,NA,"0",NA,NA,0,1,0,0
2025,7,3150,13,"G","0",NA,NA,NA,NA,NA,"NP",NA,NA,NA,"3150_7","drought","dead",0,"Dead",NA,NA,NA,NA,NA,NA,1,NA,NA
2016,1,3151,8,"H","4",21,11.5,1,"2.5",2016,"",NA,NA,NA,"3151_1","irrigated","alive",1,"Flowering",1,NA,"1",1,1,1,NA,NA,NA
2017,1,3151,8,"H","1",16,8.5,1,"1.5",2016,"",NA,NA,NA,"3151_1","irrigated","alive",1,"Flowering",1,NA,"3",1,1,1,1,NA,NA
2018,1,3151,8,"H","3",12,12,1,"2.2",2016,"",NA,NA,NA,"3151_1","irrigated","alive",1,"Flowering",1,NA,"2",1,1,1,1,NA,NA
2019,1,3151,8,"H","2",13,7,1,"2.5",2016,"",NA,NA,NA,"3151_1","irrigated","alive",1,"Flowering",1,NA,"2",1,1,1,1,NA,NA
2020,1,3151,8,"H","2",16.6,9.6,1,"2.3",2016,"",NA,NA,NA,"3151_1","irrigated","alive",1,"Flowering",1,NA,"2",1,1,1,1,NA,NA
2021,1,3151,8,"H","2",28,15,1,"3.5",2016,"",NA,NA,NA,"3151_1","irrigated","alive",1,"Flowering",1,NA,"5",1,1,1,1,0,0
2022,1,3151,8,"H","5",34,20,1,"4",2016,"",NA,NA,NA,"3151_1","irrigated","alive",1,"Flowering",1,NA,"3",3,1,1,1,66,1
2023,1,3151,8,"H","3",37,18,3,"10",2016,"",NA,NA,NA,"3151_1","irrigated","alive",1,"Flowering",1,NA,"2",1,1,1,1,120,1
2024,1,3151,8,"H","2",19.5,11,1,"2.5",NA,"",NA,NA,NA,"3151_1","irrigated","alive",1,"Flowering",1,NA,"2",0,0,1,1,0,0
2025,1,3151,8,"H","2",NA,22,0,NA,NA,"",NA,NA,NA,"3151_1","irrigated","alive",1,"Vegetative",0,NA,"0",NA,NA,NA,1,NA,NA
2026,1,3151,8,"H","0",NA,NA,NA,NA,NA,"NP",NA,NA,NA,"3151_1","irrigated",NA,NA,NA,NA,NA,NA,NA,NA,NA,0,NA,NA
2019,4,3151,4,"I","1",NA,11,0,NA,2019,"",NA,NA,NA,"3151_4","irrigated","alive",1,"Vegetative",0,NA,"1",0,0,1,NA,NA,NA
2020,4,3151,4,"I","1",NA,10.2,0,NA,2019,"",NA,NA,NA,"3151_4","irrigated","alive",1,"Vegetative",0,NA,NA,NA,NA,NA,0,NA,NA
2021,4,3151,4,"I",NA,NA,NA,NA,NA,2019,"NPNT",NA,NA,NA,"3151_4","irrigated",NA,NA,NA,NA,NA,NA,NA,NA,0,0,NA,NA
2022,4,3151,4,"I",NA,NA,NA,NA,NA,2019,"NPNT",NA,NA,NA,"3151_4","irrigated","dead",0,"Dead",NA,NA,NA,NA,NA,NA,NA,NA,NA
2019,4,3152,1,"I","1",NA,12,0,NA,2019,"",NA,NA,NA,"3152_4","irrigated","alive",1,"Vegetative",0,NA,"1",0,0,1,NA,NA,NA
2020,4,3152,1,"I","1",NA,12.3,0,NA,2019,"",NA,NA,NA,"3152_4","irrigated","alive",1,"Vegetative",0,NA,"1",0,0,1,0,NA,NA
2021,4,3152,1,"I","1",NA,17,0,NA,2019,"",NA,NA,NA,"3152_4","irrigated","alive",1,"Vegetative",0,NA,"0",NA,NA,1,0,NA,NA
2022,4,3152,1,"I","0",NA,NA,NA,NA,2019,"NP",NA,NA,NA,"3152_4","irrigated","dormant",1,"Dormant",NA,NA,"1",0,0,1,0,NA,NA
2023,4,3152,1,"I","1",NA,16,0,NA,2019,"",NA,NA,NA,"3152_4","irrigated","alive",1,"Vegetative",0,NA,"1",0,0,1,NA,NA,NA
2024,4,3152,1,"I","1",NA,4.5,0,NA,NA,"",NA,NA,NA,"3152_4","irrigated","alive",1,"Vegetative",0,NA,"1",0,0,1,0,NA,NA
2025,4,3152,1,"I","1",NA,9.5,0,NA,NA,"",NA,NA,NA,"3152_4","irrigated","alive",1,"Vegetative",0,NA,"2",0,0,1,0,NA,NA
2026,4,3152,1,"I","2",NA,12.5,0,NA,NA,"",NA,NA,NA,"3152_4","irrigated","alive",1,"Vegetative",0,NA,NA,NA,NA,NA,0,NA,NA
2022,5,3152,1,"G","3",25,21,1,"3.5",2022,"",NA,NA,NA,"3152_5","drought","alive",1,"Flowering",1,NA,"4",3,1,1,NA,4,1
2023,5,3152,1,"G","4",40,13,3,"6",2022,"",NA,NA,NA,"3152_5","drought","alive",1,"Flowering",1,NA,"2",2,1,1,1,14,1
2024,5,3152,1,"G","2",30,16,2,"4",2022,"second umbel dead",NA,NA,NA,"3152_5","drought","alive",1,"Flowering",1,NA,"2",2,1,1,1,0,0
2025,5,3152,1,"G","2",25,15,2,"3",2022,"",NA,NA,NA,"3152_5","drought","alive",1,"Flowering",1,NA,"0",NA,NA,NA,1,4,1
2026,5,3152,1,"G","0",NA,NA,NA,NA,2022,"NP",NA,NA,NA,"3152_5","drought",NA,NA,NA,NA,NA,NA,NA,NA,NA,1,NA,NA
2017,5,3152,1,"G","2",18.5,11.5,1,"2",2017,"",NA,NA,NA,"3152_5_senior","drought","alive",1,"Flowering",1,NA,"1",0,0,1,NA,NA,NA
2018,5,3152,1,"G","1",10.5,10.5,0,NA,2017,"",NA,NA,NA,"3152_5_senior","drought","alive",1,"Vegetative",0,NA,"1",0,0,1,1,NA,NA
2019,5,3152,1,"G","1",NA,14,0,NA,2017,"",NA,NA,NA,"3152_5_senior","drought","alive",1,"Vegetative",0,NA,"0",NA,NA,0,0,NA,NA
2020,5,3152,1,"G","0",NA,NA,NA,NA,2017,"no plant",NA,NA,NA,"3152_5_senior","drought","dead",0,"Dead",NA,NA,NA,NA,NA,NA,0,NA,NA
2019,12,3153,13,"E","1",NA,5,0,NA,2019,"",NA,NA,NA,"3153_12","irrigated","alive",1,"Vegetative",0,NA,"1",0,0,1,NA,NA,NA
2020,12,3153,13,"E","1",NA,6.5,0,NA,2019,"removed",NA,NA,NA,"3153_12","irrigated","alive",1,"Vegetative",0,NA,NA,NA,NA,0,0,NA,NA
2021,12,3153,13,"E",NA,NA,NA,NA,NA,2019,"NPNT, was the tag pulled?",NA,NA,NA,"3153_12","irrigated","dead",0,"Dead",NA,NA,NA,NA,NA,NA,0,NA,NA
2021,5,3153,14,"D","1",NA,10.5,0,NA,2021,"",NA,NA,NA,"3153_5","drought","alive",1,"Vegetative",0,NA,"2",1,1,1,NA,NA,NA
2022,5,3153,14,"D","2",20,18,1,"4",2021,"",NA,NA,NA,"3153_5","drought","alive",1,"Flowering",1,NA,"4",2,1,1,0,0,0
2023,5,3153,14,"D","4",36,16,2,"9",2021,"",NA,NA,NA,"3153_5","drought","alive",1,"Flowering",1,NA,NA,NA,NA,1,1,NA,NA
2024,5,3153,14,"D",NA,NA,NA,NA,NA,2021,"NPNT",NA,NA,NA,"3153_5","drought",NA,1,NA,NA,NA,"3",1,1,1,1,NA,NA
2025,5,3153,14,"D","3",20,13,1,"4.5",2021,"",NA,NA,NA,"3153_5","drought","alive",1,"Flowering",1,NA,"3",1,1,1,NA,NA,NA
2026,5,3153,14,"D","3",19,13,1,"3",2021,"",NA,NA,NA,"3153_5","drought","alive",1,"Flowering",1,NA,NA,NA,NA,NA,1,0,0
2017,5,3153,14,"D","2",20,13,1,"3.5",2017,"",NA,NA,NA,"3153_5_senior","drought","alive",1,"Flowering",1,NA,"1",0,0,1,NA,NA,NA
2018,5,3153,14,"D","1",11.5,11.5,0,NA,2017,"",NA,NA,NA,"3153_5_senior","drought","alive",1,"Vegetative",0,NA,"0",NA,NA,0,1,NA,NA
2019,5,3153,14,"D","0",NA,NA,NA,NA,2017,"no plant",NA,NA,NA,"3153_5_senior","drought","dead",0,"Dead",NA,NA,NA,NA,NA,NA,0,NA,NA
2016,13,3154,16,"J","8",23,6.6,1,"4.5",2016,"2 stalks",NA,NA,NA,"3154_13","control","alive",1,"Flowering",1,NA,"4",2,1,1,NA,NA,NA
2017,13,3154,16,"J","4",19.5,14.5,2,"3",2016,"",NA,NA,NA,"3154_13","control","alive",1,"Flowering",1,NA,"6",2,1,1,1,NA,NA
2018,13,3154,16,"J","6",12.5,10.5,2,"3.8",2016,"",NA,NA,NA,"3154_13","control","alive",1,"Flowering",1,NA,"10",1,1,1,1,NA,NA
2019,13,3154,16,"J","10",22,14,1,"2.5",2016,"",NA,NA,NA,"3154_13","control","alive",1,"Flowering",1,NA,"2",0,0,1,1,NA,NA
2020,13,3154,16,"J","2",NA,21,0,NA,2016,"",NA,NA,NA,"3154_13","control","alive",1,"Vegetative",0,NA,"5",0,0,1,1,NA,NA
2021,13,3154,16,"J","5",NA,14,0,NA,2016,"",NA,NA,NA,"3154_13","control","alive",1,"Vegetative",0,NA,"4",0,0,1,0,NA,NA
2022,13,3154,16,"J","4",NA,15,0,NA,2016,"",NA,NA,NA,"3154_13","control","alive",1,"Vegetative",0,NA,"5",1,1,1,0,NA,NA
2023,13,3154,16,"J","5",18,20,1,"0.5",2016,"a bud, prob won't make seeds",NA,NA,NA,"3154_13","control","alive",1,"Flowering",1,NA,"4",2,1,1,0,NA,NA
2024,13,3154,16,"J","4",9,11,2,"5",NA,"in moss",NA,NA,NA,"3154_13","control","alive",1,"Flowering",1,NA,"3",0,0,1,1,0,0
2025,13,3154,16,"J","3",NA,20,0,NA,NA,"in moss",NA,NA,NA,"3154_13","control","alive",1,"Vegetative",0,NA,"0",NA,NA,NA,1,NA,NA
2026,13,3154,16,"J","0",NA,NA,NA,NA,NA,"NP",NA,NA,NA,"3154_13","control",NA,NA,NA,NA,NA,NA,NA,NA,NA,0,NA,NA
2019,4,3154,1,"A","1",NA,6,0,NA,2019,"",NA,NA,NA,"3154_4","irrigated","alive",1,"Vegetative",0,NA,"1",0,0,1,NA,NA,NA
2020,4,3154,1,"A","1",NA,13.3,0,NA,2019,"",NA,NA,NA,"3154_4","irrigated","alive",1,"Vegetative",0,NA,"1",0,0,1,0,NA,NA
2021,4,3154,1,"A","1",NA,10,0,NA,2019,"",NA,NA,NA,"3154_4","irrigated","alive",1,"Vegetative",0,NA,"2",0,0,1,0,NA,NA
2022,4,3154,1,"A","2",NA,20,0,NA,2019,"",NA,NA,NA,"3154_4","irrigated","alive",1,"Vegetative",0,NA,"2",1,1,1,0,NA,NA
2023,4,3154,1,"A","2",42,14.5,1,"4",2019,"on plot edge, not tracket for phenology",NA,NA,NA,"3154_4","irrigated","alive",1,"Flowering",1,NA,"2",1,1,1,0,NA,NA
2024,4,3154,1,"A","2",34,17,1,"6",NA,"",NA,NA,NA,"3154_4","irrigated","alive",1,"Flowering",1,NA,"2",1,1,1,1,18,1
2025,4,3154,1,"A","2",34,15.5,1,"4",NA,"",NA,NA,1,"3154_4","irrigated","alive",1,"Flowering",1,NA,"7",3,1,1,1,6,1
2026,4,3154,1,"A","7",48,16,3,"14",NA,"",NA,NA,NA,"3154_4","irrigated","alive",1,"Flowering",1,NA,NA,NA,NA,NA,1,194,1
2016,13,3155,5,"A","3",30,5.5,1,"7.9",2016,"1 stem missing top",NA,NA,NA,"3155_13","control","alive",1,"Flowering",1,NA,"4",4,1,1,NA,NA,NA
2017,13,3155,5,"A","4",16,13,4,"3",2016,"",NA,NA,NA,"3155_13","control","alive",1,"Flowering",1,NA,"1",0,0,1,1,NA,NA
2018,13,3155,5,"A","1",11,11,0,NA,2016,"",NA,NA,NA,"3155_13","control","alive",1,"Vegetative",0,NA,"3",2,1,1,1,NA,NA
2019,13,3155,5,"A","3",19,11,2,"2.5",2016,"",NA,NA,NA,"3155_13","control","alive",1,"Flowering",1,NA,"1",0,0,1,0,NA,NA
2020,13,3155,5,"A","1",NA,8.4,0,NA,2016,"",NA,NA,NA,"3155_13","control","alive",1,"Vegetative",0,NA,"5",1,1,1,1,NA,NA
2021,13,3155,5,"A","5",19,11,1,"2",2016,"",NA,NA,NA,"3155_13","control","alive",1,"Flowering",1,NA,"3",1,1,1,0,0,0
2022,13,3155,5,"A","3",27,13,1,"4",2016,"",NA,NA,NA,"3155_13","control","alive",1,"Flowering",1,NA,"5",3,1,1,1,88,1
2023,13,3155,5,"A","5",59,18.5,3,"10.5",2016,"1 umbel dead, 1 eaten",NA,NA,NA,"3155_13","control","alive",1,"Flowering",1,NA,"5",2,1,1,1,386,1
2024,13,3155,5,"A","5",22.5,11,2,"6",NA,"",NA,NA,NA,"3155_13","control","alive",1,"Flowering",1,NA,"1",1,1,1,1,26,1
2025,13,3155,5,"A","1",17,11,1,"2",NA,"",NA,NA,NA,"3155_13","control","alive",1,"Flowering",1,NA,"1",0,0,1,1,NA,NA
2026,13,3155,5,"A","1",NA,18.5,0,NA,NA,"",NA,NA,NA,"3155_13","control","alive",1,"Vegetative",0,NA,NA,NA,NA,NA,1,NA,NA
2019,2,3155,16,"A","1",NA,12.5,0,NA,2019,"",NA,NA,NA,"3155_2","control","alive",1,"Vegetative",0,NA,NA,NA,NA,1,NA,NA,NA
2020,2,3155,16,"A",NA,NA,NA,NA,NA,2019,"NS",NA,NA,NA,"3155_2","control",NA,1,NA,NA,NA,"1",1,1,1,0,NA,NA
2021,2,3155,16,"A","1",NA,13.5,1,NA,2019,"umble eaten",NA,NA,NA,"3155_2","control","alive",1,"Flowering",1,NA,"2",1,1,1,NA,0,0
2022,2,3155,16,"A","2",28.5,15,1,"4.5",2019,"",NA,NA,NA,"3155_2","control","alive",1,"Flowering",1,NA,"4",2,1,1,1,4,1
2023,2,3155,16,"A","4",35,13,2,"8",2019,"",NA,NA,NA,"3155_2","control","alive",1,"Flowering",1,NA,"2",1,1,1,1,60,1
2024,2,3155,16,"A","2",25,18.5,1,"2.5",NA,"",NA,NA,NA,"3155_2","control","alive",1,"Flowering",1,NA,"0",NA,NA,1,1,0,0
2025,2,3155,16,"A","0",NA,NA,NA,NA,NA,"NP, tag in dactylis",NA,NA,NA,"3155_2","control","dormant",1,"Dormant",NA,NA,"1",0,0,1,1,NA,NA
2026,2,3155,16,"A","1",NA,24.5,0,NA,NA,"in dactylis",NA,NA,NA,"3155_2","control","alive",1,"Vegetative",0,NA,NA,NA,NA,NA,NA,NA,NA
2016,15,3156,19,"D","4",20,13.2,2,"3.3",2016,"",NA,NA,NA,"3156_15","drought","alive",1,"Flowering",1,NA,"2",0,0,1,NA,NA,NA
2017,15,3156,19,"D","2",21.5,21.5,0,NA,2016,"",NA,NA,NA,"3156_15","drought","alive",1,"Vegetative",0,NA,"3",0,0,1,1,NA,NA
2018,15,3156,19,"D","3",19.5,19.5,0,NA,2016,"",NA,NA,NA,"3156_15","drought","alive",1,"Vegetative",0,NA,"0",NA,NA,0,0,NA,NA
2019,15,3156,19,"D","0",NA,NA,NA,NA,2016,"no plant",NA,NA,NA,"3156_15","drought","dead",0,"Dead",NA,NA,NA,NA,NA,NA,0,NA,NA
2019,2,3156,11,"E","3",14.5,7,2,"2.5",2019,"",NA,NA,NA,"3156_2","control","alive",1,"Flowering",1,NA,NA,NA,NA,1,NA,NA,NA
2020,2,3156,11,"E",NA,NA,NA,NA,NA,2019,"NS",NA,NA,NA,"3156_2","control",NA,1,NA,NA,NA,"2",2,1,1,1,NA,NA
2021,2,3156,11,"E","2",29,17,2,"11.5",2019,"",NA,NA,NA,"3156_2","control","alive",1,"Flowering",1,NA,"2",2,1,1,NA,0,0
2022,2,3156,11,"E","2",32.5,6,2,"7",2019,"",NA,NA,NA,"3156_2","control","alive",1,"Flowering",1,NA,"2",2,1,1,1,70,1
2023,2,3156,11,"E","2",20,10,2,"6.5",2019,"untagged plant next to it",NA,1,NA,"3156_2","control","alive",1,"Flowering",1,NA,"1",0,0,1,1,10,1
2024,2,3156,11,"E","1",NA,11.5,0,NA,NA,"accidentally pulled when measured",NA,NA,NA,"3156_2","control","alive",1,"Vegetative",0,NA,"2",2,1,1,1,NA,NA
2025,2,3156,11,"E","2",17,13,2,"7",NA,"",NA,NA,1,"3156_2","control","alive",1,"Flowering",1,NA,"1",0,0,1,0,4,1
2026,2,3156,11,"E","1",NA,18.5,0,NA,NA,"",NA,NA,NA,"3156_2","control","alive",1,"Vegetative",0,NA,NA,NA,NA,NA,1,NA,NA
2017,15,3157,0,"J","6",34,12,2,"4.5",2016,"",NA,NA,NA,"3157_15","drought","alive",1,"Flowering",1,NA,NA,NA,NA,0,NA,NA,NA
2018,15,3157,0,"J",NA,NA,NA,NA,NA,2016,"NPNT",NA,NA,NA,"3157_15","drought","dead",0,"Dead",NA,NA,NA,NA,NA,NA,1,NA,NA
2019,2,3157,18,"E","3",26,10,2,"3",2019,"",NA,NA,NA,"3157_2","control","alive",1,"Flowering",1,NA,NA,NA,NA,1,NA,NA,NA
2020,2,3157,18,"E",NA,NA,NA,NA,NA,2019,"NS",NA,NA,NA,"3157_2","control",NA,1,NA,NA,NA,"6",2,1,1,1,NA,NA
2021,2,3157,18,"E","6",20.5,10,2,"6.5",2019,"",NA,NA,NA,"3157_2","control","alive",1,"Flowering",1,NA,"5",3,1,1,NA,70,1
2022,2,3157,18,"E","5",41,16,3,"14.5",2019,"",NA,NA,NA,"3157_2","control","alive",1,"Flowering",1,NA,"2",1,1,1,1,244,1
2023,2,3157,18,"E","2",34,11,1,"5",2019,"",NA,NA,NA,"3157_2","control","alive",1,"Flowering",1,NA,NA,NA,NA,1,1,0,0
2024,2,3157,18,"E",NA,NA,NA,NA,NA,NA,"NPNT",NA,NA,NA,"3157_2","control",NA,1,NA,NA,NA,"1",0,0,1,1,NA,NA
2025,2,3157,18,"E","1",NA,23,0,NA,NA,"",NA,NA,NA,"3157_2","control","alive",1,"Vegetative",0,NA,"0",NA,NA,NA,NA,NA,NA
2026,2,3157,18,"E","0",NA,NA,NA,NA,NA,"NP",NA,NA,NA,"3157_2","control",NA,NA,NA,NA,NA,NA,NA,NA,NA,0,NA,NA
2021,14,3158,4,"C","1",NA,11.5,0,NA,2021,"",NA,NA,NA,"3158_14","drought","alive",1,"Vegetative",0,NA,"3",2,1,1,NA,NA,NA
2022,14,3158,4,"C","3",52,16,2,"7.5",2021,"",NA,NA,NA,"3158_14","drought","alive",1,"Flowering",1,NA,"4",3,1,1,0,120,1
2023,14,3158,4,"C","4",48,18,3,"9.5",2021,"",NA,NA,NA,"3158_14","drought","alive",1,"Flowering",1,NA,"2",1,1,1,1,96,1
2024,14,3158,4,"C","2",26,15,1,"3",NA,"",NA,NA,NA,"3158_14","drought","alive",1,"Flowering",1,NA,"1",0,0,1,1,0,0
2025,14,3158,4,"C","1",NA,27.5,0,NA,NA,"",NA,NA,NA,"3158_14","drought","alive",1,"Vegetative",0,NA,"2",1,1,1,1,NA,NA
2026,14,3158,4,"C","2",27.5,19,1,"4",NA,"",NA,NA,NA,"3158_14","drought","alive",1,"Flowering",1,NA,NA,NA,NA,NA,0,14,1
2019,2,3159,13,"H","3",10,8,2,"2",2019,"",NA,NA,NA,"3159_2","control","alive",1,"Flowering",1,NA,NA,NA,NA,1,NA,NA,NA
2020,2,3159,13,"H",NA,NA,NA,NA,NA,2019,"NS",NA,NA,NA,"3159_2","control",NA,1,NA,NA,NA,"5",3,1,1,1,NA,NA
2021,2,3159,13,"H","5",20.5,16.5,3,"11.5",2019,"",NA,NA,NA,"3159_2","control","alive",1,"Flowering",1,NA,"6",2,1,1,NA,0,0
2022,2,3159,13,"H","6",23,14,2,"7.5",2019,"",NA,NA,NA,"3159_2","control","alive",1,"Flowering",1,NA,"10",6,1,1,1,0,0
2023,2,3159,13,"H","10",28,15,6,"23",2019,"all seeding are same height",NA,NA,NA,"3159_2","control","alive",1,"Flowering",1,NA,"3",1,1,1,1,220,1
2024,2,3159,13,"H","3",32,12,1,"6",NA,"",NA,NA,NA,"3159_2","control","alive",1,"Flowering",1,NA,"1",0,0,1,1,114,1
2025,2,3159,13,"H","1",NA,18,0,NA,NA,"",NA,NA,NA,"3159_2","control","alive",1,"Vegetative",0,NA,"0",NA,NA,NA,1,NA,NA
2026,2,3159,13,"H","0",NA,NA,NA,NA,NA,"NP",NA,NA,NA,"3159_2","control",NA,NA,NA,NA,NA,NA,NA,NA,NA,0,NA,NA
2019,2,3160,10,"H","1",NA,10.5,0,NA,2019,"",NA,NA,NA,"3160_2","control","alive",1,"Vegetative",0,NA,NA,NA,NA,NA,NA,NA,NA
2020,2,3160,10,"H",NA,NA,NA,NA,NA,2019,"NS",NA,NA,NA,"3160_2","control",NA,NA,NA,NA,NA,"0",NA,NA,0,0,NA,NA
2021,2,3160,10,"H","0",NA,NA,NA,NA,2019,"NP",NA,NA,NA,"3160_2","control","dead",0,"Dead",NA,NA,NA,NA,NA,NA,NA,NA,NA
2019,2,3161,10,"H","1",11.5,11,1,"2",2019,"",NA,NA,NA,"3161_2","control","alive",1,"Flowering",1,NA,NA,NA,NA,NA,NA,NA,NA
2020,2,3161,10,"H",NA,NA,NA,NA,NA,2019,"NS",NA,NA,NA,"3161_2","control",NA,NA,NA,NA,NA,"0",NA,NA,0,1,NA,NA
2021,2,3161,10,"H","0",NA,NA,NA,NA,2019,"NP",NA,NA,NA,"3161_2","control","dead",0,"Dead",NA,NA,NA,NA,NA,NA,NA,NA,NA
2017,5,3161,2,"F","4",23,14.5,3,"3",2017,"",NA,NA,NA,"3161_5","drought","alive",1,"Flowering",1,NA,"3",1,1,1,NA,NA,NA
2018,5,3161,2,"F","3",12,15,1,"1.5",2017,"",NA,NA,NA,"3161_5","drought","alive",1,"Flowering",1,NA,"1",1,1,1,1,NA,NA
2019,5,3161,2,"F","1",15,9,1,"2.5",2017,"",NA,NA,NA,"3161_5","drought","alive",1,"Flowering",1,NA,"0",NA,NA,1,1,NA,NA
2020,5,3161,2,"F","0",NA,NA,NA,NA,2017,"no plant",NA,NA,NA,"3161_5","drought","dormant",1,"Dormant",NA,NA,"4",0,0,1,1,NA,NA
2021,5,3161,2,"F","4",NA,13.5,0,NA,2017,"",NA,NA,NA,"3161_5","drought","alive",1,"Vegetative",0,NA,"4",3,1,1,NA,NA,NA
2022,5,3161,2,"F","4",24,13,3,"9.5",2017,"",NA,NA,NA,"3161_5","drought","alive",1,"Flowering",1,NA,"4",2,1,1,0,170,1
2023,5,3161,2,"F","4",30,17,2,"4",2017,"",NA,NA,NA,"3161_5","drought","alive",1,"Flowering",1,NA,"4",2,1,1,1,22,1
2024,5,3161,2,"F","4",30,19,2,"5",NA,"",NA,NA,NA,"3161_5","drought","alive",1,"Flowering",1,NA,"2",0,0,1,1,20,1
2025,5,3161,2,"F","2",NA,20,0,NA,NA,"",NA,NA,NA,"3161_5","drought","alive",1,"Vegetative",0,NA,"2",0,0,1,1,NA,NA
2026,5,3161,2,"F","2",NA,19.5,0,NA,NA,"",NA,NA,NA,"3161_5","drought","alive",1,"Vegetative",0,NA,NA,NA,NA,NA,0,NA,NA
2019,2,3162,11,"I","1",NA,10,0,NA,2019,"",NA,NA,NA,"3162_2","control","alive",1,"Vegetative",0,NA,NA,NA,NA,1,NA,NA,NA
2020,2,3162,11,"I",NA,NA,NA,NA,NA,2019,"NS",NA,NA,NA,"3162_2","control",NA,1,NA,NA,NA,"1",1,1,1,0,NA,NA
2021,2,3162,11,"I","1",NA,9,1,NA,2019,"umble eaten",NA,NA,NA,"3162_2","control","alive",1,"Flowering",1,NA,"0",NA,NA,1,NA,0,0
2022,2,3162,11,"I","0",NA,NA,NA,NA,2019,"NP",NA,NA,NA,"3162_2","control","dormant",1,"Dormant",NA,NA,"1",0,0,1,1,NA,NA
2023,2,3162,11,"I","1",NA,8,0,NA,2019,"",NA,NA,NA,"3162_2","control","alive",1,"Vegetative",0,NA,NA,NA,NA,0,NA,NA,NA
2024,2,3162,11,"I",NA,NA,NA,NA,NA,NA,"NPNT",NA,NA,NA,"3162_2","control","dead",0,"Dead",NA,NA,NA,NA,NA,NA,0,NA,NA
2019,2,3163,11,"D","1",7,8,1,"2.5",2019,"",NA,NA,NA,"3163_2","control","alive",1,"Flowering",1,NA,NA,NA,NA,1,NA,NA,NA
2020,2,3163,11,"D",NA,NA,NA,NA,NA,2019,"NS",NA,NA,NA,"3163_2","control",NA,1,NA,NA,NA,"3",2,1,1,1,NA,NA
2021,2,3163,11,"D","3",17,16.5,2,"5.5",2019,"",NA,NA,NA,"3163_2","control","alive",1,"Flowering",1,NA,"2",1,1,1,NA,0,0
2022,2,3163,11,"D","2",18.5,15,1,"3",2019,"",NA,NA,NA,"3163_2","control","alive",1,"Flowering",1,NA,"1",1,1,1,1,30,1
2023,2,3163,11,"D","1",17,13,1,NA,2019,"umbel chewed off; not tracking phenology.",NA,NA,NA,"3163_2","control","alive",1,"Flowering",1,NA,"0",NA,NA,1,1,0,0
2024,2,3163,11,"D","0",NA,NA,NA,NA,NA,"NP",NA,NA,NA,"3163_2","control","dormant",1,"Dormant",NA,NA,"1",0,0,1,1,NA,NA
2025,2,3163,11,"D","1",NA,13.5,0,NA,NA,"",NA,NA,NA,"3163_2","control","alive",1,"Vegetative",0,NA,"3",2,1,1,NA,NA,NA
2026,2,3163,11,"D","3",26,15,2,"7",NA,"",NA,NA,NA,"3163_2","control","alive",1,"Flowering",1,NA,NA,NA,NA,NA,0,0,0
2026,2,3164,14,"B","1",NA,19.5,0,NA,2026,"",NA,NA,NA,"3164_2","control","alive",1,"Vegetative",0,NA,NA,NA,NA,NA,NA,NA,NA
2019,2,3164,14,"B","1",NA,11,0,NA,2019,"",NA,NA,NA,"3164_2_senior","control","alive",1,"Vegetative",0,NA,NA,NA,NA,1,NA,NA,NA
2020,2,3164,14,"B",NA,NA,NA,NA,NA,2019,"NS",NA,NA,NA,"3164_2_senior","control",NA,1,NA,NA,NA,"4",2,1,1,0,NA,NA
2021,2,3164,14,"B","4",14,15.5,2,"5.5",2019,"",NA,NA,NA,"3164_2_senior","control","alive",1,"Flowering",1,NA,"1",1,1,1,NA,0,0
2022,2,3164,14,"B","1",18,10,1,"4",2019,"",NA,NA,NA,"3164_2_senior","control","alive",1,"Flowering",1,NA,"2",1,1,1,1,2,1
2023,2,3164,14,"B","2",28,16,1,"5",2019,"",NA,NA,NA,"3164_2_senior","control","alive",1,"Flowering",1,NA,"0",NA,NA,0,1,0,0
2024,2,3164,14,"B","0",NA,NA,NA,NA,NA,"NP",NA,NA,NA,"3164_2_senior","control","dead",0,"Dead",NA,NA,NA,NA,NA,NA,1,NA,NA
2019,4,3165,4,"H","1",NA,7,0,NA,2019,"",NA,NA,NA,"3165_4","irrigated","alive",1,"Vegetative",0,NA,"1",0,0,1,NA,NA,NA
2020,4,3165,4,"H","1",NA,16.1,0,NA,2019,"",NA,NA,NA,"3165_4","irrigated","alive",1,"Vegetative",0,NA,"2",0,0,1,0,NA,NA
2021,4,3165,4,"H","2",NA,11.5,0,NA,2019,"",NA,NA,NA,"3165_4","irrigated","alive",1,"Vegetative",0,NA,"2",0,0,1,0,NA,NA
2022,4,3165,4,"H","2",NA,17,0,NA,2019,"",NA,NA,NA,"3165_4","irrigated","alive",1,"Vegetative",0,NA,"1",NA,NA,1,0,NA,NA
2023,4,3165,4,"H","1",NA,25,NA,NA,2019,"",NA,NA,NA,"3165_4","irrigated","alive",1,NA,NA,NA,"1",0,0,1,0,NA,NA
2024,4,3165,4,"H","1",NA,22.5,0,NA,NA,"",NA,NA,NA,"3165_4","irrigated","alive",1,"Vegetative",0,NA,"2",0,0,1,NA,NA,NA
2025,4,3165,4,"H","2",NA,18,0,NA,NA,"",NA,NA,NA,"3165_4","irrigated","alive",1,"Vegetative",0,NA,"4",2,1,1,0,NA,NA
2026,4,3165,4,"H","4",41,14.5,2,"7",NA,"",NA,NA,NA,"3165_4","irrigated","alive",1,"Flowering",1,NA,NA,NA,NA,NA,0,84,1
2019,2,3166,12,"B","3",7,8.5,2,"1",2019,"",NA,NA,NA,"3166_2","control","alive",1,"Flowering",1,NA,NA,NA,NA,1,NA,NA,NA
2020,2,3166,12,"B",NA,NA,NA,NA,NA,2019,"NS",NA,NA,NA,"3166_2","control",NA,1,NA,NA,NA,"4",1,1,1,1,NA,NA
2021,2,3166,12,"B","4",19,14,1,"3.5",2019,"",NA,NA,NA,"3166_2","control","alive",1,"Flowering",1,NA,"2",2,1,1,NA,0,0
2022,2,3166,12,"B","2",29,12.5,2,"7",2019,"",NA,NA,NA,"3166_2","control","alive",1,"Flowering",1,NA,"4",3,1,1,1,22,1
2023,2,3166,12,"B","4",26,12.5,3,"9.5",2019,"",NA,NA,NA,"3166_2","control","alive",1,"Flowering",1,NA,"1",0,0,1,1,182,1
2024,2,3166,12,"B","1",NA,14.5,0,NA,NA,"more in 12D",NA,NA,NA,"3166_2","control","alive",1,"Vegetative",0,NA,"1",0,0,1,1,NA,NA
2025,2,3166,12,"B","1",NA,18,0,NA,NA,"more in 12D",NA,NA,NA,"3166_2","control","alive",1,"Vegetative",0,NA,"1",2,1,1,0,NA,NA
2026,2,3166,12,"B","1",16,10,2,"5.5",NA,"tag in 12D",NA,NA,NA,"3166_2","control","alive",1,"Flowering",1,NA,NA,NA,NA,NA,0,14,1
2016,13,3167,12,"G","3",13.5,4,1,"3",2016,"Dead leaves",NA,NA,NA,"3167_13","control","alive",1,"Flowering",1,NA,"3",2,1,1,NA,NA,NA
2017,13,3167,12,"G","3",10,8,2,"2.2",2016,"",NA,NA,NA,"3167_13","control","alive",1,"Flowering",1,NA,"1",0,0,1,1,NA,NA
2018,13,3167,12,"G","1",6.5,6.5,0,NA,2016,"",NA,NA,NA,"3167_13","control","alive",1,"Vegetative",0,NA,"1",0,0,1,1,NA,NA
2019,13,3167,12,"G","1",NA,10,0,NA,2016,"",NA,NA,NA,"3167_13","control","alive",1,"Vegetative",0,NA,NA,NA,NA,1,0,NA,NA
2020,13,3167,12,"G",NA,NA,NA,NA,NA,2016,"NS",NA,NA,NA,"3167_13","control",NA,1,NA,NA,NA,"3",0,0,1,0,NA,NA
2021,13,3167,12,"G","3",NA,12.5,0,NA,2016,"",NA,NA,NA,"3167_13","control","alive",1,"Vegetative",0,NA,"1",1,1,1,NA,NA,NA
2022,13,3167,12,"G","1",14.5,6.5,1,"2.5",2016,"",NA,NA,NA,"3167_13","control","alive",1,"Flowering",1,NA,"10",2,1,1,0,0,0
2023,13,3167,12,"G","10",30,3,2,"5",2016,"1 umbel dead",NA,NA,NA,"3167_13","control","alive",1,"Flowering",1,NA,"0",NA,NA,0,1,NA,NA
2024,13,3167,12,"G","0",NA,NA,NA,NA,NA,"NP but found unattached leaves nearby",NA,NA,NA,"3167_13","control","dead",0,"Dead",NA,NA,NA,NA,NA,NA,1,NA,NA
2019,2,3167,15,"B","1",NA,15.5,0,NA,2019,"",NA,NA,NA,"3167_2","control","alive",1,"Vegetative",0,NA,NA,NA,NA,1,NA,NA,NA
2020,2,3167,15,"B",NA,NA,NA,NA,NA,2019,"NS",NA,NA,NA,"3167_2","control",NA,1,NA,NA,NA,"7",3,1,1,0,NA,NA
2021,2,3167,15,"B","7",28,10,3,"9",2019,"",NA,NA,NA,"3167_2","control","alive",1,"Flowering",1,NA,"3",2,1,1,NA,0,0
2022,2,3167,15,"B","3",42,12.5,2,"6.5",2019,"",NA,NA,NA,"3167_2","control","alive",1,"Flowering",1,NA,"1",0,0,1,1,152,1
2023,2,3167,15,"B","1",NA,19.5,0,NA,2019,"",NA,NA,NA,"3167_2","control","alive",1,"Vegetative",0,NA,"0",NA,NA,0,1,NA,NA
2024,2,3167,15,"B","0",NA,NA,NA,NA,NA,"pulled red toothpick here",NA,NA,NA,"3167_2","control","dead",0,"Dead",NA,NA,NA,NA,NA,NA,0,NA,NA
2019,2,3168,13,"J","1",15,3.5,1,"2.5",2019,"",NA,NA,NA,"3168_2","control","alive",1,"Flowering",1,NA,NA,NA,NA,1,NA,NA,NA
2020,2,3168,13,"J",NA,NA,NA,NA,NA,2019,"NS",NA,NA,NA,"3168_2","control",NA,1,NA,NA,NA,"2",1,1,1,1,NA,NA
2021,2,3168,13,"J","2",17.5,14,1,"3",2019,"",NA,NA,NA,"3168_2","control","alive",1,"Flowering",1,NA,"2",0,0,1,NA,0,0
2022,2,3168,13,"J","2",NA,19,0,NA,2019,"",NA,NA,NA,"3168_2","control","alive",1,"Vegetative",0,NA,"3",2,1,1,1,NA,NA
2023,2,3168,13,"J","3",28,8,2,"7",2019,"",NA,NA,NA,"3168_2","control","alive",1,"Flowering",1,NA,"1",1,1,1,0,38,1
2024,2,3168,13,"J","1",18.5,14,1,"2",NA,"",NA,NA,NA,"3168_2","control","alive",1,"Flowering",1,NA,"2",2,1,1,1,0,0
2025,2,3168,13,"J","2",20,15,2,"5",NA,"second umble dead",NA,NA,1,"3168_2","control","alive",1,"Flowering",1,NA,"3",3,1,1,1,54,1
2026,2,3168,13,"J","3",32,15,3,"18",NA,"",NA,NA,NA,"3168_2","control","alive",1,"Flowering",1,NA,NA,NA,NA,NA,1,194,1
2016,14,3169,15,"A","4",11.7,6,0,NA,2016,"Dead",NA,NA,NA,"3169_14","drought","alive",1,"Vegetative",0,NA,"2",0,0,1,NA,NA,NA
2017,14,3169,15,"A","2",14,14,0,NA,2016,"",NA,NA,NA,"3169_14","drought","alive",1,"Vegetative",0,NA,"1",0,0,1,0,NA,NA
2018,14,3169,15,"A","1",11,11,0,NA,2016,"",NA,NA,NA,"3169_14","drought","alive",1,"Vegetative",0,NA,"1",0,0,1,0,NA,NA
2019,14,3169,15,"A","1",NA,12,0,NA,2016,"",NA,NA,NA,"3169_14","drought","alive",1,"Vegetative",0,NA,NA,NA,NA,1,0,NA,NA
2020,14,3169,15,"A",NA,NA,NA,NA,NA,2016,"NS",NA,NA,NA,"3169_14","drought",NA,1,NA,NA,NA,"2",0,0,1,0,NA,NA
2021,14,3169,15,"A","2",NA,8,0,NA,2016,"",NA,NA,NA,"3169_14","drought","alive",1,"Vegetative",0,NA,"1",0,0,1,NA,NA,NA
2022,14,3169,15,"A","1",NA,12,0,NA,2016,"",NA,NA,NA,"3169_14","drought","alive",1,"Vegetative",0,NA,"0",NA,NA,1,0,NA,NA
2023,14,3169,15,"A","0",NA,NA,NA,NA,2016,"NP",NA,NA,NA,"3169_14","drought","dormant",1,"Dormant",NA,NA,"1",0,0,1,0,NA,NA
2024,14,3169,15,"A","1",NA,17,0,NA,NA,"",NA,NA,NA,"3169_14","drought","alive",1,"Vegetative",0,NA,"1",0,0,1,NA,NA,NA
2025,14,3169,15,"A","1",NA,17,0,NA,NA,"closer to 16A",NA,NA,NA,"3169_14","drought","alive",1,"Vegetative",0,NA,"2",0,0,1,0,NA,NA
2026,14,3169,15,"A","2",NA,13,0,NA,NA,"",NA,NA,NA,"3169_14","drought","alive",1,"Vegetative",0,NA,NA,NA,NA,NA,0,NA,NA
2019,2,3169,12,"J","2",NA,12.5,0,NA,2019,"",NA,NA,NA,"3169_2","control","alive",1,"Vegetative",0,NA,NA,NA,NA,1,NA,NA,NA
2020,2,3169,12,"J",NA,NA,NA,NA,NA,2019,"NS",NA,NA,NA,"3169_2","control",NA,1,NA,NA,NA,"1",0,0,1,0,NA,NA
2021,2,3169,12,"J","1",NA,12.5,0,NA,2019,"",NA,NA,NA,"3169_2","control","alive",1,"Vegetative",0,NA,"3",2,1,1,NA,NA,NA
2022,2,3169,12,"J","3",33,9,2,"7.5",2019,"",NA,NA,NA,"3169_2","control","alive",1,"Flowering",1,NA,"2",1,1,1,0,108,1
2023,2,3169,12,"J","2",23,11,1,"5",2019,"",NA,NA,NA,"3169_2","control","alive",1,"Flowering",1,NA,"1",0,0,1,1,2,1
2024,2,3169,12,"J","1",NA,10,0,NA,NA,"",NA,NA,NA,"3169_2","control","alive",1,"Vegetative",0,NA,"1",0,0,1,1,NA,NA
2025,2,3169,12,"J","1",NA,16,0,NA,NA,"",NA,NA,NA,"3169_2","control","alive",1,"Vegetative",0,NA,"0",NA,NA,NA,0,NA,NA
2026,2,3169,12,"J","0",NA,NA,NA,NA,NA,"NP",NA,NA,NA,"3169_2","control",NA,NA,NA,NA,NA,NA,NA,NA,NA,0,NA,NA
2016,5,3170,9,"D","4",19.5,6.8,1,"2.2",2016,"",NA,NA,NA,"3170_5","drought","alive",1,"Flowering",1,NA,"3",1,1,1,NA,NA,NA
2017,5,3170,9,"D","3",22,13,1,"2.5",2016,"",NA,NA,NA,"3170_5","drought","alive",1,"Flowering",1,NA,"2",0,0,1,1,NA,NA
2018,5,3170,9,"D","2",16,16,0,NA,2016,"",NA,NA,NA,"3170_5","drought","alive",1,"Vegetative",0,NA,"1",0,0,1,1,NA,NA
2019,5,3170,9,"D","1",NA,10.5,0,NA,2016,"",NA,NA,NA,"3170_5","drought","alive",1,"Vegetative",0,NA,NA,NA,NA,NA,0,NA,NA
2020,5,3170,9,"D",NA,NA,NA,NA,NA,2016,"NPNT",NA,NA,NA,"3170_5","drought",NA,NA,NA,NA,NA,NA,NA,NA,1,0,NA,NA
2021,5,3170,9,"D",NA,NA,NA,NA,NA,2016,"NPNT",NA,NA,NA,"3170_5","drought",NA,1,NA,NA,NA,"3",0,0,1,NA,NA,NA
2022,5,3170,9,"D","3",NA,12.5,0,NA,2016,"",NA,NA,NA,"3170_5","drought","alive",1,"Vegetative",0,NA,"0",NA,NA,0,NA,NA,NA
2023,5,3170,9,"D","0",NA,NA,NA,NA,2016,"NP",NA,NA,NA,"3170_5","drought","dead",0,"Dead",NA,NA,NA,NA,NA,NA,0,NA,NA
2019,2,3171,11,"F","2",15,14,1,"3",2019,"one leaf partially eaten",NA,NA,NA,"3171_2","control","alive",1,"Flowering",1,NA,NA,NA,NA,NA,NA,NA,NA
2020,2,3171,11,"F",NA,NA,NA,NA,NA,2019,"NS",NA,NA,NA,"3171_2","control",NA,NA,NA,NA,NA,NA,NA,NA,0,1,NA,NA
2021,2,3171,11,"F",NA,NA,NA,NA,NA,2019,"NT, new tag is 3588",NA,NA,NA,"3171_2","control","dead",0,"Dead",NA,NA,NA,NA,NA,NA,NA,NA,NA
2019,2,3172,17,"A","2",7.5,10.5,1,"2",2019,"",NA,NA,NA,"3172_2","control","alive",1,"Flowering",1,NA,NA,NA,NA,1,NA,NA,NA
2020,2,3172,17,"A",NA,NA,NA,NA,NA,2019,"NS",NA,NA,NA,"3172_2","control",NA,1,NA,NA,NA,"2",1,1,1,1,NA,NA
2021,2,3172,17,"A","2",NA,17.5,1,NA,2019,"umble eaten",NA,NA,NA,"3172_2","control","alive",1,"Flowering",1,NA,"3",2,1,1,NA,0,0
2022,2,3172,17,"A","3",38,13,2,"7",2019,"",NA,NA,NA,"3172_2","control","alive",1,"Flowering",1,NA,"2",2,1,1,1,150,1
2023,2,3172,17,"A","2",25,14,2,"5.5",2019,"",NA,NA,NA,"3172_2","control","alive",1,"Flowering",1,NA,"0",NA,NA,0,1,0,0
2024,2,3172,17,"A","0",NA,NA,NA,NA,NA,"NP",NA,NA,NA,"3172_2","control","dead",0,"Dead",NA,NA,NA,NA,NA,NA,1,NA,NA
2019,2,3173,14,"B","1",9.5,12,1,"1.5",2019,"",NA,NA,NA,"3173_2","control","alive",1,"Flowering",1,NA,NA,NA,NA,NA,NA,NA,NA
2020,2,3173,14,"B",NA,NA,NA,NA,NA,2019,"NS",NA,NA,NA,"3173_2","control",NA,NA,NA,NA,NA,NA,NA,NA,0,1,NA,NA
2021,2,3173,14,"B",NA,NA,NA,NA,NA,2019,"NPNT",NA,NA,NA,"3173_2","control","dead",0,"Dead",NA,NA,NA,NA,NA,NA,NA,NA,NA
2021,6,3173,18,"F","2",20.5,14,1,"3.5",2021,"",NA,NA,NA,"3173_6","irrigated","alive",1,"Flowering",1,NA,"4",4,1,1,NA,0,0
2022,6,3173,18,"F","4",45,18,4,"17.5",2021,"",NA,NA,NA,"3173_6","irrigated","alive",1,"Flowering",1,NA,"2",1,1,1,1,219,1
2023,6,3173,18,"F","2",26,20,1,"5",2021,"",NA,NA,NA,"3173_6","irrigated","alive",1,"Flowering",1,NA,"0",NA,NA,1,1,0,0
2024,6,3173,18,"F","0",NA,NA,NA,NA,2021,"NP",NA,NA,NA,"3173_6","irrigated","dormant",1,"Dormant",NA,NA,"2",0,0,1,1,NA,NA
2025,6,3173,18,"F","2",NA,28,0,NA,2021,"",NA,NA,NA,"3173_6","irrigated","alive",1,"Vegetative",0,NA,"0",NA,NA,NA,NA,NA,NA
2026,6,3173,18,"F","0",NA,NA,NA,NA,2021,"NP",NA,NA,NA,"3173_6","irrigated",NA,NA,NA,NA,NA,NA,NA,NA,NA,0,NA,NA
2016,6,3173,18,"F","3",23.7,4.8,2,"3",2016,"2 stalks",NA,NA,NA,"3173_6_senior","irrigated","alive",1,"Flowering",1,NA,"4",1,1,1,NA,NA,NA
2017,6,3173,18,"F","4",21,9.5,1,"2",2016,"",NA,NA,NA,"3173_6_senior","irrigated","alive",1,"Flowering",1,NA,"0",NA,NA,0,1,NA,NA
2018,6,3173,18,"F","0",NA,NA,NA,NA,2016,"no plant",NA,NA,NA,"3173_6_senior","irrigated","dead",0,"Dead",NA,NA,NA,NA,NA,NA,1,NA,NA
2016,5,3174,10,"I","3",18,4.1,1,"3.1",2016,"",NA,NA,NA,"3174_5","drought","alive",1,"Flowering",1,NA,"2",0,0,1,NA,NA,NA
2017,5,3174,10,"I","2",11,11,0,NA,2016,"",NA,NA,NA,"3174_5","drought","alive",1,"Vegetative",0,NA,"2",0,0,1,1,NA,NA
2018,5,3174,10,"I","2",13.5,13.5,0,NA,2016,"",NA,NA,NA,"3174_5","drought","alive",1,"Vegetative",0,NA,"0",NA,NA,0,0,NA,NA
2019,5,3174,10,"I","0",NA,NA,NA,NA,2016,"no plant",NA,NA,NA,"3174_5","drought","dead",0,"Dead",NA,NA,NA,NA,NA,NA,0,NA,NA
2019,2,3175,15,"A","1",NA,9,0,NA,2019,"",NA,NA,NA,"3175_2","control","alive",1,"Vegetative",0,NA,NA,NA,NA,1,NA,NA,NA
2020,2,3175,15,"A",NA,NA,NA,NA,NA,2019,"NS",NA,NA,NA,"3175_2","control",NA,1,NA,NA,NA,"2",1,1,1,0,NA,NA
2021,2,3175,15,"A","2",18,11.5,1,"3.5",2019,"",NA,NA,NA,"3175_2","control","alive",1,"Flowering",1,NA,"2",1,1,1,NA,0,0
2022,2,3175,15,"A","2",18,23,1,"3",2019,"",NA,NA,NA,"3175_2","control","alive",1,"Flowering",1,NA,"3",2,1,1,1,0,0
2023,2,3175,15,"A","3",27,12,2,"3.5",2019,"1 umbel dead.",NA,NA,NA,"3175_2","control","alive",1,"Flowering",1,NA,"0",NA,NA,1,1,6,1
2024,2,3175,15,"A","0",NA,NA,NA,NA,NA,"NP",NA,NA,NA,"3175_2","control","dormant",1,"Dormant",NA,NA,"2",1,1,1,1,0,0
2025,2,3175,15,"A","2",19,21,1,NA,NA,"umble dead",NA,NA,NA,"3175_2","control","alive",1,"Flowering",1,NA,"0",NA,NA,NA,NA,NA,NA
2026,2,3175,15,"A","0",NA,NA,NA,NA,NA,"NP",NA,NA,NA,"3175_2","control",NA,NA,NA,NA,NA,NA,NA,NA,NA,1,NA,NA
2016,5,3176,18,"E","6",21,3.8,1,"3.8",2016,"",NA,NA,NA,"3176_5","drought","alive",1,"Flowering",1,NA,NA,NA,NA,NA,NA,NA,NA
2019,7,3176,18,"I","1",NA,10,0,NA,2019,"",NA,NA,NA,"3176_7","drought","alive",1,"Vegetative",0,NA,"1",0,0,1,NA,NA,NA
2020,7,3176,18,"I","1",NA,9.5,0,NA,2019,"",NA,NA,NA,"3176_7","drought","alive",1,"Vegetative",0,NA,"1",0,0,1,0,NA,NA
2021,7,3176,18,"I","1",NA,17,0,NA,2019,"",NA,NA,NA,"3176_7","drought","alive",1,"Vegetative",0,NA,"1",0,0,1,0,NA,NA
2022,7,3176,18,"I","1",NA,32,0,NA,2019,"",NA,NA,NA,"3176_7","drought","alive",1,"Vegetative",0,NA,"1",1,1,1,0,NA,NA
2023,7,3176,18,"I","1",34,21.5,1,"4.5",2019,"",NA,NA,NA,"3176_7","drought","alive",1,"Flowering",1,NA,"0",NA,NA,1,0,NA,NA
2024,7,3176,18,"I","0",NA,NA,NA,NA,NA,"NP; moss",NA,NA,NA,"3176_7","drought","dormant",1,"Dormant",NA,NA,"1",0,0,1,1,NA,NA
2025,7,3176,18,"I","1",NA,23,0,NA,NA,"",NA,NA,NA,"3176_7","drought","alive",1,"Vegetative",0,NA,"0",NA,NA,NA,NA,NA,NA
2026,7,3176,18,"I","0",NA,NA,NA,NA,NA,"NP",NA,NA,NA,"3176_7","drought",NA,NA,NA,NA,NA,NA,NA,NA,NA,0,NA,NA
2016,15,3177,6,"G","3",25,15.5,1,"1.5",2016,"",NA,NA,NA,"3177_15","drought","alive",1,"Flowering",1,NA,"7",3,1,1,NA,NA,NA
2017,15,3177,6,"G","7",35.5,16,3,"3",2016,"",NA,NA,NA,"3177_15","drought","alive",1,"Flowering",1,NA,"4",2,1,1,1,NA,NA
2018,15,3177,6,"G","4",24.5,19,2,"3.2",2016,"",NA,NA,NA,"3177_15","drought","alive",1,"Flowering",1,NA,"0",NA,NA,1,1,NA,NA
2019,15,3177,6,"G","0",NA,NA,NA,NA,2016,"no plant",NA,NA,NA,"3177_15","drought","dormant",1,"Dormant",NA,NA,"1",0,0,1,1,NA,NA
2020,15,3177,6,"G","1",NA,19.3,0,NA,2016,"",NA,NA,NA,"3177_15","drought","alive",1,"Vegetative",0,NA,"3",0,0,1,NA,NA,NA
2021,15,3177,6,"G","3",NA,23,0,NA,2016,"",NA,NA,NA,"3177_15","drought","alive",1,"Vegetative",0,NA,"7",4,1,1,0,NA,NA
2022,15,3177,6,"G","7",36,22.5,4,"13.5",2016,"",NA,NA,NA,"3177_15","drought","alive",1,"Flowering",1,NA,"6",3,1,1,0,176,1
2023,15,3177,6,"G","6",50,24,3,"17",2016,"1 umbel dead",NA,NA,NA,"3177_15","drought","alive",1,"Flowering",1,NA,"3",1,1,1,1,NA,NA
2024,15,3177,6,"G","3",47,21.5,1,"5.5",NA,"",NA,NA,NA,"3177_15","drought","alive",1,"Flowering",1,NA,"0",NA,NA,0,1,32,1
2025,15,3177,6,"G","0",NA,NA,NA,NA,NA,"NP",NA,NA,NA,"3177_15","drought","dead",0,"Dead",NA,NA,NA,NA,NA,NA,1,NA,NA
2019,7,3177,15,"E","3",NA,11,0,NA,2019,"",NA,NA,NA,"3177_7","drought","alive",1,"Vegetative",0,NA,"1",0,0,1,NA,NA,NA
2020,7,3177,15,"E","1",NA,11.6,0,NA,2019,"",NA,NA,NA,"3177_7","drought","alive",1,"Vegetative",0,NA,"1",0,0,1,0,NA,NA
2021,7,3177,15,"E","1",NA,10,0,NA,2019,"",NA,NA,NA,"3177_7","drought","alive",1,"Vegetative",0,NA,"2",0,0,1,0,NA,NA
2022,7,3177,15,"E","2",NA,23,0,NA,2019,"",NA,NA,NA,"3177_7","drought","alive",1,"Vegetative",0,NA,"1",0,0,1,0,NA,NA
2023,7,3177,15,"E","1",NA,17,0,NA,2019,"",NA,NA,NA,"3177_7","drought","alive",1,"Vegetative",0,NA,"2",1,1,1,0,NA,NA
2024,7,3177,15,"E","2",51.5,19.5,1,"2.5",NA,"",NA,NA,NA,"3177_7","drought","alive",1,"Flowering",1,NA,"2",0,0,1,0,0,0
2025,7,3177,15,"E","2",NA,21,0,NA,NA,"",NA,NA,NA,"3177_7","drought","alive",1,"Vegetative",0,NA,"0",NA,NA,NA,1,NA,NA
2026,7,3177,15,"E","0",NA,NA,NA,NA,NA,"NP",NA,NA,NA,"3177_7","drought",NA,NA,NA,NA,NA,NA,NA,NA,NA,0,NA,NA
2017,13,3178,2,"C","2",18,10,2,"3",2017,"",NA,NA,NA,"3178_13","control","alive",1,"Flowering",1,NA,"1",0,0,1,NA,NA,NA
2018,13,3178,2,"C","1",8,8,0,NA,2017,"",NA,NA,NA,"3178_13","control","alive",1,"Vegetative",0,NA,"1",0,0,1,1,NA,NA
2019,13,3178,2,"C","1",NA,11,0,NA,2017,"duplicate, changed to '3178'",NA,NA,NA,"3178_13","control","alive",1,"Vegetative",0,NA,"1",0,0,1,0,NA,NA
2020,13,3178,2,"C","1",NA,8.2,0,NA,2017,"old tag=3387",NA,NA,NA,"3178_13","control","alive",1,"Vegetative",0,NA,"1",0,0,1,0,NA,NA
2021,13,3178,2,"C","1",NA,11,0,NA,2017,"old tag=3387",NA,NA,NA,"3178_13","control","alive",1,"Vegetative",0,NA,"2",1,1,1,0,NA,NA
2022,13,3178,2,"C","2",29.5,13,1,"3.5",2017,"old tag = 3387 ",NA,NA,NA,"3178_13","control","alive",1,"Flowering",1,NA,"3",2,1,1,0,32,1
2023,13,3178,2,"C","3",33,13,2,"7.5",2017,"old tag=3387",NA,NA,NA,"3178_13","control","alive",1,"Flowering",1,NA,"3",2,1,1,1,62,1
2024,13,3178,2,"C","3",22.5,10,2,"4",NA,"",NA,NA,NA,"3178_13","control","alive",1,"Flowering",1,NA,"2",1,1,1,1,36,1
2025,13,3178,2,"C","2",NA,13,1,NA,NA,"stalk clipped",NA,NA,NA,"3178_13","control","alive",1,"Flowering",1,NA,"2",1,1,1,1,0,0
2026,13,3178,2,"C","2",21,12,1,"2",NA,"",NA,NA,NA,"3178_13","control","alive",1,"Flowering",1,NA,NA,NA,NA,NA,1,0,0
2017,5,3178,18,"E","5",26.5,15,3,"4",2016,"",NA,NA,NA,"3178_5","drought","alive",1,"Flowering",1,NA,"4",2,1,1,NA,NA,NA
2018,5,3178,18,"E","4",17,16.5,2,"3.3",2016,"",NA,NA,NA,"3178_5","drought","alive",1,"Flowering",1,NA,"2",2,1,1,1,NA,NA
2019,5,3178,18,"E","2",12,17,2,"3",2016,"",NA,NA,NA,"3178_5","drought","alive",1,"Flowering",1,NA,NA,NA,NA,1,1,NA,NA
2020,5,3178,18,"E",NA,NA,NA,NA,NA,2016,"NS",NA,NA,NA,"3178_5","drought",NA,1,NA,NA,NA,"1",0,0,1,1,NA,NA
2021,5,3178,18,"E","1",NA,15,0,NA,2016,"",NA,NA,NA,"3178_5","drought","alive",1,"Vegetative",0,NA,"5",2,1,1,NA,NA,NA
2022,5,3178,18,"E","5",26,15,2,"8",2016,"",NA,NA,NA,"3178_5","drought","alive",1,"Flowering",1,NA,"4",3,1,1,0,56,1
2023,5,3178,18,"E","4",25,15,3,"9.5",2016,"last leaf munched",NA,NA,NA,"3178_5","drought","alive",1,"Flowering",1,NA,NA,NA,NA,1,1,NA,NA
2024,5,3178,18,"E",NA,NA,NA,NA,NA,NA,"NPNT",NA,NA,NA,"3178_5","drought",NA,1,NA,NA,NA,"3",0,0,1,1,NA,NA
2025,5,3178,18,"E","3",NA,17,0,NA,NA,"",NA,NA,NA,"3178_5","drought","alive",1,"Vegetative",0,NA,"1",0,0,1,NA,NA,NA
2026,5,3178,18,"E","1",NA,15.5,0,NA,NA,"",NA,NA,NA,"3178_5","drought","alive",1,"Vegetative",0,NA,NA,NA,NA,NA,0,NA,NA
2019,13,3179,15,"B","2",NA,9,0,NA,2019,"",NA,NA,NA,"3179_13","control","alive",1,"Vegetative",0,NA,NA,NA,NA,1,NA,NA,NA
2020,13,3179,15,"B",NA,NA,NA,NA,NA,2019,"NS",NA,NA,NA,"3179_13","control",NA,1,NA,NA,NA,"1",0,0,1,0,NA,NA
2021,13,3179,15,"B","1",NA,15,0,NA,2019,"",NA,NA,NA,"3179_13","control","alive",1,"Vegetative",0,NA,"2",0,0,1,NA,NA,NA
2022,13,3179,15,"B","2",NA,21,0,NA,2019,"",NA,NA,NA,"3179_13","control","alive",1,"Vegetative",0,NA,"4",2,1,1,0,NA,NA
2023,13,3179,15,"B","4",36,10,2,"7",2019,"",NA,NA,NA,"3179_13","control","alive",1,"Flowering",1,NA,NA,NA,NA,0,0,NA,NA
2024,13,3179,15,"B",NA,NA,NA,NA,NA,NA,"NPNT",NA,NA,NA,"3179_13","control","dead",0,"Dead",NA,NA,NA,NA,NA,NA,1,NA,NA
2017,6,3179,5,"E","4",23.5,18,2,"4",2017,"",NA,NA,NA,"3179_6","irrigated","alive",1,"Flowering",1,NA,"5",1,1,1,NA,NA,NA
2018,6,3179,5,"E","5",19.5,14.5,1,"3.9",2017,"",NA,NA,NA,"3179_6","irrigated","alive",1,"Flowering",1,NA,"2",1,1,1,1,NA,NA
2019,6,3179,5,"E","2",23,21,1,"6",2017,"",NA,NA,NA,"3179_6","irrigated","alive",1,"Flowering",1,NA,"3",2,1,1,1,NA,NA
2020,6,3179,5,"E","3",32.6,12.5,2,"6.6",2017,"tag missing, new tag: 3748",NA,NA,NA,"3179_6","irrigated","alive",1,"Flowering",1,NA,"3",2,1,1,1,NA,NA
2021,6,3179,5,"E","3",25.5,15,2,"7.5",2017,"",NA,NA,NA,"3179_6","irrigated","alive",1,"Flowering",1,NA,"5",3,1,1,1,0,0
2022,6,3179,5,"E","5",68,16,3,"17.5",2017,"pulled replacement tag from 2021 (3748) - didn’t have its own row",NA,NA,NA,"3179_6","irrigated","alive",1,"Flowering",1,NA,"6",3,1,1,1,0,0
2023,6,3179,5,"E","6",44,20,3,"14.5",2017,"",NA,NA,NA,"3179_6","irrigated","alive",1,"Flowering",1,NA,"0",NA,NA,0,1,74,1
2024,6,3179,5,"E","0",NA,NA,NA,NA,NA,"NP",NA,NA,NA,"3179_6","irrigated","dead",0,"Dead",NA,NA,NA,NA,NA,NA,1,50,1
2019,13,3180,17,"H","2",NA,15.5,0,NA,2019,"",NA,NA,NA,"3180_13","control","alive",1,"Vegetative",0,NA,NA,NA,NA,1,NA,NA,NA
2020,13,3180,17,"H",NA,NA,NA,NA,NA,2019,"NS",NA,NA,NA,"3180_13","control",NA,1,NA,NA,NA,"3",0,0,1,0,NA,NA
2021,13,3180,17,"H","3",NA,15,0,NA,2019,"",NA,NA,NA,"3180_13","control","alive",1,"Vegetative",0,NA,"2",1,1,1,NA,0,0
2022,13,3180,17,"H","2",28,15,1,"4.5",2019,"",NA,NA,NA,"3180_13","control","alive",1,"Flowering",1,NA,"6",3,1,1,0,30,1
2023,13,3180,17,"H","6",37,20,3,"11",2019,"",NA,NA,NA,"3180_13","control","alive",1,"Flowering",1,NA,"3",1,1,1,1,NA,NA
2024,13,3180,17,"H","3",18,18,1,"3",NA,"",NA,NA,NA,"3180_13","control","alive",1,"Flowering",1,NA,"2",1,1,1,1,0,0
2025,13,3180,17,"H","2",28,19,1,"5",NA,"in antho clump",NA,NA,NA,"3180_13","control","alive",1,"Flowering",1,NA,"0",NA,NA,NA,1,NA,NA
2026,13,3180,17,"H","0",NA,NA,NA,NA,NA,"NP",NA,NA,NA,"3180_13","control",NA,NA,NA,NA,NA,NA,NA,NA,NA,1,NA,NA
2016,5,3180,18,"C","7",19.5,7.5,1,"3.5",2016,"",NA,NA,NA,"3180_5","drought","alive",1,"Flowering",1,NA,"4",2,1,1,NA,NA,NA
2017,5,3180,18,"C","4",20.5,14.5,2,"3.5",2016,"",NA,NA,NA,"3180_5","drought","alive",1,"Flowering",1,NA,"3",1,1,1,1,NA,NA
2018,5,3180,18,"C","3",7.5,10.5,1,"1.9",2016,"",NA,NA,NA,"3180_5","drought","alive",1,"Flowering",1,NA,"2",0,0,1,1,NA,NA
2019,5,3180,18,"C","2",NA,9,0,NA,2016,"",NA,NA,NA,"3180_5","drought","alive",1,"Vegetative",0,NA,NA,NA,NA,1,1,NA,NA
2020,5,3180,18,"C",NA,NA,NA,NA,NA,2016,"NS",NA,NA,NA,"3180_5","drought",NA,1,NA,NA,NA,"1",0,0,1,0,NA,NA
2021,5,3180,18,"C","1",NA,10.5,0,NA,2016,"Duplicate in 17B. Could only find this tag",NA,NA,NA,"3180_5","drought","alive",1,"Vegetative",0,NA,"4",0,0,1,NA,NA,NA
2022,5,3180,18,"C","4",NA,14,0,NA,2016,"Duplicate in 17B. Could only find this tag",NA,NA,NA,"3180_5","drought","alive",1,"Vegetative",0,NA,"1",0,0,1,0,NA,NA
2023,5,3180,18,"C","1",NA,15,0,NA,2016,"this is the real 3180!",NA,1,NA,"3180_5","drought","alive",1,"Vegetative",0,NA,"1",0,0,1,0,NA,NA
2024,5,3180,18,"C","1",NA,10.5,0,NA,NA,"",NA,NA,NA,"3180_5","drought","alive",1,"Vegetative",0,NA,"2",0,0,1,0,NA,NA
2025,5,3180,18,"C","2",NA,11,0,NA,NA,"",NA,1,NA,"3180_5","drought","alive",1,"Vegetative",0,NA,"0",NA,NA,NA,0,NA,NA
2026,5,3180,18,"C","0",NA,NA,NA,NA,NA,"NP",NA,NA,NA,"3180_5","drought",NA,NA,NA,NA,NA,NA,NA,NA,NA,0,NA,NA
2019,12,3181,11,"B","2",NA,5,0,NA,2019,"",NA,NA,NA,"3181_12","irrigated","alive",1,"Vegetative",0,NA,"1",0,0,1,NA,NA,NA
2020,12,3181,11,"B","1",NA,5.4,0,NA,2019,"",NA,NA,NA,"3181_12","irrigated","alive",1,"Vegetative",0,NA,"3",0,0,1,0,NA,NA
2021,12,3181,11,"B","3",NA,10.5,0,NA,2019,"",NA,NA,NA,"3181_12","irrigated","alive",1,"Vegetative",0,NA,"0",NA,NA,1,0,NA,NA
2022,12,3181,11,"B","0",NA,NA,NA,NA,2019,"NP",NA,NA,NA,"3181_12","irrigated","dormant",1,"Dormant",NA,NA,"1",0,0,1,0,NA,NA
2023,12,3181,11,"B","1",NA,13,0,NA,2019,"",NA,NA,NA,"3181_12","irrigated","alive",1,"Vegetative",0,NA,"1",0,0,1,NA,NA,NA
2024,12,3181,11,"B","1",NA,16,0,NA,NA,"plant behind tag/pin",NA,NA,NA,"3181_12","irrigated","alive",1,"Vegetative",0,NA,"2",0,0,1,0,NA,NA
2025,12,3181,11,"B","2",NA,18,0,NA,NA,"",NA,NA,NA,"3181_12","irrigated","alive",1,"Vegetative",0,NA,"0",NA,NA,NA,0,NA,NA
2026,12,3181,11,"B","0",NA,NA,NA,NA,NA,"NP",NA,NA,NA,"3181_12","irrigated",NA,NA,NA,NA,NA,NA,NA,NA,NA,0,NA,NA
2019,4,3182,16,"H","3",36.5,17.5,1,"3",2019,"",NA,NA,NA,"3182_4","irrigated","alive",1,"Flowering",1,NA,"1",0,0,1,NA,NA,NA
2020,4,3182,16,"H","1",NA,15.3,0,NA,2019,"",NA,NA,NA,"3182_4","irrigated","alive",1,"Vegetative",0,NA,"2",1,1,1,1,NA,NA
2021,4,3182,16,"H","2",38,19,1,"4",2019,"",NA,NA,NA,"3182_4","irrigated","alive",1,"Flowering",1,NA,"5",2,1,1,0,0,0
2022,4,3182,16,"H","5",62,27,2,"7.5",2019,"",NA,NA,NA,"3182_4","irrigated","alive",1,"Flowering",1,NA,"0",NA,NA,0,1,126,1
2023,4,3182,16,"H","0",NA,NA,NA,NA,2019,"NP. Saw it 5/4, now gone.",NA,NA,NA,"3182_4","irrigated","dead",0,"Dead",NA,NA,NA,NA,NA,NA,1,NA,NA
2019,13,3183,15,"A","2",NA,15,0,NA,2019,"",NA,NA,NA,"3183_13","control","alive",1,"Vegetative",0,NA,NA,NA,NA,NA,NA,NA,NA
2020,13,3183,15,"A",NA,NA,NA,NA,NA,2019,"NS",NA,NA,NA,"3183_13","control",NA,NA,NA,NA,NA,NA,NA,NA,0,0,NA,NA
2021,13,3183,15,"A",NA,NA,NA,NA,NA,2019,"NPNT",NA,NA,NA,"3183_13","control","dead",0,"Dead",NA,NA,NA,NA,NA,NA,NA,NA,NA
2017,9,3183,13,"0.19","6",38,21,2,"4",2017,"Ycoord= distance from quadrat (m)",NA,NA,NA,"3183_9","irrigated","alive",1,"Flowering",1,NA,"3",1,1,1,NA,NA,NA
2018,9,3183,13,"0.19","3",30,20,1,"4.5",2017,"no plant",NA,NA,NA,"3183_9","irrigated","alive",1,"Flowering",1,NA,"4",1,1,1,1,NA,NA
2019,9,3183,13,"0.19","4",26.5,19,1,"3",2017,"",NA,NA,NA,"3183_9","irrigated","alive",1,"Flowering",1,NA,"2",0,0,1,1,NA,NA
2020,9,3183,13,"0.19","2",NA,15.5,0,NA,2017,"umbel eaten",NA,NA,NA,"3183_9","irrigated","alive",1,"Vegetative",0,NA,"2",0,0,1,1,NA,NA
2021,9,3183,13,"0.19","2",NA,25,0,NA,2017,"13L",NA,NA,NA,"3183_9","irrigated","alive",1,"Vegetative",0,NA,"2",1,1,1,0,NA,NA
2022,9,3183,13,"0.19","2",34,20,1,"4.5",2017,"13L",NA,NA,NA,"3183_9","irrigated","alive",1,"Flowering",1,NA,"3",1,1,1,0,NA,NA
2023,9,3183,13,"0.19","3",20,24,1,"7",2017,"13B (div)",NA,NA,NA,"3183_9","irrigated","alive",1,"Flowering",1,NA,"0",NA,NA,0,1,NA,NA
2024,9,3183,13,"0.19","0",NA,NA,NA,NA,NA,"13B (div); NPNT",NA,NA,NA,"3183_9","irrigated","dead",0,"Dead",NA,NA,NA,NA,NA,NA,1,NA,NA
2019,2,3184,9,"G","1",13,8.5,1,"3.5",2019,"",NA,NA,NA,"3184_2","control","alive",1,"Flowering",1,NA,"0",NA,NA,1,NA,NA,NA
2020,2,3184,9,"G","0",NA,NA,NA,NA,2019,"no plant",NA,NA,NA,"3184_2","control","dormant",1,"Dormant",NA,NA,"2",1,1,1,1,NA,NA
2021,2,3184,9,"G","2",19,11,1,"2.5",2019,"",NA,NA,NA,"3184_2","control","alive",1,"Flowering",1,NA,"0",NA,NA,0,NA,0,0
2022,2,3184,9,"G","0",NA,NA,NA,NA,2019,"NP",NA,NA,NA,"3184_2","control","dead",0,"Dead",NA,NA,NA,NA,NA,NA,1,NA,NA
2016,5,3184,11,"E","4",14,4,1,"2.4",2016,"",NA,NA,NA,"3184_5","drought","alive",1,"Flowering",1,NA,"2",2,1,1,NA,NA,NA
2017,5,3184,11,"E","2",23,9,2,"3",2016,"",NA,NA,NA,"3184_5","drought","alive",1,"Flowering",1,NA,"2",1,1,1,1,NA,NA
2018,5,3184,11,"E","2",17,8,1,"3",2016,"",NA,NA,NA,"3184_5","drought","alive",1,"Flowering",1,NA,"0",NA,NA,0,1,NA,NA
2019,5,3184,11,"E","0",NA,NA,NA,NA,2016,"no plant",NA,NA,NA,"3184_5","drought","dead",0,"Dead",NA,NA,NA,NA,NA,NA,1,NA,NA
2019,2,3185,19,"B","1",NA,11,0,NA,2019,"",NA,NA,NA,"3185_2.19B","control","alive",1,"Vegetative",0,NA,NA,NA,NA,1,NA,NA,NA
2020,2,3185,19,"B",NA,NA,NA,NA,NA,2019,"NS",NA,NA,NA,"3185_2.19B","control",NA,1,NA,NA,NA,"3",1,1,1,0,NA,NA
2021,2,3185,19,"B","3",16,12,1,"4",2019,"",NA,NA,NA,"3185_2.19B","control","alive",1,"Flowering",1,NA,"4",2,1,1,NA,30,1
2022,2,3185,19,"B","4",24,14,2,"6",2019,"",NA,NA,NA,"3185_2.19B","control","alive",1,"Flowering",1,NA,"3",2,1,1,1,78,1
2023,2,3185,19,"B","3",24,16.5,2,"6.5",2019,"",NA,NA,NA,"3185_2.19B","control","alive",1,"Flowering",1,NA,"0",NA,NA,0,1,0,0
2024,2,3185,19,"B","0",NA,NA,NA,NA,NA,"NP",NA,NA,NA,"3185_2.19B","control","dead",0,"Dead",NA,NA,NA,NA,NA,NA,1,NA,NA
2020,2,3185,7,"I","1",NA,6.2,0,NA,2020,"",NA,NA,NA,"3185_2.7I","control","alive",1,"Vegetative",0,NA,"1",0,0,1,NA,NA,NA
2021,2,3185,7,"I","1",NA,12.5,0,NA,2020,"",NA,NA,NA,"3185_2.7I","control","alive",1,"Vegetative",0,NA,"1",0,0,1,0,NA,NA
2022,2,3185,7,"I","1",NA,14,0,NA,2020,"",NA,NA,NA,"3185_2.7I","control","alive",1,"Vegetative",0,NA,"1",0,0,1,0,NA,NA
2023,2,3185,7,"I","1",NA,16,0,NA,2020,"",NA,NA,NA,"3185_2.7I","control","alive",1,"Vegetative",0,NA,"0",NA,NA,1,0,NA,NA
2024,2,3185,7,"I","0",NA,NA,NA,NA,2020,"NP",NA,NA,NA,"3185_2.7I","control","dormant",1,"Dormant",NA,NA,"1",0,0,1,0,NA,NA
2025,2,3185,7,"I","1",NA,22.5,0,NA,2020,"",NA,NA,NA,"3185_2.7I","control","alive",1,"Vegetative",0,NA,"0",NA,NA,NA,NA,NA,NA
2026,2,3185,7,"I","0",NA,NA,NA,NA,2020,"",NA,NA,NA,"3185_2.7I","control",NA,NA,NA,NA,NA,NA,NA,NA,NA,0,NA,NA
2017,2,3185,7,"I","1",8.5,8.5,0,NA,2017,"",NA,NA,NA,"3185_2.7I_senior","control","alive",1,"Vegetative",0,NA,NA,NA,NA,0,NA,NA,NA
2018,2,3185,7,"I",NA,NA,NA,NA,NA,2017,"no plant no tag",NA,NA,NA,"3185_2.7I_senior","control","dead",0,"Dead",NA,NA,NA,NA,NA,NA,0,NA,NA
2019,2,3186,18,"D","2",13.5,9,1,"3",2019,"",NA,NA,NA,"3186_2","control","alive",1,"Flowering",1,NA,NA,NA,NA,1,NA,NA,NA
2020,2,3186,18,"D",NA,NA,NA,NA,NA,2019,"NS",NA,NA,NA,"3186_2","control",NA,1,NA,NA,NA,"1",0,0,1,1,NA,NA
2021,2,3186,18,"D","1",NA,9,0,NA,2019,"",NA,NA,NA,"3186_2","control","alive",1,"Vegetative",0,NA,"2",0,0,1,NA,0,0
2022,2,3186,18,"D","2",NA,17.5,0,NA,2019,"",NA,NA,NA,"3186_2","control","alive",1,"Vegetative",0,NA,"2",1,1,1,0,NA,NA
2023,2,3186,18,"D","2",36,17,1,"5.5",2019,"",NA,NA,NA,"3186_2","control","alive",1,"Flowering",1,NA,"0",NA,NA,0,0,36,1
2024,2,3186,18,"D","0",NA,NA,NA,NA,NA,"NP",NA,NA,NA,"3186_2","control","dead",0,"Dead",NA,NA,NA,NA,NA,NA,1,NA,NA
2016,5,3186,15,"G","4",15,7.8,1,"1.6",2016,"",NA,NA,NA,"3186_5","drought","alive",1,"Flowering",1,NA,"1",0,0,1,NA,NA,NA
2017,5,3186,15,"G","1",11.5,11.5,0,NA,2016,"",NA,NA,NA,"3186_5","drought","alive",1,"Vegetative",0,NA,"2",0,0,1,1,NA,NA
2018,5,3186,15,"G","2",15,15,0,NA,2016,"",NA,NA,NA,"3186_5","drought","alive",1,"Vegetative",0,NA,"1",0,0,1,0,NA,NA
2019,5,3186,15,"G","1",NA,13,0,NA,2016,"",NA,NA,NA,"3186_5","drought","alive",1,"Vegetative",0,NA,NA,NA,NA,NA,0,NA,NA
2020,5,3186,15,"G",NA,NA,NA,NA,NA,2016,"NS",NA,NA,NA,"3186_5","drought",NA,NA,NA,NA,NA,NA,NA,NA,0,0,NA,NA
2021,5,3186,15,"G",NA,NA,NA,NA,NA,2016,"NPNT",NA,NA,NA,"3186_5","drought","dead",0,"Dead",NA,NA,NA,NA,NA,NA,NA,NA,NA
2016,13,3187,1,"J","4",25.5,6.6,1,"2.1",2016,"",NA,NA,NA,"3187_13","control","alive",1,"Flowering",1,NA,"6",2,1,1,NA,NA,NA
2017,13,3187,1,"J","6",26,14,2,"3.5",2016,"",NA,NA,NA,"3187_13","control","alive",1,"Flowering",1,NA,"4",2,1,1,1,NA,NA
2018,13,3187,1,"J","4",14.5,9.5,2,"2.5",2016,"",NA,NA,NA,"3187_13","control","alive",1,"Flowering",1,NA,"4",2,1,1,1,NA,NA
2019,13,3187,1,"J","4",25,15,2,"3",2016,"",NA,NA,NA,"3187_13","control","alive",1,"Flowering",1,NA,"2",0,0,1,1,NA,NA
2020,13,3187,1,"J","2",NA,13.2,0,NA,2016,"",NA,NA,NA,"3187_13","control","alive",1,"Vegetative",0,NA,"3",1,1,1,1,NA,NA
2021,13,3187,1,"J","3",17,10,1,"3.5",2016,"",NA,NA,NA,"3187_13","control","alive",1,"Flowering",1,NA,"4",2,1,1,0,0,0
2022,13,3187,1,"J","4",39,17,2,"6.5",2016,"",NA,NA,NA,"3187_13","control","alive",1,"Flowering",1,NA,"7",4,1,1,1,42,1
2023,13,3187,1,"J","7",45.5,14,4,"11",2016,"1 umbel dead?",NA,NA,NA,"3187_13","control","alive",1,"Flowering",1,NA,"5",3,1,1,1,52,1
2024,13,3187,1,"J","5",28.5,9,3,"7.5",NA,"",NA,NA,NA,"3187_13","control","alive",1,"Flowering",1,NA,"1",1,1,1,1,0,0
2025,13,3187,1,"J","1",NA,21,1,NA,NA,"one dead umbel",NA,NA,NA,"3187_13","control","alive",1,"Flowering",1,NA,"0",NA,NA,NA,1,NA,NA
2026,13,3187,1,"J","0",NA,NA,NA,NA,NA,"NP",NA,NA,NA,"3187_13","control",NA,NA,NA,NA,NA,NA,NA,NA,NA,1,NA,NA
2019,2,3187,19,"C","1",NA,11,0,NA,2019,"",NA,NA,NA,"3187_2","control","alive",1,"Vegetative",0,NA,NA,NA,NA,1,NA,NA,NA
2020,2,3187,19,"C",NA,NA,NA,NA,NA,2019,"NS",NA,NA,NA,"3187_2","control",NA,1,NA,NA,NA,"1",0,0,1,0,NA,NA
2021,2,3187,19,"C","1",NA,12,0,NA,2019,"",NA,NA,NA,"3187_2","control","alive",1,"Vegetative",0,NA,"0",NA,NA,0,NA,NA,NA
2022,2,3187,19,"C","0",NA,NA,NA,NA,2019,"NP",NA,NA,NA,"3187_2","control","dead",0,"Dead",NA,NA,NA,NA,NA,NA,0,NA,NA
2019,2,3188,19,"B","1",NA,9,0,NA,2019,"",NA,NA,NA,"3188_2","control","alive",1,"Vegetative",0,NA,NA,NA,NA,1,NA,NA,NA
2020,2,3188,19,"B",NA,NA,NA,NA,NA,2019,"NS",NA,NA,NA,"3188_2","control",NA,1,NA,NA,NA,"1",0,0,1,0,NA,NA
2021,2,3188,19,"B","1",NA,9,0,NA,2019,"",NA,NA,NA,"3188_2","control","alive",1,"Vegetative",0,NA,"1",0,0,1,NA,NA,NA
2022,2,3188,19,"B","1",NA,17.5,0,NA,2019,"",NA,NA,NA,"3188_2","control","alive",1,"Vegetative",0,NA,"2",1,1,1,0,NA,NA
2023,2,3188,19,"B","2",23,12,1,"4",2019,"seeding umbel",NA,NA,NA,"3188_2","control","alive",1,"Flowering",1,NA,"0",NA,NA,0,0,26,1
2024,2,3188,19,"B","0",NA,NA,NA,NA,NA,"NP; in phen but gone now",NA,NA,NA,"3188_2","control","dead",0,"Dead",NA,NA,NA,NA,NA,NA,1,0,0
2019,2,3189,19,"C","1",NA,11,0,NA,2019,"",NA,NA,NA,"3189_2","control","alive",1,"Vegetative",0,NA,NA,NA,NA,1,NA,NA,NA
2020,2,3189,19,"C",NA,NA,NA,NA,NA,2019,"NS",NA,NA,NA,"3189_2","control",NA,1,NA,NA,NA,"0",NA,NA,1,0,NA,NA
2021,2,3189,19,"C","0",NA,NA,NA,NA,2019,"NP",NA,NA,NA,"3189_2","control","dormant",1,"Dormant",NA,NA,"1",0,0,1,NA,NA,NA
2022,2,3189,19,"C","1",NA,14.5,0,NA,2019,"",NA,NA,NA,"3189_2","control","alive",1,"Vegetative",0,NA,"1",0,0,1,NA,NA,NA
2023,2,3189,19,"C","1",NA,11,0,NA,2019,"",NA,NA,NA,"3189_2","control","alive",1,"Vegetative",0,NA,"0",NA,NA,1,0,NA,NA
2024,2,3189,19,"C","0",NA,NA,NA,NA,NA,"NP",NA,NA,NA,"3189_2","control","dormant",1,"Dormant",NA,NA,"1",0,0,1,0,NA,NA
2025,2,3189,19,"C","1",NA,13,0,NA,NA,"",NA,NA,NA,"3189_2","control","alive",1,"Vegetative",0,NA,"0",NA,NA,NA,NA,NA,NA
2026,2,3189,19,"C","0",NA,NA,NA,NA,NA,"NP",NA,NA,NA,"3189_2","control",NA,NA,NA,NA,NA,NA,NA,NA,NA,0,NA,NA
2016,10,3190,1,"B","3",21,10.1,0,NA,2016,"",NA,NA,NA,"3190_10","drought","alive",1,"Vegetative",0,NA,"1",0,0,1,NA,NA,NA
2017,10,3190,1,"B","1",19.5,14.5,0,NA,2016,"",NA,NA,NA,"3190_10","drought","alive",1,"Vegetative",0,NA,"2",1,1,1,0,NA,NA
2018,10,3190,1,"B","2",23,12,1,"3",2016,"",NA,NA,NA,"3190_10","drought","alive",1,"Flowering",1,NA,"2",1,1,1,0,NA,NA
2019,10,3190,1,"B","2",22,14,1,"2",2016,"",NA,NA,NA,"3190_10","drought","alive",1,"Flowering",1,NA,"0",NA,NA,1,1,NA,NA
2020,10,3190,1,"B","0",NA,NA,NA,NA,2016,"no plant",NA,NA,NA,"3190_10","drought","dormant",1,"Dormant",NA,NA,"2",1,1,1,1,NA,NA
2021,10,3190,1,"B","2",24,13.5,1,"4",2016,"",NA,NA,NA,"3190_10","drought","alive",1,"Flowering",1,NA,"3",2,1,1,NA,6,1
2022,10,3190,1,"B","3",52,17,2,"10.5",2016,"",NA,NA,NA,"3190_10","drought","alive",1,"Flowering",1,NA,"3",2,1,1,1,132,1
2023,10,3190,1,"B","3",60,23.5,2,"16",2016,"",NA,NA,NA,"3190_10","drought","alive",1,"Flowering",1,NA,"3",1,1,1,1,270,1
2024,10,3190,1,"B","3",38,25.5,1,"5",NA,"",NA,NA,NA,"3190_10","drought","alive",1,"Flowering",1,NA,"3",2,1,1,1,8,1
2025,10,3190,1,"B","3",48,17,2,"13",NA,"",NA,NA,NA,"3190_10","drought","alive",1,"Flowering",1,NA,NA,NA,NA,NA,1,128,1
2026,10,3190,1,"B",NA,NA,NA,NA,NA,NA,"",NA,NA,NA,"3190_10","drought",NA,NA,NA,NA,NA,NA,NA,NA,NA,1,NA,NA
2019,2,3190,18,"C","1",NA,12,0,NA,2019,"",NA,NA,NA,"3190_2","control","alive",1,"Vegetative",0,NA,NA,NA,NA,1,NA,NA,NA
2020,2,3190,18,"C",NA,NA,NA,NA,NA,2019,"NS",NA,NA,NA,"3190_2","control",NA,1,NA,NA,NA,"1",0,0,1,0,NA,NA
2021,2,3190,18,"C","1",NA,10.5,0,NA,2019,"",NA,NA,NA,"3190_2","control","alive",1,"Vegetative",0,NA,"3",1,1,1,NA,NA,NA
2022,2,3190,18,"C","3",33,17,1,"3.5",2019,"",NA,NA,NA,"3190_2","control","alive",1,"Flowering",1,NA,"0",NA,NA,0,0,60,1
2023,2,3190,18,"C","0",NA,NA,NA,NA,2019,"NP",NA,NA,NA,"3190_2","control","dead",0,"Dead",NA,NA,NA,NA,NA,NA,1,NA,NA
2019,1,3191,11,"A","1",NA,11.5,0,NA,2019,"",NA,NA,NA,"3191_1","irrigated","alive",1,"Vegetative",0,NA,NA,NA,NA,NA,NA,NA,NA
2020,1,3191,11,"A",NA,NA,NA,NA,NA,2019,"NS",NA,NA,NA,"3191_1","irrigated",NA,NA,NA,NA,NA,"0",NA,NA,0,0,NA,NA
2021,1,3191,11,"A","0",NA,NA,NA,NA,2019,"NP",NA,NA,NA,"3191_1","irrigated","dead",0,"Dead",NA,NA,NA,NA,NA,NA,NA,NA,NA
2016,5,3191,6,"E","7",18.5,7.9,1,"2.4",2016,"Half dead",NA,NA,NA,"3191_5","drought","alive",1,"Flowering",1,NA,"3",2,1,1,NA,NA,NA
2017,5,3191,6,"E","3",22,7,2,"5",2016,"",NA,NA,NA,"3191_5","drought","alive",1,"Flowering",1,NA,"1",0,0,1,1,NA,NA
2018,5,3191,6,"E","1",14,14,0,NA,2016,"",NA,NA,NA,"3191_5","drought","alive",1,"Vegetative",0,NA,"1",0,0,1,1,NA,NA
2019,5,3191,6,"E","1",NA,11,0,NA,2016,"",NA,NA,NA,"3191_5","drought","alive",1,"Vegetative",0,NA,"1",0,0,1,0,NA,NA
2020,5,3191,6,"E","1",NA,12.2,0,NA,2016,"",NA,NA,NA,"3191_5","drought","alive",1,"Vegetative",0,NA,"0",NA,NA,1,0,NA,NA
2021,5,3191,6,"E","0",NA,NA,NA,NA,2016,"NP",NA,NA,NA,"3191_5","drought","dormant",1,"Dormant",NA,NA,"2",0,0,1,0,NA,NA
2022,5,3191,6,"E","2",NA,22.5,0,NA,2016,"",NA,NA,NA,"3191_5","drought","alive",1,"Vegetative",0,NA,"2",1,1,1,NA,NA,NA
2023,5,3191,6,"E","2",30,15,1,"4",2016,"",NA,NA,NA,"3191_5","drought","alive",1,"Flowering",1,NA,"2",1,1,1,0,26,1
2024,5,3191,6,"E","2",23.5,10.5,1,"2.5",NA,"longest leaf missing",NA,NA,NA,"3191_5","drought","alive",1,"Flowering",1,NA,"1",0,0,1,1,0,0
2025,5,3191,6,"E","1",NA,6.5,0,NA,NA,"",NA,NA,NA,"3191_5","drought","alive",1,"Vegetative",0,NA,"2",0,0,1,1,NA,NA
2026,5,3191,6,"E","2",NA,16,0,NA,NA,"",NA,NA,NA,"3191_5","drought","alive",1,"Vegetative",0,NA,NA,NA,NA,NA,0,NA,NA
2019,1,3192,11,"B","1",NA,7.5,0,NA,2019,"",NA,NA,NA,"3192_1","irrigated","alive",1,"Vegetative",0,NA,NA,NA,NA,1,NA,NA,NA
2020,1,3192,11,"B",NA,NA,NA,NA,NA,2019,"NS",NA,NA,NA,"3192_1","irrigated",NA,1,NA,NA,NA,"3",1,1,1,0,NA,NA
2021,1,3192,11,"B","3",33,14,1,"1",2019,"",NA,NA,NA,"3192_1","irrigated","alive",1,"Flowering",1,NA,"2",1,1,1,NA,NA,NA
2022,1,3192,11,"B","2",38,15,1,"5",2019,"",NA,NA,NA,"3192_1","irrigated","alive",1,"Flowering",1,NA,"5",2,1,1,1,42,1
2023,1,3192,11,"B","5",44,20.5,2,"8",2019,"",NA,NA,NA,"3192_1","irrigated","alive",1,"Flowering",1,NA,"3",2,1,1,1,NA,NA
2024,1,3192,11,"B","3",42,15,2,"7.5",NA,"",NA,NA,NA,"3192_1","irrigated","alive",1,"Flowering",1,NA,"1",1,1,1,1,56,1
2025,1,3192,11,"B","1",34,18,1,"4",NA,"",NA,NA,1,"3192_1","irrigated","alive",1,"Flowering",1,NA,"0",NA,NA,NA,1,0,0
2026,1,3192,11,"B","0",NA,NA,NA,NA,NA,"NP",NA,NA,NA,"3192_1","irrigated",NA,NA,NA,NA,NA,NA,NA,NA,NA,1,NA,NA
2016,5,3192,4,"C","7",20.5,10.1,2,"3",2016,"",NA,NA,NA,"3192_5","drought","alive",1,"Flowering",1,NA,"6",1,1,1,NA,NA,NA
2017,5,3192,4,"C","6",19,11,1,"2.5",2016,"",NA,NA,NA,"3192_5","drought","alive",1,"Flowering",1,NA,"3",1,1,1,1,NA,NA
2018,5,3192,4,"C","3",11,10,1,"2.8",2016,"",NA,NA,NA,"3192_5","drought","alive",1,"Flowering",1,NA,"0",NA,NA,0,1,NA,NA
2019,5,3192,4,"C","0",NA,NA,NA,NA,2016,"no plant",NA,NA,NA,"3192_5","drought","dead",0,"Dead",NA,NA,NA,NA,NA,NA,1,NA,NA
2019,1,3193,16,"C","1",17,15,1,"3",2019,"",NA,NA,NA,"3193_1","irrigated","alive",1,"Flowering",1,NA,NA,NA,NA,1,NA,NA,NA
2020,1,3193,16,"C",NA,NA,NA,NA,NA,2019,"NS",NA,NA,NA,"3193_1","irrigated",NA,1,NA,NA,NA,"1",0,0,1,1,NA,NA
2021,1,3193,16,"C","1",NA,20,0,NA,2019,"",NA,NA,NA,"3193_1","irrigated","alive",1,"Vegetative",0,NA,"0",NA,NA,1,NA,NA,NA
2022,1,3193,16,"C","0",NA,NA,NA,NA,2019,"NP",NA,NA,NA,"3193_1","irrigated","dormant",1,"Dormant",NA,NA,"2",1,1,1,0,NA,NA
2023,1,3193,16,"C","2",24.5,20,1,"5",2019,"",NA,NA,NA,"3193_1","irrigated","alive",1,"Flowering",1,NA,"1",1,1,1,NA,NA,NA
2024,1,3193,16,"C","1",31,19,1,"3",NA,"",NA,NA,NA,"3193_1","irrigated","alive",1,"Flowering",1,NA,"0",NA,NA,0,1,0,0
2025,1,3193,16,"C","0",NA,NA,NA,NA,NA,"closer to 15C; NP",NA,NA,NA,"3193_1","irrigated","dead",0,"Dead",NA,NA,NA,NA,NA,NA,1,NA,NA
2016,5,3193,3,"B","10",15,6,2,"5.5",2016,"",NA,NA,NA,"3193_5","drought","alive",1,"Flowering",1,NA,"5",3,1,1,NA,NA,NA
2017,5,3193,3,"B","5",21,9.5,3,"5",2016,"",NA,NA,NA,"3193_5","drought","alive",1,"Flowering",1,NA,"5",1,1,1,1,NA,NA
2018,5,3193,3,"B","5",25.5,12,1,"4",2016,"",NA,NA,NA,"3193_5","drought","alive",1,"Flowering",1,NA,"1",0,0,1,1,NA,NA
2019,5,3193,3,"B","1",NA,11,0,NA,2016,"",NA,NA,NA,"3193_5","drought","alive",1,"Vegetative",0,NA,"3",0,0,1,1,NA,NA
2020,5,3193,3,"B","3",NA,19,0,NA,2016,"",NA,NA,NA,"3193_5","drought","alive",1,"Vegetative",0,NA,"2",0,0,1,0,NA,NA
2021,5,3193,3,"B","2",NA,17.5,0,NA,2016,"",NA,NA,NA,"3193_5","drought","alive",1,"Vegetative",0,NA,"6",1,1,1,0,NA,NA
2022,5,3193,3,"B","6",25,20.5,1,"2.5",2016,"",NA,NA,NA,"3193_5","drought","alive",1,"Flowering",1,NA,"2",1,1,1,0,38,1
2023,5,3193,3,"B","2",23,10,1,NA,2016,"dead umbel",NA,NA,NA,"3193_5","drought","alive",1,"Flowering",1,NA,NA,NA,NA,1,1,0,0
2024,5,3193,3,"B",NA,NA,NA,NA,NA,NA,"NPNT",NA,NA,NA,"3193_5","drought",NA,1,NA,NA,NA,"1",0,0,1,1,NA,NA
2025,5,3193,3,"B","1",NA,16.5,0,NA,NA,"",NA,NA,NA,"3193_5","drought","alive",1,"Vegetative",0,NA,"1",0,0,1,NA,NA,NA
2026,5,3193,3,"B","1",NA,20,0,NA,NA,"",NA,NA,NA,"3193_5","drought","alive",1,"Vegetative",0,NA,NA,NA,NA,NA,0,NA,NA
2019,1,3194,12,"H","1",NA,18.5,0,NA,2019,"",NA,NA,NA,"3194_1","irrigated","alive",1,"Vegetative",0,NA,NA,NA,NA,1,NA,NA,NA
2020,1,3194,12,"H",NA,NA,NA,NA,NA,2019,"NS",NA,NA,NA,"3194_1","irrigated",NA,1,NA,NA,NA,"1",0,0,1,0,NA,NA
2021,1,3194,12,"H","1",NA,14,0,NA,2019,"",NA,NA,NA,"3194_1","irrigated","alive",1,"Vegetative",0,NA,"1",0,0,1,NA,NA,NA
2022,1,3194,12,"H","1",NA,30,0,NA,2019,"",NA,NA,NA,"3194_1","irrigated","alive",1,"Vegetative",0,NA,"3",2,1,1,0,NA,NA
2023,1,3194,12,"H","3",34,16,2,"7.5",2019,"",NA,NA,NA,"3194_1","irrigated","alive",1,"Flowering",1,NA,"0",NA,NA,0,0,NA,NA
2024,1,3194,12,"H","0",NA,NA,NA,NA,NA,"NP",NA,NA,NA,"3194_1","irrigated","dead",0,"Dead",NA,NA,NA,NA,NA,NA,1,NA,NA
2016,5,3194,3,"C","3",19,6.8,1,"1.7",2016,"",NA,NA,NA,"3194_5","drought","alive",1,"Flowering",1,NA,"5",3,1,1,NA,NA,NA
2017,5,3194,3,"C","5",28,12,3,"2",2016,"",NA,NA,NA,"3194_5","drought","alive",1,"Flowering",1,NA,"2",0,0,1,1,NA,NA
2018,5,3194,3,"C","2",12,12,0,NA,2016,"",NA,NA,NA,"3194_5","drought","alive",1,"Vegetative",0,NA,"1",0,0,1,1,NA,NA
2019,5,3194,3,"C","1",NA,13,0,NA,2016,"",NA,NA,NA,"3194_5","drought","alive",1,"Vegetative",0,NA,"1",0,0,1,0,NA,NA
2020,5,3194,3,"C","1",NA,11.1,0,NA,2016,"",NA,NA,NA,"3194_5","drought","alive",1,"Vegetative",0,NA,NA,NA,NA,0,0,NA,NA
2021,5,3194,3,"C",NA,NA,NA,NA,NA,2016,"NPNT",NA,NA,NA,"3194_5","drought","dead",0,"Dead",NA,NA,NA,NA,NA,NA,0,NA,NA
2019,1,3195,16,"B","1",12,6,1,"1.5",2019,"",NA,NA,NA,"3195_1","irrigated","alive",1,"Flowering",1,NA,NA,NA,NA,1,NA,NA,NA
2020,1,3195,16,"B",NA,NA,NA,NA,NA,2019,"NS",NA,NA,NA,"3195_1","irrigated",NA,1,NA,NA,NA,"1",1,1,1,1,NA,NA
2021,1,3195,16,"B","1",14.5,11,1,"2",2019,"",NA,NA,NA,"3195_1","irrigated","alive",1,"Flowering",1,NA,"0",NA,NA,0,NA,0,0
2022,1,3195,16,"B","0",NA,NA,NA,NA,2019,"NP",NA,NA,NA,"3195_1","irrigated","dead",0,"Dead",NA,NA,NA,NA,NA,NA,1,NA,NA
2021,5,3195,1,"A","1",NA,15.5,0,NA,2021,"",NA,NA,NA,"3195_5","drought","alive",1,"Vegetative",0,NA,"4",0,0,1,NA,NA,NA
2022,5,3195,1,"A","4",NA,25,0,NA,2021,"",NA,NA,NA,"3195_5","drought","alive",1,"Vegetative",0,NA,"3",2,1,1,0,NA,NA
2023,5,3195,1,"A","3",27,20,2,"3.5",2021,"",NA,NA,NA,"3195_5","drought","alive",1,"Flowering",1,NA,"1",0,0,1,0,0,0
2024,5,3195,1,"A","1",NA,13,0,NA,2021,"",NA,NA,NA,"3195_5","drought","alive",1,"Vegetative",0,NA,"1",0,0,1,1,NA,NA
2025,5,3195,1,"A","1",NA,13,0,NA,2021,"",NA,NA,NA,"3195_5","drought","alive",1,"Vegetative",0,NA,"2",0,0,1,0,NA,NA
2026,5,3195,1,"A","2",NA,15.5,0,NA,2021,"",NA,NA,NA,"3195_5","drought","alive",1,"Vegetative",0,NA,NA,NA,NA,NA,0,NA,NA
2018,5,3195,1,"A","4",18.5,14.5,2,"3",NA,"found plant with unlisted tag ",NA,NA,NA,"3195_5_senior","drought","alive",1,"Flowering",1,NA,"0",NA,NA,0,NA,NA,NA
2019,5,3195,1,"A","0",NA,NA,NA,NA,NA,"no plant",NA,NA,NA,"3195_5_senior","drought","dead",0,"Dead",NA,NA,NA,NA,NA,NA,1,NA,NA
2019,13,3196,14,"A","1",NA,10,0,NA,2019,"",NA,NA,NA,"3196_13","control","alive",1,"Vegetative",0,NA,NA,NA,NA,1,NA,NA,NA
2020,13,3196,14,"A",NA,NA,NA,NA,NA,2019,"NS",NA,NA,NA,"3196_13","control",NA,1,NA,NA,NA,"1",0,0,1,0,NA,NA
2021,13,3196,14,"A","1",NA,17.5,0,NA,2019,"",NA,NA,NA,"3196_13","control","alive",1,"Vegetative",0,NA,"2",2,1,1,NA,0,0
2022,13,3196,14,"A","2",23,9,2,"0",2019,"umbels and leaves died",NA,1,NA,"3196_13","control","alive",1,"Flowering",1,NA,NA,NA,NA,0,0,0,0
2023,13,3196,14,"A",NA,NA,NA,NA,NA,2019,"NPNT; maybe eaten by dactylis",NA,NA,NA,"3196_13","control","dead",0,"Dead",NA,NA,NA,NA,NA,NA,1,NA,NA
2022,5,3196,4,"D","6",25,18,2,"7",2022,"Maybe 2 plants",NA,NA,NA,"3196_5","drought","alive",1,"Flowering",1,NA,"4",2,1,1,NA,104,1
2023,5,3196,4,"D","4",28,11,2,"7",2022,"2022: maybe 2 plants?",NA,NA,NA,"3196_5","drought","alive",1,"Flowering",1,NA,"4",3,1,1,1,60,1
2024,5,3196,4,"D","4",20.5,15,3,"6.5",2022,"third umbel bud not measured",NA,NA,NA,"3196_5","drought","alive",1,"Flowering",1,NA,"2",1,1,1,1,0,0
2025,5,3196,4,"D","2",7,14,1,"2",2022,"",NA,NA,NA,"3196_5","drought","alive",1,"Flowering",1,NA,"3",0,0,1,1,6,1
2026,5,3196,4,"D","3",NA,15,0,NA,2022,"",NA,NA,NA,"3196_5","drought","alive",1,"Vegetative",0,NA,NA,NA,NA,NA,1,NA,NA
2016,5,3196,4,"D","5",20,9.6,2,"2.4",2016,"",NA,NA,NA,"3196_5_senior","drought","alive",1,"Flowering",1,NA,"6",4,1,1,NA,NA,NA
2017,5,3196,4,"D","6",26,10.5,4,"4",2016,"",NA,NA,NA,"3196_5_senior","drought","alive",1,"Flowering",1,NA,"3",1,1,1,1,NA,NA
2018,5,3196,4,"D","3",12.5,8.5,1,NA,2016,"",NA,NA,NA,"3196_5_senior","drought","alive",1,"Flowering",1,NA,"0",NA,NA,0,1,NA,NA
2019,5,3196,4,"D","0",NA,NA,NA,NA,2016,"no plant",NA,NA,NA,"3196_5_senior","drought","dead",0,"Dead",NA,NA,NA,NA,NA,NA,1,NA,NA
2019,1,3197,15,"J","1",NA,8,0,NA,2019,"",NA,NA,NA,"3197_1","irrigated","alive",1,"Vegetative",0,NA,NA,NA,NA,NA,NA,NA,NA
2020,1,3197,15,"J",NA,NA,NA,NA,NA,2019,"NS",NA,NA,NA,"3197_1","irrigated",NA,NA,NA,NA,NA,"0",NA,NA,0,0,NA,NA
2021,1,3197,15,"J","0",NA,NA,NA,NA,2019,"NP",NA,NA,NA,"3197_1","irrigated","dead",0,"Dead",NA,NA,NA,NA,NA,NA,NA,NA,NA
2016,5,3197,3,"A","3",16,4.7,0,NA,2016,"",NA,NA,NA,"3197_5","drought","alive",1,"Vegetative",0,NA,"0",NA,NA,1,NA,NA,NA
2017,5,3197,3,"A","0",NA,NA,NA,NA,2016,"No plant/dead?",NA,NA,NA,"3197_5","drought","dormant",1,"Dormant",NA,NA,"5",1,1,1,0,NA,NA
2018,5,3197,3,"A","5",14,12,1,"2.75",2016,"",NA,NA,NA,"3197_5","drought","alive",1,"Flowering",1,NA,"1",0,0,1,NA,NA,NA
2019,5,3197,3,"A","1",NA,11,0,NA,2016,"",NA,NA,NA,"3197_5","drought","alive",1,"Vegetative",0,NA,"3",0,0,1,1,NA,NA
2020,5,3197,3,"A","3",NA,13.8,0,NA,2016,"",NA,NA,NA,"3197_5","drought","alive",1,"Vegetative",0,NA,"6",2,1,1,0,NA,NA
2021,5,3197,3,"A","6",25.5,17,2,"7.5",2016,"",NA,NA,NA,"3197_5","drought","alive",1,"Flowering",1,NA,"7",4,1,1,0,98,1
2022,5,3197,3,"A","7",29,14,4,"19",2016,"",NA,NA,NA,"3197_5","drought","alive",1,"Flowering",1,NA,"5",4,1,1,1,318,1
2023,5,3197,3,"A","5",34,11,4,"18",2016,"",NA,NA,NA,"3197_5","drought","alive",1,"Flowering",1,NA,"5",4,1,1,1,102,1
2024,5,3197,3,"A","5",27,14.5,4,"13",NA,"",NA,NA,NA,"3197_5","drought","alive",1,"Flowering",1,NA,"3",1,1,1,1,166,1
2025,5,3197,3,"A","3",23,17.5,1,"4",NA,"",NA,NA,NA,"3197_5","drought","alive",1,"Flowering",1,NA,"7",4,1,1,1,NA,NA
2026,5,3197,3,"A","7",23,13.5,4,"14",NA,"",NA,NA,NA,"3197_5","drought","alive",1,"Flowering",1,NA,NA,NA,NA,NA,1,38,1
2019,1,3198,16,"H","1",NA,10.5,0,NA,2019,"",NA,NA,NA,"3198_1","irrigated","alive",1,"Vegetative",0,NA,NA,NA,NA,1,NA,NA,NA
2020,1,3198,16,"H",NA,NA,NA,NA,NA,2019,"NS",NA,NA,NA,"3198_1","irrigated",NA,1,NA,NA,NA,"2",0,0,1,0,NA,NA
2021,1,3198,16,"H","2",NA,12.5,0,NA,2019,"",NA,NA,NA,"3198_1","irrigated","alive",1,"Vegetative",0,NA,"1",0,0,1,NA,NA,NA
2022,1,3198,16,"H","1",NA,19,0,NA,2019,"",NA,NA,NA,"3198_1","irrigated","alive",1,"Vegetative",0,NA,"0",NA,NA,0,0,NA,NA
2023,1,3198,16,"H","0",NA,NA,NA,NA,2019,"Accidentally pulled tag--no plant though.",1,1,NA,"3198_1","irrigated","dead",0,"Dead",NA,NA,NA,NA,NA,NA,0,NA,NA
2019,5,3198,9,"B","1",NA,11,0,NA,2019,"",NA,NA,NA,"3198_5","drought","alive",1,"Vegetative",0,NA,"0",NA,NA,1,NA,NA,NA
2020,5,3198,9,"B","0",NA,NA,NA,NA,2019,"no plant",NA,NA,NA,"3198_5","drought","dormant",1,"Dormant",NA,NA,"1",0,0,1,0,NA,NA
2021,5,3198,9,"B","1",NA,15,0,NA,2019,"",NA,NA,NA,"3198_5","drought","alive",1,"Vegetative",0,NA,"2",2,1,1,NA,NA,NA
2022,5,3198,9,"B","2",27.5,10,2,"5.5",2019,"",NA,NA,NA,"3198_5","drought","alive",1,"Flowering",1,NA,"1",0,0,1,0,6,1
2023,5,3198,9,"B","1",NA,19,0,NA,2019,"",NA,NA,NA,"3198_5","drought","alive",1,"Vegetative",0,NA,"2",1,1,1,1,NA,NA
2024,5,3198,9,"B","2",24,10,1,"3",2019,"",NA,NA,NA,"3198_5","drought","alive",1,"Flowering",1,NA,"1",0,0,1,0,12,1
2025,5,3198,9,"B","1",NA,10,0,NA,2019,"",NA,NA,NA,"3198_5","drought","alive",1,"Vegetative",0,NA,"1",0,0,1,1,NA,NA
2026,5,3198,9,"B","1",NA,1.5,0,NA,2019,"",NA,NA,NA,"3198_5","drought","alive",1,"Vegetative",0,NA,NA,NA,NA,NA,0,NA,NA
2016,5,3198,9,"B","1",17.5,10.1,1,"3.1",2016,"",NA,NA,NA,"3198_5_senior","drought","alive",1,"Flowering",1,NA,"0",NA,NA,0,NA,NA,NA
2017,5,3198,9,"B","0",NA,NA,NA,NA,2016,"No plant/dead?",NA,NA,NA,"3198_5_senior","drought","dead",0,"Dead",NA,NA,NA,NA,NA,NA,1,NA,NA
2019,1,3199,17,"H","1",NA,14,0,NA,2019,"",NA,NA,NA,"3199_1","irrigated","alive",1,"Vegetative",0,NA,NA,NA,NA,1,NA,NA,NA
2020,1,3199,17,"H",NA,NA,NA,NA,NA,2019,"NS",NA,NA,NA,"3199_1","irrigated",NA,1,NA,NA,NA,"1",0,0,1,0,NA,NA
2021,1,3199,17,"H","1",NA,11.5,0,NA,2019,"",NA,NA,NA,"3199_1","irrigated","alive",1,"Vegetative",0,NA,"0",NA,NA,0,NA,NA,NA
2022,1,3199,17,"H","0",NA,NA,NA,NA,2019,"NP",NA,NA,NA,"3199_1","irrigated","dead",0,"Dead",NA,NA,NA,NA,NA,NA,0,NA,NA
2016,5,3199,4,"B","5",29.5,9.5,2,"2.9",2016,"",NA,NA,NA,"3199_5","drought","alive",1,"Flowering",1,NA,"5",2,1,1,NA,NA,NA
2017,5,3199,4,"B","5",17,9,2,"4",2016,"",NA,NA,NA,"3199_5","drought","alive",1,"Flowering",1,NA,"4",2,1,1,1,NA,NA
2018,5,3199,4,"B","4",12.5,9.5,2,"3.5",2016,"",NA,NA,NA,"3199_5","drought","alive",1,"Flowering",1,NA,"2",0,0,1,1,NA,NA
2019,5,3199,4,"B","2",NA,12,0,NA,2016,"",NA,NA,NA,"3199_5","drought","alive",1,"Vegetative",0,NA,"0",NA,NA,1,1,NA,NA
2020,5,3199,4,"B","0",NA,NA,NA,NA,2016,"no plant",NA,NA,NA,"3199_5","drought","dormant",1,"Dormant",NA,NA,"3",0,0,1,0,NA,NA
2021,5,3199,4,"B","3",NA,14,0,NA,2016,"",NA,NA,NA,"3199_5","drought","alive",1,"Vegetative",0,NA,"5",2,1,1,NA,NA,NA
2022,5,3199,4,"B","5",24,18,2,"7.5",2016,"",NA,NA,NA,"3199_5","drought","alive",1,"Flowering",1,NA,"7",4,1,1,0,70,1
2023,5,3199,4,"B","7",37,16,4,"9",2016,"",NA,NA,NA,"3199_5","drought","alive",1,"Flowering",1,NA,"5",3,1,1,1,114,1
2024,5,3199,4,"B","5",30.5,13,3,"7",NA,"one dead umbel maybe missing from phen",NA,NA,NA,"3199_5","drought","alive",1,"Flowering",1,NA,"3",2,1,1,1,118,1
2025,5,3199,4,"B","3",22,12,2,"3",NA,"one umbel eaten",NA,NA,NA,"3199_5","drought","alive",1,"Flowering",1,NA,"2",0,0,1,1,0,0
2026,5,3199,4,"B","2",NA,18,0,NA,NA,"",NA,NA,NA,"3199_5","drought","alive",1,"Vegetative",0,NA,NA,NA,NA,NA,1,NA,NA
2019,1,3200,19,"I","1",NA,5.5,0,NA,2019,"",NA,NA,NA,"3200_1","irrigated","alive",1,"Vegetative",0,NA,NA,NA,NA,1,NA,NA,NA
2020,1,3200,19,"I",NA,NA,NA,NA,NA,2019,"NS",NA,NA,NA,"3200_1","irrigated",NA,1,NA,NA,NA,"1",0,0,1,0,NA,NA
2021,1,3200,19,"I","1",NA,11,0,NA,2019,"",NA,NA,NA,"3200_1","irrigated","alive",1,"Vegetative",0,NA,"1",0,0,1,NA,NA,NA
2022,1,3200,19,"I","1",NA,17,0,NA,2019,"",1,NA,NA,"3200_1","irrigated","alive",1,"Vegetative",0,NA,"1",0,0,1,0,NA,NA
2023,1,3200,19,"I","1",NA,15,0,NA,2019,"",NA,NA,NA,"3200_1","irrigated","alive",1,"Vegetative",0,NA,"0",NA,NA,1,0,NA,NA
2024,1,3200,19,"I","0",NA,NA,NA,NA,NA,"NP",NA,NA,NA,"3200_1","irrigated","dormant",1,"Dormant",NA,NA,"3",0,0,1,0,NA,NA
2025,1,3200,19,"I","3",NA,21,0,NA,NA,"",NA,NA,NA,"3200_1","irrigated","alive",1,"Vegetative",0,NA,"5",2,1,1,NA,NA,NA
2026,1,3200,19,"I","5",37,20,2,"8",NA,"",NA,NA,NA,"3200_1","irrigated","alive",1,"Flowering",1,NA,NA,NA,NA,NA,0,68,1
2016,5,3200,4,"F","4",26,7.5,2,"4.1",2016,"",NA,NA,NA,"3200_5","drought","alive",1,"Flowering",1,NA,"7",4,1,1,NA,NA,NA
2017,5,3200,4,"F","7",15,11.5,4,"2",2016,"",NA,NA,NA,"3200_5","drought","alive",1,"Flowering",1,NA,"1",0,0,1,1,NA,NA
2018,5,3200,4,"F","1",9,9,0,NA,2016,"",NA,NA,NA,"3200_5","drought","alive",1,"Vegetative",0,NA,"1",0,0,1,1,NA,NA
2019,5,3200,4,"F","1",NA,9,0,NA,2016,"",NA,NA,NA,"3200_5","drought","alive",1,"Vegetative",0,NA,"0",NA,NA,1,0,NA,NA
2020,5,3200,4,"F","0",NA,NA,NA,NA,2016,"no plant",NA,NA,NA,"3200_5","drought","dormant",1,"Dormant",NA,NA,"2",1,1,1,0,NA,NA
2021,5,3200,4,"F","2",18.5,8,1,"4.5",2016,"",NA,NA,NA,"3200_5","drought","alive",1,"Flowering",1,NA,"5",3,1,1,NA,0,0
2022,5,3200,4,"F","5",22,15,3,"12.5",2016,"",NA,NA,NA,"3200_5","drought","alive",1,"Flowering",1,NA,"8",4,1,1,1,126,1
2023,5,3200,4,"F","8",30,14,4,"19",2016,"",NA,NA,NA,"3200_5","drought","alive",1,"Flowering",1,NA,"0",NA,NA,1,1,60,1
2024,5,3200,4,"F","0",NA,NA,NA,NA,NA,"NP",NA,NA,NA,"3200_5","drought","dormant",1,"Dormant",NA,NA,"2",0,0,1,1,NA,NA
2025,5,3200,4,"F","2",NA,11,0,NA,NA,"",NA,NA,NA,"3200_5","drought","alive",1,"Vegetative",0,NA,"3",2,1,1,NA,NA,NA
2026,5,3200,4,"F","3",19,18.5,2,"6",NA,"",NA,NA,NA,"3200_5","drought","alive",1,"Flowering",1,NA,NA,NA,NA,NA,0,0,0
2021,12,3226,19,"D","1",NA,7,0,NA,2021,"",NA,NA,NA,"3226_12","irrigated","alive",1,"Vegetative",0,NA,"1",0,0,1,NA,NA,NA
2022,12,3226,19,"D","1",NA,7.5,0,NA,2021,"",NA,NA,NA,"3226_12","irrigated","alive",1,"Vegetative",0,NA,"2",0,0,1,0,NA,NA
2023,12,3226,19,"D","2",NA,8,0,NA,2021,"",NA,NA,NA,"3226_12","irrigated","alive",1,"Vegetative",0,NA,"1",0,0,1,0,NA,NA
2024,12,3226,19,"D","1",NA,11,0,NA,NA,"",NA,NA,NA,"3226_12","irrigated","alive",1,"Vegetative",0,NA,"1",0,0,1,0,NA,NA
2025,12,3226,19,"D","1",NA,14,0,NA,NA,"",NA,NA,NA,"3226_12","irrigated","alive",1,"Vegetative",0,NA,"0",NA,NA,NA,0,NA,NA
2026,12,3226,19,"D","0",NA,NA,NA,NA,NA,"NP",NA,NA,NA,"3226_12","irrigated",NA,NA,NA,NA,NA,NA,NA,NA,NA,0,NA,NA
2016,13,3287,10,"H","3",12,8,0,NA,2016,"",NA,NA,NA,"3287_13","control","alive",1,"Vegetative",0,NA,"2",1,1,1,NA,NA,NA
2017,13,3287,10,"H","2",10,13,1,"2",2016,"",NA,NA,NA,"3287_13","control","alive",1,"Flowering",1,NA,"0",NA,NA,0,0,NA,NA
2018,13,3287,10,"H","0",NA,NA,NA,NA,2016,"no plant",NA,NA,NA,"3287_13","control","dead",0,"Dead",NA,NA,NA,NA,NA,NA,1,NA,NA
2016,15,3297,12,"I","1",19,7,1,"2",2016,"",NA,NA,NA,"3297_15","drought","alive",1,"Flowering",1,NA,"7",3,1,1,NA,NA,NA
2017,15,3297,12,"I","7",25,17.5,3,"3.5",2016,"",NA,NA,NA,"3297_15","drought","alive",1,"Flowering",1,NA,"6",2,1,1,1,NA,NA
2018,15,3297,12,"I","6",28.5,21.5,2,"3.3",2016,"",NA,NA,NA,"3297_15","drought","alive",1,"Flowering",1,NA,"3",2,1,1,1,NA,NA
2019,15,3297,12,"I","3",17,8,2,"2.5",2016,"",NA,NA,NA,"3297_15","drought","alive",1,"Flowering",1,NA,NA,NA,NA,1,1,NA,NA
2020,15,3297,12,"I",NA,NA,NA,NA,NA,2016,"NS",NA,NA,NA,"3297_15","drought",NA,1,NA,NA,NA,"5",1,1,1,1,NA,NA
2021,15,3297,12,"I","5",17,18,1,"3.5",2016,"",NA,NA,NA,"3297_15","drought","alive",1,"Flowering",1,NA,"4",2,1,1,NA,0,0
2022,15,3297,12,"I","4",39,21,2,"9",2016,"",NA,NA,NA,"3297_15","drought","alive",1,"Flowering",1,NA,"0",NA,NA,1,1,132,1
2023,15,3297,12,"I","0",NA,NA,NA,NA,2016,"plant flowered, but clipped 5/15 or now gone",NA,NA,NA,"3297_15","drought","dormant",1,"Dormant",NA,NA,"9",5,1,1,1,0,0
2024,15,3297,12,"I","9",31,12.5,5,"14.5",NA,"",NA,NA,NA,"3297_15","drought","alive",1,"Flowering",1,NA,"3",1,1,1,NA,0,0
2025,15,3297,12,"I","3",NA,15,1,NA,NA,"umbel dead",NA,NA,NA,"3297_15","drought","alive",1,"Flowering",1,NA,"2",0,0,1,1,NA,NA
2026,15,3297,12,"I","2",NA,16.5,0,NA,NA,"",NA,NA,NA,"3297_15","drought","alive",1,"Vegetative",0,NA,NA,NA,NA,NA,1,NA,NA
2016,7,3298,9,"C","8",28,3,3,"2.5",2016,"2 stalks",NA,NA,NA,"3298_7","drought","alive",1,"Flowering",1,NA,"3",2,1,1,NA,NA,NA
2017,7,3298,9,"C","3",29,18,2,"3",2016,"",NA,NA,NA,"3298_7","drought","alive",1,"Flowering",1,NA,"5",3,1,1,1,NA,NA
2018,7,3298,9,"C","5",26,14,3,"4.8",2016,"tag says '3298'",NA,NA,NA,"3298_7","drought","alive",1,"Flowering",1,NA,"5",3,1,1,1,NA,NA
2019,7,3298,9,"C","5",37,10.5,3,"6.5",2016,"tag says '3298'",NA,NA,NA,"3298_7","drought","alive",1,"Flowering",1,NA,"4",2,1,1,1,NA,NA
2020,7,3298,9,"C","4",22.5,11.2,2,"5.9",2016,"tag says '3298'",NA,NA,NA,"3298_7","drought","alive",1,"Flowering",1,NA,"5",2,1,1,1,NA,NA
2021,7,3298,9,"C","5",16.5,11.5,2,"5.5",2016,"",NA,NA,NA,"3298_7","drought","alive",1,"Flowering",1,NA,"2",1,1,1,1,36,1
2022,7,3298,9,"C","2",54,18,1,"6",2016,"tag says '3298' ",NA,1,NA,"3298_7","drought","alive",1,"Flowering",1,NA,"6",3,1,1,1,26,1
2023,7,3298,9,"C","6",49,16,3,"13",2016,"tag says 3298!",NA,NA,NA,"3298_7","drought","alive",1,"Flowering",1,NA,"6",2,1,1,1,NA,NA
2024,7,3298,9,"C","6",43,23.5,2,"6",NA,"tag says 3298",NA,NA,NA,"3298_7","drought","alive",1,"Flowering",1,NA,"1",1,1,1,1,0,0
2025,7,3298,9,"C","1",24,12,1,NA,NA,"tag says 3298",NA,1,NA,"3298_7","drought","alive",1,"Flowering",1,NA,NA,NA,NA,NA,1,NA,NA
2026,7,3298,9,"C",NA,NA,NA,NA,NA,NA,"tag says 3298 NPNT",NA,NA,NA,"3298_7","drought",NA,NA,NA,NA,NA,NA,NA,NA,NA,1,NA,NA
2025,13,3299,1,"G","1",NA,24,0,NA,2025,"",NA,NA,NA,"3299_13","control","alive",1,"Vegetative",0,NA,"0",NA,NA,NA,NA,NA,NA
2026,13,3299,1,"G","0",NA,NA,NA,NA,2025,"NP",NA,NA,NA,"3299_13","control",NA,NA,NA,NA,NA,NA,NA,NA,NA,0,NA,NA
2021,13,3299,1,"G","1",NA,9,0,NA,2021,"",NA,NA,NA,"3299_13_senior","control","alive",1,"Vegetative",0,NA,"1",0,0,1,NA,NA,NA
2022,13,3299,1,"G","1",NA,14,0,NA,2021,"",NA,NA,NA,"3299_13_senior","control","alive",1,"Vegetative",0,NA,"0",NA,NA,0,0,NA,NA
2023,13,3299,1,"G","0",NA,NA,NA,NA,2021,"NP",NA,NA,NA,"3299_13_senior","control","dead",0,"Dead",NA,NA,NA,NA,NA,NA,0,NA,NA
2016,14,3300,6,"B","6",23.5,10.1,1,"4",2016,"",NA,NA,NA,"3300_14","drought","alive",1,"Flowering",1,NA,"4",1,1,1,NA,NA,NA
2017,14,3300,6,"B","4",35.5,13,1,"3.5",2016,"",NA,NA,NA,"3300_14","drought","alive",1,"Flowering",1,NA,"2",0,0,1,1,NA,NA
2018,14,3300,6,"B","2",14.5,14.5,0,NA,2016,"",NA,NA,NA,"3300_14","drought","alive",1,"Vegetative",0,NA,"3",1,1,1,1,NA,NA
2019,14,3300,6,"B","3",23,11,1,"4",2016,"",NA,NA,NA,"3300_14","drought","alive",1,"Flowering",1,NA,"1",0,0,1,0,NA,NA
2020,14,3300,6,"B","1",NA,9.9,0,NA,2016,"",NA,NA,NA,"3300_14","drought","alive",1,"Vegetative",0,NA,"1",0,0,1,1,NA,NA
2021,14,3300,6,"B","1",NA,9.5,0,NA,2016,"",NA,NA,NA,"3300_14","drought","alive",1,"Vegetative",0,NA,"1",0,0,1,0,NA,NA
2022,14,3300,6,"B","1",NA,25,0,NA,2016,"",NA,NA,NA,"3300_14","drought","alive",1,"Vegetative",0,NA,"3",1,1,1,0,NA,NA
2023,14,3300,6,"B","3",36,18,1,"6",2016,"",NA,NA,NA,"3300_14","drought","alive",1,"Flowering",1,NA,"3",2,1,1,0,46,1
2024,14,3300,6,"B","3",34,14,2,"5",NA,"",NA,NA,NA,"3300_14","drought","alive",1,"Flowering",1,NA,"1",0,0,1,1,0,0
2025,14,3300,6,"B","1",NA,13.5,0,NA,NA,"",NA,NA,NA,"3300_14","drought","alive",1,"Vegetative",0,NA,"4",0,0,1,1,NA,NA
2026,14,3300,6,"B","4",NA,20,0,NA,NA,"",NA,NA,NA,"3300_14","drought","alive",1,"Vegetative",0,NA,NA,NA,NA,NA,0,NA,NA
2016,15,3303,10,"J","4",24,12,1,"2",2016,"",NA,NA,NA,"3303_15","drought","alive",1,"Flowering",1,NA,"3",0,0,1,NA,NA,NA
2017,15,3303,10,"J","3",19,19,0,NA,2016,"",NA,NA,NA,"3303_15","drought","alive",1,"Vegetative",0,NA,"4",3,1,1,1,NA,NA
2018,15,3303,10,"J","4",19,13.5,3,"3.5",2016,"",NA,NA,NA,"3303_15","drought","alive",1,"Flowering",1,NA,"0",NA,NA,0,0,NA,NA
2019,15,3303,10,"J","0",NA,NA,NA,NA,2016,"no plant",NA,NA,NA,"3303_15","drought","dead",0,"Dead",NA,NA,NA,NA,NA,NA,1,NA,NA
2020,3,3304,3,"B","1",NA,10.7,0,NA,2020,"",NA,NA,NA,"3304_3","control","alive",1,"Vegetative",0,NA,"3",1,1,1,NA,NA,NA
2021,3,3304,3,"B","3",34.5,19,1,"5",2020,"next to 3831",NA,NA,NA,"3304_3","control","alive",1,"Flowering",1,NA,"4",2,1,1,0,26,1
2022,3,3304,3,"B","4",52,22,2,"9",2020,"next to 3831",NA,NA,NA,"3304_3","control","alive",1,"Flowering",1,NA,"3",1,1,1,1,106,1
2023,3,3304,3,"B","3",51,29,1,"10",2020,"",NA,NA,NA,"3304_3","control","alive",1,"Flowering",1,NA,"4",2,1,1,1,78,1
2024,3,3304,3,"B","4",41,19,2,"8.5",2020,"",NA,NA,NA,"3304_3","control","alive",1,"Flowering",1,NA,"1",1,1,1,1,0,0
2025,3,3304,3,"B","1",25,19,1,"5",2020,"",NA,NA,1,"3304_3","control","alive",1,"Flowering",1,NA,"6",3,1,1,1,0,0
2026,3,3304,3,"B","6",31,28,3,"7.5",2020,"",NA,NA,NA,"3304_3","control","alive",1,"Flowering",1,NA,NA,NA,NA,NA,1,134,1
2016,3,3304,3,"B","3",25.3,11,1,"4.1",2016,"Dead leaves",NA,NA,NA,"3304_3_senior","control","alive",1,"Flowering",1,NA,"2",1,1,1,NA,NA,NA
2017,3,3304,3,"B","2",22.8,13,1,"3.5",2016,"",NA,NA,NA,"3304_3_senior","control","alive",1,"Flowering",1,NA,"0",NA,NA,0,1,NA,NA
2018,3,3304,3,"B","0",NA,NA,NA,NA,2016,"no plant",NA,NA,NA,"3304_3_senior","control","dead",0,"Dead",NA,NA,NA,NA,NA,NA,1,NA,NA
2021,14,3305,7,"B","2",22.5,15,1,"2",2021,"",NA,NA,NA,"3305_14","drought","alive",1,"Flowering",1,NA,"2",1,1,1,NA,4,1
2022,14,3305,7,"B","2",30,14,1,"3.5",2021,"",NA,NA,NA,"3305_14","drought","alive",1,"Flowering",1,NA,"3",2,1,1,1,2,1
2023,14,3305,7,"B","3",45,16,2,"9.5",2021,"",NA,NA,NA,"3305_14","drought","alive",1,"Flowering",1,NA,"3",2,1,1,1,92,1
2024,14,3305,7,"B","3",37.5,5,2,"7",NA,"basal leaf gone",NA,NA,NA,"3305_14","drought","alive",1,"Flowering",1,NA,"3",1,1,1,1,48,1
2025,14,3305,7,"B","3",10,15,1,NA,NA,"umbel dead, 2 leaves eaten",NA,NA,NA,"3305_14","drought","alive",1,"Flowering",1,NA,"1",0,0,1,1,0,0
2026,14,3305,7,"B","1",NA,20.5,0,NA,NA,"",NA,NA,NA,"3305_14","drought","alive",1,"Vegetative",0,NA,NA,NA,NA,NA,1,NA,NA
2017,7,3308,0,"I","1",30,19,1,"2.4",2017,"",NA,NA,NA,"3308_7","drought","alive",1,"Flowering",1,NA,"2",1,1,1,NA,NA,NA
2018,7,3308,0,"I","2",28.5,13,1,"5.5",2017,"",NA,NA,NA,"3308_7","drought","alive",1,"Flowering",1,NA,"3",2,1,1,1,NA,NA
2019,7,3308,0,"I","3",28,12,2,"4",2017,"",NA,NA,NA,"3308_7","drought","alive",1,"Flowering",1,NA,"0",NA,NA,0,1,NA,NA
2020,7,3308,0,"I","0",NA,NA,NA,NA,2017,"no plant",NA,NA,NA,"3308_7","drought","dead",0,"Dead",NA,NA,NA,NA,NA,NA,1,NA,NA
2016,3,3313,3,"B","1",21.3,2.4,1,"3.2",2016,"",NA,NA,NA,"3313_3","control","alive",1,"Flowering",1,NA,"3",0,0,1,NA,NA,NA
2017,3,3313,3,"B","3",9.5,8,0,NA,2016,"",NA,NA,NA,"3313_3","control","alive",1,"Vegetative",0,NA,"2",0,0,1,1,NA,NA
2018,3,3313,3,"B","2",14.5,14.5,0,NA,2016,"",NA,NA,NA,"3313_3","control","alive",1,"Vegetative",0,NA,"4",0,0,1,0,NA,NA
2019,3,3313,3,"B","4",NA,17,0,NA,2016,"",NA,NA,NA,"3313_3","control","alive",1,"Vegetative",0,NA,"1",0,0,1,0,NA,NA
2020,3,3313,3,"B","1",NA,10.7,0,NA,2016,"",NA,NA,NA,"3313_3","control","alive",1,"Vegetative",0,NA,"3",0,0,1,0,NA,NA
2021,3,3313,3,"B","3",NA,18.5,0,NA,2016,"",NA,NA,NA,"3313_3","control","alive",1,"Vegetative",0,NA,"2",1,1,1,0,NA,NA
2022,3,3313,3,"B","2",38,18,1,"4",2016,"",NA,NA,NA,"3313_3","control","alive",1,"Flowering",1,NA,"2",1,1,1,0,78,1
2023,3,3313,3,"B","2",30.5,26,1,"3",2016,"",NA,NA,NA,"3313_3","control","alive",1,"Flowering",1,NA,"1",0,0,1,1,0,0
2024,3,3313,3,"B","1",NA,21.5,0,NA,NA,"",NA,NA,NA,"3313_3","control","alive",1,"Vegetative",0,NA,"2",0,0,1,1,NA,NA
2025,3,3313,3,"B","2",NA,23,0,NA,NA,"",NA,NA,NA,"3313_3","control","alive",1,"Vegetative",0,NA,"1",0,0,1,0,NA,NA
2026,3,3313,3,"B","1",NA,21,0,NA,NA,"",NA,NA,NA,"3313_3","control","alive",1,"Vegetative",0,NA,NA,NA,NA,NA,0,NA,NA
2017,6,3319,11,"A","3",26,15,1,"1.7",2017,"Killed",NA,NA,NA,"3319_6","irrigated","alive",1,"Flowering",1,NA,"6",1,1,1,NA,NA,NA
2018,6,3319,11,"A","6",18,21,1,"2.4",2017,"",NA,NA,NA,"3319_6","irrigated","alive",1,"Flowering",1,NA,"4",1,1,1,1,NA,NA
2019,6,3319,11,"A","4",22,15.5,1,"3",2017,"",NA,NA,NA,"3319_6","irrigated","alive",1,"Flowering",1,NA,"6",2,1,1,1,NA,NA
2020,6,3319,11,"A","6",36,16.6,2,"6.8",2017,"half came out of the ground",NA,NA,NA,"3319_6","irrigated","alive",1,"Flowering",1,NA,"5",4,1,1,1,NA,NA
2021,6,3319,11,"A","5",32,18,4,"9.5",2017,"",NA,NA,NA,"3319_6","irrigated","alive",1,"Flowering",1,NA,"7",5,1,1,1,0,0
2022,6,3319,11,"A","7",55,16.5,5,"24.5",2017,"plant accidentally pulled, won't make seeds",NA,NA,NA,"3319_6","irrigated","alive",1,"Flowering",1,NA,"2",1,1,1,1,0,0
2023,6,3319,11,"A","2",19,23,1,"2",2017,"new flower this week!",NA,NA,NA,"3319_6","irrigated","alive",1,"Flowering",1,NA,"0",NA,NA,0,1,0,0
2024,6,3319,11,"A","0",NA,NA,NA,NA,NA,"NP",NA,NA,NA,"3319_6","irrigated","dead",0,"Dead",NA,NA,NA,NA,NA,NA,1,NA,NA
2021,4,3321,16,"L","5",41,18,3,"11.5",2021,"",NA,NA,NA,"3321_4","irrigated","alive",1,"Flowering",1,NA,"5",2,1,1,NA,0,0
2022,4,3321,16,"L","5",58,29.5,2,"9.5",2021,"next to 3732",NA,NA,NA,"3321_4","irrigated","alive",1,"Flowering",1,NA,"0",NA,NA,1,1,NA,NA
2023,4,3321,16,"L","0",NA,NA,NA,NA,2021,"NP-- lots of digging by rodents (?) in area. Next to 3732.",NA,NA,NA,"3321_4","irrigated","dormant",1,"Dormant",NA,NA,"1",0,0,1,1,NA,NA
2024,4,3321,16,"L","1",NA,19.5,0,NA,NA,"",NA,NA,NA,"3321_4","irrigated","alive",1,"Vegetative",0,NA,"1",0,0,1,NA,NA,NA
2025,4,3321,16,"L","1",NA,12.5,0,NA,NA,"16B in div",NA,NA,NA,"3321_4","irrigated","alive",1,"Vegetative",0,NA,"2",0,0,1,0,NA,NA
2026,4,3321,16,"L","2",NA,13,0,NA,NA,"16B in div",NA,NA,NA,"3321_4","irrigated","alive",1,"Vegetative",0,NA,NA,NA,NA,NA,0,NA,NA
2017,2,3323,2,"C","1",9.5,9.5,0,NA,2016,"new tag (old tag = 3500)",NA,NA,NA,"3323_2","control","alive",1,"Vegetative",0,NA,"2",0,0,1,NA,NA,NA
2018,2,3323,2,"C","2",12,12,0,NA,2016,"",NA,NA,NA,"3323_2","control","alive",1,"Vegetative",0,NA,"0",NA,NA,1,0,NA,NA
2019,2,3323,2,"C","0",NA,NA,NA,NA,2016,"no plant",NA,NA,NA,"3323_2","control","dormant",1,"Dormant",NA,NA,"2",1,1,1,0,NA,NA
2020,2,3323,2,"C","2",19.3,13.1,1,"3.3",2016,"",NA,NA,NA,"3323_2","control","alive",1,"Flowering",1,NA,"1",0,0,1,NA,NA,NA
2021,2,3323,2,"C","1",NA,7.5,0,NA,2016,"",NA,NA,NA,"3323_2","control","alive",1,"Vegetative",0,NA,"0",NA,NA,0,1,NA,NA
2022,2,3323,2,"C","0",NA,NA,NA,NA,2016,"NP.",NA,NA,NA,"3323_2","control","dead",0,"Dead",NA,NA,NA,NA,NA,NA,0,NA,NA
2018,14,3326,4,"C","2",12,12,0,NA,2018,"",NA,NA,NA,"3326_14","drought","alive",1,"Vegetative",0,NA,"2",0,0,1,NA,NA,NA
2019,14,3326,4,"C","2",NA,11,0,NA,2018,"",NA,NA,NA,"3326_14","drought","alive",1,"Vegetative",0,NA,"1",0,0,1,0,NA,NA
2020,14,3326,4,"C","1",NA,11.2,0,NA,2018,"",NA,NA,NA,"3326_14","drought","alive",1,"Vegetative",0,NA,"0",NA,NA,0,0,NA,NA
2021,14,3326,4,"C","0",NA,NA,NA,NA,2018,"NP",NA,NA,NA,"3326_14","drought","dead",0,"Dead",NA,NA,NA,NA,NA,NA,0,NA,NA
2017,7,3327,1,"H","1",15,15,0,NA,2017,"",NA,NA,NA,"3327_7","drought","alive",1,"Vegetative",0,NA,"1",0,0,1,NA,NA,NA
2018,7,3327,1,"H","1",18.5,18.5,0,NA,2017,"",NA,NA,NA,"3327_7","drought","alive",1,"Vegetative",0,NA,"0",NA,NA,0,0,NA,NA
2019,7,3327,1,"H","0",NA,NA,NA,NA,2017,"no plant",NA,NA,NA,"3327_7","drought","dead",0,"Dead",NA,NA,NA,NA,NA,NA,0,NA,NA
2016,5,3328,0,"H","6",22,5.5,1,"1.9",2016,"",NA,NA,NA,"3328_5","drought","alive",1,"Flowering",1,NA,"10",5,1,1,NA,NA,NA
2017,5,3328,0,"H","10",25.5,17,5,"3",2016,"",NA,NA,NA,"3328_5","drought","alive",1,"Flowering",1,NA,"2",1,1,1,1,NA,NA
2018,5,3328,0,"H","2",12.5,11.5,1,"3.8",2016,"",NA,NA,NA,"3328_5","drought","alive",1,"Flowering",1,NA,"0",NA,NA,1,1,NA,NA
2019,5,3328,0,"H","0",NA,NA,NA,NA,2016,"no plant",NA,NA,NA,"3328_5","drought","dormant",1,"Dormant",NA,NA,"1",0,0,1,1,NA,NA
2020,5,3328,0,"H","1",NA,13,0,NA,2016,"",NA,NA,NA,"3328_5","drought","alive",1,"Vegetative",0,NA,NA,NA,NA,NA,NA,NA,NA
2021,5,3328,0,"H",NA,NA,NA,NA,NA,2016,"NPNT",NA,NA,NA,"3328_5","drought",NA,NA,NA,NA,NA,NA,NA,NA,0,0,NA,NA
2022,5,3328,0,"H",NA,NA,NA,NA,NA,2016,"NPNT",NA,NA,NA,"3328_5","drought","dead",0,"Dead",NA,NA,NA,NA,NA,NA,NA,NA,NA
2017,5,3329,10,"H","3",11,11,0,NA,2017,"",NA,NA,NA,"3329_5","drought","alive",1,"Vegetative",0,NA,"2",0,0,1,NA,NA,NA
2018,5,3329,10,"H","2",7.5,7.5,0,NA,2017,"",NA,NA,NA,"3329_5","drought","alive",1,"Vegetative",0,NA,"0",NA,NA,0,0,NA,NA
2019,5,3329,10,"H","0",NA,NA,NA,NA,2017,"no plant",NA,NA,NA,"3329_5","drought","dead",0,"Dead",NA,NA,NA,NA,NA,NA,0,NA,NA
2016,5,3330,9,"B","3",22,5.7,1,"2.9",2016,"",NA,NA,NA,"3330_5","drought","alive",1,"Flowering",1,NA,"1",1,1,1,NA,NA,NA
2017,5,3330,9,"B","1",16.5,10,1,"2.5",2016,"",NA,NA,NA,"3330_5","drought","alive",1,"Flowering",1,NA,"1",0,0,1,1,NA,NA
2018,5,3330,9,"B","1",8,8,0,NA,2016,"",NA,NA,NA,"3330_5","drought","alive",1,"Vegetative",0,NA,"0",NA,NA,0,1,NA,NA
2019,5,3330,9,"B","0",NA,NA,NA,NA,2016,"no plant",NA,NA,NA,"3330_5","drought","dead",0,"Dead",NA,NA,NA,NA,NA,NA,0,NA,NA
2021,5,3331,13,"E","1",NA,14.5,0,NA,2021,"",NA,NA,NA,"3331_5","drought","alive",1,"Vegetative",0,NA,"0",NA,NA,0,NA,NA,NA
2022,5,3331,13,"E","0",NA,NA,NA,NA,2021,"NP, tag really burried",NA,NA,NA,"3331_5","drought","dead",0,"Dead",NA,NA,NA,NA,NA,NA,0,NA,NA
2017,5,3331,13,"E","3",25,9,1,"2.5",2017,"",NA,NA,NA,"3331_5_senior","drought","alive",1,"Flowering",1,NA,"0",NA,NA,0,NA,NA,NA
2018,5,3331,13,"E","0",NA,NA,NA,NA,2017,"no plant",NA,NA,NA,"3331_5_senior","drought","dead",0,"Dead",NA,NA,NA,NA,NA,NA,1,NA,NA
2016,15,3332,5,"J","6",34.5,10.5,3,"5",2016,"",NA,NA,NA,"3332_15","drought","alive",1,"Flowering",1,NA,"3",2,1,1,NA,NA,NA
2017,15,3332,5,"J","3",24,16,2,"3",2016,"",NA,NA,NA,"3332_15","drought","alive",1,"Flowering",1,NA,"5",1,1,1,1,NA,NA
2018,15,3332,5,"J","5",20,22,1,"2.1",2016,"",NA,NA,NA,"3332_15","drought","alive",1,"Flowering",1,NA,"3",0,0,1,1,NA,NA
2019,15,3332,5,"J","3",NA,14,0,NA,2016,"",NA,NA,NA,"3332_15","drought","alive",1,"Vegetative",0,NA,"2",0,0,1,1,NA,NA
2020,15,3332,5,"J","2",6.5,13.6,0,"0",2016,"had 1-eaten",NA,NA,NA,"3332_15","drought","alive",1,"Vegetative",0,NA,"1",1,1,1,0,NA,NA
2021,15,3332,5,"J","1",5,18,1,NA,2016,"",NA,NA,NA,"3332_15","drought","alive",1,"Flowering",1,NA,"3",0,0,1,0,0,0
2022,15,3332,5,"J","3",NA,21,0,NA,2016,"next to 3940",NA,NA,NA,"3332_15","drought","alive",1,"Vegetative",0,NA,"1",1,1,1,1,NA,NA
2023,15,3332,5,"J","1",29,15,1,"3",2016,"next to 3940",NA,NA,NA,"3332_15","drought","alive",1,"Flowering",1,NA,"3",1,1,1,0,NA,NA
2024,15,3332,5,"J","3",43,24,1,"3.5",NA,"is RSP in phen",NA,NA,NA,"3332_15","drought","alive",1,"Flowering",1,NA,"1",0,0,1,1,0,0
2025,15,3332,5,"J","1",NA,13,0,NA,NA,"",NA,NA,NA,"3332_15","drought","alive",1,"Vegetative",0,NA,"0",NA,NA,NA,1,NA,NA
2026,15,3332,5,"J","0",NA,NA,NA,NA,NA,"NP",NA,NA,NA,"3332_15","drought",NA,NA,NA,NA,NA,NA,NA,NA,NA,0,NA,NA
2016,13,3333,12,"A","3",12,1.7,1,"1.9",2016,"",NA,NA,NA,"3333_13","control","alive",1,"Flowering",1,NA,"2",0,0,1,NA,NA,NA
2017,13,3333,12,"A","2",15,12,0,"3",2016,"",NA,NA,NA,"3333_13","control","alive",1,"Vegetative",0,NA,"2",1,1,1,1,NA,NA
2018,13,3333,12,"A","2",12,11,1,"1.7",2016,"",NA,NA,NA,"3333_13","control","alive",1,"Flowering",1,NA,"2",1,1,1,0,NA,NA
2019,13,3333,12,"A","2",13,8,1,"2.5",2016,"",NA,NA,NA,"3333_13","control","alive",1,"Flowering",1,NA,NA,NA,NA,NA,1,NA,NA
2020,13,3333,12,"A",NA,NA,NA,NA,NA,2016,"NS",NA,NA,NA,"3333_13","control",NA,NA,NA,NA,NA,NA,NA,NA,1,1,NA,NA
2021,13,3333,12,"A",NA,NA,NA,NA,NA,2016,"NPNT",NA,NA,NA,"3333_13","control",NA,1,NA,NA,NA,"2",2,1,1,NA,NA,NA
2022,13,3333,12,"A","2",20,7.5,2,"5",2016,"",NA,NA,NA,"3333_13","control","alive",1,"Flowering",1,NA,"3",2,1,1,NA,14,1
2023,13,3333,12,"A","3",29,6,2,"3.5",2016,"1 umbel dead",NA,NA,NA,"3333_13","control","alive",1,"Flowering",1,NA,"3",1,1,1,1,NA,NA
2024,13,3333,12,"A","3",17,13,1,"1.5",NA,"not in phen because on boundary; flp 22 may",NA,NA,NA,"3333_13","control","alive",1,"Flowering",1,NA,"1",0,0,1,1,NA,NA
2025,13,3333,12,"A","1",NA,13,0,NA,NA,"",NA,NA,NA,"3333_13","control","alive",1,"Vegetative",0,NA,NA,NA,NA,NA,1,NA,NA
2026,13,3333,12,"A",NA,NA,NA,NA,NA,NA,"found tag without pin",1,NA,NA,"3333_13","control",NA,NA,NA,NA,NA,NA,NA,NA,NA,0,NA,NA
2016,5,3334,18,"C",NA,21,NA,1,"2.3",2016,"",NA,NA,NA,"3334_5","drought","alive",1,"Flowering",1,NA,"4",2,1,1,NA,NA,NA
2017,5,3334,18,"C","4",21,15.5,2,"2.5",2016,"",NA,NA,NA,"3334_5","drought","alive",1,"Flowering",1,NA,"3",1,1,1,1,NA,NA
2018,5,3334,18,"C","3",10.5,14.5,1,"2.5",2016,"",NA,NA,NA,"3334_5","drought","alive",1,"Flowering",1,NA,"3",0,0,1,1,NA,NA
2019,5,3334,18,"C","3",NA,14,0,NA,2016,"",NA,NA,NA,"3334_5","drought","alive",1,"Vegetative",0,NA,NA,NA,NA,NA,1,NA,NA
2020,5,3334,18,"C",NA,NA,NA,NA,NA,2016,"NS",NA,NA,NA,"3334_5","drought",NA,NA,NA,NA,NA,"0",NA,NA,0,0,NA,NA
2021,5,3334,18,"C","0",NA,NA,NA,NA,2016,"NP",NA,NA,NA,"3334_5","drought","dead",0,"Dead",NA,NA,NA,NA,NA,NA,NA,NA,NA
2016,13,3336,3,"C","3",16.5,4,1,"2.7",2016,"",NA,NA,NA,"3336_13","control","alive",1,"Flowering",1,NA,"5",2,1,1,NA,NA,NA
2017,13,3336,3,"C","5",13.5,13,2,"2.5",2016,"",NA,NA,NA,"3336_13","control","alive",1,"Flowering",1,NA,"3",0,0,1,1,NA,NA
2018,13,3336,3,"C","3",9,9,0,NA,2016,"",NA,NA,NA,"3336_13","control","alive",1,"Vegetative",0,NA,"2",1,1,1,1,NA,NA
2019,13,3336,3,"C","2",13,12,1,"2",2016,"",NA,NA,NA,"3336_13","control","alive",1,"Flowering",1,NA,"2",0,0,1,0,NA,NA
2020,13,3336,3,"C","2",NA,10.8,0,NA,2016,"",NA,NA,NA,"3336_13","control","alive",1,"Vegetative",0,NA,"1",0,0,1,1,NA,NA
2021,13,3336,3,"C","1",NA,10,0,NA,2016,"",NA,NA,NA,"3336_13","control","alive",1,"Vegetative",0,NA,"2",1,1,1,0,NA,NA
2022,13,3336,3,"C","2",24,18,1,"4",2016,"",NA,NA,NA,"3336_13","control","alive",1,"Flowering",1,NA,"4",4,1,1,0,10,1
2023,13,3336,3,"C","4",34,10,4,"7.5",2016,"2 umbels dead",NA,NA,NA,"3336_13","control","alive",1,"Flowering",1,NA,"4",2,1,1,1,130,1
2024,13,3336,3,"C","4",30.5,18.5,2,"7.5",NA,"",NA,NA,NA,"3336_13","control","alive",1,"Flowering",1,NA,"2",0,0,1,1,40,1
2025,13,3336,3,"C","2",NA,17,0,NA,NA,"",NA,NA,NA,"3336_13","control","alive",1,"Vegetative",0,NA,"3",1,1,1,1,NA,NA
2026,13,3336,3,"C","3",13,21.5,1,NA,NA,"",NA,NA,NA,"3336_13","control","alive",1,"Flowering",1,NA,NA,NA,NA,NA,0,0,0
2017,5,3338,3,"I","3",14,10,2,"1.5",2017,"",NA,NA,NA,"3338_5","drought","alive",1,"Flowering",1,NA,"3",0,0,1,NA,NA,NA
2018,5,3338,3,"I","3",11,11,0,NA,2017,"",NA,NA,NA,"3338_5","drought","alive",1,"Vegetative",0,NA,"1",0,0,1,1,NA,NA
2019,5,3338,3,"I","1",NA,14.5,0,NA,2017,"",NA,NA,NA,"3338_5","drought","alive",1,"Vegetative",0,NA,"1",0,0,1,0,NA,NA
2020,5,3338,3,"I","1",NA,13,0,NA,2017,"",NA,NA,NA,"3338_5","drought","alive",1,"Vegetative",0,NA,"1",0,0,1,0,NA,NA
2021,5,3338,3,"I","1",NA,12.5,0,NA,2017,"",NA,NA,NA,"3338_5","drought","alive",1,"Vegetative",0,NA,"3",2,1,1,0,NA,NA
2022,5,3338,3,"I","3",23,15,2,"6.5",2017,"",NA,NA,NA,"3338_5","drought","alive",1,"Flowering",1,NA,"4",3,1,1,0,90,1
2023,5,3338,3,"I","4",25,17,3,"3",2017,"",NA,NA,NA,"3338_5","drought","alive",1,"Flowering",1,NA,"2",2,1,1,1,22,1
2024,5,3338,3,"I","2",15,7,2,"2",NA,"",NA,NA,NA,"3338_5","drought","alive",1,"Flowering",1,NA,"1",0,0,1,1,0,0
2025,5,3338,3,"I","1",NA,19,0,NA,NA,"",NA,NA,NA,"3338_5","drought","alive",1,"Vegetative",0,NA,"3",1,1,1,1,NA,NA
2026,5,3338,3,"I","3",14,17,1,"3",NA,"",NA,NA,NA,"3338_5","drought","alive",1,"Flowering",1,NA,NA,NA,NA,NA,0,0,0
2016,14,3340,4,"A","1",8.5,8.5,0,NA,2016,"",NA,NA,NA,"3340_14","drought","alive",1,"Vegetative",0,NA,"1",0,0,1,NA,NA,NA
2017,14,3340,4,"A","1",10.5,10.5,0,NA,2016,"",NA,NA,NA,"3340_14","drought","alive",1,"Vegetative",0,NA,"2",0,0,1,0,NA,NA
2018,14,3340,4,"A","2",10.5,10.5,0,NA,2016,"",NA,NA,NA,"3340_14","drought","alive",1,"Vegetative",0,NA,"1",0,0,1,0,NA,NA
2019,14,3340,4,"A","1",NA,8,0,NA,2016,"",NA,NA,NA,"3340_14","drought","alive",1,"Vegetative",0,NA,"2",0,0,1,0,NA,NA
2020,14,3340,4,"A","2",NA,6.8,0,NA,2016,"",NA,NA,NA,"3340_14","drought","alive",1,"Vegetative",0,NA,NA,NA,NA,0,0,NA,NA
2021,14,3340,4,"A",NA,NA,NA,NA,NA,2016,"NPNT",NA,NA,NA,"3340_14","drought","dead",0,"Dead",NA,NA,NA,NA,NA,NA,0,NA,NA
2016,15,3341,3,"H","3",25.5,4,1,"0.5",2016,"",NA,NA,NA,"3341_15","drought","alive",1,"Flowering",1,NA,"3",0,0,1,NA,NA,NA
2017,15,3341,3,"H","3",23,23,0,NA,2016,"",NA,NA,NA,"3341_15","drought","alive",1,"Vegetative",0,NA,"2",0,0,1,1,NA,NA
2018,15,3341,3,"H","2",16,16,0,NA,2016,"",NA,NA,NA,"3341_15","drought","alive",1,"Vegetative",0,NA,"1",0,0,1,0,NA,NA
2019,15,3341,3,"H","1",NA,24.5,0,NA,2016,"",NA,NA,NA,"3341_15","drought","alive",1,"Vegetative",0,NA,"1",0,0,1,0,NA,NA
2020,15,3341,3,"H","1",8,17.4,0,"0",2016,"umbel eaten",NA,NA,NA,"3341_15","drought","alive",1,"Vegetative",0,NA,"2",2,1,1,0,NA,NA
2021,15,3341,3,"H","2",24,9,2,"4.5",2016,"",NA,NA,NA,"3341_15","drought","alive",1,"Flowering",1,NA,"10",7,1,1,0,0,0
2022,15,3341,3,"H","10",47,24.5,7,"23.5",2016,"",NA,NA,NA,"3341_15","drought","alive",1,"Flowering",1,NA,"6",5,1,1,1,506,1
2023,15,3341,3,"H","6",53,17,5,"27",2016,"",NA,NA,NA,"3341_15","drought","alive",1,"Flowering",1,NA,"5",3,1,1,1,NA,NA
2024,15,3341,3,"H","5",53.5,26,3,"14",NA,"",NA,NA,NA,"3341_15","drought","alive",1,"Flowering",1,NA,"0",NA,NA,0,1,188,1
2025,15,3341,3,"H","0",NA,NA,NA,NA,NA,"NP",NA,NA,NA,"3341_15","drought","dead",0,"Dead",NA,NA,NA,NA,NA,NA,1,NA,NA
2016,4,3342,14,"D","8",37.7,7.3,1,"5.8",2016,"Diversity plot",NA,NA,NA,"3342_4","irrigated","alive",1,"Flowering",1,NA,"4",2,1,1,NA,NA,NA
2017,4,3342,14,"N","4",26.5,9,2,"3.5",2016,"Diversity Plot",NA,NA,NA,"3342_4","irrigated","alive",1,"Flowering",1,NA,"4",2,1,1,1,NA,NA
2018,4,3342,14,"N","4",24,9,2,"5.3",2016,"",NA,NA,NA,"3342_4","irrigated","alive",1,"Flowering",1,NA,"4",3,1,1,1,NA,NA
2019,4,3342,14,"N","4",32,11,3,"6.5",2016,"Diversity plot",NA,NA,NA,"3342_4","irrigated","alive",1,"Flowering",1,NA,"5",3,1,1,1,NA,NA
2020,4,3342,14,"N","5",38.5,11,3,"14.5",2016,"diversity plot",NA,NA,NA,"3342_4","irrigated","alive",1,"Flowering",1,NA,"0",NA,NA,1,1,NA,NA
2021,4,3342,14,"N","0",NA,NA,NA,NA,2016,"NP",NA,NA,NA,"3342_4","irrigated","dormant",1,"Dormant",NA,NA,"1",0,0,1,1,NA,NA
2022,4,3342,14,"N","1",NA,9.5,0,NA,2016,"",NA,NA,NA,"3342_4","irrigated","alive",1,"Vegetative",0,NA,"4",1,1,1,NA,NA,NA
2023,4,3342,14,"N","4",24,20,1,"6",2016,"14D",NA,NA,NA,"3342_4","irrigated","alive",1,"Flowering",1,NA,NA,NA,NA,NA,0,NA,NA
2024,4,3342,14,"N",NA,NA,NA,NA,NA,NA,"NPNT",NA,NA,NA,"3342_4","irrigated",NA,NA,NA,NA,NA,NA,NA,NA,0,1,NA,NA
2025,4,3342,14,"N",NA,NA,NA,NA,NA,NA,"14D in div , NPNT > 2 years",NA,NA,NA,"3342_4","irrigated","dead",0,"Dead",NA,NA,NA,NA,NA,NA,NA,NA,NA
2016,5,3342,17,"B",NA,NA,NA,1,"1.5",2016,"No leaves, just an umbel",NA,NA,NA,"3342_5","drought","alive",1,"Flowering",1,NA,NA,NA,NA,0,NA,NA,NA
2017,5,3342,17,"B",NA,NA,NA,NA,NA,2016,"NP/NT",NA,NA,NA,"3342_5","drought","dead",0,"Dead",NA,NA,NA,NA,NA,NA,1,NA,NA
2016,5,3343,13,"C","9",32.5,6.2,3,"4",2016,"",NA,NA,NA,"3343_5","drought","alive",1,"Flowering",1,NA,"1",0,0,1,NA,NA,NA
2017,5,3343,13,"C","1",4.5,4.5,0,NA,2016,"",NA,NA,NA,"3343_5","drought","alive",1,"Vegetative",0,NA,"1",0,0,1,1,NA,NA
2018,5,3343,13,"C","1",13,13,0,"0",2016,"",NA,NA,NA,"3343_5","drought","alive",1,"Vegetative",0,NA,"0",NA,NA,0,0,NA,NA
2019,5,3343,13,"C","0",NA,NA,NA,NA,2016,"no plant",NA,NA,NA,"3343_5","drought","dead",0,"Dead",NA,NA,NA,NA,NA,NA,0,NA,NA
2016,6,3345,12,"D","12",47.7,6.6,2,"6.2",2016,"2 stalks",NA,NA,NA,"3345_6","irrigated","alive",1,"Flowering",1,NA,"6",3,1,1,NA,NA,NA
2017,6,3345,12,"D","6",30.5,16.5,3,"4.2",2016,"",NA,NA,NA,"3345_6","irrigated","alive",1,"Flowering",1,NA,"1",0,0,1,1,NA,NA
2018,6,3345,12,"D","1",16.5,16.5,0,NA,2016,"",NA,NA,NA,"3345_6","irrigated","alive",1,"Vegetative",0,NA,"4",3,1,1,1,NA,NA
2019,6,3345,12,"D","4",27.5,13.5,3,"4",2016,"",NA,NA,NA,"3345_6","irrigated","alive",1,"Flowering",1,NA,"2",2,1,1,0,NA,NA
2020,6,3345,12,"D","2",44,15.3,2,"9",2016,"",NA,NA,NA,"3345_6","irrigated","alive",1,"Flowering",1,NA,"8",3,1,1,1,NA,NA
2021,6,3345,12,"D","8",36,18,3,"11",2016,"",NA,NA,NA,"3345_6","irrigated","alive",1,"Flowering",1,NA,"8",5,1,1,1,0,0
2022,6,3345,12,"D","8",47,19.5,5,"23.5",2016,"",NA,NA,NA,"3345_6","irrigated","alive",1,"Flowering",1,NA,"5",4,1,1,1,244,1
2023,6,3345,12,"D","5",49,23,4,"24",2016,"",NA,NA,NA,"3345_6","irrigated","alive",1,"Flowering",1,NA,"2",1,1,1,1,96,1
2024,6,3345,12,"D","2",46,17.5,1,"8",NA,"",NA,NA,NA,"3345_6","irrigated","alive",1,"Flowering",1,NA,"5",3,1,1,1,288,1
2025,6,3345,12,"D","5",37,22,3,"6.5",NA,"",NA,NA,NA,"3345_6","irrigated","alive",1,"Flowering",1,NA,"10",5,1,1,1,96,1
2026,6,3345,12,"D","10",33.5,26,5,"14",NA,"",NA,NA,NA,"3345_6","irrigated","alive",1,"Flowering",1,NA,NA,NA,NA,NA,1,72,1
2019,14,3346,19,"F","1",NA,10.5,0,NA,2019,"",NA,NA,NA,"3346_14","drought","alive",1,"Vegetative",0,NA,"2",1,1,1,NA,NA,NA
2020,14,3346,19,"F","2",45.5,25.5,1,"8.5",2019,"",NA,NA,NA,"3346_14","drought","alive",1,"Flowering",1,NA,"1",0,0,1,0,NA,NA
2021,14,3346,19,"F","1",NA,9.5,0,NA,2019,"",NA,NA,NA,"3346_14","drought","alive",1,"Vegetative",0,NA,"0",NA,NA,1,1,NA,NA
2022,14,3346,19,"F","0",NA,NA,NA,NA,2019,"NP",NA,NA,NA,"3346_14","drought","dormant",1,"Dormant",NA,NA,"2",0,0,1,0,NA,NA
2023,14,3346,19,"F","2",NA,13,0,NA,2019,"",NA,NA,NA,"3346_14","drought","alive",1,"Vegetative",0,NA,"1",0,0,1,NA,NA,NA
2024,14,3346,19,"F","1",NA,13,0,NA,NA,"",NA,NA,NA,"3346_14","drought","alive",1,"Vegetative",0,NA,"1",0,0,1,0,NA,NA
2025,14,3346,19,"F","1",NA,17,0,NA,NA,"outside plot",NA,NA,NA,"3346_14","drought","alive",1,"Vegetative",0,NA,"1",0,0,1,0,NA,NA
2026,14,3346,19,"F","1",NA,15,0,NA,NA,"",NA,NA,NA,"3346_14","drought","alive",1,"Vegetative",0,NA,NA,NA,NA,NA,0,NA,NA
2019,1,3347,15,"I","1",NA,13,0,NA,2019,"",NA,NA,NA,"3347_1","irrigated","alive",1,"Vegetative",0,NA,NA,NA,NA,1,NA,NA,NA
2020,1,3347,15,"I",NA,NA,NA,NA,NA,2019,"NS",NA,NA,NA,"3347_1","irrigated",NA,1,NA,NA,NA,"1",0,0,1,0,NA,NA
2021,1,3347,15,"I","1",NA,13,0,NA,2019,"",NA,NA,NA,"3347_1","irrigated","alive",1,"Vegetative",0,NA,"2",1,1,1,NA,NA,NA
2022,1,3347,15,"I","2",33,15,1,"7",2019,"",NA,NA,NA,"3347_1","irrigated","alive",1,"Flowering",1,NA,"0",NA,NA,0,0,34,1
2023,1,3347,15,"I","0",NA,NA,NA,NA,2019,"NP",NA,NA,NA,"3347_1","irrigated","dead",0,"Dead",NA,NA,NA,NA,NA,NA,1,NA,NA
2016,3,3349,1,"F","7",37.2,13.1,1,"7.3",2016,"3 stalks, top has been eaten",NA,NA,NA,"3349_3","control","alive",1,"Flowering",1,NA,"6",2,1,1,NA,NA,NA
2017,3,3349,1,"F","6",39,25,2,"5",2016,"",NA,NA,NA,"3349_3","control","alive",1,"Flowering",1,NA,"3",0,0,1,1,NA,NA
2018,3,3349,1,"F","3",16,22,0,NA,2016,"",NA,NA,NA,"3349_3","control","alive",1,"Vegetative",0,NA,"7",2,1,1,1,NA,NA
2019,3,3349,1,"F","7",20,17,2,"4.5",2016,"",NA,NA,NA,"3349_3","control","alive",1,"Flowering",1,NA,"2",1,1,1,0,NA,NA
2020,3,3349,1,"F","2",28.4,17.5,1,"3.6",2016,"",NA,NA,NA,"3349_3","control","alive",1,"Flowering",1,NA,"2",1,1,1,1,NA,NA
2021,3,3349,1,"F","2",35,16.5,1,"6",2016,"",NA,NA,NA,"3349_3","control","alive",1,"Flowering",1,NA,"5",3,1,1,1,30,1
2022,3,3349,1,"F","5",43,13,3,"10",2016,"",NA,NA,NA,"3349_3","control","alive",1,"Flowering",1,NA,"7",3,1,1,1,60,1
2023,3,3349,1,"F","7",50.5,28,3,"19.5",2016,"",NA,NA,NA,"3349_3","control","alive",1,"Flowering",1,NA,"6",3,1,1,1,290,1
2024,3,3349,1,"F","6",35,18,3,"13",NA,"",NA,NA,NA,"3349_3","control","alive",1,"Flowering",1,NA,"2",1,1,1,1,186,1
2025,3,3349,1,"F","2",34,27,1,"5.5",NA,"",NA,NA,1,"3349_3","control","alive",1,"Flowering",1,NA,"0",NA,NA,NA,1,54,1
2026,3,3349,1,"F","0",NA,NA,NA,NA,NA,"NP",NA,NA,NA,"3349_3","control",NA,NA,NA,NA,NA,NA,NA,NA,NA,1,NA,NA
2021,14,3350,2,"A","2",NA,9.5,0,NA,2021,"",NA,NA,NA,"3350_14","drought","alive",1,"Vegetative",0,NA,"1",0,0,1,NA,NA,NA
2022,14,3350,2,"A","1",NA,15.5,0,NA,2021,"",NA,NA,NA,"3350_14","drought","alive",1,"Vegetative",0,NA,"1",0,0,1,0,NA,NA
2023,14,3350,2,"A","1",NA,16,0,NA,2021,"",NA,NA,NA,"3350_14","drought","alive",1,"Vegetative",0,NA,"0",NA,NA,1,0,NA,NA
2024,14,3350,2,"A","0",NA,NA,NA,NA,2021,"NP",NA,NA,NA,"3350_14","drought","dormant",1,"Dormant",NA,NA,"1",0,0,1,0,NA,NA
2025,14,3350,2,"A","1",NA,10.5,0,NA,2021,"",NA,NA,NA,"3350_14","drought","alive",1,"Vegetative",0,NA,"1",0,0,1,NA,NA,NA
2026,14,3350,2,"A","1",NA,4,0,NA,2021,"",NA,NA,NA,"3350_14","drought","alive",1,"Vegetative",0,NA,NA,NA,NA,NA,0,NA,NA
2016,14,3350,2,"A","1",12,12,0,NA,2016,"",NA,NA,NA,"3350_14_senior","drought","alive",1,"Vegetative",0,NA,"1",0,0,1,NA,NA,NA
2017,14,3350,2,"A","1",7.5,7.5,0,NA,2016,"",NA,NA,NA,"3350_14_senior","drought","alive",1,"Vegetative",0,NA,"3",1,1,1,0,NA,NA
2018,14,3350,2,"A","3",19.5,9.5,1,"2.7",2016,"",NA,NA,NA,"3350_14_senior","drought","alive",1,"Flowering",1,NA,"0",NA,NA,0,0,NA,NA
2019,14,3350,2,"A","0",NA,NA,NA,NA,2016,"no plant",NA,NA,NA,"3350_14_senior","drought","dead",0,"Dead",NA,NA,NA,NA,NA,NA,1,NA,NA
2021,2,3352,19,"H","3",13.5,14,2,"3.5",2021,"",NA,NA,NA,"3352_2","control","alive",1,"Flowering",1,NA,"3",2,1,1,NA,0,0
2022,2,3352,19,"H","3",20,11,2,"5",2021,"",NA,NA,NA,"3352_2","control","alive",1,"Flowering",1,NA,"2",1,1,1,1,8,1
2023,2,3352,19,"H","2",16,12,1,NA,2021,"dead umbel",NA,NA,NA,"3352_2","control","alive",1,"Flowering",1,NA,"0",NA,NA,1,1,0,0
2024,2,3352,19,"H","0",NA,NA,NA,NA,NA,"NP",NA,NA,NA,"3352_2","control","dormant",1,"Dormant",NA,NA,"1",0,0,1,1,NA,NA
2025,2,3352,19,"H","1",NA,15.5,0,NA,NA,"",NA,NA,NA,"3352_2","control","alive",1,"Vegetative",0,NA,"1",0,0,1,NA,NA,NA
2026,2,3352,19,"H","1",NA,4,0,NA,NA,"",NA,NA,NA,"3352_2","control","alive",1,"Vegetative",0,NA,NA,NA,NA,NA,0,NA,NA
2016,10,3353,5,"E","3",22,9.3,0,NA,2016,"",NA,NA,NA,"3353_10","drought","alive",1,"Vegetative",0,NA,"1",0,0,1,NA,NA,NA
2017,10,3353,5,"E","1",24.5,24.5,0,NA,2016,"",NA,NA,NA,"3353_10","drought","alive",1,"Vegetative",0,NA,"1",0,0,1,0,NA,NA
2018,10,3353,5,"E","1",21,21,0,NA,2016,"",NA,NA,NA,"3353_10","drought","alive",1,"Vegetative",0,NA,"2",1,1,1,0,NA,NA
2019,10,3353,5,"E","2",31,15,1,"4",2016,"",NA,NA,NA,"3353_10","drought","alive",1,"Flowering",1,NA,NA,NA,NA,1,0,NA,NA
2020,10,3353,5,"E",NA,NA,NA,NA,NA,2016,"npnt",NA,NA,NA,"3353_10","drought",NA,1,NA,NA,NA,"2",0,0,1,1,NA,NA
2021,10,3353,5,"E","2",NA,18,0,NA,2016,"",NA,NA,NA,"3353_10","drought","alive",1,"Vegetative",0,NA,"4",2,1,1,NA,NA,NA
2022,10,3353,5,"E","4",67,27,2,"13",2016,"",NA,NA,NA,"3353_10","drought","alive",1,"Flowering",1,NA,"6",4,1,1,0,114,1
2023,10,3353,5,"E","6",66,21,4,"28",2016,"",NA,NA,NA,"3353_10","drought","alive",1,"Flowering",1,NA,"3",2,1,1,1,284,1
2024,10,3353,5,"E","3",34,25,2,"5.5",NA,"",NA,NA,NA,"3353_10","drought","alive",1,"Flowering",1,NA,"1",0,0,1,1,0,0
2025,10,3353,5,"E","1",NA,22,0,NA,NA,"",NA,NA,NA,"3353_10","drought","alive",1,"Vegetative",0,NA,"9",0,0,1,1,NA,NA
2026,10,3353,5,"E","9",NA,29,0,NA,NA,"",NA,NA,NA,"3353_10","drought","alive",1,"Vegetative",0,NA,NA,NA,NA,NA,0,NA,NA
2016,12,3354,15,"G","3",7.8,4.3,0,NA,2016,"",NA,NA,NA,"3354_12","irrigated","alive",1,"Vegetative",0,NA,"1",0,0,1,NA,NA,NA
2017,12,3354,15,"G","1",7,7,0,NA,2016,"",NA,NA,NA,"3354_12","irrigated","alive",1,"Vegetative",0,NA,"2",1,1,1,0,NA,NA
2018,12,3354,15,"G","2",13.5,11.5,1,"2",2016,"",NA,NA,NA,"3354_12","irrigated","alive",1,"Flowering",1,NA,"2",1,1,1,0,NA,NA
2019,12,3354,15,"G","2",22,14,1,"4",2016,"",NA,NA,NA,"3354_12","irrigated","alive",1,"Flowering",1,NA,"1",0,0,1,1,NA,NA
2020,12,3354,15,"G","1",NA,10.5,0,NA,2016,"umbel eaten",NA,NA,NA,"3354_12","irrigated","alive",1,"Vegetative",0,NA,"1",0,0,1,1,NA,NA
2021,12,3354,15,"G","1",NA,12,0,NA,2016,"",NA,NA,NA,"3354_12","irrigated","alive",1,"Vegetative",0,NA,"2",0,0,1,0,NA,NA
2022,12,3354,15,"G","2",NA,15,0,NA,2016,"",NA,NA,NA,"3354_12","irrigated","alive",1,"Vegetative",0,NA,"2",0,0,1,0,NA,NA
2023,12,3354,15,"G","2",NA,13,0,NA,2016,"",NA,NA,NA,"3354_12","irrigated","alive",1,"Vegetative",0,NA,"0",NA,NA,1,0,NA,NA
2024,12,3354,15,"G","0",NA,NA,NA,NA,NA,"under hose; NP",NA,NA,NA,"3354_12","irrigated","dormant",1,"Dormant",NA,NA,"1",0,0,1,0,NA,NA
2025,12,3354,15,"G","1",NA,16,0,NA,NA,"",NA,NA,NA,"3354_12","irrigated","alive",1,"Vegetative",0,NA,NA,NA,NA,NA,NA,NA,NA
2026,12,3354,15,"G",NA,NA,NA,NA,NA,NA,"NPNT",NA,NA,NA,"3354_12","irrigated",NA,NA,NA,NA,NA,NA,NA,NA,NA,0,NA,NA
2017,15,3354,11,"B","3",20,15,2,"3.5",2017,"",NA,NA,NA,"3354_15","drought","alive",1,"Flowering",1,NA,"4",1,1,1,NA,NA,NA
2018,15,3354,11,"B","4",11,11,1,"0.8",2017,"",NA,NA,NA,"3354_15","drought","alive",1,"Flowering",1,NA,"1",0,0,1,1,NA,NA
2019,15,3354,11,"B","1",NA,9.5,0,NA,2017,"dead and dried out",NA,NA,NA,"3354_15","drought","alive",1,"Vegetative",0,NA,NA,NA,NA,1,1,NA,NA
2020,15,3354,11,"B",NA,NA,NA,NA,NA,2017,"NS",NA,NA,NA,"3354_15","drought",NA,1,NA,NA,NA,"4",1,1,1,0,NA,NA
2021,15,3354,11,"B","4",8,11.5,1,NA,2017,"",NA,NA,NA,"3354_15","drought","alive",1,"Flowering",1,NA,"11",7,1,1,NA,0,0
2022,15,3354,11,"B","11",38.5,14,7,"23.5",2017,"",NA,NA,NA,"3354_15","drought","alive",1,"Flowering",1,NA,"15",11,1,1,1,216,1
2023,15,3354,11,"B","15",44,17.5,11,"32",2017,"4 umbels dead",NA,NA,NA,"3354_15","drought","alive",1,"Flowering",1,NA,"11",8,1,1,1,398,1
2024,15,3354,11,"B","11",3.5,15.5,8,"18",NA,"",NA,NA,NA,"3354_15","drought","alive",1,"Flowering",1,NA,"7",6,1,1,1,52,1
2025,15,3354,11,"B","7",9.5,11.5,6,NA,NA,"all umbels dead",NA,NA,NA,"3354_15","drought","alive",1,"Flowering",1,NA,"5",1,1,1,1,0,0
2026,15,3354,11,"B","5",6,15,1,"1",NA,"",NA,NA,NA,"3354_15","drought","alive",1,"Flowering",1,NA,NA,NA,NA,NA,1,0,0
2017,13,3355,16,"C","1",17,17,0,NA,2017,"",NA,NA,NA,"3355_13","control","alive",1,"Vegetative",0,NA,NA,NA,NA,1,NA,NA,NA
2018,13,3355,16,"C",NA,NA,NA,NA,NA,2017,"NPNT",NA,NA,NA,"3355_13","control",NA,1,NA,NA,NA,"1",0,0,1,0,NA,NA
2019,13,3355,16,"C","1",NA,15,0,NA,2017,"",NA,NA,NA,"3355_13","control","alive",1,"Vegetative",0,NA,NA,NA,NA,1,NA,NA,NA
2020,13,3355,16,"C",NA,NA,NA,NA,NA,2017,"NS",NA,NA,NA,"3355_13","control",NA,1,NA,NA,NA,"4",0,0,1,0,NA,NA
2021,13,3355,16,"C","4",NA,14.5,0,NA,2017,"",NA,NA,NA,"3355_13","control","alive",1,"Vegetative",0,NA,"1",0,0,1,NA,NA,NA
2022,13,3355,16,"C","1",NA,13,0,NA,2017,"tag is 3480, this tag pulled",1,NA,NA,"3355_13","control","alive",1,"Vegetative",0,NA,"3",2,1,1,0,NA,NA
2023,13,3355,16,"C","3",39,17,2,"10",2023,"",NA,NA,NA,"3355_13","control","alive",1,"Flowering",1,NA,"1",0,0,1,0,NA,NA
2024,13,3355,16,"C","1",NA,16,0,NA,NA,"",NA,NA,NA,"3355_13","control","alive",1,"Vegetative",0,NA,"2",0,0,1,1,NA,NA
2025,13,3355,16,"C","2",NA,18.5,0,NA,NA,"",NA,NA,NA,"3355_13","control","alive",1,"Vegetative",0,NA,"0",NA,NA,NA,0,NA,NA
2026,13,3355,16,"C","0",NA,NA,NA,NA,NA,"NP",NA,NA,NA,"3355_13","control",NA,NA,NA,NA,NA,NA,NA,NA,NA,0,NA,NA
2016,13,3356,15,"G","4",15.5,4.3,1,"1.7",2016,"",NA,NA,NA,"3356_13","control","alive",1,"Flowering",1,NA,"3",2,1,1,NA,NA,NA
2017,13,3356,15,"G","3",17,8,2,"3",2016,"",NA,NA,NA,"3356_13","control","alive",1,"Flowering",1,NA,"0",NA,NA,0,1,NA,NA
2018,13,3356,15,"G","0",NA,NA,NA,NA,2016,"no plant",NA,NA,NA,"3356_13","control","dead",0,"Dead",NA,NA,NA,NA,NA,NA,1,NA,NA
2017,13,3357,16,"J","1",16,16,0,NA,2017,"",NA,NA,NA,"3357_13","control","alive",1,"Vegetative",0,NA,"2",1,1,1,NA,NA,NA
2018,13,3357,16,"J","2",12.5,8.5,1,"2",2017,"",NA,NA,NA,"3357_13","control","alive",1,"Flowering",1,NA,"3",1,1,1,0,NA,NA
2019,13,3357,16,"J","3",17,11.5,1,"2",2017,"",NA,NA,NA,"3357_13","control","alive",1,"Flowering",1,NA,NA,NA,NA,1,1,NA,NA
2020,13,3357,16,"J",NA,NA,NA,NA,NA,2017,"NS",NA,NA,NA,"3357_13","control",NA,1,NA,NA,NA,"4",1,1,1,1,NA,NA
2021,13,3357,16,"J","4",10.5,11,1,"1",2017,"",NA,NA,NA,"3357_13","control","alive",1,"Flowering",1,NA,"3",1,1,1,NA,0,0
2022,13,3357,16,"J","3",27,13,1,"4",2017,"",NA,NA,NA,"3357_13","control","alive",1,"Flowering",1,NA,"5",2,1,1,1,18,1
2023,13,3357,16,"J","5",34,22,2,"9",2017,"",NA,NA,NA,"3357_13","control","alive",1,"Flowering",1,NA,NA,NA,NA,1,1,NA,NA
2024,13,3357,16,"J",NA,NA,NA,NA,NA,NA,"NPNT",NA,NA,NA,"3357_13","control",NA,1,NA,NA,NA,"2",0,0,1,1,NA,NA
2025,13,3357,16,"J","2",NA,14,0,NA,NA,"",NA,NA,NA,"3357_13","control","alive",1,"Vegetative",0,NA,"3",0,0,1,NA,NA,NA
2026,13,3357,16,"J","3",NA,16,0,NA,NA,"",NA,NA,NA,"3357_13","control","alive",1,"Vegetative",0,NA,NA,NA,NA,NA,0,NA,NA
2016,7,3357,13,"G","17",50,5.6,1,"9",2016,"Diversity plot",NA,NA,NA,"3357_7","drought","alive",1,"Flowering",1,NA,NA,NA,NA,NA,NA,NA,NA
2017,7,3357,13,"G",NA,NA,NA,NA,NA,2016,"NP/NT",NA,NA,NA,"3357_7","drought",NA,NA,NA,NA,NA,NA,NA,NA,0,1,NA,NA
2018,7,3357,13,"G",NA,NA,NA,NA,NA,2016,"no plant no tag",NA,NA,NA,"3357_7","drought","dead",0,"Dead",NA,NA,NA,NA,NA,NA,NA,NA,NA
2017,13,3358,16,"A","1",15,15,0,NA,2017,"",NA,NA,NA,"3358_13","control","alive",1,"Vegetative",0,NA,"2",0,0,1,NA,NA,NA
2018,13,3358,16,"A","2",12.5,12.5,0,NA,2017,"",NA,NA,NA,"3358_13","control","alive",1,"Vegetative",0,NA,"3",0,0,1,0,NA,NA
2019,13,3358,16,"A","3",NA,15,0,NA,2017,"",NA,NA,NA,"3358_13","control","alive",1,"Vegetative",0,NA,NA,NA,NA,1,0,NA,NA
2020,13,3358,16,"A",NA,NA,NA,NA,NA,2017,"NS",NA,NA,NA,"3358_13","control",NA,1,NA,NA,NA,"3",0,0,1,0,NA,NA
2021,13,3358,16,"A","3",NA,19,0,NA,2017,"",NA,NA,NA,"3358_13","control","alive",1,"Vegetative",0,NA,"5",3,1,1,NA,NA,NA
2022,13,3358,16,"A","5",30,10,3,"6.5",2017,"",NA,NA,NA,"3358_13","control","alive",1,"Flowering",1,NA,"2",1,1,1,0,80,1
2023,13,3358,16,"A","2",28,11.5,1,"4",2017,"",NA,NA,NA,"3358_13","control","alive",1,"Flowering",1,NA,"1",0,0,1,1,NA,NA
2024,13,3358,16,"A","1",NA,14.5,0,NA,NA,"",NA,NA,NA,"3358_13","control","alive",1,"Vegetative",0,NA,"1",0,0,1,1,NA,NA
2025,13,3358,16,"A","1",NA,13.5,0,NA,NA,"",NA,NA,NA,"3358_13","control","alive",1,"Vegetative",0,NA,"0",NA,NA,NA,0,NA,NA
2026,13,3358,16,"A","0",NA,NA,NA,NA,NA,"NP",NA,NA,NA,"3358_13","control",NA,NA,NA,NA,NA,NA,NA,NA,NA,0,NA,NA
2017,6,3358,12,"D","1",20,20,0,NA,2017,"",NA,NA,NA,"3358_6","irrigated","alive",1,"Vegetative",0,NA,"4",1,1,1,NA,NA,NA
2018,6,3358,12,"D","4",20,17,1,"3.5",2017,"",NA,NA,NA,"3358_6","irrigated","alive",1,"Flowering",1,NA,"5",3,1,1,0,NA,NA
2019,6,3358,12,"D","5",21.5,12,3,"2",2017,"",NA,NA,NA,"3358_6","irrigated","alive",1,"Flowering",1,NA,"3",2,1,1,1,NA,NA
2020,6,3358,12,"D","3",34.5,18.6,2,"6.6",2017,"",NA,NA,NA,"3358_6","irrigated","alive",1,"Flowering",1,NA,"7",3,1,1,1,NA,NA
2021,6,3358,12,"D","7",33,14.5,3,"10.5",2017,"",NA,NA,NA,"3358_6","irrigated","alive",1,"Flowering",1,NA,"6",4,1,1,1,0,0
2022,6,3358,12,"D","6",60,23,4,"19",2017,"",NA,NA,NA,"3358_6","irrigated","alive",1,"Flowering",1,NA,"7",4,1,1,1,456,1
2023,6,3358,12,"D","7",43,21,4,"14.5",2017,"",NA,NA,NA,"3358_6","irrigated","alive",1,"Flowering",1,NA,"8",5,1,1,1,44,1
2024,6,3358,12,"D","8",55,18,5,"22",NA,"",NA,NA,NA,"3358_6","irrigated","alive",1,"Flowering",1,NA,"3",2,1,1,1,280,1
2025,6,3358,12,"D","3",25,27,2,"7.5",NA,"",NA,NA,NA,"3358_6","irrigated","alive",1,"Flowering",1,NA,"2",1,1,1,1,0,0
2026,6,3358,12,"D","2",21,13,1,"3",NA,"",NA,NA,NA,"3358_6","irrigated","alive",1,"Flowering",1,NA,NA,NA,NA,NA,1,0,0
2016,13,3359,14,"H","4",15,2.8,1,"2.4",2016,"",NA,NA,NA,"3359_13","control","alive",1,"Flowering",1,NA,"2",1,1,1,NA,NA,NA
2017,13,3359,14,"H","2",16,8.5,1,"3",2016,"",NA,NA,NA,"3359_13","control","alive",1,"Flowering",1,NA,"1",0,0,1,1,NA,NA
2018,13,3359,14,"H","1",10.5,10.5,0,NA,2016,"",NA,NA,NA,"3359_13","control","alive",1,"Vegetative",0,NA,"1",0,0,1,1,NA,NA
2019,13,3359,14,"H","1",NA,13,0,NA,2016,"",NA,NA,NA,"3359_13","control","alive",1,"Vegetative",0,NA,NA,NA,NA,1,0,NA,NA
2020,13,3359,14,"H",NA,NA,NA,NA,NA,2016,"NS",NA,NA,NA,"3359_13","control",NA,1,NA,NA,NA,"1",0,0,1,0,NA,NA
2021,13,3359,14,"H","1",NA,18.5,0,NA,2016,"",NA,NA,NA,"3359_13","control","alive",1,"Vegetative",0,NA,"1",0,0,1,NA,NA,NA
2022,13,3359,14,"H","1",NA,11,0,NA,2016,"",NA,NA,NA,"3359_13","control","alive",1,"Vegetative",0,NA,"2",1,1,1,0,NA,NA
2023,13,3359,14,"H","2",27,12,1,"4",2016,"",NA,NA,NA,"3359_13","control","alive",1,"Flowering",1,NA,"1",0,0,1,0,NA,NA
2024,13,3359,14,"H","1",NA,13,0,NA,NA,"in moss",NA,NA,NA,"3359_13","control","alive",1,"Vegetative",0,NA,"1",0,0,1,1,NA,NA
2025,13,3359,14,"H","1",NA,12,0,NA,NA,"",NA,NA,NA,"3359_13","control","alive",1,"Vegetative",0,NA,"1",0,0,1,0,NA,NA
2026,13,3359,14,"H","1",NA,17,0,NA,NA,"",NA,NA,NA,"3359_13","control","alive",1,"Vegetative",0,NA,NA,NA,NA,NA,0,NA,NA
2026,14,3359,14,"C","1",NA,11,0,NA,2026,"",NA,NA,NA,"3359_14","drought","alive",1,"Vegetative",0,NA,NA,NA,NA,NA,NA,NA,NA
2017,14,3359,14,"C","1",9.5,9.5,0,NA,2017,"",NA,NA,NA,"3359_14_senior","drought","alive",1,"Vegetative",0,NA,NA,NA,NA,1,NA,NA,NA
2018,14,3359,14,"C",NA,NA,NA,NA,NA,2017,"no plant no tag",NA,NA,NA,"3359_14_senior","drought",NA,1,NA,NA,NA,"1",0,0,1,0,NA,NA
2019,14,3359,14,"C","1",NA,8,0,NA,2017,"",NA,NA,NA,"3359_14_senior","drought","alive",1,"Vegetative",0,NA,NA,NA,NA,1,NA,NA,NA
2020,14,3359,14,"C",NA,NA,NA,NA,NA,2017,"NS",NA,NA,NA,"3359_14_senior","drought",NA,1,NA,NA,NA,"1",0,0,1,0,NA,NA
2021,14,3359,14,"C","1",NA,14,0,NA,2017,"",NA,NA,NA,"3359_14_senior","drought","alive",1,"Vegetative",0,NA,"0",NA,NA,1,NA,NA,NA
2022,14,3359,14,"C","0",NA,NA,NA,NA,2017,"NP",NA,NA,NA,"3359_14_senior","drought","dormant",1,"Dormant",NA,NA,"1",0,0,1,0,NA,NA
2023,14,3359,14,"C","1",NA,16.5,0,NA,2017,"",NA,NA,NA,"3359_14_senior","drought","alive",1,"Vegetative",0,NA,NA,NA,NA,0,NA,NA,NA
2024,14,3359,14,"C",NA,NA,NA,NA,NA,NA,"NPNT",NA,NA,NA,"3359_14_senior","drought","dead",0,"Dead",NA,NA,NA,NA,NA,NA,0,NA,NA
2017,14,3360,8,"D","4",39.5,24,2,"5",2017,"",NA,NA,NA,"3360_14","drought","alive",1,"Flowering",1,NA,"0",NA,NA,1,NA,NA,NA
2018,14,3360,8,"D","0",NA,NA,NA,NA,2017,"no plant",NA,NA,NA,"3360_14","drought","dormant",1,"Dormant",NA,NA,"2",1,1,1,1,NA,NA
2019,14,3360,8,"D","2",20.5,14,1,"2.5",2017,"",NA,NA,NA,"3360_14","drought","alive",1,"Flowering",1,NA,"0",NA,NA,1,NA,NA,NA
2020,14,3360,8,"D","0",NA,NA,NA,NA,2017,"no plant",NA,NA,NA,"3360_14","drought","dormant",1,"Dormant",NA,NA,"2",1,1,1,1,NA,NA
2021,14,3360,8,"D","2",24,16.5,1,"3",2017,"",NA,NA,NA,"3360_14","drought","alive",1,"Flowering",1,NA,"4",3,1,1,NA,4,1
2022,14,3360,8,"D","4",55,22,3,"16.5",2017,"",NA,NA,NA,"3360_14","drought","alive",1,"Flowering",1,NA,"4",3,1,1,1,82,1
2023,14,3360,8,"D","4",62,25,3,"20",2017,"1 umbel dead?",NA,NA,NA,"3360_14","drought","alive",1,"Flowering",1,NA,"2",1,1,1,1,290,1
2024,14,3360,8,"D","2",42.5,24,1,"4.5",NA,"",NA,NA,NA,"3360_14","drought","alive",1,"Flowering",1,NA,"0",NA,NA,0,1,0,0
2025,14,3360,8,"D","0",NA,NA,NA,NA,NA,"NP",NA,NA,NA,"3360_14","drought","dead",0,"Dead",NA,NA,NA,NA,NA,NA,1,NA,NA
2016,6,3360,12,"D","15",44,7,1,"3.9",2016,"Dead leaves",NA,NA,NA,"3360_6","irrigated","alive",1,"Flowering",1,NA,"2",1,1,1,NA,NA,NA
2017,6,3360,12,"C","2",25.5,22.5,1,"2.7",2016,"",NA,NA,NA,"3360_6","irrigated","alive",1,"Flowering",1,NA,"8",3,1,1,1,NA,NA
2018,6,3360,12,"C","8",20.5,18,3,"3.4",2016,"",NA,NA,NA,"3360_6","irrigated","alive",1,"Flowering",1,NA,"0",NA,NA,0,1,NA,NA
2019,6,3360,12,"C","0",NA,NA,NA,NA,2016,"no plant",NA,NA,NA,"3360_6","irrigated","dead",0,"Dead",NA,NA,NA,NA,NA,NA,1,NA,NA
2021,6,3360,12,"C","3",27,16,2,"4.5",2021,"",NA,NA,NA,"3360_6_new","irrigated","alive",1,"Flowering",1,NA,"1",2,1,1,NA,0,0
2022,6,3360,12,"C","1",66,23.5,2,"11.5",2021,"",NA,NA,NA,"3360_6_new","irrigated","alive",1,"Flowering",1,NA,"3",1,1,1,1,186,1
2023,6,3360,12,"C","3",32,22,1,"5",2021,"",NA,NA,NA,"3360_6_new","irrigated","alive",1,"Flowering",1,NA,"3",2,1,1,1,0,0
2024,6,3360,12,"C","3",37.5,13,2,"5.5",2021,"",NA,NA,NA,"3360_6_new","irrigated","alive",1,"Flowering",1,NA,"1",1,1,1,1,NA,NA
2025,6,3360,12,"C","1",32.5,24.5,1,"4",2021,"",NA,NA,NA,"3360_6_new","irrigated","alive",1,"Flowering",1,NA,"3",2,1,1,1,16,1
2026,6,3360,12,"C","3",31.5,20,2,"4",2021,"",NA,NA,NA,"3360_6_new","irrigated","alive",1,"Flowering",1,NA,NA,NA,NA,NA,1,0,0
2017,14,3361,9,"B","1",10.5,10.5,0,NA,2017,"",NA,NA,NA,"3361_14","drought","alive",1,"Vegetative",0,NA,"0",NA,NA,1,NA,NA,NA
2018,14,3361,9,"B","0",NA,NA,NA,NA,2017,"no plant",NA,NA,NA,"3361_14","drought","dormant",1,"Dormant",NA,NA,"1",0,0,1,0,NA,NA
2019,14,3361,9,"B","1",NA,12.5,0,NA,2017,"",NA,NA,NA,"3361_14","drought","alive",1,"Vegetative",0,NA,NA,NA,NA,NA,NA,NA,NA
2020,14,3361,9,"B",NA,NA,NA,NA,NA,2017,"NPNT",NA,NA,NA,"3361_14","drought",NA,NA,NA,NA,NA,NA,NA,NA,1,0,NA,NA
2021,14,3361,9,"B",NA,NA,NA,NA,NA,2017,"NPNT",NA,NA,NA,"3361_14","drought",NA,1,NA,NA,NA,"1",0,0,1,NA,NA,NA
2022,14,3361,9,"B","1",NA,19,0,NA,2017,"",NA,NA,NA,"3361_14","drought","alive",1,"Vegetative",0,NA,"0",NA,NA,0,NA,NA,NA
2023,14,3361,9,"B","0",NA,NA,NA,NA,2017,"",NA,NA,NA,"3361_14","drought","dead",0,"Dead",NA,NA,NA,NA,NA,NA,0,NA,NA
2025,14,3361,9,"B","1",NA,16,0,NA,NA,"",NA,NA,NA,"3361_14_new","drought","alive",1,"Vegetative",0,NA,NA,NA,NA,NA,NA,NA,NA
2017,5,3361,13,"A","4",23,15.5,2,"3",2017,"",NA,NA,NA,"3361_5","drought","alive",1,"Flowering",1,NA,"2",0,0,1,NA,NA,NA
2018,5,3361,13,"A","2",12.5,12.5,0,"0",2017,"",NA,NA,NA,"3361_5","drought","alive",1,"Vegetative",0,NA,"2",0,0,1,1,NA,NA
2019,5,3361,13,"A","2",NA,11.5,0,NA,2017,"",NA,NA,NA,"3361_5","drought","alive",1,"Vegetative",0,NA,NA,NA,NA,NA,0,NA,NA
2020,5,3361,13,"A",NA,NA,NA,NA,NA,2017,"NS",NA,NA,NA,"3361_5","drought",NA,NA,NA,NA,NA,NA,NA,NA,NA,0,NA,NA
2021,5,3361,13,"A",NA,NA,NA,NA,NA,2017,"NPNT",NA,NA,NA,"3361_5","drought",NA,NA,NA,NA,NA,NA,NA,NA,1,NA,NA,NA
2022,5,3361,13,"A",NA,NA,NA,NA,NA,2017,"NPNT",NA,NA,NA,"3361_5","drought",NA,1,NA,NA,NA,"1",0,0,1,NA,NA,NA
2023,5,3361,13,"A","1",NA,16,0,NA,2017,"",NA,NA,NA,"3361_5","drought","alive",1,"Vegetative",0,NA,"4",2,1,1,NA,NA,NA
2024,5,3361,13,"A","4",28,13.5,2,"6.5",NA,"",NA,NA,NA,"3361_5","drought","alive",1,"Flowering",1,NA,"3",2,1,1,0,60,1
2025,5,3361,13,"A","3",15,12,2,"4.5",NA,"",NA,NA,NA,"3361_5","drought","alive",1,"Flowering",1,NA,"2",1,1,1,1,NA,NA
2026,5,3361,13,"A","2",20,15,1,"2.5",NA,"",NA,NA,NA,"3361_5","drought","alive",1,"Flowering",1,NA,NA,NA,NA,NA,1,0,0
2017,14,3362,8,"A","3",15,15,1,"1.5",2017,"",NA,NA,NA,"3362_14","drought","alive",1,"Flowering",1,NA,"3",2,1,1,NA,NA,NA
2018,14,3362,8,"A","3",29.5,14,2,"3.5",2017,"",NA,NA,NA,"3362_14","drought","alive",1,"Flowering",1,NA,"2",1,1,1,1,NA,NA
2019,14,3362,8,"A","2",19,12.5,1,"3.5",2017,"",NA,NA,NA,"3362_14","drought","alive",1,"Flowering",1,NA,"0",NA,NA,1,1,NA,NA
2020,14,3362,8,"A","0",NA,NA,NA,NA,2017,"no plant",NA,NA,NA,"3362_14","drought","dormant",1,"Dormant",NA,NA,"1",0,0,1,1,NA,NA
2021,14,3362,8,"A","1",NA,13.5,0,NA,2017,"",NA,NA,NA,"3362_14","drought","alive",1,"Vegetative",0,NA,"0",NA,NA,1,NA,NA,NA
2022,14,3362,8,"A","0",NA,NA,NA,NA,2017,"NP",NA,NA,NA,"3362_14","drought","dormant",1,"Dormant",NA,NA,"2",1,1,1,0,NA,NA
2023,14,3362,8,"A","2",48,18,1,"7",2017,"",NA,NA,NA,"3362_14","drought","alive",1,"Flowering",1,NA,"1",0,0,1,NA,NA,NA
2024,14,3362,8,"A","1",NA,16.5,0,NA,NA,"",NA,NA,NA,"3362_14","drought","alive",1,"Vegetative",0,NA,NA,NA,NA,NA,1,NA,NA
2025,14,3362,8,"A",NA,NA,NA,NA,NA,NA,"NPNT",NA,NA,NA,"3362_14","drought",NA,NA,NA,NA,NA,NA,NA,NA,NA,0,NA,NA
2026,14,3362,8,"A",NA,NA,NA,NA,NA,NA,"NPNT 2 years",NA,NA,NA,"3362_14","drought",NA,NA,NA,NA,NA,NA,NA,NA,NA,NA,NA,NA
2021,5,3362,10,"F","3",NA,15,0,NA,2021,"",NA,NA,NA,"3362_5","drought","alive",1,"Vegetative",0,NA,"0",NA,NA,0,NA,NA,NA
2022,5,3362,10,"F","0",NA,NA,NA,NA,2021,"NP",NA,NA,NA,"3362_5","drought","dead",0,"Dead",NA,NA,NA,NA,NA,NA,0,NA,NA
2016,5,3362,10,"F","4",15.5,5,1,"2",2016,"",NA,NA,NA,"3362_5_senior","drought","alive",1,"Flowering",1,NA,"5",4,1,1,NA,NA,NA
2017,5,3362,10,"F","5",15,6,4,"1.5",2016,"",NA,NA,NA,"3362_5_senior","drought","alive",1,"Flowering",1,NA,"3",0,0,1,1,NA,NA
2018,5,3362,10,"F","3",5,8.5,0,NA,2016,"",NA,NA,NA,"3362_5_senior","drought","alive",1,"Vegetative",0,NA,"0",NA,NA,0,1,NA,NA
2019,5,3362,10,"F","0",NA,NA,NA,NA,2016,"no plant",NA,NA,NA,"3362_5_senior","drought","dead",0,"Dead",NA,NA,NA,NA,NA,NA,0,NA,NA
2017,14,3363,15,"H","1",13,13,0,NA,2017,"",NA,NA,NA,"3363_14","drought","alive",1,"Vegetative",0,NA,"3",1,1,1,NA,NA,NA
2018,14,3363,15,"H","3",24,17,1,"2.7",2017,"tag says 3363",NA,NA,NA,"3363_14","drought","alive",1,"Flowering",1,NA,"3",2,1,1,0,NA,NA
2019,14,3363,15,"H","3",35,16,2,"6",2017,"tag says '3363'",NA,NA,NA,"3363_14","drought","alive",1,"Flowering",1,NA,NA,NA,NA,1,1,NA,NA
2020,14,3363,15,"H",NA,NA,NA,NA,NA,2017,"tag says '3363'; NS",NA,NA,NA,"3363_14","drought",NA,1,NA,NA,NA,"7",3,1,1,1,NA,NA
2021,14,3363,15,"H","7",31,19,3,"7.5",2017,"tag says 3363",NA,NA,NA,"3363_14","drought","alive",1,"Flowering",1,NA,"6",4,1,1,NA,210,1
2022,14,3363,15,"H","6",41.5,20.5,4,"19.5",2017,"tag says 3363",NA,1,NA,"3363_14","drought","alive",1,"Flowering",1,NA,"3",2,1,1,1,164,1
2023,14,3363,15,"H","3",60,21,2,"9.5",2017,"Tag says 3363!!! 1 umbel dead",NA,1,NA,"3363_14","drought","alive",1,"Flowering",1,NA,"1",0,0,1,1,NA,NA
2024,14,3363,15,"H","1",NA,21.5,0,NA,NA,"tag is 3363 not 3367",NA,NA,NA,"3363_14","drought","alive",1,"Vegetative",0,NA,"2",0,0,1,1,NA,NA
2025,14,3363,15,"H","2",NA,16,0,NA,NA,"tag is 3363 not 3367, tunnels",NA,1,NA,"3363_14","drought","alive",1,"Vegetative",0,NA,"0",NA,NA,NA,0,NA,NA
2026,14,3363,15,"H","0",NA,NA,NA,NA,NA,"NP tag is 3363",NA,1,NA,"3363_14","drought",NA,NA,NA,NA,NA,NA,NA,NA,NA,0,NA,NA
2016,5,3363,8,"E","3",11.5,6.3,0,NA,2016,"",NA,NA,NA,"3363_5","drought","alive",1,"Vegetative",0,NA,"0",NA,NA,0,NA,NA,NA
2017,5,3363,8,"E","0",NA,NA,NA,NA,2016,"No plant/dead?",NA,NA,NA,"3363_5","drought","dead",0,"Dead",NA,NA,NA,NA,NA,NA,0,NA,NA
2017,14,3364,14,"H","1",13.5,13.5,0,NA,2017,"",NA,NA,NA,"3364_14","drought","alive",1,"Vegetative",0,NA,"1",0,0,1,NA,NA,NA
2018,14,3364,14,"H","1",14,14,0,NA,2017,"",NA,NA,NA,"3364_14","drought","alive",1,"Vegetative",0,NA,"1",0,0,1,0,NA,NA
2019,14,3364,14,"H","1",NA,15,0,NA,2017,"",NA,NA,NA,"3364_14","drought","alive",1,"Vegetative",0,NA,"3",2,1,1,0,NA,NA
2020,14,3364,14,"H","3",43,15.3,2,"6.6",2017,"",NA,NA,NA,"3364_14","drought","alive",1,"Flowering",1,NA,NA,NA,NA,0,0,NA,NA
2021,14,3364,14,"H",NA,NA,NA,NA,NA,2017,"NPNT, maybe new tag 3838",NA,NA,NA,"3364_14","drought","dead",0,"Dead",NA,NA,NA,NA,NA,NA,1,NA,NA
2016,4,3364,3,"H","3",18.5,6.5,1,"2.1",2016,"",NA,NA,NA,"3364_4","irrigated","alive",1,"Flowering",1,NA,"2",1,1,1,NA,NA,NA
2017,4,3364,3,"H","2",21,11,1,"3",2016,"",NA,NA,NA,"3364_4","irrigated","alive",1,"Flowering",1,NA,"4",2,1,1,1,NA,NA
2018,4,3364,3,"H","4",10,8.5,2,"2.5",2016,"",NA,NA,NA,"3364_4","irrigated","alive",1,"Flowering",1,NA,"1",0,0,1,1,NA,NA
2019,4,3364,3,"H","1",NA,8.5,0,NA,2016,"",NA,NA,NA,"3364_4","irrigated","alive",1,"Vegetative",0,NA,"1",0,0,1,1,NA,NA
2020,4,3364,3,"H","1",NA,9.2,0,NA,2016,"",NA,NA,NA,"3364_4","irrigated","alive",1,"Vegetative",0,NA,"5",0,0,1,0,NA,NA
2021,4,3364,3,"H","5",NA,15,0,NA,2016,"",NA,NA,NA,"3364_4","irrigated","alive",1,"Vegetative",0,NA,"4",3,1,1,0,NA,NA
2022,4,3364,3,"H","4",38,18,3,"11.5",2016,"",NA,NA,NA,"3364_4","irrigated","alive",1,"Flowering",1,NA,"5",5,1,1,0,158,1
2023,4,3364,3,"H","5",55,15,5,"13",2016,"",NA,NA,NA,"3364_4","irrigated","alive",1,"Flowering",1,NA,"0",NA,NA,0,1,198,1
2024,4,3364,3,"H","0",NA,NA,NA,NA,NA,"NP",NA,NA,NA,"3364_4","irrigated","dead",0,"Dead",NA,NA,NA,NA,NA,NA,1,NA,NA
2021,1,3365,0,"J","2",NA,11.5,0,NA,2021,"",NA,NA,NA,"3365_1","irrigated","alive",1,"Vegetative",0,NA,"3",2,1,1,NA,1,1
2022,1,3365,0,"J","3",37.5,10,2,"7.5",2021,"",NA,NA,NA,"3365_1","irrigated","alive",1,"Flowering",1,NA,"2",1,1,1,0,56,1
2023,1,3365,0,"J","2",25,14,1,"3",2021,"",NA,NA,NA,"3365_1","irrigated","alive",1,"Flowering",1,NA,"0",NA,NA,0,1,0,0
2024,1,3365,0,"J","0",NA,NA,NA,NA,NA,"NP",NA,NA,NA,"3365_1","irrigated","dead",0,"Dead",NA,NA,NA,NA,NA,NA,1,NA,NA
2021,4,3365,3,"J","3",NA,7.5,0,NA,2021,"",NA,NA,NA,"3365_4","irrigated","alive",1,"Vegetative",0,NA,"0",NA,NA,1,NA,NA,NA
2022,4,3365,3,"J","0",NA,NA,NA,NA,2021,"NP",NA,NA,NA,"3365_4","irrigated","dormant",1,"Dormant",NA,NA,"2",0,0,1,0,NA,NA
2023,4,3365,3,"J","2",NA,12,0,NA,2021,"",NA,NA,NA,"3365_4","irrigated","alive",1,"Vegetative",0,NA,"1",0,0,1,NA,NA,NA
2024,4,3365,3,"J","1",NA,8,0,NA,NA,"",NA,NA,NA,"3365_4","irrigated","alive",1,"Vegetative",0,NA,"0",NA,NA,0,0,NA,NA
2025,4,3365,3,"J","0",NA,NA,NA,NA,NA,"NP",NA,NA,NA,"3365_4","irrigated","dead",0,"Dead",NA,NA,NA,NA,NA,NA,0,NA,NA
2017,12,3366,15,"D","2",13,10.5,1,"3",2017,"",NA,NA,NA,"3366_12","irrigated","alive",1,"Flowering",1,NA,"2",0,0,1,NA,NA,NA
2018,12,3366,15,"D","2",5.5,5.5,0,NA,2017,"",NA,NA,NA,"3366_12","irrigated","alive",1,"Vegetative",0,NA,"4",1,1,1,1,NA,NA
2019,12,3366,15,"D","4",20,13.5,1,"2.5",2017,"",NA,NA,NA,"3366_12","irrigated","alive",1,"Flowering",1,NA,"1",0,0,1,0,NA,NA
2020,12,3366,15,"D","1",NA,8.8,0,NA,2017,"part eaten",NA,NA,NA,"3366_12","irrigated","alive",1,"Vegetative",0,NA,"1",0,0,1,1,NA,NA
2021,12,3366,15,"D","1",NA,13,0,NA,2017,"",NA,NA,NA,"3366_12","irrigated","alive",1,"Vegetative",0,NA,"1",0,0,1,0,NA,NA
2022,12,3366,15,"D","1",NA,15,0,NA,2017,"",NA,NA,NA,"3366_12","irrigated","alive",1,"Vegetative",0,NA,"1",0,0,1,0,NA,NA
2023,12,3366,15,"D","1",NA,20,0,NA,2017,"",NA,NA,NA,"3366_12","irrigated","alive",1,"Vegetative",0,NA,"0",NA,NA,1,0,NA,NA
2024,12,3366,15,"D","0",NA,NA,NA,NA,NA,"NP; moss; tag in ambiguous cluster",NA,NA,NA,"3366_12","irrigated","dormant",1,"Dormant",NA,NA,"1",0,0,1,0,NA,NA
2025,12,3366,15,"D","1",NA,16,0,NA,NA,"",NA,NA,NA,"3366_12","irrigated","alive",1,"Vegetative",0,NA,"0",NA,NA,NA,NA,NA,NA
2026,12,3366,15,"D","0",NA,NA,NA,NA,NA,"NP",NA,NA,NA,"3366_12","irrigated",NA,NA,NA,NA,NA,NA,NA,NA,NA,0,NA,NA
2017,14,3366,9,"C","1",16,16,0,NA,2017,"",NA,NA,NA,"3366_14","drought","alive",1,"Vegetative",0,NA,"1",0,0,1,NA,NA,NA
2018,14,3366,9,"C","1",17,17,0,NA,2017,"",NA,NA,NA,"3366_14","drought","alive",1,"Vegetative",0,NA,"1",0,0,1,0,NA,NA
2019,14,3366,9,"C","1",NA,16,0,NA,2017,"",NA,NA,NA,"3366_14","drought","alive",1,"Vegetative",0,NA,"0",NA,NA,1,0,NA,NA
2020,14,3366,9,"C","0",NA,NA,NA,NA,2017,"no plant",NA,NA,NA,"3366_14","drought","dormant",1,"Dormant",NA,NA,"2",0,0,1,0,NA,NA
2021,14,3366,9,"C","2",NA,16.5,0,NA,2017,"",NA,NA,NA,"3366_14","drought","alive",1,"Vegetative",0,NA,"3",2,1,1,NA,NA,NA
2022,14,3366,9,"C","3",28,15,2,"7.5",2017,"",NA,NA,NA,"3366_14","drought","alive",1,"Flowering",1,NA,"4",2,1,1,0,132,1
2023,14,3366,9,"C","4",21.5,5,2,"11",2017,"leaves at base chewed off",NA,NA,NA,"3366_14","drought","alive",1,"Flowering",1,NA,"2",0,0,1,1,NA,NA
2024,14,3366,9,"C","2",NA,16,0,NA,NA,"",NA,NA,NA,"3366_14","drought","alive",1,"Vegetative",0,NA,NA,NA,NA,NA,1,NA,NA
2025,14,3366,9,"C",NA,NA,NA,NA,NA,NA,"NPNT vole holes",NA,NA,NA,"3366_14","drought",NA,NA,NA,NA,NA,NA,NA,NA,NA,0,NA,NA
2026,14,3366,9,"C",NA,NA,NA,NA,NA,NA,"NPNT 2 years",NA,NA,NA,"3366_14","drought",NA,NA,NA,NA,NA,NA,NA,NA,NA,NA,NA,NA
2017,13,3367,3,"H","2",15,8,1,"2.5",2017,"",NA,NA,NA,"3367_13","control","alive",1,"Flowering",1,NA,"2",1,1,1,NA,NA,NA
2018,13,3367,3,"H","2",7,6,1,"1.7",2017,"",NA,NA,NA,"3367_13","control","alive",1,"Flowering",1,NA,"2",1,1,1,1,NA,NA
2019,13,3367,3,"H","2",12,11,1,"1.5",2017,"",NA,NA,NA,"3367_13","control","alive",1,"Flowering",1,NA,"0",NA,NA,1,1,NA,NA
2020,13,3367,3,"H","0",NA,NA,NA,NA,2017,"no plant",NA,NA,NA,"3367_13","control","dormant",1,"Dormant",NA,NA,"2",0,0,1,1,NA,NA
2021,13,3367,3,"H","2",NA,12.5,0,NA,2017,"",NA,NA,NA,"3367_13","control","alive",1,"Vegetative",0,NA,"2",1,1,1,NA,NA,NA
2022,13,3367,3,"H","2",NA,7,1,NA,2017,"stalk clipped",NA,1,NA,"3367_13","control","alive",1,"Flowering",1,NA,"5",4,1,1,0,0,0
2023,13,3367,3,"H","5",35,15,4,"10",2017,"1 umbel dead",NA,NA,NA,"3367_13","control","alive",1,"Flowering",1,NA,"1",1,1,1,1,184,1
2024,13,3367,3,"H","1",19.5,13,1,"4",NA,"",NA,NA,NA,"3367_13","control","alive",1,"Flowering",1,NA,"3",1,1,1,1,12,1
2025,13,3367,3,"H","3",23,16,1,"3",NA,"",NA,NA,NA,"3367_13","control","alive",1,"Flowering",1,NA,"0",NA,NA,NA,1,NA,NA
2026,13,3367,3,"H","0",NA,NA,NA,NA,NA,"NP",NA,NA,NA,"3367_13","control",NA,NA,NA,NA,NA,NA,NA,NA,NA,1,NA,NA
2017,15,3367,14,"B","4",29.5,16,2,"5",2017,"",NA,NA,NA,"3367_15","drought","alive",1,"Flowering",1,NA,"2",1,1,1,NA,NA,NA
2018,15,3367,14,"B","2",10.5,10.5,1,"3.5",2017,"",NA,NA,NA,"3367_15","drought","alive",1,"Flowering",1,NA,"0",NA,NA,0,1,NA,NA
2019,15,3367,14,"B","0",NA,NA,NA,NA,2017,"no plant",NA,NA,NA,"3367_15","drought","dead",0,"Dead",NA,NA,NA,NA,NA,NA,1,NA,NA
2022,15,3368,14,"D","1",NA,17,0,NA,2022,"",NA,NA,NA,"3368_15","drought","alive",1,"Vegetative",0,NA,"0",NA,NA,0,NA,NA,NA
2023,15,3368,14,"D","0",NA,NA,NA,NA,2022,"saw it 5/15. NP today.",NA,NA,NA,"3368_15","drought","dead",0,"Dead",NA,NA,NA,NA,NA,NA,0,0,0
2018,15,3368,14,"D","2",4,4.5,1,"2.5",2018,"",NA,NA,NA,"3368_15_senior","drought","alive",1,"Flowering",1,NA,"0",NA,NA,0,NA,NA,NA
2019,15,3368,14,"D","0",NA,NA,NA,NA,2018,"no plant",NA,NA,NA,"3368_15_senior","drought","dead",0,"Dead",NA,NA,NA,NA,NA,NA,1,NA,NA
2017,7,3368,7,"I","8",29,14,6,"3",2017,"",NA,NA,NA,"3368_7","drought","alive",1,"Flowering",1,NA,"4",2,1,1,NA,NA,NA
2018,7,3368,7,"I","4",24,13,2,"2.5",2017,"",NA,NA,NA,"3368_7","drought","alive",1,"Flowering",1,NA,"2",2,1,1,1,NA,NA
2019,7,3368,7,"I","2",25,14,2,"2",2017,"",NA,NA,NA,"3368_7","drought","alive",1,"Flowering",1,NA,"1",0,0,1,1,NA,NA
2020,7,3368,7,"I","1",NA,15.5,0,NA,2017,"",NA,NA,NA,"3368_7","drought","alive",1,"Vegetative",0,NA,"4",0,0,1,1,NA,NA
2021,7,3368,7,"I","4",NA,15,0,NA,2017,"",NA,NA,NA,"3368_7","drought","alive",1,"Vegetative",0,NA,"3",1,1,1,0,NA,NA
2022,7,3368,7,"I","3",34,32,1,"3.5",2017,"",NA,NA,NA,"3368_7","drought","alive",1,"Flowering",1,NA,"2",1,1,1,0,20,1
2023,7,3368,7,"I","2",22,14,1,"2",2017,"",NA,NA,NA,"3368_7","drought","alive",1,"Flowering",1,NA,"2",1,1,1,1,0,0
2024,7,3368,7,"I","2",27,22,1,"1.5",NA,"",NA,NA,NA,"3368_7","drought","alive",1,"Flowering",1,NA,"0",NA,NA,0,1,0,0
2025,7,3368,7,"I","0",NA,NA,NA,NA,NA,"NP",NA,NA,NA,"3368_7","drought","dead",0,"Dead",NA,NA,NA,NA,NA,NA,1,NA,NA
2017,12,3369,14,"C","2",3.5,3.5,0,NA,2017,"",NA,NA,NA,"3369_12","irrigated","alive",1,"Vegetative",0,NA,"1",0,0,1,NA,NA,NA
2018,12,3369,14,"C","1",4,4,0,NA,2017,"",NA,NA,NA,"3369_12","irrigated","alive",1,"Vegetative",0,NA,"1",0,0,1,0,NA,NA
2019,12,3369,14,"C","1",NA,5.5,0,NA,2017,"",NA,NA,NA,"3369_12","irrigated","alive",1,"Vegetative",0,NA,"1",0,0,1,0,NA,NA
2020,12,3369,14,"C","1",NA,7.4,0,NA,2017,"",NA,NA,NA,"3369_12","irrigated","alive",1,"Vegetative",0,NA,"1",0,0,1,0,NA,NA
2021,12,3369,14,"C","1",NA,9.5,0,NA,2017,"",NA,NA,NA,"3369_12","irrigated","alive",1,"Vegetative",0,NA,"1",0,0,1,0,NA,NA
2022,12,3369,14,"C","1",NA,13.5,0,NA,2017,"",NA,NA,NA,"3369_12","irrigated","alive",1,"Vegetative",0,NA,"1",0,0,1,0,NA,NA
2023,12,3369,14,"C","1",NA,16,0,NA,2017,"",NA,NA,NA,"3369_12","irrigated","alive",1,"Vegetative",0,NA,"1",0,0,1,0,NA,NA
2024,12,3369,14,"C","1",NA,12,0,NA,NA,"moss",NA,NA,NA,"3369_12","irrigated","alive",1,"Vegetative",0,NA,"0",NA,NA,1,0,NA,NA
2025,12,3369,14,"C","0",NA,NA,NA,NA,NA,"NP",NA,NA,NA,"3369_12","irrigated","dormant",1,"Dormant",NA,NA,"1",0,0,1,0,NA,NA
2026,12,3369,14,"C","1",NA,12.5,0,NA,NA,"",NA,NA,NA,"3369_12","irrigated","alive",1,"Vegetative",0,NA,NA,NA,NA,NA,NA,NA,NA
2017,15,3369,18,"D","3",31,15,1,"4",2017,"",NA,NA,NA,"3369_15","drought","alive",1,"Flowering",1,NA,"2",1,1,1,NA,NA,NA
2018,15,3369,18,"D","2",14.5,10.5,1,"3",2017,"",NA,NA,NA,"3369_15","drought","alive",1,"Flowering",1,NA,"0",NA,NA,0,1,NA,NA
2019,15,3369,18,"D","0",NA,NA,NA,NA,2017,"no plant",NA,NA,NA,"3369_15","drought","dead",0,"Dead",NA,NA,NA,NA,NA,NA,1,NA,NA
2021,14,3370,16,"A","1",NA,11.5,0,NA,2021,"",NA,NA,NA,"3370_14","drought","alive",1,"Vegetative",0,NA,"1",0,0,1,NA,NA,NA
2022,14,3370,16,"A","1",NA,16,0,NA,2021,"",NA,NA,NA,"3370_14","drought","alive",1,"Vegetative",0,NA,"1",0,0,1,0,NA,NA
2023,14,3370,16,"A","1",NA,19.5,0,NA,2021,"",NA,NA,NA,"3370_14","drought","alive",1,"Vegetative",0,NA,"0",NA,NA,0,0,NA,NA
2024,14,3370,16,"A","0",NA,NA,NA,NA,2021,"NP",NA,NA,NA,"3370_14","drought","dead",0,"Dead",NA,NA,NA,NA,NA,NA,0,NA,NA
2017,14,3370,16,"A","2",7.5,7.5,0,NA,2017,"",NA,NA,NA,"3370_14_senior","drought","alive",1,"Vegetative",0,NA,"1",0,0,1,NA,NA,NA
2018,14,3370,16,"A","1",4.5,4.5,0,NA,2017,"",NA,NA,NA,"3370_14_senior","drought","alive",1,"Vegetative",0,NA,"0",0,NA,0,0,NA,NA
2019,14,3370,16,"A","0",NA,NA,0,NA,2017,"no plant",NA,NA,NA,"3370_14_senior","drought","dead",0,"Dead",NA,NA,NA,NA,NA,NA,0,NA,NA
2017,7,3370,2,"A","3",30,17,2,"3.5",2017,"",NA,NA,NA,"3370_7","drought","alive",1,"Flowering",1,NA,"2",1,1,1,NA,NA,NA
2018,7,3370,2,"A","2",24,15,1,"3.2",2017,"",NA,NA,NA,"3370_7","drought","alive",1,"Flowering",1,NA,"0",NA,NA,1,1,NA,NA
2019,7,3370,2,"A","0",NA,NA,NA,NA,2017,"no plant",NA,NA,NA,"3370_7","drought","dormant",1,"Dormant",NA,NA,"2",0,0,1,1,NA,NA
2020,7,3370,2,"A","2",NA,10.8,0,NA,2017,"",NA,NA,NA,"3370_7","drought","alive",1,"Vegetative",0,NA,"2",0,0,1,NA,NA,NA
2021,7,3370,2,"A","2",NA,12,0,NA,2017,"",NA,NA,NA,"3370_7","drought","alive",1,"Vegetative",0,NA,"4",1,1,1,0,NA,NA
2022,7,3370,2,"A","4",30,24.5,1,"4",2017,"",NA,NA,NA,"3370_7","drought","alive",1,"Flowering",1,NA,"0",NA,NA,1,0,0,0
2023,7,3370,2,"A","0",NA,NA,NA,NA,2017,"NP",NA,NA,NA,"3370_7","drought","dormant",1,"Dormant",NA,NA,"3",2,1,1,1,NA,NA
2024,7,3370,2,"A","3",33,33,2,"6",NA,"first measured umbel is dead",NA,NA,NA,"3370_7","drought","alive",1,"Flowering",1,NA,"0",NA,NA,0,NA,0,0
2025,7,3370,2,"A","0",NA,NA,NA,NA,NA,"NP, tag outside plot",NA,NA,NA,"3370_7","drought","dead",0,"Dead",NA,NA,NA,NA,NA,NA,1,NA,NA
2017,15,3371,14,"C","6",19.5,18,2,"4.5",2017,"",NA,NA,NA,"3371_15","drought","alive",1,"Flowering",1,NA,"3",1,1,1,NA,NA,NA
2018,15,3371,14,"C","3",15,14,1,"2.7",2017,"",NA,NA,NA,"3371_15","drought","alive",1,"Flowering",1,NA,"0",NA,NA,1,1,NA,NA
2019,15,3371,14,"C","0",NA,NA,NA,NA,2017,"no plant",NA,NA,NA,"3371_15","drought","dormant",1,"Dormant",NA,NA,"2",0,0,1,1,NA,NA
2020,15,3371,14,"C","2",NA,11.3,0,NA,2017,"alive",NA,NA,NA,"3371_15","drought","alive",1,"Vegetative",0,NA,"4",1,1,1,NA,NA,NA
2021,15,3371,14,"C","4",13,11,1,"3",2017,"",NA,NA,NA,"3371_15","drought","alive",1,"Flowering",1,NA,"7",3,1,1,0,0,0
2022,15,3371,14,"C","7",33.5,20,3,"17.5",2017,"",NA,NA,NA,"3371_15","drought","alive",1,"Flowering",1,NA,"6",3,1,1,1,212,1
2023,15,3371,14,"C","6",27,11,3,"16",2017,"",NA,NA,NA,"3371_15","drought","alive",1,"Flowering",1,NA,"2",1,1,1,1,106,1
2024,15,3371,14,"C","2",2,17.5,1,"4.5",NA,"",NA,NA,NA,"3371_15","drought","alive",1,"Flowering",1,NA,"2",1,1,1,1,84,1
2025,15,3371,14,"C","2",NA,12,1,NA,NA," umbel dead",NA,NA,NA,"3371_15","drought","alive",1,"Flowering",1,NA,"1",0,0,1,1,0,0
2026,15,3371,14,"C","1",NA,12.5,0,NA,NA,"",NA,NA,NA,"3371_15","drought","alive",1,"Vegetative",0,NA,NA,NA,NA,NA,1,NA,NA
2021,15,3372,19,"C","3",23,23,2,"6",2021,"",NA,NA,NA,"3372_15","drought","alive",1,"Flowering",1,NA,"2",3,1,1,NA,0,0
2022,15,3372,19,"C","2",28,24,3,"4.5",2021,"",NA,NA,NA,"3372_15","drought","alive",1,"Flowering",1,NA,"6",3,1,1,1,58,1
2023,15,3372,19,"C","6",42.5,27,3,"15.5",2021,"",NA,NA,NA,"3372_15","drought","alive",1,"Flowering",1,NA,"5",3,1,1,1,132,1
2024,15,3372,19,"C","5",38,22,3,"8.5",2021,"",NA,NA,NA,"3372_15","drought","alive",1,"Flowering",1,NA,"2",1,1,1,1,0,0
2025,15,3372,19,"C","2",NA,20.5,1,NA,2021,"",NA,NA,NA,"3372_15","drought","alive",1,"Flowering",1,NA,"0",NA,NA,NA,1,NA,NA
2026,15,3372,19,"C","0",NA,NA,NA,NA,2021,"NP",NA,NA,NA,"3372_15","drought",NA,NA,NA,NA,NA,NA,NA,NA,NA,1,NA,NA
2017,15,3372,19,"C","1",18,18,0,NA,2017,"",NA,NA,NA,"3372_15_senior","drought","alive",1,"Vegetative",0,NA,"0",NA,NA,0,NA,NA,NA
2018,15,3372,19,"C","0",NA,NA,NA,NA,2017,"no plant",NA,NA,NA,"3372_15_senior","drought","dead",0,"Dead",NA,NA,NA,NA,NA,NA,0,NA,NA
2017,6,3372,14,"G","2",13.5,13.5,0,NA,2017,"",NA,NA,NA,"3372_6","irrigated","alive",1,"Vegetative",0,NA,"2",1,1,1,NA,NA,NA
2018,6,3372,14,"G","2",14,8.5,1,"3.8",2017,"",NA,NA,NA,"3372_6","irrigated","alive",1,"Flowering",1,NA,"2",1,1,1,0,NA,NA
2019,6,3372,14,"G","2",15,5,1,"2",2017,"",NA,NA,NA,"3372_6","irrigated","alive",1,"Flowering",1,NA,"2",1,1,1,1,NA,NA
2020,6,3372,14,"G","2",23.5,11.6,1,"3.5",2017,"",NA,NA,NA,"3372_6","irrigated","alive",1,"Flowering",1,NA,"2",1,1,1,1,NA,NA
2021,6,3372,14,"G","2",13,10,1,NA,2017,"",NA,NA,NA,"3372_6","irrigated","alive",1,"Flowering",1,NA,"2",1,1,1,1,0,0
2022,6,3372,14,"G","2",39,13,1,"8.5",2017,"",NA,NA,NA,"3372_6","irrigated","alive",1,"Flowering",1,NA,"4",2,1,1,1,62,1
2023,6,3372,14,"G","4",34,19,2,"7",2017,"",NA,NA,NA,"3372_6","irrigated","alive",1,"Flowering",1,NA,"3",2,1,1,1,0,0
2024,6,3372,14,"G","3",31,14.5,2,"8",NA,"",NA,NA,NA,"3372_6","irrigated","alive",1,"Flowering",1,NA,"4",1,1,1,1,72,1
2025,6,3372,14,"G","4",23,19,1,"3.5",NA,"",NA,NA,NA,"3372_6","irrigated","alive",1,"Flowering",1,NA,"3",2,1,1,1,NA,NA
2026,6,3372,14,"G","3",24.5,16,2,"8",NA,"",NA,NA,NA,"3372_6","irrigated","alive",1,"Flowering",1,NA,NA,NA,NA,NA,1,20,1
2017,13,3373,13,"J","2",10,10,0,NA,2017,"",NA,NA,NA,"3373_13","control","alive",1,"Vegetative",0,NA,"1",0,0,1,NA,NA,NA
2018,13,3373,13,"J","1",6,6,0,NA,2017,"",NA,NA,NA,"3373_13","control","alive",1,"Vegetative",0,NA,"1",0,0,1,0,NA,NA
2019,13,3373,13,"J","1",NA,6.5,0,NA,2017,"",NA,NA,NA,"3373_13","control","alive",1,"Vegetative",0,NA,NA,NA,NA,1,0,NA,NA
2020,13,3373,13,"J",NA,NA,NA,NA,NA,2017,"NS",NA,NA,NA,"3373_13","control",NA,1,NA,NA,NA,"5",1,1,1,0,NA,NA
2021,13,3373,13,"J","5",14,17,1,NA,2017,"",NA,NA,NA,"3373_13","control","alive",1,"Flowering",1,NA,"3",2,1,1,NA,0,0
2022,13,3373,13,"J","3",34.5,12,2,"8.5",2017,"",NA,NA,NA,"3373_13","control","alive",1,"Flowering",1,NA,"3",2,1,1,1,134,1
2023,13,3373,13,"J","3",31,14,2,"9",2017,"",NA,NA,NA,"3373_13","control","alive",1,"Flowering",1,NA,"1",0,0,1,1,NA,NA
2024,13,3373,13,"J","1",NA,14.5,0,NA,NA,"moss",NA,NA,NA,"3373_13","control","alive",1,"Vegetative",0,NA,"3",1,1,1,1,NA,NA
2025,13,3373,13,"J","3",29.5,15.5,1,"4",NA,"moss",NA,NA,NA,"3373_13","control","alive",1,"Flowering",1,NA,"0",NA,NA,NA,0,NA,NA
2026,13,3373,13,"J","0",NA,NA,NA,NA,NA,"NP",NA,NA,NA,"3373_13","control",NA,NA,NA,NA,NA,NA,NA,NA,NA,1,NA,NA
2017,6,3373,14,"H","3",11,11,0,NA,2017,"",NA,NA,NA,"3373_6","irrigated","alive",1,"Vegetative",0,NA,"2",0,0,1,NA,NA,NA
2018,6,3373,14,"H","2",19,19,0,NA,2017,"",NA,NA,NA,"3373_6","irrigated","alive",1,"Vegetative",0,NA,"1",0,0,1,0,NA,NA
2019,6,3373,14,"H","1",NA,17.5,0,NA,2017,"",NA,NA,NA,"3373_6","irrigated","alive",1,"Vegetative",0,NA,"1",0,0,1,0,NA,NA
2020,6,3373,14,"H","1",NA,9.6,0,NA,2017,"",NA,NA,NA,"3373_6","irrigated","alive",1,"Vegetative",0,NA,"1",0,0,1,0,NA,NA
2021,6,3373,14,"H","1",NA,19,0,NA,2017,"",NA,NA,NA,"3373_6","irrigated","alive",1,"Vegetative",0,NA,"1",0,0,1,0,NA,NA
2022,6,3373,14,"H","1",NA,22.5,0,NA,2017,"",NA,NA,NA,"3373_6","irrigated","alive",1,"Vegetative",0,NA,"1",0,0,1,0,NA,NA
2023,6,3373,14,"H","1",NA,13.5,0,NA,2017,"",NA,NA,NA,"3373_6","irrigated","alive",1,"Vegetative",0,NA,"1",NA,NA,1,0,NA,NA
2024,6,3373,14,"H","1",NA,20,NA,NA,NA,"umbel(s) gone; leaf broke while measuring",NA,NA,NA,"3373_6","irrigated","alive",1,NA,NA,NA,"1",0,0,1,0,NA,NA
2025,6,3373,14,"H","1",NA,19,0,NA,NA,"",NA,NA,NA,"3373_6","irrigated","alive",1,"Vegetative",0,NA,"3",1,1,1,NA,NA,NA
2026,6,3373,14,"H","3",27,19.5,1,"3",NA,"",NA,NA,NA,"3373_6","irrigated","alive",1,"Flowering",1,NA,NA,NA,NA,NA,0,4,1
2021,14,3374,19,"G","1",NA,12,0,NA,2021,"",NA,NA,NA,"3374_14","drought","alive",1,"Vegetative",0,NA,"1",0,0,1,NA,NA,NA
2022,14,3374,19,"G","1",NA,15,0,NA,2021,"",NA,NA,NA,"3374_14","drought","alive",1,"Vegetative",0,NA,"0",NA,NA,1,0,NA,NA
2023,14,3374,19,"G","0",NA,NA,NA,NA,2021,"NP",NA,NA,NA,"3374_14","drought","dormant",1,"Dormant",NA,NA,"1",0,0,1,0,NA,NA
2024,14,3374,19,"G","1",NA,15,0,NA,2021,"",NA,NA,NA,"3374_14","drought","alive",1,"Vegetative",0,NA,"1",0,0,1,NA,NA,NA
2025,14,3374,19,"G","1",NA,19,0,NA,2021,"",NA,NA,NA,"3374_14","drought","alive",1,"Vegetative",0,NA,"1",0,0,1,0,NA,NA
2026,14,3374,19,"G","1",NA,15,0,NA,2021,"",NA,NA,NA,"3374_14","drought","alive",1,"Vegetative",0,NA,NA,NA,NA,NA,0,NA,NA
2017,14,3374,19,"G","1",11,11,0,NA,2017,"",NA,NA,NA,"3374_14_senior","drought","alive",1,"Vegetative",0,NA,"0",NA,NA,0,NA,NA,NA
2018,14,3374,19,"G","0",NA,NA,NA,NA,2017,"no plant",NA,NA,NA,"3374_14_senior","drought","dead",0,"Dead",NA,NA,NA,NA,NA,NA,0,NA,NA
2017,6,3374,18,"H","2",9,9,0,NA,2017,"",NA,NA,NA,"3374_6","irrigated","alive",1,"Vegetative",0,NA,"3",0,0,1,NA,NA,NA
2018,6,3374,18,"H","3",15,15,0,NA,2017,"",NA,NA,NA,"3374_6","irrigated","alive",1,"Vegetative",0,NA,"1",0,0,1,0,NA,NA
2019,6,3374,18,"H","1",NA,15,0,NA,2017,"",NA,NA,NA,"3374_6","irrigated","alive",1,"Vegetative",0,NA,"1",0,0,1,0,NA,NA
2020,6,3374,18,"H","1",NA,15.2,0,NA,2017,"",NA,NA,NA,"3374_6","irrigated","alive",1,"Vegetative",0,NA,"1",0,0,1,0,NA,NA
2021,6,3374,18,"H","1",NA,14.5,0,NA,2017,"",NA,NA,NA,"3374_6","irrigated","alive",1,"Vegetative",0,NA,"2",1,1,1,0,NA,NA
2022,6,3374,18,"H","2",44,15,1,"5.5",2017,"",NA,NA,NA,"3374_6","irrigated","alive",1,"Flowering",1,NA,"4",1,1,1,0,40,1
2023,6,3374,18,"H","4",29,17.5,1,"5.5",2017,"",NA,NA,NA,"3374_6","irrigated","alive",1,"Flowering",1,NA,"0",NA,NA,1,1,6,1
2024,6,3374,18,"H","0",NA,NA,NA,NA,NA,"sensesced? NP",NA,NA,NA,"3374_6","irrigated","dormant",1,"Dormant",NA,NA,"2",1,1,1,1,0,0
2025,6,3374,18,"H","2",15,18,1,"2.5",NA,"",NA,NA,NA,"3374_6","irrigated","alive",1,"Flowering",1,NA,"1",0,0,1,NA,NA,NA
2026,6,3374,18,"H","1",NA,13.5,0,NA,NA,"",NA,NA,NA,"3374_6","irrigated","alive",1,"Vegetative",0,NA,NA,NA,NA,NA,1,NA,NA
2017,13,3375,14,"F","1",9.5,9.5,0,NA,2017,"",NA,NA,NA,"3375_13","control","alive",1,"Vegetative",0,NA,"1",0,0,1,NA,NA,NA
2018,13,3375,14,"F","1",11.5,11,0,NA,2017,"",NA,NA,NA,"3375_13","control","alive",1,"Vegetative",0,NA,"1",0,0,1,0,NA,NA
2019,13,3375,14,"F","1",NA,6,0,NA,2017,"",NA,NA,NA,"3375_13","control","alive",1,"Vegetative",0,NA,NA,NA,NA,NA,0,NA,NA
2020,13,3375,14,"F",NA,NA,NA,NA,NA,2017,"NS",NA,NA,NA,"3375_13","control",NA,NA,NA,NA,NA,NA,NA,NA,0,0,NA,NA
2021,13,3375,14,"F",NA,NA,NA,NA,NA,2017,"NPNT",NA,NA,NA,"3375_13","control","dead",0,"Dead",NA,NA,NA,NA,NA,NA,NA,NA,NA
2022,7,3375,3,"C","2",42,21,2,"12",2022,"",NA,NA,NA,"3375_7","drought","alive",1,"Flowering",1,NA,"3",2,1,1,NA,0,0
2023,7,3375,3,"C","3",35.5,10,2,"0",2022,"both umbels dead",NA,NA,NA,"3375_7","drought","alive",1,"Flowering",1,NA,"4",2,1,1,1,0,0
2024,7,3375,3,"C","4",3,29.5,2,"4",2022,"",NA,NA,NA,"3375_7","drought","alive",1,"Flowering",1,NA,"1",1,1,1,1,0,0
2025,7,3375,3,"C","1",NA,28.5,1,NA,2022,"umbel dead",NA,NA,NA,"3375_7","drought","alive",1,"Flowering",1,NA,NA,NA,NA,NA,1,0,0
2026,7,3375,3,"C",NA,NA,NA,NA,NA,2022,"NPNT",NA,NA,NA,"3375_7","drought",NA,NA,NA,NA,NA,NA,NA,NA,NA,1,NA,NA
2017,7,3375,3,"C","2",27,17,1,"1.5",2017,"",NA,NA,NA,"3375_7_senior","drought","alive",1,"Flowering",1,NA,"2",0,0,1,NA,NA,NA
2018,7,3375,3,"C","2",7.5,7.5,0,NA,2017,"",NA,NA,NA,"3375_7_senior","drought","alive",1,"Vegetative",0,NA,"2",0,0,1,1,NA,NA
2019,7,3375,3,"C","2",NA,20.5,0,NA,2017,"",NA,NA,NA,"3375_7_senior","drought","alive",1,"Vegetative",0,NA,"0",NA,NA,0,0,NA,NA
2020,7,3375,3,"C","0",NA,NA,NA,NA,2017,"no plant",NA,NA,NA,"3375_7_senior","drought","dead",0,"Dead",NA,NA,NA,NA,NA,NA,0,NA,NA
2017,12,3376,16,"E","1",2,2,0,NA,2017,"",NA,NA,NA,"3376_12","irrigated","alive",1,"Vegetative",0,NA,"2",0,0,1,NA,NA,NA
2018,12,3376,16,"E","2",4,4,0,NA,2017,"",NA,NA,NA,"3376_12","irrigated","alive",1,"Vegetative",0,NA,"1",0,0,1,0,NA,NA
2019,12,3376,16,"E","1",NA,9,0,NA,2017,"",NA,NA,NA,"3376_12","irrigated","alive",1,"Vegetative",0,NA,"1",0,0,1,0,NA,NA
2020,12,3376,16,"E","1",NA,6.7,0,NA,2017,"",NA,NA,NA,"3376_12","irrigated","alive",1,"Vegetative",0,NA,"1",0,0,1,0,NA,NA
2021,12,3376,16,"E","1",NA,12.5,0,NA,2017,"",NA,NA,NA,"3376_12","irrigated","alive",1,"Vegetative",0,NA,"1",0,0,1,0,NA,NA
2022,12,3376,16,"E","1",NA,14.5,0,NA,2017,"",NA,NA,NA,"3376_12","irrigated","alive",1,"Vegetative",0,NA,"1",0,0,1,0,NA,NA
2023,12,3376,16,"E","1",NA,21,0,NA,2017,"",NA,NA,NA,"3376_12","irrigated","alive",1,"Vegetative",0,NA,"1",0,0,1,0,NA,NA
2024,12,3376,16,"E","1",NA,11.5,0,NA,NA,"",NA,NA,NA,"3376_12","irrigated","alive",1,"Vegetative",0,NA,"0",NA,NA,0,0,NA,NA
2025,12,3376,16,"E","0",NA,NA,NA,NA,NA,"NP",NA,NA,NA,"3376_12","irrigated","dead",0,"Dead",NA,NA,NA,NA,NA,NA,0,NA,NA
2017,13,3376,16,"F","1",8.5,8.5,0,NA,2017,"",NA,NA,NA,"3376_13","control","alive",1,"Vegetative",0,NA,"2",0,0,1,NA,NA,NA
2018,13,3376,16,"F","2",10.5,10.5,0,NA,2017,"",NA,NA,NA,"3376_13","control","alive",1,"Vegetative",0,NA,"3",0,0,1,0,NA,NA
2019,13,3376,16,"F","3",NA,12.5,0,NA,2017,"",NA,NA,NA,"3376_13","control","alive",1,"Vegetative",0,NA,NA,NA,NA,1,0,NA,NA
2020,13,3376,16,"F",NA,NA,NA,NA,NA,2017,"NS",NA,NA,NA,"3376_13","control",NA,1,NA,NA,NA,"4",1,1,1,0,NA,NA
2021,13,3376,16,"F","4",17,17,1,"2",2017,"",NA,NA,NA,"3376_13","control","alive",1,"Flowering",1,NA,"4",3,1,1,NA,0,0
2022,13,3376,16,"F","4",40,11,3,"11.5",2017,"",NA,NA,NA,"3376_13","control","alive",1,"Flowering",1,NA,"7",4,1,1,1,262,1
2023,13,3376,16,"F","7",39,15,4,"24",2017,"",NA,NA,NA,"3376_13","control","alive",1,"Flowering",1,NA,"2",2,1,1,1,NA,NA
2024,13,3376,16,"F","2",33,15,2,"5",NA,"first umbel measured was shriveled and dead",NA,NA,NA,"3376_13","control","alive",1,"Flowering",1,NA,"1",1,1,1,1,104,1
2025,13,3376,16,"F","1",27,18,1,"4",NA,"",NA,NA,NA,"3376_13","control","alive",1,"Flowering",1,NA,"4",1,1,1,1,NA,NA
2026,13,3376,16,"F","4",27,19,1,"3.5",NA,"",NA,NA,NA,"3376_13","control","alive",1,"Flowering",1,NA,NA,NA,NA,NA,1,0,0
2017,13,3377,18,"D","1",4,4,0,NA,2017,"",NA,NA,NA,"3377_13","control","alive",1,"Vegetative",0,NA,"2",0,0,1,NA,NA,NA
2018,13,3377,18,"D","2",8,8,0,NA,2017,"",NA,NA,NA,"3377_13","control","alive",1,"Vegetative",0,NA,"2",0,0,1,0,NA,NA
2019,13,3377,18,"D","2",NA,11.5,0,NA,2017,"",NA,NA,NA,"3377_13","control","alive",1,"Vegetative",0,NA,NA,NA,NA,1,0,NA,NA
2020,13,3377,18,"D",NA,NA,NA,NA,NA,2017,"NS",NA,NA,NA,"3377_13","control",NA,1,NA,NA,NA,"2",0,0,1,0,NA,NA
2021,13,3377,18,"D","2",NA,12,0,NA,2017,"",NA,NA,NA,"3377_13","control","alive",1,"Vegetative",0,NA,"1",0,0,1,NA,NA,NA
2022,13,3377,18,"D","1",NA,9,0,NA,2017,"",NA,NA,NA,"3377_13","control","alive",1,"Vegetative",0,NA,"3",2,1,1,0,NA,NA
2023,13,3377,18,"D","3",38,12,2,"11",2017,"",NA,NA,NA,"3377_13","control","alive",1,"Flowering",1,NA,"0",NA,NA,1,0,NA,NA
2024,13,3377,18,"D","0",NA,NA,NA,NA,NA,"NP",NA,NA,NA,"3377_13","control","dormant",1,"Dormant",NA,NA,"2",0,0,1,1,NA,NA
2025,13,3377,18,"D","2",NA,17,0,NA,NA,"",NA,NA,NA,"3377_13","control","alive",1,"Vegetative",0,NA,"0",NA,NA,NA,NA,NA,NA
2026,13,3377,18,"D","0",NA,NA,NA,NA,NA,"NP",NA,NA,NA,"3377_13","control",NA,NA,NA,NA,NA,NA,NA,NA,NA,0,NA,NA
2021,15,3377,14,"G","1",11,11,1,"3.5",2021,"",NA,NA,NA,"3377_15","drought","alive",1,"Flowering",1,NA,"5",3,1,1,NA,0,0
2022,15,3377,14,"G","5",37,23,3,"13.5",2021,"",NA,NA,NA,"3377_15","drought","alive",1,"Flowering",1,NA,"6",4,1,1,1,180,1
2023,15,3377,14,"G","6",47,19,4,"21",2021,"1 umbel maybe dead",NA,NA,NA,"3377_15","drought","alive",1,"Flowering",1,NA,"4",2,1,1,1,172,1
2024,15,3377,14,"G","4",35.5,21.5,2,"5.5",2021,"",NA,NA,NA,"3377_15","drought","alive",1,"Flowering",1,NA,"3",0,0,1,1,42,1
2025,15,3377,14,"G","3",NA,21,0,NA,2021,"",NA,NA,NA,"3377_15","drought","alive",1,"Vegetative",0,NA,"2",0,0,1,1,NA,NA
2026,15,3377,14,"G","2",NA,18,0,NA,2021,"",NA,NA,NA,"3377_15","drought","alive",1,"Vegetative",0,NA,NA,NA,NA,NA,0,NA,NA
2017,15,3377,14,"G","2",22,12,1,"3.5",2017,"",NA,NA,NA,"3377_15_senior","drought","alive",1,"Flowering",1,NA,"3",2,1,1,NA,NA,NA
2018,15,3377,14,"G","3",22,15,2,"3",2017,"",NA,NA,NA,"3377_15_senior","drought","alive",1,"Flowering",1,NA,"0",NA,NA,0,1,NA,NA
2019,15,3377,14,"G","0",NA,NA,NA,NA,2017,"no plant",NA,NA,NA,"3377_15_senior","drought","dead",0,"Dead",NA,NA,NA,NA,NA,NA,1,NA,NA
2017,10,3378,5,"D","2",19,19,0,NA,2017,"",NA,NA,NA,"3378_10","drought","alive",1,"Vegetative",0,NA,"2",1,1,1,NA,NA,NA
2018,10,3378,5,"D","2",16,15,1,"3.5",2017,"",NA,NA,NA,"3378_10","drought","alive",1,"Flowering",1,NA,"2",1,1,1,0,NA,NA
2019,10,3378,5,"D","2",21,13.5,1,"5.5",2017,"",NA,NA,NA,"3378_10","drought","alive",1,"Flowering",1,NA,"1",0,0,1,1,NA,NA
2020,10,3378,5,"D","1",NA,12.2,0,NA,2017,"",NA,NA,NA,"3378_10","drought","alive",1,"Vegetative",0,NA,"1",0,0,1,1,NA,NA
2021,10,3378,5,"D","1",NA,13,0,NA,2017,"",NA,NA,NA,"3378_10","drought","alive",1,"Vegetative",0,NA,"2",0,0,1,0,NA,NA
2022,10,3378,5,"D","2",NA,19,0,NA,2017,"",NA,NA,NA,"3378_10","drought","alive",1,"Vegetative",0,NA,"6",3,1,1,0,NA,NA
2023,10,3378,5,"D","6",53,17,3,"14.5",2017,"",NA,NA,NA,"3378_10","drought","alive",1,"Flowering",1,NA,"2",0,0,1,0,244,1
2024,10,3378,5,"D","2",NA,30,0,NA,NA,"",NA,NA,NA,"3378_10","drought","alive",1,"Vegetative",0,NA,"1",0,0,1,1,NA,NA
2025,10,3378,5,"D","1",NA,18,0,NA,NA,"",NA,NA,NA,"3378_10","drought","alive",1,"Vegetative",0,NA,"0",NA,NA,NA,0,NA,NA
2026,10,3378,5,"D","0",NA,NA,NA,NA,NA,"NP",NA,NA,NA,"3378_10","drought",NA,NA,NA,NA,NA,NA,NA,NA,NA,0,NA,NA
2021,14,3378,16,"A","1",NA,8,0,NA,2021,"",NA,NA,NA,"3378_14","drought","alive",1,"Vegetative",0,NA,"2",0,0,1,NA,NA,NA
2022,14,3378,16,"A","2",NA,11.5,0,NA,2021,"",NA,NA,NA,"3378_14","drought","alive",1,"Vegetative",0,NA,"1",0,0,1,0,NA,NA
2023,14,3378,16,"A","1",NA,15.5,0,NA,2021,"",NA,NA,NA,"3378_14","drought","alive",1,"Vegetative",0,NA,"1",0,0,1,0,NA,NA
2024,14,3378,16,"A","1",NA,9,0,NA,2021,"",NA,NA,NA,"3378_14","drought","alive",1,"Vegetative",0,NA,"0",NA,NA,0,0,NA,NA
2025,14,3378,16,"A","0",NA,NA,NA,NA,2021,"NP",NA,NA,NA,"3378_14","drought","dead",0,"Dead",NA,NA,NA,NA,NA,NA,0,NA,NA
2017,14,3378,16,"A","1",9.5,9.5,0,NA,2017,"",NA,NA,NA,"3378_14_senior","drought","alive",1,"Vegetative",0,NA,"2",0,0,1,NA,NA,NA
2018,14,3378,16,"A","2",13.5,13.5,0,NA,2017,"",NA,NA,NA,"3378_14_senior","drought","alive",1,"Vegetative",0,NA,"0",0,NA,0,0,NA,NA
2019,14,3378,16,"A","0",NA,NA,0,NA,2017,"no plant",NA,NA,NA,"3378_14_senior","drought","dead",0,"Dead",NA,NA,NA,NA,NA,NA,0,NA,NA
2017,14,3379,2,"A","4",29,13,1,"2",2017,"",NA,NA,NA,"3379_14","drought","alive",1,"Flowering",1,NA,"2",0,0,1,NA,NA,NA
2018,14,3379,2,"A","2",23.5,23.5,0,NA,2017,"",NA,NA,NA,"3379_14","drought","alive",1,"Vegetative",0,NA,"5",2,1,1,1,NA,NA
2019,14,3379,2,"A","5",16,7,2,"2",2017,"",NA,NA,NA,"3379_14","drought","alive",1,"Flowering",1,NA,"1",0,0,1,0,NA,NA
2020,14,3379,2,"A","1",NA,3.6,0,NA,2017,"",NA,NA,NA,"3379_14","drought","alive",1,"Vegetative",0,NA,"2",0,0,1,1,NA,NA
2021,14,3379,2,"A","2",NA,15,0,NA,2017,"",NA,NA,NA,"3379_14","drought","alive",1,"Vegetative",0,NA,"0",NA,NA,1,0,NA,NA
2022,14,3379,2,"A","0",NA,NA,NA,NA,2017,"NP",NA,NA,NA,"3379_14","drought","dormant",1,"Dormant",NA,NA,"3",2,1,1,0,0,0
2023,14,3379,2,"A","3",45,17,2,"6",2017,"",NA,NA,NA,"3379_14","drought","alive",1,"Flowering",1,NA,"2",1,1,1,NA,60,1
2024,14,3379,2,"A","2",15,21.5,1,"2",NA,"",NA,NA,NA,"3379_14","drought","alive",1,"Flowering",1,NA,"3",1,1,1,1,0,0
2025,14,3379,2,"A","3",NA,13,1,NA,NA,"",NA,NA,NA,"3379_14","drought","alive",1,"Flowering",1,NA,"1",0,0,1,1,6,1
2026,14,3379,2,"A","1",NA,18,0,NA,NA,"",NA,NA,NA,"3379_14","drought","alive",1,"Vegetative",0,NA,NA,NA,NA,NA,1,NA,NA
2017,14,3380,5,"A","2",14,14,0,NA,2017,"",NA,NA,NA,"3380_14","drought","alive",1,"Vegetative",0,NA,"1",0,0,1,NA,NA,NA
2018,14,3380,5,"A","1",6.5,6.5,0,NA,2017,"",NA,NA,NA,"3380_14","drought","alive",1,"Vegetative",0,NA,"2",0,0,1,0,NA,NA
2019,14,3380,5,"A","2",NA,11.5,0,NA,2017,"",NA,NA,NA,"3380_14","drought","alive",1,"Vegetative",0,NA,"0",NA,NA,1,0,NA,NA
2020,14,3380,5,"A","0",NA,NA,NA,NA,2017,"no plant",NA,NA,NA,"3380_14","drought","dormant",1,"Dormant",NA,NA,"1",0,0,1,0,NA,NA
2021,14,3380,5,"A","1",NA,11,0,NA,2017,"",NA,NA,NA,"3380_14","drought","alive",1,"Vegetative",0,NA,"0",NA,NA,0,NA,NA,NA
2022,14,3380,5,"A","0",NA,NA,NA,NA,2017,"NP",NA,NA,NA,"3380_14","drought","dead",0,"Dead",NA,NA,NA,NA,NA,NA,0,NA,NA
2017,14,3381,5,"A","2",11.5,11.5,0,NA,2017,"",NA,NA,NA,"3381_14","drought","alive",1,"Vegetative",0,NA,"2",0,0,1,NA,NA,NA
2018,14,3381,5,"A","2",14.5,14.5,0,NA,2017,"",NA,NA,NA,"3381_14","drought","alive",1,"Vegetative",0,NA,"1",0,0,1,0,NA,NA
2019,14,3381,5,"A","1",NA,9.5,0,NA,2017,"",NA,NA,NA,"3381_14","drought","alive",1,"Vegetative",0,NA,"1",0,0,1,0,NA,NA
2020,14,3381,5,"A","1",NA,9.1,0,NA,2017,"",NA,NA,NA,"3381_14","drought","alive",1,"Vegetative",0,NA,"0",NA,NA,0,0,NA,NA
2021,14,3381,5,"A","0",NA,NA,NA,NA,2017,"NP",NA,NA,NA,"3381_14","drought","dead",0,"Dead",NA,NA,NA,NA,NA,NA,0,NA,NA
2017,13,3382,5,"C","2",16.5,9.5,3,"2",2017,"",NA,NA,NA,"3382_13","control","alive",1,"Flowering",1,NA,"2",1,1,1,NA,NA,NA
2018,13,3382,5,"C","2",16,8.5,1,"3",2017,"",NA,NA,NA,"3382_13","control","alive",1,"Flowering",1,NA,"1",0,0,1,1,NA,NA
2019,13,3382,5,"C","1",NA,11,0,NA,2017,"",NA,NA,NA,"3382_13","control","alive",1,"Vegetative",0,NA,"1",0,0,1,1,NA,NA
2020,13,3382,5,"C","1",NA,11.3,0,NA,2017,"",NA,NA,NA,"3382_13","control","alive",1,"Vegetative",0,NA,"2",1,1,1,0,NA,NA
2021,13,3382,5,"C","2",22,10,1,"4",2017,"",NA,NA,NA,"3382_13","control","alive",1,"Flowering",1,NA,"5",3,1,1,0,0,0
2022,13,3382,5,"C","5",32,8,3,"14.5",2017,"",NA,NA,NA,"3382_13","control","alive",1,"Flowering",1,NA,"4",2,1,1,1,154,1
2023,13,3382,5,"C","4",29,5,2,"9.5",2017,"",NA,NA,NA,"3382_13","control","alive",1,"Flowering",1,NA,"2",1,1,1,1,18,1
2024,13,3382,5,"C","2",28.5,7.5,1,"3",NA,"",NA,NA,NA,"3382_13","control","alive",1,"Flowering",1,NA,"4",0,0,1,1,40,1
2025,13,3382,5,"C","4",NA,12.5,0,NA,NA,"",NA,NA,NA,"3382_13","control","alive",1,"Vegetative",0,NA,"5",2,1,1,1,NA,NA
2026,13,3382,5,"C","5",24,11,2,"5",NA,"",NA,NA,NA,"3382_13","control","alive",1,"Flowering",1,NA,NA,NA,NA,NA,0,0,0
2017,14,3382,4,"A","2",10,10,0,NA,2017,"",NA,NA,NA,"3382_14","drought","alive",1,"Vegetative",0,NA,"1",0,0,1,NA,NA,NA
2018,14,3382,4,"A","1",6.5,6.5,0,NA,2017,"",NA,NA,NA,"3382_14","drought","alive",1,"Vegetative",0,NA,"1",0,0,1,0,NA,NA
2019,14,3382,4,"A","1",NA,12.5,0,NA,2017,"",NA,NA,NA,"3382_14","drought","alive",1,"Vegetative",0,NA,"1",0,0,1,0,NA,NA
2020,14,3382,4,"A","1",NA,12.4,0,NA,2017,"",NA,NA,NA,"3382_14","drought","alive",1,"Vegetative",0,NA,"2",0,0,1,0,NA,NA
2021,14,3382,4,"A","2",NA,14,0,NA,2017,"",NA,NA,NA,"3382_14","drought","alive",1,"Vegetative",0,NA,"1",0,0,1,0,NA,NA
2022,14,3382,4,"A","1",NA,23,0,NA,2017,"",NA,NA,NA,"3382_14","drought","alive",1,"Vegetative",0,NA,"2",1,1,1,0,NA,NA
2023,14,3382,4,"A","2",38,13,1,"5",2017,"",NA,NA,NA,"3382_14","drought","alive",1,"Flowering",1,NA,"0",NA,NA,1,0,10,1
2024,14,3382,4,"A","0",NA,NA,NA,NA,NA,"NP; moss",NA,NA,NA,"3382_14","drought","dormant",1,"Dormant",NA,NA,"1",0,0,1,1,NA,NA
2025,14,3382,4,"A","1",NA,13,0,NA,NA,"moss",NA,NA,NA,"3382_14","drought","alive",1,"Vegetative",0,NA,"1",0,0,1,NA,NA,NA
2026,14,3382,4,"A","1",NA,21.5,0,NA,NA,"",NA,NA,NA,"3382_14","drought","alive",1,"Vegetative",0,NA,NA,NA,NA,NA,0,NA,NA
2016,15,3382,2,"I","3",31,15,1,"3.5",2016,"",NA,NA,NA,"3382_15","drought","alive",1,"Flowering",1,NA,NA,NA,NA,NA,NA,NA,NA
2017,13,3383,18,"I","1",13,9.5,1,"1.5",2017,"",NA,NA,NA,"3383_13","control","alive",1,"Flowering",1,NA,"1",0,0,1,NA,NA,NA
2018,13,3383,18,"I","1",8.5,8.5,0,NA,2017,"",NA,NA,NA,"3383_13","control","alive",1,"Vegetative",0,NA,"10",3,1,1,1,NA,NA
2019,13,3383,18,"I","10",21.5,11,3,"5",2017,"",NA,NA,NA,"3383_13","control","alive",1,"Flowering",1,NA,"2",0,0,1,0,NA,NA
2020,13,3383,18,"I","2",NA,10,0,NA,2017,"",NA,NA,NA,"3383_13","control","alive",1,"Vegetative",0,NA,"3",0,0,1,1,NA,NA
2021,13,3383,18,"I","3",NA,15,0,NA,2017,"",NA,NA,NA,"3383_13","control","alive",1,"Vegetative",0,NA,"1",0,0,1,0,NA,NA
2022,13,3383,18,"I","1",NA,9,0,NA,2017,"",NA,NA,NA,"3383_13","control","alive",1,"Vegetative",0,NA,"5",3,1,1,0,NA,NA
2023,13,3383,18,"I","5",30,12.5,3,"13.5",2017,"",NA,NA,NA,"3383_13","control","alive",1,"Flowering",1,NA,"1",0,0,1,0,NA,NA
2024,13,3383,18,"I","1",NA,17,0,NA,NA,"",NA,NA,NA,"3383_13","control","alive",1,"Vegetative",0,NA,"1",0,0,1,1,NA,NA
2025,13,3383,18,"I","1",NA,20,0,NA,NA,"",NA,NA,NA,"3383_13","control","alive",1,"Vegetative",0,NA,"0",NA,NA,NA,0,NA,NA
2026,13,3383,18,"I","0",NA,NA,NA,NA,NA,"NP",NA,NA,NA,"3383_13","control",NA,NA,NA,NA,NA,NA,NA,NA,NA,0,NA,NA
2018,14,3383,3,"A","2",16.5,12.5,1,"3.2",2018,"",NA,NA,NA,"3383_14","drought","alive",1,"Flowering",1,NA,"0",NA,NA,0,NA,NA,NA
2019,14,3383,3,"A","0",NA,NA,NA,NA,2018,"no plant",NA,NA,NA,"3383_14","drought","dead",0,"Dead",NA,NA,NA,NA,NA,NA,1,NA,NA
2017,13,3384,6,"G","2",9.5,14,1,"3",2017,"",NA,NA,NA,"3384_13","control","alive",1,"Flowering",1,NA,"1",0,0,1,NA,NA,NA
2018,13,3384,6,"G","1",9.5,9.5,0,NA,2017,"",NA,NA,NA,"3384_13","control","alive",1,"Vegetative",0,NA,"2",0,0,1,1,NA,NA
2019,13,3384,6,"G","2",NA,12.5,0,NA,2017,"",NA,NA,NA,"3384_13","control","alive",1,"Vegetative",0,NA,"0",NA,NA,1,0,NA,NA
2020,13,3384,6,"G","0",NA,NA,NA,NA,2017,"no plant",NA,NA,NA,"3384_13","control","dormant",1,"Dormant",NA,NA,"2",0,0,1,0,NA,NA
2021,13,3384,6,"G","2",NA,13.5,0,NA,2017,"",NA,NA,NA,"3384_13","control","alive",1,"Vegetative",0,NA,"3",1,1,1,NA,NA,NA
2022,13,3384,6,"G","3",21,13.5,1,"4",2017,"",NA,NA,NA,"3384_13","control","alive",1,"Flowering",1,NA,"2",1,1,1,0,58,1
2023,13,3384,6,"G","2",12,17.5,1,"2.5",2017,"",NA,NA,NA,"3384_13","control","alive",1,"Flowering",1,NA,"1",1,1,1,1,10,1
2024,13,3384,6,"G","1",16,14,1,"2.5",NA,"",NA,NA,NA,"3384_13","control","alive",1,"Flowering",1,NA,"2",1,1,1,1,0,0
2025,13,3384,6,"G","2",28,18,1,"5.5",NA,"",NA,NA,NA,"3384_13","control","alive",1,"Flowering",1,NA,"3",2,1,1,1,NA,NA
2026,13,3384,6,"G","3",24,16.5,2,"4.5",NA,"",NA,NA,NA,"3384_13","control","alive",1,"Flowering",1,NA,NA,NA,NA,NA,1,0,0
2017,15,3384,16,"I","7",31,13,3,"5",2017,"",NA,NA,NA,"3384_15","drought","alive",1,"Flowering",1,NA,"6",1,1,1,NA,NA,NA
2018,15,3384,16,"I","6",14,19.5,1,"4.3",2017,"",NA,NA,NA,"3384_15","drought","alive",1,"Flowering",1,NA,"1",0,0,1,1,NA,NA
2019,15,3384,16,"I","1",NA,10,0,NA,2017,"",NA,NA,NA,"3384_15","drought","alive",1,"Vegetative",0,NA,NA,NA,NA,1,1,NA,NA
2020,15,3384,16,"I",NA,NA,NA,NA,NA,2017,"NS",NA,NA,NA,"3384_15","drought",NA,1,NA,NA,NA,"3",0,0,1,0,NA,NA
2021,15,3384,16,"I","3",NA,14.5,0,NA,2017,"",NA,NA,NA,"3384_15","drought","alive",1,"Vegetative",0,NA,"4",4,1,1,NA,NA,NA
2022,15,3384,16,"I","4",38,17,4,"21",2017,"",NA,NA,NA,"3384_15","drought","alive",1,"Flowering",1,NA,"2",1,1,1,0,198,1
2023,15,3384,16,"I","2",30.5,14.5,1,"6.5",2017,"",NA,NA,NA,"3384_15","drought","alive",1,"Flowering",1,NA,"6",4,1,1,1,8,1
2024,15,3384,16,"I","6",43,18.5,4,"13",NA,"",NA,NA,NA,"3384_15","drought","alive",1,"Flowering",1,NA,"0",NA,NA,0,1,158,1
2025,15,3384,16,"I","0",NA,NA,NA,NA,NA,"NP",NA,NA,NA,"3384_15","drought","dead",0,"Dead",NA,NA,NA,NA,NA,NA,1,NA,NA
2017,13,3385,16,"D","3",20.5,14.5,1,"3.5",2017,"",NA,NA,NA,"3385_13","control","alive",1,"Flowering",1,NA,"5",1,1,1,NA,NA,NA
2018,13,3385,16,"D","5",9.5,11.5,1,"0.5",2017,"",NA,NA,NA,"3385_13","control","alive",1,"Flowering",1,NA,"3",1,1,1,1,NA,NA
2019,13,3385,16,"D","3",22,13.5,1,"4",2017,"",NA,NA,NA,"3385_13","control","alive",1,"Flowering",1,NA,NA,NA,NA,NA,1,NA,NA
2020,13,3385,16,"D",NA,NA,NA,NA,NA,2017,"NS",NA,NA,NA,"3385_13","control",NA,NA,NA,NA,NA,NA,NA,NA,0,1,NA,NA
2021,13,3385,16,"D",NA,NA,NA,NA,NA,2017,"NPNT",NA,NA,NA,"3385_13","control","dead",0,"Dead",NA,NA,NA,NA,NA,NA,NA,NA,NA
2017,14,3385,5,"D","1",16,16,0,NA,2017,"",NA,NA,NA,"3385_14","drought","alive",1,"Vegetative",0,NA,"2",1,1,1,NA,NA,NA
2018,14,3385,5,"D","2",13.5,9.5,1,"1.7",2017,"",NA,NA,NA,"3385_14","drought","alive",1,"Flowering",1,NA,"1",0,0,1,0,NA,NA
2019,14,3385,5,"D","1",NA,12.5,0,NA,2017,"",NA,NA,NA,"3385_14","drought","alive",1,"Vegetative",0,NA,"1",0,0,1,1,NA,NA
2020,14,3385,5,"D","1",NA,12.1,0,NA,2017,"",NA,NA,NA,"3385_14","drought","alive",1,"Vegetative",0,NA,"1",0,0,1,0,NA,NA
2021,14,3385,5,"D","1",NA,18,0,NA,2017,"",NA,NA,NA,"3385_14","drought","alive",1,"Vegetative",0,NA,"3",1,1,1,0,NA,NA
2022,14,3385,5,"D","3",37,16.5,1,"4.5",2017,"",NA,NA,NA,"3385_14","drought","alive",1,"Flowering",1,NA,"3",0,0,1,0,86,1
2023,14,3385,5,"D","3",NA,23,0,NA,2017,"",NA,NA,NA,"3385_14","drought","alive",1,"Vegetative",0,NA,"1",0,0,1,1,NA,NA
2024,14,3385,5,"D","1",NA,19,0,NA,NA,"",NA,NA,NA,"3385_14","drought","alive",1,"Vegetative",0,NA,"1",0,0,1,0,NA,NA
2025,14,3385,5,"D","1",NA,16,0,NA,NA,"",NA,NA,NA,"3385_14","drought","alive",1,"Vegetative",0,NA,"1",0,0,1,0,NA,NA
2026,14,3385,5,"D","1",NA,11,0,NA,NA,"",NA,NA,NA,"3385_14","drought","alive",1,"Vegetative",0,NA,NA,NA,NA,NA,0,NA,NA
2017,12,3386,17,"D","2",4,4,0,NA,2017,"",NA,NA,NA,"3386_12","irrigated","alive",1,"Vegetative",0,NA,"1",0,0,1,NA,NA,NA
2018,12,3386,17,"D","1",5.5,5.5,0,NA,2017,"",NA,NA,NA,"3386_12","irrigated","alive",1,"Vegetative",0,NA,"1",0,0,1,0,NA,NA
2019,12,3386,17,"D","1",NA,6.5,0,NA,2017,"",NA,NA,NA,"3386_12","irrigated","alive",1,"Vegetative",0,NA,"1",0,0,1,0,NA,NA
2020,12,3386,17,"D","1",NA,4.1,0,NA,2017,"",NA,NA,NA,"3386_12","irrigated","alive",1,"Vegetative",0,NA,"1",0,0,1,0,NA,NA
2021,12,3386,17,"D","1",NA,13,0,NA,2017,"",NA,NA,NA,"3386_12","irrigated","alive",1,"Vegetative",0,NA,"1",0,0,1,0,NA,NA
2022,12,3386,17,"D","1",NA,15.5,0,NA,2017,"",NA,NA,NA,"3386_12","irrigated","alive",1,"Vegetative",0,NA,"1",0,0,1,0,NA,NA
2023,12,3386,17,"D","1",NA,12,0,NA,2017,"",NA,NA,NA,"3386_12","irrigated","alive",1,"Vegetative",0,NA,"0",NA,NA,1,0,NA,NA
2024,12,3386,17,"D","0",NA,NA,NA,NA,NA,"NP",NA,NA,NA,"3386_12","irrigated","dormant",1,"Dormant",NA,NA,"1",0,0,1,0,NA,NA
2025,12,3386,17,"D","1",NA,17,0,NA,NA,"",NA,NA,NA,"3386_12","irrigated","alive",1,"Vegetative",0,NA,"0",NA,NA,NA,NA,NA,NA
2026,12,3386,17,"D","0",NA,NA,NA,NA,NA,"NP",NA,NA,NA,"3386_12","irrigated",NA,NA,NA,NA,NA,NA,NA,NA,NA,0,NA,NA
2017,12,3388,18,"E","1",3.5,3.5,0,NA,2017,"",NA,NA,NA,"3388_12","irrigated","alive",1,"Vegetative",0,NA,"1",0,0,1,NA,NA,NA
2018,12,3388,18,"E","1",3,3,0,NA,2017,"",NA,NA,NA,"3388_12","irrigated","alive",1,"Vegetative",0,NA,"0",NA,NA,1,0,NA,NA
2019,12,3388,18,"E","0",NA,NA,NA,NA,2017,"no plant",NA,NA,NA,"3388_12","irrigated","dormant",1,"Dormant",NA,NA,"1",0,0,1,0,NA,NA
2020,12,3388,18,"E","1",NA,5.8,0,NA,2017,"",NA,NA,NA,"3388_12","irrigated","alive",1,"Vegetative",0,NA,"1",0,0,1,NA,NA,NA
2021,12,3388,18,"E","1",NA,8,0,NA,2017,"",NA,NA,NA,"3388_12","irrigated","alive",1,"Vegetative",0,NA,"1",0,0,1,0,NA,NA
2022,12,3388,18,"E","1",NA,19.5,0,NA,2017,"",NA,NA,NA,"3388_12","irrigated","alive",1,"Vegetative",0,NA,"1",0,0,1,0,NA,NA
2023,12,3388,18,"E","1",NA,8,0,NA,2017,"",NA,NA,NA,"3388_12","irrigated","alive",1,"Vegetative",0,NA,"2",1,1,1,0,NA,NA
2024,12,3388,18,"E","2",29.5,10.5,1,"4",NA,"",NA,NA,NA,"3388_12","irrigated","alive",1,"Flowering",1,NA,"3",1,1,1,0,6,1
2025,12,3388,18,"E","3",NA,20,1,NA,NA,"umbel eaten",NA,NA,NA,"3388_12","irrigated","alive",1,"Flowering",1,NA,"0",NA,NA,NA,1,NA,NA
2026,12,3388,18,"E","0",NA,NA,NA,NA,NA,"NP",NA,NA,NA,"3388_12","irrigated",NA,NA,NA,NA,NA,NA,NA,NA,NA,1,NA,NA
2017,13,3389,16,"D","3",13,12.5,1,"2.5",2017,"",NA,NA,NA,"3389_13","control","alive",1,"Flowering",1,NA,"2",0,0,1,NA,NA,NA
2018,13,3389,16,"D","2",14,14,0,NA,2017,"12F",NA,NA,NA,"3389_13","control","alive",1,"Vegetative",0,NA,"0",NA,NA,0,1,NA,NA
2019,13,3389,16,"D","0",NA,NA,NA,NA,2017,"no plant",NA,NA,NA,"3389_13","control","dead",0,"Dead",NA,NA,NA,NA,NA,NA,0,NA,NA
2017,13,3390,7,"F","5",7,5,1,"2",2017,"",NA,NA,NA,"3390_13","control","alive",1,"Flowering",1,NA,"2",0,0,1,NA,NA,NA
2018,13,3390,7,"F","2",7.5,7.5,0,NA,2017,"",NA,NA,NA,"3390_13","control","alive",1,"Vegetative",0,NA,"3",1,1,1,1,NA,NA
2019,13,3390,7,"F","3",9,10,1,"2",2017,"",NA,NA,NA,"3390_13","control","alive",1,"Flowering",1,NA,"1",0,0,1,0,NA,NA
2020,13,3390,7,"F","1",NA,8.6,0,NA,2017,"",NA,NA,NA,"3390_13","control","alive",1,"Vegetative",0,NA,"4",1,1,1,1,NA,NA
2021,13,3390,7,"G","4",12.5,14.5,1,"1.5",2017,"",NA,NA,NA,"3390_13","control","alive",1,"Flowering",1,NA,"6",2,1,1,0,30,1
2022,13,3390,7,"G","6",32,13.5,2,"7.5",2017,"",NA,NA,NA,"3390_13","control","alive",1,"Flowering",1,NA,"4",2,1,1,1,110,1
2023,13,3390,7,"G","4",28,13,2,"14",2017,"",NA,NA,NA,"3390_13","control","alive",1,"Flowering",1,NA,"3",2,1,1,1,328,1
2024,13,3390,7,"G","3",29,12.5,2,"6",NA,"was 3391 in phen",NA,NA,NA,"3390_13","control","alive",1,"Flowering",1,NA,"3",1,1,1,1,NA,NA
2025,13,3390,7,"G","3",13,15,1,"2.5",NA,"",NA,NA,NA,"3390_13","control","alive",1,"Flowering",1,NA,"4",1,1,1,1,NA,NA
2026,13,3390,7,"G","4",25,15.5,1,"5",NA,"",NA,NA,NA,"3390_13","control","alive",1,"Flowering",1,NA,NA,NA,NA,NA,1,60,1
2017,15,3390,19,"C","3",52,16,2,"3.5",2017,"",NA,NA,NA,"3390_15","drought","alive",1,"Flowering",1,NA,"3",0,0,1,NA,NA,NA
2018,15,3390,19,"C","3",8,8,0,NA,2017,"",NA,NA,NA,"3390_15","drought","alive",1,"Vegetative",0,NA,"0",NA,NA,0,1,NA,NA
2019,15,3390,19,"C","0",NA,NA,NA,NA,2017,"no plant",NA,NA,NA,"3390_15","drought","dead",0,"Dead",NA,NA,NA,NA,NA,NA,0,NA,NA
2017,13,3391,7,"G","1",9,9,3,"2",2017,"",NA,NA,NA,"3391_13","control","alive",1,"Flowering",1,NA,"2",0,0,1,NA,NA,NA
2018,13,3391,7,"G","2",9.5,9.5,0,NA,2017,"",NA,NA,NA,"3391_13","control","alive",1,"Vegetative",0,NA,"1",0,0,1,1,NA,NA
2019,13,3391,7,"G","1",NA,12.5,0,NA,2017,"",NA,NA,NA,"3391_13","control","alive",1,"Vegetative",0,NA,"1",0,0,1,0,NA,NA
2020,13,3391,7,"G","1",NA,7.5,0,NA,2018,"",NA,NA,NA,"3391_13","control","alive",1,"Vegetative",0,NA,"2",0,0,1,0,NA,NA
2021,13,3391,7,"G","2",NA,13,0,NA,2018,"",NA,NA,NA,"3391_13","control","alive",1,"Vegetative",0,NA,"2",1,1,1,0,NA,NA
2022,13,3391,7,"G","2",27.5,9,1,"4.5",2018,"in 7G, not K. Next to 3390",NA,NA,NA,"3391_13","control","alive",1,"Flowering",1,NA,"3",2,1,1,0,16,1
2023,13,3391,7,"G","3",38,13,2,"9",2018,"In 7G, not K. Next to 3390.",NA,NA,NA,"3391_13","control","alive",1,"Flowering",1,NA,"2",1,1,1,1,138,1
2024,13,3391,7,"G","2",16,12.5,1,"2.5",NA,"in 7G not K",NA,NA,NA,"3391_13","control","alive",1,"Flowering",1,NA,"4",2,1,1,1,66,1
2025,13,3391,7,"G","4",29,17,2,"3",NA,"one dead umbel",NA,NA,NA,"3391_13","control","alive",1,"Flowering",1,NA,"3",1,1,1,1,NA,NA
2026,13,3391,7,"G","3",29,14,1,"2.5",NA,"",NA,NA,NA,"3391_13","control","alive",1,"Flowering",1,NA,NA,NA,NA,NA,1,36,1
2018,15,3391,16,"A","3",5.5,8.5,2,"0.5",2018,"",NA,NA,NA,"3391_15","drought","alive",1,"Flowering",1,NA,"0",NA,NA,1,NA,NA,NA
2019,15,3391,16,"A","0",NA,NA,NA,NA,2018,"no plant",NA,NA,NA,"3391_15","drought","dormant",1,"Dormant",NA,NA,"2",1,1,1,1,NA,NA
2020,15,3391,16,"A","2",16,8.8,1,"3.8",2018,"",NA,NA,NA,"3391_15","drought","alive",1,"Flowering",1,NA,"2",2,1,1,NA,NA,NA
2021,15,3391,16,"A","2",13.5,16,2,"4",2018,"",NA,NA,NA,"3391_15","drought","alive",1,"Flowering",1,NA,"4",2,1,1,1,0,0
2022,15,3391,16,"A","4",40.5,21,2,"8",2018,"",NA,NA,NA,"3391_15","drought","alive",1,"Flowering",1,NA,"3",2,1,1,1,124,1
2023,15,3391,16,"A","3",40,11,2,"8",2018,"1 dead umbel",NA,NA,NA,"3391_15","drought","alive",1,"Flowering",1,NA,"0",NA,NA,0,1,142,1
2024,15,3391,16,"A","0",NA,NA,NA,NA,NA,"in phen? NP",NA,NA,NA,"3391_15","drought","dead",0,"Dead",NA,NA,NA,NA,NA,NA,1,50,1
2017,13,3392,18,"C","1",7,7,0,NA,2017,"",NA,NA,NA,"3392_13","control","alive",1,"Vegetative",0,NA,"1",0,0,1,NA,NA,NA
2018,13,3392,18,"C","1",7,7,0,NA,2017,"",NA,NA,NA,"3392_13","control","alive",1,"Vegetative",0,NA,"3",0,0,1,0,NA,NA
2019,13,3392,18,"C","3",NA,9.5,0,NA,2017,"",NA,NA,NA,"3392_13","control","alive",1,"Vegetative",0,NA,NA,NA,NA,1,0,NA,NA
2020,13,3392,18,"C",NA,NA,NA,NA,NA,2017,"NS",NA,NA,NA,"3392_13","control",NA,1,NA,NA,NA,"3",0,0,1,0,NA,NA
2021,13,3392,18,"C","3",NA,10.5,0,NA,2017,"",NA,NA,NA,"3392_13","control","alive",1,"Vegetative",0,NA,"2",0,0,1,NA,NA,NA
2022,13,3392,18,"C","2",NA,12,0,NA,2017,"",NA,NA,NA,"3392_13","control","alive",1,"Vegetative",0,NA,"1",0,0,1,0,NA,NA
2023,13,3392,18,"C","1",NA,15.5,0,NA,2017,"",NA,NA,NA,"3392_13","control","alive",1,"Vegetative",0,NA,"1",0,0,1,0,NA,NA
2024,13,3392,18,"C","1",NA,10.5,0,NA,NA,"",NA,NA,NA,"3392_13","control","alive",1,"Vegetative",0,NA,"3",0,0,1,0,NA,NA
2025,13,3392,18,"C","3",NA,15,0,NA,NA,"",NA,NA,NA,"3392_13","control","alive",1,"Vegetative",0,NA,"0",NA,NA,NA,0,NA,NA
2026,13,3392,18,"C","0",NA,NA,NA,NA,NA,"NP",NA,NA,NA,"3392_13","control",NA,NA,NA,NA,NA,NA,NA,NA,NA,0,NA,NA
2017,15,3392,1,"I","5",23.5,13.5,2,"2",2017,"",NA,NA,NA,"3392_15","drought","alive",1,"Flowering",1,NA,"2",1,1,1,NA,NA,NA
2018,15,3392,1,"I","2",13,12.5,1,"2.5",2017,"",NA,NA,NA,"3392_15","drought","alive",1,"Flowering",1,NA,"0",NA,NA,0,1,NA,NA
2019,15,3392,1,"I","0",NA,NA,NA,NA,2017,"no plant",NA,NA,NA,"3392_15","drought","dead",0,"Dead",NA,NA,NA,NA,NA,NA,1,NA,NA
2017,13,3393,18,"C","2",5,5,0,NA,2017,"",NA,NA,NA,"3393_13","control","alive",1,"Vegetative",0,NA,"0",NA,NA,0,NA,NA,NA
2018,13,3393,18,"C","0",NA,NA,NA,NA,2017,"no plant",NA,NA,NA,"3393_13","control","dead",0,"Dead",NA,NA,NA,NA,NA,NA,0,NA,NA
2017,15,3393,0,"J","3",18,17,1,"2",2017,"",NA,NA,NA,"3393_15","drought","alive",1,"Flowering",1,NA,"3",1,1,1,NA,NA,NA
2018,15,3393,0,"J","3",19,13.5,1,"3.8",2017,"",NA,NA,NA,"3393_15","drought","alive",1,"Flowering",1,NA,"2",NA,NA,1,1,NA,NA
2019,15,3393,0,"J","2",NA,19,NA,NA,2017,"could be '3157', very close together",NA,NA,NA,"3393_15","drought","alive",1,NA,NA,NA,"2",1,1,1,1,NA,NA
2020,15,3393,0,"J","2",15,16.6,1,"1.7",2017,"could be '3157', very close together",NA,NA,NA,"3393_15","drought","alive",1,"Flowering",1,NA,"2",1,1,1,NA,NA,NA
2021,15,3393,0,"J","2",30,11.5,1,"3",2017,"could be '3157', very close together",NA,NA,NA,"3393_15","drought","alive",1,"Flowering",1,NA,"3",2,1,1,1,6,1
2022,15,3393,0,"J","3",36,19,2,"6",2017,"could be 3157, very close together",NA,NA,NA,"3393_15","drought","alive",1,"Flowering",1,NA,"5",3,1,1,1,4,1
2023,15,3393,0,"J","5",44,20,3,"13",2017,"1 umbel dead. Could be 3157, very close together.",NA,NA,NA,"3393_15","drought","alive",1,"Flowering",1,NA,"2",1,1,1,1,NA,NA
2024,15,3393,0,"J","2",48,29.5,1,NA,NA,"GTP in phen",NA,NA,NA,"3393_15","drought","alive",1,"Flowering",1,NA,"3",0,0,1,1,NA,NA
2025,15,3393,0,"J","3",NA,17,0,NA,NA,"",NA,NA,NA,"3393_15","drought","alive",1,"Vegetative",0,NA,"0",NA,NA,NA,1,NA,NA
2026,15,3393,0,"J","0",NA,NA,NA,NA,NA,"NP",NA,NA,NA,"3393_15","drought",NA,NA,NA,NA,NA,NA,NA,NA,NA,0,NA,NA
2017,12,3394,16,"C","1",4,4,0,NA,2017,"",NA,NA,NA,"3394_12","irrigated","alive",1,"Vegetative",0,NA,"2",0,0,1,NA,NA,NA
2018,12,3394,16,"C","2",5,5,0,NA,2017,"",NA,NA,NA,"3394_12","irrigated","alive",1,"Vegetative",0,NA,"1",0,0,1,0,NA,NA
2019,12,3394,16,"C","1",NA,6.5,0,NA,2017,"",NA,NA,NA,"3394_12","irrigated","alive",1,"Vegetative",0,NA,"1",0,0,1,0,NA,NA
2020,12,3394,16,"C","1",NA,6.4,0,NA,2017,"",NA,NA,NA,"3394_12","irrigated","alive",1,"Vegetative",0,NA,"1",0,0,1,0,NA,NA
2021,12,3394,16,"C","1",NA,8,0,NA,2017,"",NA,NA,NA,"3394_12","irrigated","alive",1,"Vegetative",0,NA,"0",NA,NA,0,0,NA,NA
2022,12,3394,16,"C","0",NA,NA,NA,NA,2017,"NP",NA,NA,NA,"3394_12","irrigated","dead",0,"Dead",NA,NA,NA,NA,NA,NA,0,NA,NA
2017,12,3395,17,"C","1",3.5,3.5,0,NA,2017,"",NA,NA,NA,"3395_12","irrigated","alive",1,"Vegetative",0,NA,"1",0,0,1,NA,NA,NA
2018,12,3395,17,"C","1",7,7,0,NA,2017,"",NA,NA,NA,"3395_12","irrigated","alive",1,"Vegetative",0,NA,"1",0,0,1,0,NA,NA
2019,12,3395,17,"C","1",NA,10,0,NA,2017,"",NA,NA,NA,"3395_12","irrigated","alive",1,"Vegetative",0,NA,"1",0,0,1,0,NA,NA
2020,12,3395,17,"C","1",NA,8.6,0,NA,2017,"",NA,NA,NA,"3395_12","irrigated","alive",1,"Vegetative",0,NA,"2",0,0,1,0,NA,NA
2021,12,3395,17,"C","2",NA,16,0,NA,2017,"",NA,NA,NA,"3395_12","irrigated","alive",1,"Vegetative",0,NA,"5",3,1,1,0,NA,NA
2022,12,3395,17,"C","5",31,14,3,"11",2017,"",NA,NA,NA,"3395_12","irrigated","alive",1,"Flowering",1,NA,"3",1,1,1,0,168,1
2023,12,3395,17,"C","3",24,16,1,"8",2017,"",NA,NA,NA,"3395_12","irrigated","alive",1,"Flowering",1,NA,"2",1,1,1,1,24,1
2024,12,3395,17,"C","2",22,14.5,1,"4.5",NA,"",NA,NA,NA,"3395_12","irrigated","alive",1,"Flowering",1,NA,"3",1,1,1,1,2,1
2025,12,3395,17,"C","3",28,17,1,"4",NA,"",NA,NA,NA,"3395_12","irrigated","alive",1,"Flowering",1,NA,"0",NA,NA,NA,1,NA,NA
2026,12,3395,17,"C","0",NA,NA,NA,NA,NA,"NP",NA,NA,NA,"3395_12","irrigated",NA,NA,NA,NA,NA,NA,NA,NA,NA,1,NA,NA
2017,15,3395,16,"G","3",23,17,2,"1.5",2017,"",NA,NA,NA,"3395_15","drought","alive",1,"Flowering",1,NA,"5",2,1,1,NA,NA,NA
2018,15,3395,16,"G","5",22.5,16,2,"3.5",2017,"",NA,NA,NA,"3395_15","drought","alive",1,"Flowering",1,NA,"1",1,1,1,1,NA,NA
2019,15,3395,16,"G","1",25.5,11,1,"2.5",2017,"",NA,NA,NA,"3395_15","drought","alive",1,"Flowering",1,NA,NA,NA,NA,1,1,NA,NA
2020,15,3395,16,"G",NA,NA,NA,NA,NA,2017,"NS",NA,NA,NA,"3395_15","drought",NA,1,NA,NA,NA,"2",1,1,1,1,NA,NA
2021,15,3395,16,"G","2",26.5,18.5,1,"3.5",2017,"",NA,NA,NA,"3395_15","drought","alive",1,"Flowering",1,NA,"6",3,1,1,NA,0,0
2022,15,3395,16,"G","6",37.5,18,3,"13.5",2017,"",NA,NA,NA,"3395_15","drought","alive",1,"Flowering",1,NA,"6",3,1,1,1,172,1
2023,15,3395,16,"G","6",49,19.5,3,"15",2017,"",NA,NA,NA,"3395_15","drought","alive",1,"Flowering",1,NA,"3",2,1,1,1,208,1
2024,15,3395,16,"G","3",34.5,19.5,2,"5.5",NA,"",NA,NA,NA,"3395_15","drought","alive",1,"Flowering",1,NA,"1",0,0,1,1,38,1
2025,15,3395,16,"G","1",NA,18,0,NA,NA,"",NA,NA,NA,"3395_15","drought","alive",1,"Vegetative",0,NA,"0",NA,NA,NA,1,NA,NA
2026,15,3395,16,"G","0",NA,NA,NA,NA,NA,"NP",NA,NA,NA,"3395_15","drought",NA,NA,NA,NA,NA,NA,NA,NA,NA,0,NA,NA
2017,13,3396,12,"B","2",14,9,2,"3",2017,"",NA,NA,NA,"3396_13","control","alive",1,"Flowering",1,NA,"1",0,0,1,NA,NA,NA
2018,13,3396,12,"B","1",9.5,9.5,0,NA,2017,"",NA,NA,NA,"3396_13","control","alive",1,"Vegetative",0,NA,"3",1,1,1,1,NA,NA
2019,13,3396,12,"B","3",14,14.5,1,"3",2017,"",NA,NA,NA,"3396_13","control","alive",1,"Flowering",1,NA,NA,NA,NA,1,0,NA,NA
2020,13,3396,12,"B",NA,NA,NA,NA,NA,2017,"NS",NA,NA,NA,"3396_13","control",NA,1,NA,NA,NA,"6",3,1,1,1,NA,NA
2021,13,3396,12,"B","6",17,15.5,3,"8",2017,"",NA,NA,NA,"3396_13","control","alive",1,"Flowering",1,NA,"4",3,1,1,NA,0,0
2022,13,3396,12,"B","4",25,10,3,"11",2017,"",NA,NA,NA,"3396_13","control","alive",1,"Flowering",1,NA,"6",3,1,1,1,238,1
2023,13,3396,12,"B","6",33,17,3,"18",2017,"",NA,NA,NA,"3396_13","control","alive",1,"Flowering",1,NA,"3",1,1,1,1,NA,NA
2024,13,3396,12,"B","3",25,12,1,"3.5",NA,"",NA,NA,NA,"3396_13","control","alive",1,"Flowering",1,NA,"1",1,1,1,1,14,1
2025,13,3396,12,"B","1",24.5,21,1,"4.5",NA,"",NA,NA,NA,"3396_13","control","alive",1,"Flowering",1,NA,"5",1,1,1,1,NA,NA
2026,13,3396,12,"B","5",26,20,1,"5",NA,"",NA,NA,NA,"3396_13","control","alive",1,"Flowering",1,NA,NA,NA,NA,NA,1,76,1
2017,13,3397,17,"G","2",10.5,10.5,0,NA,2017,"",NA,NA,NA,"3397_13","control","alive",1,"Vegetative",0,NA,"3",1,1,1,NA,NA,NA
2018,13,3397,17,"G","3",10.5,11,1,"2",2017,"",NA,NA,NA,"3397_13","control","alive",1,"Flowering",1,NA,"4",2,1,1,0,NA,NA
2019,13,3397,17,"G","4",17,14,2,"4",2017,"",NA,NA,NA,"3397_13","control","alive",1,"Flowering",1,NA,NA,NA,NA,1,1,NA,NA
2020,13,3397,17,"G",NA,NA,NA,NA,NA,2017,"NS",NA,NA,NA,"3397_13","control",NA,1,NA,NA,NA,"2",1,1,1,1,NA,NA
2021,13,3397,17,"G","2",13,18,1,"1",2017,"",NA,NA,NA,"3397_13","control","alive",1,"Flowering",1,NA,"4",2,1,1,NA,0,0
2022,13,3397,17,"G","4",26.5,14,2,"6",2017,"",NA,NA,NA,"3397_13","control","alive",1,"Flowering",1,NA,"6",3,1,1,1,62,1
2023,13,3397,17,"G","6",30,16.5,3,"9.5",2017,"",NA,NA,NA,"3397_13","control","alive",1,"Flowering",1,NA,"2",1,1,1,1,NA,NA
2024,13,3397,17,"G","2",15.5,12,1,"2",NA,"",NA,NA,NA,"3397_13","control","alive",1,"Flowering",1,NA,"2",1,1,1,1,0,0
2025,13,3397,17,"G","2",17,20.5,1,"3",NA,"",NA,NA,NA,"3397_13","control","alive",1,"Flowering",1,NA,NA,NA,NA,NA,1,NA,NA
2026,13,3397,17,"G",NA,NA,NA,NA,NA,NA,"NPNT",NA,NA,NA,"3397_13","control",NA,NA,NA,NA,NA,NA,NA,NA,NA,1,NA,NA
2021,15,3397,11,"F","1",7,9,1,"2",2021,"",NA,NA,NA,"3397_15","drought","alive",1,"Flowering",1,NA,"6",3,1,1,NA,0,0
2022,15,3397,11,"F","6",31.5,19,3,"12",2021,"",NA,NA,NA,"3397_15","drought","alive",1,"Flowering",1,NA,"4",2,1,1,1,202,1
2023,15,3397,11,"F","4",36,18,2,"9.5",2021,"",NA,NA,NA,"3397_15","drought","alive",1,"Flowering",1,NA,"7",3,1,1,1,114,1
2024,15,3397,11,"F","7",25,15.5,3,"12",2021,"spittlebug",NA,NA,NA,"3397_15","drought","alive",1,"Flowering",1,NA,"2",0,0,1,1,236,1
2025,15,3397,11,"F","2",NA,18.5,0,NA,2021,"",NA,NA,NA,"3397_15","drought","alive",1,"Vegetative",0,NA,"3",1,1,1,1,NA,NA
2026,15,3397,11,"F","3",13,15.5,1,"2.5",2021,"",NA,NA,NA,"3397_15","drought","alive",1,"Flowering",1,NA,NA,NA,NA,NA,0,0,0
2018,15,3397,11,"F","2",6,8.5,1,"1.2",2018,"",NA,NA,NA,"3397_15_senior","drought","alive",1,"Flowering",1,NA,"0",NA,NA,0,NA,NA,NA
2019,15,3397,11,"F","0",NA,NA,NA,NA,2018,"no plant",NA,NA,NA,"3397_15_senior","drought","dead",0,"Dead",NA,NA,NA,NA,NA,NA,1,NA,NA
2017,14,3398,6,"A","1",15,15,0,NA,2017,"",NA,NA,NA,"3398_14","drought","alive",1,"Vegetative",0,NA,"0",NA,NA,1,NA,NA,NA
2018,14,3398,6,"A","0",NA,NA,NA,NA,2017,"no plant",NA,NA,NA,"3398_14","drought","dormant",1,"Dormant",NA,NA,"4",1,1,1,0,NA,NA
2019,14,3398,6,"A","4",19,11.5,1,"2",2017,"",NA,NA,NA,"3398_14","drought","alive",1,"Flowering",1,NA,"3",0,0,1,NA,NA,NA
2020,14,3398,6,"A","3",NA,12.5,0,NA,2017,"",NA,NA,NA,"3398_14","drought","alive",1,"Vegetative",0,NA,"2",0,0,1,1,NA,NA
2021,14,3398,6,"A","2",NA,15.5,0,NA,2017,"",NA,NA,NA,"3398_14","drought","alive",1,"Vegetative",0,NA,"0",NA,NA,0,0,NA,NA
2022,14,3398,6,"A","0",NA,NA,NA,NA,2017,"NP",NA,NA,NA,"3398_14","drought","dead",0,"Dead",NA,NA,NA,NA,NA,NA,0,NA,NA
2016,7,3398,9,"C","3",37,7.2,1,"6.6",2016,"",NA,NA,NA,"3398_7","drought","alive",1,"Flowering",1,NA,"4",0,0,1,NA,NA,NA
2017,7,3398,9,"C","4",14,14,0,NA,2016,"",NA,NA,NA,"3398_7","drought","alive",1,"Vegetative",0,NA,"1",0,0,1,1,NA,NA
2018,7,3398,9,"C","1",6,6,0,"0",2016,"tag says '3398'",NA,NA,NA,"3398_7","drought","alive",1,"Vegetative",0,NA,"2",2,1,1,0,NA,NA
2019,7,3398,9,"C","2",23,15,2,"4",2016,"tag says '3398'",NA,NA,NA,"3398_7","drought","alive",1,"Flowering",1,NA,"1",1,1,1,0,NA,NA
2020,7,3398,9,"C","1",18,10.2,1,"4.1",2016,"tag says '3398'",NA,NA,NA,"3398_7","drought","alive",1,"Flowering",1,NA,"0",NA,NA,0,1,NA,NA
2021,7,3398,9,"C","0",NA,NA,NA,NA,2016,"NP",NA,NA,NA,"3398_7","drought","dead",0,"Dead",NA,NA,NA,NA,NA,NA,1,NA,NA
2017,15,3399,10,"J","3",20,12,1,"2",2017,"",NA,NA,NA,"3399_15","drought","alive",1,"Flowering",1,NA,"2",0,0,1,NA,NA,NA
2018,15,3399,10,"J","2",11,11,0,NA,2017,"",NA,NA,NA,"3399_15","drought","alive",1,"Vegetative",0,NA,"0",NA,NA,0,1,NA,NA
2019,15,3399,10,"J","0",NA,NA,NA,NA,2017,"no plant",NA,NA,NA,"3399_15","drought","dead",0,"Dead",NA,NA,NA,NA,NA,NA,0,NA,NA
2017,13,3400,3,"H","2",21,12,1,"4",2017,"",NA,NA,NA,"3400_13","control","alive",1,"Flowering",1,NA,"2",1,1,1,NA,NA,NA
2018,13,3400,3,"H","2",9.5,6,1,"1.6",2017,"",NA,NA,NA,"3400_13","control","alive",1,"Flowering",1,NA,"4",3,1,1,1,NA,NA
2019,13,3400,3,"H","4",29,11,3,"4.5",2017,"",NA,NA,NA,"3400_13","control","alive",1,"Flowering",1,NA,NA,NA,NA,1,1,NA,NA
2020,13,3400,3,"H",NA,NA,NA,NA,NA,2017,"NPNT",NA,NA,NA,"3400_13","control",NA,1,NA,NA,NA,"1",1,1,1,1,NA,NA
2021,13,3400,3,"H","1",6,7,1,"2.5",2017,"",NA,NA,NA,"3400_13","control","alive",1,"Flowering",1,NA,"2",0,0,1,NA,0,0
2022,13,3400,3,"H","2",NA,15,0,NA,2017,"",NA,NA,NA,"3400_13","control","alive",1,"Vegetative",0,NA,"4",2,1,1,1,NA,NA
2023,13,3400,3,"H","4",30,17,2,"9",2017,"",NA,NA,NA,"3400_13","control","alive",1,"Flowering",1,NA,"3",3,1,1,0,26,1
2024,13,3400,3,"H","3",30,9.5,3,"8.5",NA,"",NA,NA,NA,"3400_13","control","alive",1,"Flowering",1,NA,"2",2,1,1,1,42,1
2025,13,3400,3,"H","2",26,14,2,"7.5",NA,"",NA,NA,NA,"3400_13","control","alive",1,"Flowering",1,NA,"0",NA,NA,NA,1,NA,NA
2026,13,3400,3,"H","0",NA,NA,NA,NA,NA,"NP",NA,NA,NA,"3400_13","control",NA,NA,NA,NA,NA,NA,NA,NA,NA,1,NA,NA
2017,6,3400,8,"E","7",28,15,3,"3.4",2017,"",NA,NA,NA,"3400_6","irrigated","alive",1,"Flowering",1,NA,"4",1,1,1,NA,NA,NA
2018,6,3400,8,"E","4",17.5,16,1,"3",2017,"",NA,NA,NA,"3400_6","irrigated","alive",1,"Flowering",1,NA,"3",2,1,1,1,NA,NA
2019,6,3400,8,"E","3",18,14,2,"4",2017,"",NA,NA,NA,"3400_6","irrigated","alive",1,"Flowering",1,NA,"2",1,1,1,1,NA,NA
2020,6,3400,8,"E","2",34.8,12,1,"4.3",2017,"",NA,NA,NA,"3400_6","irrigated","alive",1,"Flowering",1,NA,"2",1,1,1,1,NA,NA
2021,6,3400,8,"E","2",24.5,16,1,"4",2017,"",NA,NA,NA,"3400_6","irrigated","alive",1,"Flowering",1,NA,"2",1,1,1,1,0,0
2022,6,3400,8,"E","2",48,19.5,1,"5.5",2017,"",NA,NA,NA,"3400_6","irrigated","alive",1,"Flowering",1,NA,"3",2,1,1,1,158,1
2023,6,3400,8,"E","3",30.5,24,2,"8.5",2017,"",NA,NA,NA,"3400_6","irrigated","alive",1,"Flowering",1,NA,"3",2,1,1,1,8,1
2024,6,3400,8,"E","3",23,16,2,"8",NA,"",NA,NA,NA,"3400_6","irrigated","alive",1,"Flowering",1,NA,"1",1,1,1,1,0,0
2025,6,3400,8,"E","1",14,13,1,"3",NA,"",NA,NA,NA,"3400_6","irrigated","alive",1,"Flowering",1,NA,"2",1,1,1,1,NA,NA
2026,6,3400,8,"E","2",17,7.5,1,"3",NA,"",NA,NA,NA,"3400_6","irrigated","alive",1,"Flowering",1,NA,NA,NA,NA,NA,1,0,0
2021,15,3401,12,"G","1",NA,21.5,0,NA,2021,"",NA,NA,NA,"3401_15","drought","alive",1,"Vegetative",0,NA,"3",2,1,1,NA,NA,NA
2022,15,3401,12,"G","3",36.5,21,2,"7",2021,"",NA,NA,NA,"3401_15","drought","alive",1,"Flowering",1,NA,"10",7,1,1,0,90,1
2023,15,3401,12,"G","10",43,16.5,7,"22",2021,"1 dead bud",NA,NA,NA,"3401_15","drought","alive",1,"Flowering",1,NA,"9",5,1,1,1,212,1
2024,15,3401,12,"G","9",25.5,11.5,5,"12.5",2021,"",NA,NA,NA,"3401_15","drought","alive",1,"Flowering",1,NA,"1",0,0,1,1,50,1
2025,15,3401,12,"G","1",NA,20.5,0,NA,2021,"",NA,NA,NA,"3401_15","drought","alive",1,"Vegetative",0,NA,"2",1,1,1,1,NA,NA
2026,15,3401,12,"G","2",24.5,12,1,"6",2021,"",NA,NA,NA,"3401_15","drought","alive",1,"Flowering",1,NA,NA,NA,NA,NA,0,16,1
2017,15,3401,12,"G","4",25,15,1,"3.5",2017,"",NA,NA,NA,"3401_15_senior","drought","alive",1,"Flowering",1,NA,"2",1,1,1,NA,NA,NA
2018,15,3401,12,"G","2",16.5,13,1,"3",2017,"",NA,NA,NA,"3401_15_senior","drought","alive",1,"Flowering",1,NA,"0",NA,NA,0,1,NA,NA
2019,15,3401,12,"G","0",NA,NA,NA,NA,2017,"no plant",NA,NA,NA,"3401_15_senior","drought","dead",0,"Dead",NA,NA,NA,NA,NA,NA,1,NA,NA
2020,7,3401,5,"H","1",NA,10.6,0,NA,2020,"",NA,NA,NA,"3401_7","drought","alive",1,"Vegetative",0,NA,"1",0,0,1,NA,NA,NA
2021,7,3401,5,"H","1",NA,10,0,NA,2020,"",NA,NA,NA,"3401_7","drought","alive",1,"Vegetative",0,NA,"1",1,1,1,0,NA,NA
2022,7,3401,5,"H","1",33.5,19,1,"4",2020,"",NA,NA,NA,"3401_7","drought","alive",1,"Flowering",1,NA,"2",1,1,1,0,36,1
2023,7,3401,5,"H","2",37,19.5,1,"5",2020,"",NA,NA,NA,"3401_7","drought","alive",1,"Flowering",1,NA,"3",2,1,1,1,2,1
2024,7,3401,5,"H","3",55.5,26.5,2,"9.5",NA,"",NA,NA,NA,"3401_7","drought","alive",1,"Flowering",1,NA,"3",3,1,1,1,0,0
2025,7,3401,5,"H","3",39,19,3,"3.5",NA,"2 umbels dead",NA,NA,NA,"3401_7","drought","alive",1,"Flowering",1,NA,"1",1,1,1,1,42,1
2026,7,3401,5,"H","1",18,21,1,NA,NA,"stalk clipped",NA,NA,NA,"3401_7","drought","alive",1,"Flowering",1,NA,NA,NA,NA,NA,1,0,0
2017,15,3402,9,"F","2",13,13,0,NA,2017,"",NA,NA,NA,"3402_15","drought","alive",1,"Vegetative",0,NA,"5",0,0,1,NA,NA,NA
2018,15,3402,9,"F","5",14.5,14.5,0,NA,2017,"",NA,NA,NA,"3402_15","drought","alive",1,"Vegetative",0,NA,"1",0,0,1,0,NA,NA
2019,15,3402,9,"F","1",NA,9,0,NA,2017,"",NA,NA,NA,"3402_15","drought","alive",1,"Vegetative",0,NA,"1",0,0,1,0,NA,NA
2020,15,3402,9,"F","1",NA,9.5,0,NA,2017,"",NA,NA,NA,"3402_15","drought","alive",1,"Vegetative",0,NA,"3",0,0,1,0,NA,NA
2021,15,3402,9,"F","3",NA,10.5,0,NA,2017,"",NA,NA,NA,"3402_15","drought","alive",1,"Vegetative",0,NA,"4",0,0,1,0,NA,NA
2022,15,3402,9,"F","4",NA,19.5,0,NA,2017,"",NA,NA,NA,"3402_15","drought","alive",1,"Vegetative",0,NA,"2",1,1,1,0,NA,NA
2023,15,3402,9,"F","2",20,15,1,NA,2017,"umbel dead",NA,NA,NA,"3402_15","drought","alive",1,"Flowering",1,NA,"2",0,0,1,0,NA,NA
2024,15,3402,9,"F","2",NA,20.5,0,NA,NA,"",NA,NA,NA,"3402_15","drought","alive",1,"Vegetative",0,NA,"2",0,0,1,1,148,1
2025,15,3402,9,"F","2",NA,14,0,NA,NA,"",NA,NA,NA,"3402_15","drought","alive",1,"Vegetative",0,NA,"3",0,0,1,0,NA,NA
2026,15,3402,9,"F","3",NA,9.5,0,NA,NA,"",NA,NA,NA,"3402_15","drought","alive",1,"Vegetative",0,NA,NA,NA,NA,NA,0,NA,NA
2020,7,3402,11,"I","1",NA,4.2,0,NA,2020,"",NA,NA,NA,"3402_7","drought","alive",1,"Vegetative",0,NA,"1",0,0,1,NA,NA,NA
2021,7,3402,11,"I","1",NA,9,0,NA,2020,"",NA,NA,NA,"3402_7","drought","alive",1,"Vegetative",0,NA,"1",0,0,1,0,NA,NA
2022,7,3402,11,"I","1",NA,21.5,0,NA,2020,"",NA,NA,NA,"3402_7","drought","alive",1,"Vegetative",0,NA,"0",NA,NA,1,0,NA,NA
2023,7,3402,11,"I","0",NA,NA,NA,NA,2020,"NP",NA,NA,NA,"3402_7","drought","dormant",1,"Dormant",NA,NA,"1",0,0,1,0,NA,NA
2024,7,3402,11,"I","1",NA,39.5,0,NA,NA,"",NA,NA,NA,"3402_7","drought","alive",1,"Vegetative",0,NA,"2",1,1,1,NA,NA,NA
2025,7,3402,11,"I","2",63,29,1,"8",NA,"",NA,NA,NA,"3402_7","drought","alive",1,"Flowering",1,NA,"0",NA,NA,NA,0,NA,NA
2026,7,3402,11,"I","0",NA,NA,NA,NA,NA,"NP",NA,NA,NA,"3402_7","drought",NA,NA,NA,NA,NA,NA,NA,NA,NA,1,NA,NA
2017,15,3403,13,"J","6",29,18,4,"4.5",2017,"",NA,NA,NA,"3403_15","drought","alive",1,"Flowering",1,NA,"14",5,1,1,NA,NA,NA
2018,15,3403,13,"J","14",21,16,5,"3.2",2017,"",NA,NA,NA,"3403_15","drought","alive",1,"Flowering",1,NA,"5",0,0,1,1,NA,NA
2019,15,3403,13,"J","5",NA,14,0,NA,2017,"",NA,NA,NA,"3403_15","drought","alive",1,"Vegetative",0,NA,NA,NA,NA,NA,1,NA,NA
2020,15,3403,13,"J",NA,NA,NA,NA,NA,2017,"no plant",NA,NA,NA,"3403_15","drought",NA,NA,NA,NA,NA,NA,NA,NA,0,0,NA,NA
2021,15,3403,13,"J",NA,NA,NA,NA,NA,2017,"NPNT",NA,NA,NA,"3403_15","drought","dead",0,"Dead",NA,NA,NA,NA,NA,NA,NA,NA,NA
2020,7,3403,12,"I","1",NA,13.2,0,NA,2020,"",NA,NA,NA,"3403_7","drought","alive",1,"Vegetative",0,NA,"1",0,0,1,NA,NA,NA
2021,7,3403,12,"I","1",NA,16.5,0,NA,2020,"",NA,NA,NA,"3403_7","drought","alive",1,"Vegetative",0,NA,"2",1,1,1,0,NA,NA
2022,7,3403,12,"I","2",56,20,1,"6",2020,"",NA,NA,NA,"3403_7","drought","alive",1,"Flowering",1,NA,"2",1,1,1,0,0,0
2023,7,3403,12,"I","2",24.5,24.5,1,"7",2020,"",NA,NA,NA,"3403_7","drought","alive",1,"Flowering",1,NA,"2",1,1,1,1,NA,NA
2024,7,3403,12,"I","2",51,20.5,1,"6",NA,"",NA,NA,NA,"3403_7","drought","alive",1,"Flowering",1,NA,"1",1,1,1,1,0,0
2025,7,3403,12,"I","1",32,10,1,"3",NA,"",NA,NA,NA,"3403_7","drought","alive",1,"Flowering",1,NA,"0",NA,NA,NA,1,NA,NA
2026,7,3403,12,"I","0",NA,NA,NA,NA,NA,"NP",NA,NA,NA,"3403_7","drought",NA,NA,NA,NA,NA,NA,NA,NA,NA,1,NA,NA
2017,15,3404,9,"G","1",10.5,10.5,0,NA,2017,"",NA,NA,NA,"3404_15","drought","alive",1,"Vegetative",0,NA,"1",0,0,1,NA,NA,NA
2018,15,3404,9,"G","1",16,16,0,NA,2017,"",NA,NA,NA,"3404_15","drought","alive",1,"Vegetative",0,NA,"0",NA,NA,1,0,NA,NA
2019,15,3404,9,"G","0",NA,NA,NA,NA,2017,"no plant",NA,NA,NA,"3404_15","drought","dormant",1,"Dormant",NA,NA,"1",0,0,1,0,NA,NA
2020,15,3404,9,"G","1",NA,8.1,0,NA,2017,"",NA,NA,NA,"3404_15","drought","alive",1,"Vegetative",0,NA,"2",0,0,1,NA,NA,NA
2021,15,3404,9,"G","2",NA,8,0,NA,2017,"",NA,NA,NA,"3404_15","drought","alive",1,"Vegetative",0,NA,"4",0,0,1,0,NA,NA
2022,15,3404,9,"G","4",NA,17.5,0,NA,2017,"",NA,NA,NA,"3404_15","drought","alive",1,"Vegetative",0,NA,"7",4,1,1,0,NA,NA
2023,15,3404,9,"G","7",39,17,4,"15",2017,"",NA,NA,NA,"3404_15","drought","alive",1,"Flowering",1,NA,"5",5,1,1,0,NA,NA
2024,15,3404,9,"G","5",32.5,16.5,5,"11",NA,"3404 mistakenly 3402 in phen; one umbel eaten and not measured",NA,NA,NA,"3404_15","drought","alive",1,"Flowering",1,NA,"2",0,0,1,1,NA,NA
2025,15,3404,9,"G","2",NA,13,0,NA,NA,"",NA,NA,NA,"3404_15","drought","alive",1,"Vegetative",0,NA,"3",0,0,1,1,NA,NA
2026,15,3404,9,"G","3",NA,16,0,NA,NA,"",NA,NA,NA,"3404_15","drought","alive",1,"Vegetative",0,NA,NA,NA,NA,NA,0,NA,NA
2020,7,3404,15,"H","1",NA,15.2,0,NA,2020,"",NA,NA,NA,"3404_7","drought","alive",1,"Vegetative",0,NA,"0",NA,NA,1,NA,NA,NA
2021,7,3404,15,"H","0",NA,NA,NA,NA,2020,"NP",NA,NA,NA,"3404_7","drought","dormant",1,"Dormant",NA,NA,"2",0,0,1,0,NA,NA
2022,7,3404,15,"H","2",NA,18,0,NA,2020,"",NA,NA,NA,"3404_7","drought","alive",1,"Vegetative",0,NA,"0",NA,NA,0,NA,NA,NA
2023,7,3404,15,"H","0",NA,NA,NA,NA,2020,"NP",NA,NA,NA,"3404_7","drought","dead",0,"Dead",NA,NA,NA,NA,NA,NA,0,NA,NA
2017,15,3405,8,"H","3",14,16,2,"2.5",2017,"",NA,NA,NA,"3405_15","drought","alive",1,"Flowering",1,NA,"0",NA,NA,0,NA,NA,NA
2018,15,3405,8,"H","0",NA,NA,NA,NA,2017,"no plant",NA,NA,NA,"3405_15","drought","dead",0,"Dead",NA,NA,NA,NA,NA,NA,1,NA,NA
2020,7,3405,15,"H","1",NA,13.5,0,NA,2020,"",NA,NA,NA,"3405_7","drought","alive",1,"Vegetative",0,NA,"1",0,0,1,NA,NA,NA
2021,7,3405,15,"H","1",NA,16.5,0,NA,2020,"",NA,NA,NA,"3405_7","drought","alive",1,"Vegetative",0,NA,"1",0,0,1,0,NA,NA
2022,7,3405,15,"H","1",NA,19.5,0,NA,2020,"",NA,NA,NA,"3405_7","drought","alive",1,"Vegetative",0,NA,"1",0,0,1,0,NA,NA
2023,7,3405,15,"H","1",NA,16.5,0,NA,2020,"",NA,NA,NA,"3405_7","drought","alive",1,"Vegetative",0,NA,"3",1,1,1,0,NA,NA
2024,7,3405,15,"H","3",1,24.5,1,"2",NA,"missed in phen? Flowering today",NA,NA,NA,"3405_7","drought","alive",1,"Flowering",1,NA,"0",NA,NA,0,0,NA,NA
2025,7,3405,15,"H","0",NA,NA,NA,NA,NA,"NP",NA,NA,NA,"3405_7","drought","dead",0,"Dead",NA,NA,NA,NA,NA,NA,1,NA,NA
2020,7,3406,12,"J","1",NA,8.2,0,NA,2020,"",NA,NA,NA,"3406_7","drought","alive",1,"Vegetative",0,NA,"2",0,0,1,NA,NA,NA
2021,7,3406,12,"J","2",NA,13,0,NA,2020,"",NA,NA,NA,"3406_7","drought","alive",1,"Vegetative",0,NA,"1",1,1,1,0,NA,NA
2022,7,3406,12,"J","1",30.5,9,1,"3",2020,"",NA,NA,NA,"3406_7","drought","alive",1,"Flowering",1,NA,"1",0,0,1,0,0,0
2023,7,3406,12,"J","1",NA,17,0,NA,2020,"",NA,NA,NA,"3406_7","drought","alive",1,"Vegetative",0,NA,"2",1,1,1,1,NA,NA
2024,7,3406,12,"J","2",24.5,10,1,"2.5",NA,"",NA,NA,NA,"3406_7","drought","alive",1,"Flowering",1,NA,"0",NA,NA,0,0,0,0
2025,7,3406,12,"J","0",NA,NA,NA,NA,NA,"NP",NA,NA,NA,"3406_7","drought","dead",0,"Dead",NA,NA,NA,NA,NA,NA,1,NA,NA
2020,7,3407,16,"D","2",NA,14.1,0,NA,2020,"",NA,NA,NA,"3407_7","drought","alive",1,"Vegetative",0,NA,"2",0,0,1,NA,NA,NA
2021,7,3407,16,"D","2",NA,19,0,NA,2020,"",NA,NA,NA,"3407_7","drought","alive",1,"Vegetative",0,NA,"1",0,0,1,0,NA,NA
2022,7,3407,16,"D","1",NA,25.5,0,NA,2020,"",NA,NA,NA,"3407_7","drought","alive",1,"Vegetative",0,NA,"1",1,1,1,0,NA,NA
2023,7,3407,16,"D","1",34,17,1,NA,2020,"umbel eaten off, leaf munched",NA,NA,NA,"3407_7","drought","alive",1,"Flowering",1,NA,"3",1,1,1,0,NA,NA
2024,7,3407,16,"D","3",50.5,25,1,"6",NA,"",NA,NA,NA,"3407_7","drought","alive",1,"Flowering",1,NA,"0",NA,NA,1,1,80,1
2025,7,3407,16,"D","0",NA,NA,NA,NA,NA,"NP",NA,NA,NA,"3407_7","drought","dormant",1,"Dormant",NA,NA,"2",0,0,1,1,NA,NA
2026,7,3407,16,"D","2",NA,23,0,NA,NA,"",NA,NA,NA,"3407_7","drought","alive",1,"Vegetative",0,NA,NA,NA,NA,NA,NA,NA,NA
2020,7,3408,17,"C","1",NA,13.5,0,NA,2020,"",NA,NA,NA,"3408_7","drought","alive",1,"Vegetative",0,NA,"1",0,0,1,NA,NA,NA
2021,7,3408,17,"C","1",NA,19,0,NA,2020,"",NA,NA,NA,"3408_7","drought","alive",1,"Vegetative",0,NA,"1",1,1,1,0,NA,NA
2022,7,3408,17,"C","1",47,18.5,1,"3.5",2020,"",NA,NA,NA,"3408_7","drought","alive",1,"Flowering",1,NA,"2",1,1,1,0,0,0
2023,7,3408,17,"C","2",56,29,1,NA,2020,"not tracking phenology. Umbel eaten off.",NA,NA,NA,"3408_7","drought","alive",1,"Flowering",1,NA,"3",1,1,1,1,NA,NA
2024,7,3408,17,"C","3",33,27.5,1,"5",NA,"",NA,NA,NA,"3408_7","drought","alive",1,"Flowering",1,NA,"3",1,1,1,1,0,0
2025,7,3408,17,"C","3",55,29,1,"2.5",NA,"",NA,NA,NA,"3408_7","drought","alive",1,"Flowering",1,NA,NA,NA,NA,NA,1,NA,NA
2026,7,3408,17,"C",NA,NA,NA,NA,NA,NA,"NPNT",NA,NA,NA,"3408_7","drought",NA,NA,NA,NA,NA,NA,NA,NA,NA,1,NA,NA
2020,7,3409,16,"B","1",NA,12.5,0,NA,2020,"",NA,NA,NA,"3409_7","drought","alive",1,"Vegetative",0,NA,"1",0,0,1,NA,NA,NA
2021,7,3409,16,"B","1",NA,20,0,NA,2020,"",NA,NA,NA,"3409_7","drought","alive",1,"Vegetative",0,NA,"0",NA,NA,1,0,NA,NA
2022,7,3409,16,"B","0",NA,NA,NA,NA,2020,"entire plant clipped but present ",NA,NA,NA,"3409_7","drought","dormant",1,"Dormant",NA,NA,"2",1,1,1,0,NA,NA
2023,7,3409,16,"B","2",53,23,1,"5",2020,"not tracked for phenology.",NA,NA,NA,"3409_7","drought","alive",1,"Flowering",1,NA,"3",1,1,1,NA,NA,NA
2024,7,3409,16,"B","3",52.5,21.5,1,"2",NA,"",NA,NA,NA,"3409_7","drought","alive",1,"Flowering",1,NA,NA,NA,NA,NA,1,0,0
2025,7,3409,16,"B",NA,NA,NA,NA,NA,NA,"NPNT",NA,NA,NA,"3409_7","drought",NA,NA,NA,NA,NA,NA,NA,NA,NA,1,NA,NA
2026,7,3409,16,"B",NA,NA,NA,NA,NA,NA,"NPNT 2 years",NA,NA,NA,"3409_7","drought",NA,NA,NA,NA,NA,NA,NA,NA,NA,NA,NA,NA
2018,1,3410,4,"J","2",13.5,13.5,0,NA,2018,"",NA,NA,NA,"3410_1","irrigated","alive",1,"Vegetative",0,NA,"1",0,0,1,NA,NA,NA
2019,1,3410,4,"J","1",NA,9,0,NA,2018,"",NA,NA,NA,"3410_1","irrigated","alive",1,"Vegetative",0,NA,NA,NA,NA,1,0,NA,NA
2020,1,3410,4,"J",NA,NA,NA,NA,NA,2018,"NPNT",NA,NA,NA,"3410_1","irrigated",NA,1,NA,NA,NA,"4",1,1,1,0,NA,NA
2021,1,3410,4,"J","4",27,13.5,1,"4",2018,"",NA,NA,NA,"3410_1","irrigated","alive",1,"Flowering",1,NA,"2",1,1,1,NA,56,1
2022,1,3410,4,"J","2",29,14,1,"6.5",2018,"",NA,NA,NA,"3410_1","irrigated","alive",1,"Flowering",1,NA,"6",3,1,1,1,66,1
2023,1,3410,4,"J","6",34,14,3,"12",2018,"",NA,NA,NA,"3410_1","irrigated","alive",1,"Flowering",1,NA,"2",1,1,1,1,88,1
2024,1,3410,4,"J","2",26,15.5,1,"5",NA,"",NA,NA,NA,"3410_1","irrigated","alive",1,"Flowering",1,NA,"2",1,1,1,1,10,1
2025,1,3410,4,"J","2",27,13,1,"2.5",NA,"",NA,NA,1,"3410_1","irrigated","alive",1,"Flowering",1,NA,"2",0,0,1,1,8,1
2026,1,3410,4,"J","2",NA,25.5,0,NA,NA,"",NA,NA,NA,"3410_1","irrigated","alive",1,"Vegetative",0,NA,NA,NA,NA,NA,1,NA,NA
2020,12,3410,16,"C","2",NA,5,0,NA,2020,"",NA,NA,NA,"3410_12","irrigated","alive",1,"Vegetative",0,NA,"1",0,0,1,NA,NA,NA
2021,12,3410,16,"C","1",NA,10.5,0,NA,2020,"",NA,NA,NA,"3410_12","irrigated","alive",1,"Vegetative",0,NA,"2",0,0,1,0,NA,NA
2022,12,3410,16,"C","2",NA,15,0,NA,2020,"",NA,NA,NA,"3410_12","irrigated","alive",1,"Vegetative",0,NA,"2",0,0,1,0,NA,NA
2023,12,3410,16,"C","2",NA,18,0,NA,2020,"",NA,NA,NA,"3410_12","irrigated","alive",1,"Vegetative",0,NA,"1",0,0,1,0,NA,NA
2024,12,3410,16,"C","1",NA,15,0,NA,NA,"moss",NA,NA,NA,"3410_12","irrigated","alive",1,"Vegetative",0,NA,"4",0,0,1,0,NA,NA
2025,12,3410,16,"C","4",NA,14.5,0,NA,NA,"",NA,NA,NA,"3410_12","irrigated","alive",1,"Vegetative",0,NA,"0",NA,NA,NA,0,NA,NA
2026,12,3410,16,"C","0",NA,NA,NA,NA,NA,"NP",NA,NA,NA,"3410_12","irrigated",NA,NA,NA,NA,NA,NA,NA,NA,NA,0,NA,NA
2018,1,3411,9,"J","2",7.5,7,0,NA,2018,"",NA,NA,NA,"3411_1","irrigated","alive",1,"Vegetative",0,NA,"1",0,0,1,NA,NA,NA
2019,1,3411,9,"J","1",NA,8,0,NA,2018,"",NA,NA,NA,"3411_1","irrigated","alive",1,"Vegetative",0,NA,"1",0,0,1,0,NA,NA
2020,1,3411,9,"J","1",NA,7.5,0,NA,2018,"",NA,NA,NA,"3411_1","irrigated","alive",1,"Vegetative",0,NA,"1",0,0,1,0,NA,NA
2021,1,3411,9,"J","1",NA,13,0,NA,2018,"",NA,NA,NA,"3411_1","irrigated","alive",1,"Vegetative",0,NA,"1",0,0,1,0,NA,NA
2022,1,3411,9,"J","1",NA,11,0,NA,2018,"",NA,NA,NA,"3411_1","irrigated","alive",1,"Vegetative",0,NA,"1",1,1,1,0,NA,NA
2023,1,3411,9,"J","1",20,15.5,1,"3",2018,"",NA,NA,NA,"3411_1","irrigated","alive",1,"Flowering",1,NA,"2",1,1,1,0,0,0
2024,1,3411,9,"J","2",31,8.5,1,"4.5",NA,"accidentally pulled when measuring; 22 fruits",NA,NA,NA,"3411_1","irrigated","alive",1,"Flowering",1,NA,"1",0,0,1,1,0,0
2025,1,3411,9,"J","1",NA,23,0,NA,NA,"",NA,NA,NA,"3411_1","irrigated","alive",1,"Vegetative",0,NA,"0",NA,NA,NA,1,NA,NA
2026,1,3411,9,"J","0",NA,NA,NA,NA,NA,"NP",NA,NA,NA,"3411_1","irrigated",NA,NA,NA,NA,NA,NA,NA,NA,NA,0,NA,NA
2020,12,3411,17,"F","1",NA,3.8,0,NA,2020,"",NA,NA,NA,"3411_12","irrigated","alive",1,"Vegetative",0,NA,"0",NA,NA,0,NA,NA,NA
2021,12,3411,17,"F","0",NA,NA,NA,NA,2020,"NP",NA,NA,NA,"3411_12","irrigated","dead",0,"Dead",NA,NA,NA,NA,NA,NA,0,NA,NA
2018,1,3412,9,"I","1",8.5,8.5,0,NA,2018,"",NA,NA,NA,"3412_1","irrigated","alive",1,"Vegetative",0,NA,"1",0,0,1,NA,NA,NA
2019,1,3412,9,"I","1",NA,8,0,NA,2018,"",NA,NA,NA,"3412_1","irrigated","alive",1,"Vegetative",0,NA,"1",0,0,1,0,NA,NA
2020,1,3412,9,"I","1",NA,10.1,0,NA,2018,"",NA,NA,NA,"3412_1","irrigated","alive",1,"Vegetative",0,NA,"1",0,0,1,0,NA,NA
2021,1,3412,9,"I","1",NA,11,0,NA,2018,"",NA,NA,NA,"3412_1","irrigated","alive",1,"Vegetative",0,NA,"2",1,1,1,0,NA,NA
2022,1,3412,9,"I","2",38,15,1,"6",2018,"",NA,NA,NA,"3412_1","irrigated","alive",1,"Flowering",1,NA,"4",2,1,1,0,20,1
2023,1,3412,9,"I","4",36,17,2,"8",2018,"",NA,NA,NA,"3412_1","irrigated","alive",1,"Flowering",1,NA,"2",0,0,1,1,70,1
2024,1,3412,9,"I","2",NA,22.5,0,NA,NA,"moss",NA,NA,NA,"3412_1","irrigated","alive",1,"Vegetative",0,NA,"2",1,1,1,1,NA,NA
2025,1,3412,9,"I","2",37,18,1,"5.5",NA,"moss",NA,NA,NA,"3412_1","irrigated","alive",1,"Flowering",1,NA,"0",NA,NA,NA,0,70,1
2026,1,3412,9,"I","0",NA,NA,NA,NA,NA,"NP",NA,NA,NA,"3412_1","irrigated",NA,NA,NA,NA,NA,NA,NA,NA,NA,1,NA,NA
2020,12,3412,17,"C","1",NA,6.2,0,NA,2020,"",NA,NA,NA,"3412_12","irrigated","alive",1,"Vegetative",0,NA,"0",NA,NA,0,NA,NA,NA
2021,12,3412,17,"C","0",NA,NA,NA,NA,2020,"NP, under hose",NA,NA,NA,"3412_12","irrigated","dead",0,"Dead",NA,NA,NA,NA,NA,NA,0,NA,NA
2020,12,3413,16,"I","1",NA,11.8,0,NA,2020,"",NA,NA,NA,"3413_12","irrigated","alive",1,"Vegetative",0,NA,"1",0,0,1,NA,NA,NA
2021,12,3413,16,"I","1",NA,10,0,NA,2020,"",NA,NA,NA,"3413_12","irrigated","alive",1,"Vegetative",0,NA,"3",1,1,1,0,NA,NA
2022,12,3413,16,"I","3",32.5,19,1,"5",2020,"",NA,NA,NA,"3413_12","irrigated","alive",1,"Flowering",1,NA,"2",0,0,1,0,102,1
2023,12,3413,16,"I","2",NA,13,0,NA,2020,"",NA,NA,NA,"3413_12","irrigated","alive",1,"Vegetative",0,NA,"1",1,1,1,1,NA,NA
2024,12,3413,16,"I","1",25.5,21,1,"5",NA,"",NA,NA,NA,"3413_12","irrigated","alive",1,"Flowering",1,NA,"4",1,1,1,0,52,1
2025,12,3413,16,"I","4",30,22,1,"2.5",NA,"",NA,NA,NA,"3413_12","irrigated","alive",1,"Flowering",1,NA,"0",NA,NA,NA,1,NA,NA
2026,12,3413,16,"I","0",NA,NA,NA,NA,NA,"NP",NA,NA,NA,"3413_12","irrigated",NA,NA,NA,NA,NA,NA,NA,NA,NA,1,NA,NA
2018,2,3413,2,"E","2",4.5,4.5,0,NA,2018,"",NA,NA,NA,"3413_2","control","alive",1,"Vegetative",0,NA,"0",NA,NA,1,NA,NA,NA
2019,2,3413,2,"E","0",NA,NA,NA,NA,2018,"no plant",NA,NA,NA,"3413_2","control","dormant",1,"Dormant",NA,NA,"2",0,0,1,0,NA,NA
2020,2,3413,2,"E","2",NA,9.6,0,NA,2018,"1 pulledd",NA,NA,NA,"3413_2","control","alive",1,"Vegetative",0,NA,"3",0,0,1,NA,NA,NA
2021,2,3413,2,"E","3",NA,10.5,0,NA,2018,"",NA,NA,NA,"3413_2","control","alive",1,"Vegetative",0,NA,"3",2,1,1,0,NA,NA
2022,2,3413,2,"E","3",28,11,2,"5",2018,"",NA,NA,NA,"3413_2","control","alive",1,"Flowering",1,NA,"3",1,1,1,0,84,1
2023,2,3413,2,"E","3",21,10,1,"3",2018,"",NA,NA,NA,"3413_2","control","alive",1,"Flowering",1,NA,"1",1,1,1,1,0,0
2024,2,3413,2,"E","1",13,11.5,1,"2.5",NA,"",NA,NA,NA,"3413_2","control","alive",1,"Flowering",1,NA,"3",2,1,1,1,0,0
2025,2,3413,2,"E","3",20,19,2,"4.5",NA,"",NA,NA,1,"3413_2","control","alive",1,"Flowering",1,NA,"7",2,1,1,1,8,1
2026,2,3413,2,"E","7",31.5,17.5,2,"8.5",NA,"",NA,NA,NA,"3413_2","control","alive",1,"Flowering",1,NA,NA,NA,NA,NA,1,370,1
2020,12,3414,15,"H","2",NA,12.7,0,NA,2020,"",NA,NA,NA,"3414_12","irrigated","alive",1,"Vegetative",0,NA,"1",0,0,1,NA,NA,NA
2021,12,3414,15,"H","1",NA,11,0,NA,2020,"",NA,NA,NA,"3414_12","irrigated","alive",1,"Vegetative",0,NA,"0",NA,NA,0,0,NA,NA
2022,12,3414,15,"H","0",NA,NA,NA,NA,2020,"NP",NA,NA,NA,"3414_12","irrigated","dead",0,"Dead",NA,NA,NA,NA,NA,NA,0,NA,NA
2019,1,3415,17,"J","1",NA,10.5,0,NA,2019,"",NA,NA,NA,"3415_1","irrigated","alive",1,"Vegetative",0,NA,NA,NA,NA,1,NA,NA,NA
2020,1,3415,17,"J",NA,NA,NA,NA,NA,2019,"NS",NA,NA,NA,"3415_1","irrigated",NA,1,NA,NA,NA,"1",0,0,1,0,NA,NA
2021,1,3415,17,"J","1",NA,12,0,NA,2019,"",NA,NA,NA,"3415_1","irrigated","alive",1,"Vegetative",0,NA,"1",0,0,1,NA,NA,NA
2022,1,3415,17,"J","1",NA,20,0,NA,2019,"",NA,NA,NA,"3415_1","irrigated","alive",1,"Vegetative",0,NA,"1",0,0,1,0,NA,NA
2023,1,3415,17,"J","1",NA,15,0,NA,2019,"",NA,NA,NA,"3415_1","irrigated","alive",1,"Vegetative",0,NA,"0",NA,NA,0,0,NA,NA
2024,1,3415,17,"J","0",NA,NA,NA,NA,NA,"NP",NA,NA,NA,"3415_1","irrigated","dead",0,"Dead",NA,NA,NA,NA,NA,NA,0,NA,NA
2020,12,3415,17,"H","1",NA,12.1,0,NA,2020,"",NA,NA,NA,"3415_12","irrigated","alive",1,"Vegetative",0,NA,"1",0,0,1,NA,NA,NA
2021,12,3415,17,"H","1",NA,8,0,NA,2020,"",NA,NA,NA,"3415_12","irrigated","alive",1,"Vegetative",0,NA,"1",0,0,1,0,NA,NA
2022,12,3415,17,"H","1",NA,14.5,0,NA,2020,"",NA,NA,NA,"3415_12","irrigated","alive",1,"Vegetative",0,NA,"2",0,0,1,0,NA,NA
2023,12,3415,17,"H","2",NA,18,0,NA,2020,"",NA,NA,NA,"3415_12","irrigated","alive",1,"Vegetative",0,NA,"1",0,0,1,0,NA,NA
2024,12,3415,17,"H","1",NA,11,0,NA,NA,"",NA,NA,NA,"3415_12","irrigated","alive",1,"Vegetative",0,NA,"1",0,0,1,0,NA,NA
2025,12,3415,17,"H","1",NA,16.5,0,NA,NA,"",NA,NA,NA,"3415_12","irrigated","alive",1,"Vegetative",0,NA,"2",0,0,1,0,NA,NA
2026,12,3415,17,"H","2",NA,17,0,NA,NA,"",NA,NA,NA,"3415_12","irrigated","alive",1,"Vegetative",0,NA,NA,NA,NA,NA,0,NA,NA
2020,12,3416,18,"G","1",NA,4.8,0,NA,2020,"",NA,NA,NA,"3416_12","irrigated","alive",1,"Vegetative",0,NA,"0",NA,NA,1,NA,NA,NA
2021,12,3416,18,"G","0",NA,NA,NA,NA,2020,"NP",NA,NA,NA,"3416_12","irrigated","dormant",1,"Dormant",NA,NA,"1",0,0,1,0,NA,NA
2022,12,3416,18,"G","1",NA,13.5,0,NA,2020,"",NA,NA,NA,"3416_12","irrigated","alive",1,"Vegetative",0,NA,"1",0,0,1,NA,NA,NA
2023,12,3416,18,"G","1",NA,10,0,NA,2020,"",NA,NA,NA,"3416_12","irrigated","alive",1,"Vegetative",0,NA,NA,NA,NA,1,0,NA,NA
2024,12,3416,18,"G",NA,NA,NA,NA,NA,NA,"NPNT",NA,NA,NA,"3416_12","irrigated",NA,1,NA,NA,NA,"1",0,0,1,0,NA,NA
2025,12,3416,18,"G","1",NA,15.5,0,NA,NA,"",NA,NA,NA,"3416_12","irrigated","alive",1,"Vegetative",0,NA,"0",NA,NA,NA,NA,NA,NA
2026,12,3416,18,"G","0",NA,NA,NA,NA,NA,"NP",NA,NA,NA,"3416_12","irrigated",NA,NA,NA,NA,NA,NA,NA,NA,NA,0,NA,NA
2020,12,3417,18,"F","1",NA,4.8,0,NA,2020,"",NA,NA,NA,"3417_12","irrigated","alive",1,"Vegetative",0,NA,"1",0,0,1,NA,NA,NA
2021,12,3417,18,"F","1",NA,9,0,NA,2020,"",NA,NA,NA,"3417_12","irrigated","alive",1,"Vegetative",0,NA,NA,NA,NA,1,0,NA,NA
2022,12,3417,18,"F",NA,NA,NA,NA,NA,2020,"NPNT. New tag, 7511 may be same plant? ",NA,NA,NA,"3417_12","irrigated",NA,1,NA,NA,NA,"2",0,0,1,0,NA,NA
2023,12,3417,18,"F","2",NA,17.5,0,NA,2020,"",NA,NA,NA,"3417_12","irrigated","alive",1,"Vegetative",0,NA,"0",NA,NA,1,NA,NA,NA
2024,12,3417,18,"F","0",NA,NA,NA,NA,NA,"NP",NA,NA,NA,"3417_12","irrigated","dormant",1,"Dormant",NA,NA,"1",0,0,1,0,NA,NA
2025,12,3417,18,"F","1",NA,16.5,0,NA,NA,"",NA,NA,NA,"3417_12","irrigated","alive",1,"Vegetative",0,NA,"1",0,0,1,NA,NA,NA
2026,12,3417,18,"F","1",NA,18,0,NA,NA,"",NA,NA,NA,"3417_12","irrigated","alive",1,"Vegetative",0,NA,NA,NA,NA,NA,0,NA,NA
2018,15,3417,6,"I","3",22,16.5,1,"2.7",2018,"",NA,NA,NA,"3417_15","drought","alive",1,"Flowering",1,NA,"1",0,0,1,NA,NA,NA
2019,15,3417,6,"I","1",NA,15.5,0,NA,2018,"no plant",NA,NA,NA,"3417_15","drought","alive",1,"Vegetative",0,NA,"1",0,0,1,1,NA,NA
2020,15,3417,6,"I","1",NA,13.3,0,NA,2018,"found but killed",NA,NA,NA,"3417_15","drought","alive",1,"Vegetative",0,NA,"4",1,1,1,0,NA,NA
2021,15,3417,6,"I","4",17,19,1,"3",2018,"",NA,NA,NA,"3417_15","drought","alive",1,"Flowering",1,NA,"6",3,1,1,0,0,0
2022,15,3417,6,"I","6",53,20,3,"13.5",2018,"",NA,NA,NA,"3417_15","drought","alive",1,"Flowering",1,NA,"7",4,1,1,1,16,1
2023,15,3417,6,"I","7",53,24,4,"18",2018,"",NA,NA,NA,"3417_15","drought","alive",1,"Flowering",1,NA,"6",3,1,1,1,NA,NA
2024,15,3417,6,"I","6",58,30.5,3,"9",NA,"",NA,NA,NA,"3417_15","drought","alive",1,"Flowering",1,NA,"0",NA,NA,0,1,42,1
2025,15,3417,6,"I","0",NA,NA,NA,NA,NA,"NP",NA,NA,NA,"3417_15","drought","dead",0,"Dead",NA,NA,NA,NA,NA,NA,1,NA,NA
2019,1,3418,18,"B","1",10,13,1,"2",2019,"",NA,NA,NA,"3418_1","irrigated","alive",1,"Flowering",1,NA,NA,NA,NA,1,NA,NA,NA
2020,1,3418,18,"B",NA,NA,NA,NA,NA,2019,"NS",NA,NA,NA,"3418_1","irrigated",NA,1,NA,NA,NA,"2",1,1,1,1,NA,NA
2021,1,3418,18,"B","2",26,12,1,"3",2019,"18E not 18B",NA,NA,NA,"3418_1","irrigated","alive",1,"Flowering",1,NA,"0",NA,NA,0,NA,10,1
2022,1,3418,18,"B","0",NA,NA,NA,NA,2019,"NP. In 18E",NA,NA,NA,"3418_1","irrigated","dead",0,"Dead",NA,NA,NA,NA,NA,NA,1,NA,NA
2020,12,3418,18,"C","1",NA,2.5,0,NA,2020,"",NA,NA,NA,"3418_12","irrigated","alive",1,"Vegetative",0,NA,"1",0,0,1,NA,NA,NA
2021,12,3418,18,"C","1",NA,13,0,NA,2020,"",NA,NA,NA,"3418_12","irrigated","alive",1,"Vegetative",0,NA,"1",NA,NA,1,0,NA,NA
2022,12,3418,18,"C","1",NA,18,NA,NA,2020,"",NA,NA,NA,"3418_12","irrigated","alive",1,NA,NA,NA,"2",0,0,1,0,NA,NA
2023,12,3418,18,"C","2",NA,22,0,NA,2020,"",NA,NA,NA,"3418_12","irrigated","alive",1,"Vegetative",0,NA,"1",0,0,1,NA,NA,NA
2024,12,3418,18,"C","1",NA,13,0,NA,NA,"in moss",NA,NA,NA,"3418_12","irrigated","alive",1,"Vegetative",0,NA,"2",0,0,1,0,NA,NA
2025,12,3418,18,"C","2",NA,21,0,NA,NA,"",NA,NA,NA,"3418_12","irrigated","alive",1,"Vegetative",0,NA,"1",1,1,1,0,NA,NA
2026,12,3418,18,"C","1",28,15,1,"3.5",NA,"",NA,NA,NA,"3418_12","irrigated","alive",1,"Flowering",1,NA,NA,NA,NA,NA,0,8,1
2020,12,3419,14,"C","1",NA,4.2,0,NA,2020,"",NA,NA,NA,"3419_12","irrigated","alive",1,"Vegetative",0,NA,"1",0,0,1,NA,NA,NA
2021,12,3419,14,"C","1",NA,7,0,NA,2020,"",NA,NA,NA,"3419_12","irrigated","alive",1,"Vegetative",0,NA,"0",NA,NA,0,0,NA,NA
2022,12,3419,14,"C","0",NA,NA,NA,NA,2020,"NP",NA,NA,NA,"3419_12","irrigated","dead",0,"Dead",NA,NA,NA,NA,NA,NA,0,NA,NA
2018,13,3419,16,"F","1",12,12,0,NA,2018,"",NA,NA,NA,"3419_13","control","alive",1,"Vegetative",0,NA,"1",0,0,1,NA,NA,NA
2019,13,3419,16,"F","1",NA,12,0,NA,2018,"",NA,NA,NA,"3419_13","control","alive",1,"Vegetative",0,NA,NA,NA,NA,NA,0,NA,NA
2020,13,3419,16,"F",NA,NA,NA,NA,NA,2018,"NS",NA,NA,NA,"3419_13","control",NA,NA,NA,NA,NA,"0",NA,NA,0,0,NA,NA
2021,13,3419,16,"F","0",NA,NA,NA,NA,2018,"NP",NA,NA,NA,"3419_13","control","dead",0,"Dead",NA,NA,NA,NA,NA,NA,NA,NA,NA
2020,12,3420,10,"H","1",NA,5.8,0,NA,2020,"",NA,NA,NA,"3420_12","irrigated","alive",1,"Vegetative",0,NA,"1",0,0,1,NA,NA,NA
2021,12,3420,10,"H","1",NA,9,0,NA,2020,"",NA,NA,NA,"3420_12","irrigated","alive",1,"Vegetative",0,NA,"1",0,0,1,0,NA,NA
2022,12,3420,10,"H","1",NA,9.5,0,NA,2020,"",NA,NA,NA,"3420_12","irrigated","alive",1,"Vegetative",0,NA,"1",0,0,1,0,NA,NA
2023,12,3420,10,"H","1",NA,12,0,NA,2020,"",NA,NA,NA,"3420_12","irrigated","alive",1,"Vegetative",0,NA,"1",0,0,1,0,NA,NA
2024,12,3420,10,"H","1",NA,17.5,0,NA,NA,"ant colony",NA,NA,NA,"3420_12","irrigated","alive",1,"Vegetative",0,NA,"1",0,0,1,0,NA,NA
2025,12,3420,10,"H","1",NA,13,0,NA,NA,"",NA,NA,NA,"3420_12","irrigated","alive",1,"Vegetative",0,NA,"2",0,0,1,0,NA,NA
2026,12,3420,10,"H","2",NA,12,0,NA,NA,"",NA,NA,NA,"3420_12","irrigated","alive",1,"Vegetative",0,NA,NA,NA,NA,NA,0,NA,NA
2018,13,3420,18,"B","1",9,9,0,NA,2018,"",NA,NA,NA,"3420_13","control","alive",1,"Vegetative",0,NA,"0",NA,NA,0,NA,NA,NA
2019,13,3420,18,"B","0",NA,NA,NA,NA,2018,"no plant",NA,NA,NA,"3420_13","control","dead",0,"Dead",NA,NA,NA,NA,NA,NA,0,NA,NA
2020,12,3421,15,"C","1",NA,2.6,0,NA,2020,"",NA,NA,NA,"3421_12","irrigated","alive",1,"Vegetative",0,NA,"1",0,0,1,NA,NA,NA
2021,12,3421,15,"C","1",NA,7,0,NA,2020,"",NA,NA,NA,"3421_12","irrigated","alive",1,"Vegetative",0,NA,"1",0,0,1,0,NA,NA
2022,12,3421,15,"C","1",NA,12,0,NA,2020,"",NA,NA,NA,"3421_12","irrigated","alive",1,"Vegetative",0,NA,"1",0,0,1,0,NA,NA
2023,12,3421,15,"C","1",NA,13,0,NA,2020,"",NA,NA,NA,"3421_12","irrigated","alive",1,"Vegetative",0,NA,"0",NA,NA,1,0,NA,NA
2024,12,3421,15,"C","0",NA,NA,NA,NA,NA,"NP; moss",NA,NA,NA,"3421_12","irrigated","dormant",1,"Dormant",NA,NA,"2",0,0,1,0,NA,NA
2025,12,3421,15,"C","2",NA,18,0,NA,NA,"",NA,NA,NA,"3421_12","irrigated","alive",1,"Vegetative",0,NA,"2",1,1,1,NA,NA,NA
2026,12,3421,15,"C","2",26.5,13.5,1,"2.5",NA,"",NA,NA,NA,"3421_12","irrigated","alive",1,"Flowering",1,NA,NA,NA,NA,NA,0,24,1
2018,13,3421,0,"C","2",9,9,0,NA,2018,"",NA,NA,NA,"3421_13","control","alive",1,"Vegetative",0,NA,"0",NA,NA,1,NA,NA,NA
2019,13,3421,0,"C","0",NA,NA,NA,NA,2018,"no plant",NA,NA,NA,"3421_13","control","dormant",1,"Dormant",NA,NA,"1",0,0,1,0,NA,NA
2020,13,3421,0,"C","1",NA,9.5,0,NA,2018,"",NA,NA,NA,"3421_13","control","alive",1,"Vegetative",0,NA,"2",1,1,1,NA,NA,NA
2021,13,3421,0,"C","2",15,13,1,"3",2018,"",NA,NA,NA,"3421_13","control","alive",1,"Flowering",1,NA,"3",2,1,1,0,26,1
2022,13,3421,0,"C","3",30,19,2,"8",2018,"",NA,NA,NA,"3421_13","control","alive",1,"Flowering",1,NA,"2",2,1,1,1,120,1
2023,13,3421,0,"C","2",28,17,2,"3",2018,"1 umbel dead",NA,NA,NA,"3421_13","control","alive",1,"Flowering",1,NA,"1",1,1,1,1,84,1
2024,13,3421,0,"C","1",21.5,4,1,"2.5",NA,"leaf mostly gone",NA,NA,NA,"3421_13","control","alive",1,"Flowering",1,NA,"2",1,1,1,1,0,0
2025,13,3421,0,"C","2",17,12.5,1,"2.5",NA,"",NA,NA,NA,"3421_13","control","alive",1,"Flowering",1,NA,"0",NA,NA,NA,1,12,1
2026,13,3421,0,"C","0",NA,NA,NA,NA,NA,"NP, mound of dirt",NA,NA,NA,"3421_13","control",NA,NA,NA,NA,NA,NA,NA,NA,NA,1,NA,NA
2020,12,3422,13,"H","1",NA,9.8,0,NA,2020,"",NA,NA,NA,"3422_12","irrigated","alive",1,"Vegetative",0,NA,"2",0,0,1,NA,NA,NA
2021,12,3422,13,"H","2",NA,19,0,NA,2020,"",NA,NA,NA,"3422_12","irrigated","alive",1,"Vegetative",0,NA,"1",0,0,1,0,NA,NA
2022,12,3422,13,"H","1",NA,11,0,NA,2020,"",NA,NA,NA,"3422_12","irrigated","alive",1,"Vegetative",0,NA,"3",3,1,1,0,NA,NA
2023,12,3422,13,"H","3",37,10,3,"6.5",2020,"stem of third umbel broken; first umbel dead",NA,NA,NA,"3422_12","irrigated","alive",1,"Flowering",1,NA,"1",0,0,1,0,78,1
2024,12,3422,13,"H","1",NA,20.5,0,NA,NA,"",NA,NA,NA,"3422_12","irrigated","alive",1,"Vegetative",0,NA,"3",1,1,1,1,42,1
2025,12,3422,13,"H","3",19,14,1,"4.5",NA,"",NA,NA,NA,"3422_12","irrigated","alive",1,"Flowering",1,NA,"3",1,1,1,0,NA,NA
2026,12,3422,13,"H","3",29.5,15,1,"5",NA,"",NA,NA,NA,"3422_12","irrigated","alive",1,"Flowering",1,NA,NA,NA,NA,NA,1,22,1
2018,13,3422,0,"C","2",14,14,0,NA,2018,"",NA,NA,NA,"3422_13","control","alive",1,"Vegetative",0,NA,"1",0,0,1,NA,NA,NA
2019,13,3422,0,"C","1",NA,9.5,0,NA,2018,"",NA,NA,NA,"3422_13","control","alive",1,"Vegetative",0,NA,"1",0,0,1,0,NA,NA
2020,13,3422,0,"C","1",NA,10.4,0,NA,2018,"",NA,NA,NA,"3422_13","control","alive",1,"Vegetative",0,NA,"2",0,0,1,0,NA,NA
2021,13,3422,0,"C","2",NA,12.5,0,NA,2018,"",NA,NA,NA,"3422_13","control","alive",1,"Vegetative",0,NA,"2",1,1,1,0,NA,NA
2022,13,3422,0,"C","2",31,14.5,1,"5",2018,"",NA,NA,NA,"3422_13","control","alive",1,"Flowering",1,NA,"2",1,1,1,0,50,1
2023,13,3422,0,"C","2",30,16.5,1,"6",2018,"",NA,NA,NA,"3422_13","control","alive",1,"Flowering",1,NA,"2",1,1,1,1,18,1
2024,13,3422,0,"C","2",30,8,1,"4",NA,"",NA,NA,NA,"3422_13","control","alive",1,"Flowering",1,NA,"2",1,1,1,1,24,1
2025,13,3422,0,"C","2",32,17,1,"4.5",NA,"",NA,NA,NA,"3422_13","control","alive",1,"Flowering",1,NA,"2",NA,NA,1,1,70,1
2026,13,3422,0,"C","2",NA,15.5,NA,NA,NA,"stalk clipped",NA,NA,NA,"3422_13","control","alive",1,NA,NA,NA,NA,NA,NA,NA,1,NA,NA
2020,12,3423,13,"H","2",NA,12.4,0,NA,2020,"",NA,NA,NA,"3423_12","irrigated","alive",1,"Vegetative",0,NA,NA,NA,NA,1,NA,NA,NA
2021,12,3423,13,"H",NA,NA,NA,NA,NA,2020,"NT, new tag is 3815",NA,NA,NA,"3423_12","irrigated",NA,1,NA,NA,NA,"5",3,1,1,0,NA,NA
2022,12,3423,13,"H","5",37,14.5,3,"11",2020,"was a replacement tag for 3815, but actually separate plants",NA,1,NA,"3423_12","irrigated","alive",1,"Flowering",1,NA,"1",0,0,1,NA,304,1
2023,12,3423,13,"H","1",NA,18,0,NA,2020,"",NA,NA,NA,"3423_12","irrigated","alive",1,"Vegetative",0,NA,"5",1,1,1,1,NA,NA
2024,12,3423,13,"H","5",36.5,22.5,1,"4.5",NA,"3422 in phen",NA,NA,NA,"3423_12","irrigated","alive",1,"Flowering",1,NA,"1",0,0,1,0,NA,NA
2025,12,3423,13,"H","1",NA,21.5,0,NA,NA,"",NA,NA,NA,"3423_12","irrigated","alive",1,"Vegetative",0,NA,"3",1,1,1,1,NA,NA
2026,12,3423,13,"H","3",37,15.5,1,"5",NA,"",NA,NA,NA,"3423_12","irrigated","alive",1,"Flowering",1,NA,NA,NA,NA,NA,0,68,1
2018,15,3423,2,"I","4",17,17,0,NA,2018,"",NA,NA,NA,"3423_15","drought","alive",1,"Vegetative",0,NA,"2",0,0,1,NA,NA,NA
2019,15,3423,2,"I","2",NA,17.5,0,NA,2018,"",NA,NA,NA,"3423_15","drought","alive",1,"Vegetative",0,NA,"1",0,0,1,0,NA,NA
2020,15,3423,2,"I","1",NA,11.5,0,NA,2018,"",NA,NA,NA,"3423_15","drought","alive",1,"Vegetative",0,NA,"2",1,1,1,0,NA,NA
2021,15,3423,2,"I","2",22.5,18.5,1,"3",2018,"",NA,NA,NA,"3423_15","drought","alive",1,"Flowering",1,NA,"3",2,1,1,0,6,1
2022,15,3423,2,"I","3",45,24,2,"9",2018,"",NA,NA,NA,"3423_15","drought","alive",1,"Flowering",1,NA,"4",2,1,1,1,30,1
2023,15,3423,2,"I","4",45,18.5,2,"13",2018,"",NA,NA,NA,"3423_15","drought","alive",1,"Flowering",1,NA,"2",1,1,1,1,NA,NA
2024,15,3423,2,"I","2",34,22,1,"3",NA,"spittlebug",NA,NA,NA,"3423_15","drought","alive",1,"Flowering",1,NA,"0",NA,NA,0,1,2,1
2025,15,3423,2,"I","0",NA,NA,NA,NA,NA,"NP tag pulled vole digging",1,NA,NA,"3423_15","drought","dead",0,"Dead",NA,NA,NA,NA,NA,NA,1,NA,NA
2019,1,3424,12,"G","2",11.5,13,1,"2",2019,"",NA,NA,NA,"3424_1","irrigated","alive",1,"Flowering",1,NA,NA,NA,NA,1,NA,NA,NA
2020,1,3424,12,"G",NA,NA,NA,NA,NA,2019,"NS",NA,NA,NA,"3424_1","irrigated",NA,1,NA,NA,NA,"3",0,0,1,1,NA,NA
2021,1,3424,12,"G","3",NA,21,0,NA,2019,"",NA,NA,NA,"3424_1","irrigated","alive",1,"Vegetative",0,NA,"3",1,1,1,NA,NA,NA
2022,1,3424,12,"G","3",25,25.5,1,"4",2019,"",NA,NA,NA,"3424_1","irrigated","alive",1,"Flowering",1,NA,"7",4,1,1,0,0,0
2023,1,3424,12,"G","7",54,20.5,4,"21",2019,"",NA,NA,NA,"3424_1","irrigated","alive",1,"Flowering",1,NA,"3",0,0,1,1,NA,NA
2024,1,3424,12,"G","3",NA,37,0,NA,NA,"yes length is actually 37!",NA,NA,NA,"3424_1","irrigated","alive",1,"Vegetative",0,NA,"3",0,0,1,1,NA,NA
2025,1,3424,12,"G","3",NA,23,0,NA,NA,"",NA,NA,NA,"3424_1","irrigated","alive",1,"Vegetative",0,NA,"0",NA,NA,NA,0,NA,NA
2026,1,3424,12,"G","0",NA,NA,NA,NA,NA,"NP",NA,NA,NA,"3424_1","irrigated",NA,NA,NA,NA,NA,NA,NA,NA,NA,0,NA,NA
2020,12,3424,7,"H","1",NA,10.4,0,NA,2020,"",NA,NA,NA,"3424_12","irrigated","alive",1,"Vegetative",0,NA,"1",0,0,1,NA,NA,NA
2021,12,3424,7,"H","1",NA,10,0,NA,2020,"",NA,NA,NA,"3424_12","irrigated","alive",1,"Vegetative",0,NA,"1",0,0,1,0,NA,NA
2022,12,3424,7,"H","1",NA,13,0,NA,2020,"",NA,NA,NA,"3424_12","irrigated","alive",1,"Vegetative",0,NA,"4",2,1,1,0,NA,NA
2023,12,3424,7,"H","4",41,18.5,2,"10",2020,"",NA,NA,NA,"3424_12","irrigated","alive",1,"Flowering",1,NA,"3",2,1,1,0,94,1
2024,12,3424,7,"H","3",43.5,15,2,"9",NA,"",NA,NA,NA,"3424_12","irrigated","alive",1,"Flowering",1,NA,"4",1,1,1,1,196,1
2025,12,3424,7,"H","4",17,15,1,"4",NA,"",NA,NA,NA,"3424_12","irrigated","alive",1,"Flowering",1,NA,"3",2,1,1,1,0,0
2026,12,3424,7,"H","3",33,15,2,"7",NA,"",NA,NA,NA,"3424_12","irrigated","alive",1,"Flowering",1,NA,NA,NA,NA,NA,1,132,1
2019,1,3425,19,"B","2",14,10,1,"2",2019,"",NA,NA,NA,"3425_1","irrigated","alive",1,"Flowering",1,NA,NA,NA,NA,NA,NA,NA,NA
2020,1,3425,19,"B",NA,NA,NA,NA,NA,2019,"NS",NA,NA,NA,"3425_1","irrigated",NA,NA,NA,NA,NA,"0",NA,NA,0,1,NA,NA
2021,1,3425,19,"B","0",NA,NA,NA,NA,2019,"NP, under hose",NA,NA,NA,"3425_1","irrigated","dead",0,"Dead",NA,NA,NA,NA,NA,NA,NA,NA,NA
2020,12,3425,2,"I","2",NA,10.8,0,NA,2020,"",NA,NA,NA,"3425_12","irrigated","alive",1,"Vegetative",0,NA,"2",0,0,1,NA,NA,NA
2021,12,3425,2,"I","2",NA,13.5,0,NA,2020,"",NA,NA,NA,"3425_12","irrigated","alive",1,"Vegetative",0,NA,"2",0,0,1,0,NA,NA
2022,12,3425,2,"I","2",NA,14,0,NA,2020,"",NA,NA,NA,"3425_12","irrigated","alive",1,"Vegetative",0,NA,"3",2,1,1,0,NA,NA
2023,12,3425,2,"I","3",28,17,2,"7",2020,"",NA,NA,NA,"3425_12","irrigated","alive",1,"Flowering",1,NA,"3",2,1,1,0,28,1
2024,12,3425,2,"I","3",34,17,2,"9",NA,"",NA,NA,NA,"3425_12","irrigated","alive",1,"Flowering",1,NA,"2",1,1,1,1,164,1
2025,12,3425,2,"I","2",15,16,1,"3",NA,"",NA,NA,NA,"3425_12","irrigated","alive",1,"Flowering",1,NA,"3",0,0,1,1,0,0
2026,12,3425,2,"I","3",NA,22.5,0,NA,NA,"",NA,NA,NA,"3425_12","irrigated","alive",1,"Vegetative",0,NA,NA,NA,NA,NA,1,NA,NA
2018,15,3426,1,"J","1",10.5,10.5,0,NA,2018,"",NA,NA,NA,"3426_15","drought","alive",1,"Vegetative",0,NA,"0",NA,NA,1,NA,NA,NA
2019,15,3426,1,"J","0",NA,NA,NA,NA,2018,"no plant",NA,NA,NA,"3426_15","drought","dormant",1,"Dormant",NA,NA,"1",0,0,1,0,NA,NA
2020,15,3426,1,"J","1",NA,6.2,0,NA,2018,"very sad leaf",NA,NA,NA,"3426_15","drought","alive",1,"Vegetative",0,NA,"2",0,0,1,NA,NA,NA
2021,15,3426,1,"J","2",NA,10,0,NA,2018,"",NA,NA,NA,"3426_15","drought","alive",1,"Vegetative",0,NA,"2",1,1,1,0,NA,NA
2022,15,3426,1,"J","2",30.5,21.5,1,"5",2018,"",NA,NA,NA,"3426_15","drought","alive",1,"Flowering",1,NA,"5",3,1,1,0,34,1
2023,15,3426,1,"J","5",40,18,3,"10.5",2018,"",NA,NA,NA,"3426_15","drought","alive",1,"Flowering",1,NA,"3",1,1,1,1,NA,NA
2024,15,3426,1,"J","3",42,28,1,"2",NA,"",NA,NA,NA,"3426_15","drought","alive",1,"Flowering",1,NA,NA,NA,NA,NA,1,0,0
2025,15,3426,1,"J",NA,NA,NA,NA,NA,NA,"NPNT vole tunnels",NA,NA,NA,"3426_15","drought",NA,NA,NA,NA,NA,NA,NA,NA,NA,1,NA,NA
2026,15,3426,1,"J",NA,NA,NA,NA,NA,NA,"NPNT",NA,NA,NA,"3426_15","drought",NA,NA,NA,NA,NA,NA,NA,NA,NA,NA,NA,NA
2020,13,3427,6,"I","1",NA,5.8,0,NA,2020,"",NA,NA,NA,"3427_13","control","alive",1,"Vegetative",0,NA,"1",0,0,1,NA,NA,NA
2021,13,3427,6,"I","1",NA,12,0,NA,2020,"",NA,NA,NA,"3427_13","control","alive",1,"Vegetative",0,NA,"2",0,0,1,0,NA,NA
2022,13,3427,6,"I","2",NA,17,0,NA,2020,"",NA,NA,NA,"3427_13","control","alive",1,"Vegetative",0,NA,"4",3,1,1,0,NA,NA
2023,13,3427,6,"I","4",30,16,3,"15.5",2020,"",NA,NA,NA,"3427_13","control","alive",1,"Flowering",1,NA,"2",1,1,1,0,144,1
2024,13,3427,6,"I","2",20,16,1,"3.5",NA,"",NA,NA,NA,"3427_13","control","alive",1,"Flowering",1,NA,"3",0,0,1,1,0,0
2025,13,3427,6,"I","3",NA,16,0,NA,NA,"",NA,NA,NA,"3427_13","control","alive",1,"Vegetative",0,NA,"2",0,0,1,1,NA,NA
2026,13,3427,6,"I","2",NA,18,0,NA,NA,"",NA,NA,NA,"3427_13","control","alive",1,"Vegetative",0,NA,NA,NA,NA,NA,0,NA,NA
2018,15,3427,1,"J","2",11,10.5,1,"1.6",2018,"",NA,NA,NA,"3427_15","drought","alive",1,"Flowering",1,NA,"1",0,0,1,NA,NA,NA
2019,15,3427,1,"J","1",NA,13,0,NA,2018,"",NA,NA,NA,"3427_15","drought","alive",1,"Vegetative",0,NA,"3",1,1,1,1,NA,NA
2020,15,3427,1,"J","3",13.5,10.5,1,"1.1",2018,"",NA,NA,NA,"3427_15","drought","alive",1,"Flowering",1,NA,"2",1,1,1,0,NA,NA
2021,15,3427,1,"J","2",13,11,1,"3",2018,"",NA,NA,NA,"3427_15","drought","alive",1,"Flowering",1,NA,"4",2,1,1,1,0,0
2022,15,3427,1,"J","4",43,19.5,2,"9.5",2018,"",NA,NA,NA,"3427_15","drought","alive",1,"Flowering",1,NA,"5",3,1,1,1,34,1
2023,15,3427,1,"J","5",44,21,3,"10.5",2018,"1 umbel dead",NA,NA,NA,"3427_15","drought","alive",1,"Flowering",1,NA,"7",3,1,1,1,NA,NA
2024,15,3427,1,"J","7",48.5,25,3,"9.5",NA,"",NA,NA,NA,"3427_15","drought","alive",1,"Flowering",1,NA,"1",0,0,1,1,NA,NA
2025,15,3427,1,"J","1",NA,25.5,0,NA,NA,"",NA,NA,NA,"3427_15","drought","alive",1,"Vegetative",0,NA,"3",0,0,1,1,NA,NA
2026,15,3427,1,"J","3",NA,18,0,NA,NA,"",NA,NA,NA,"3427_15","drought","alive",1,"Vegetative",0,NA,NA,NA,NA,NA,0,NA,NA
2018,13,3428,0,"D","2",10,9.5,1,"3.2",2018,"",NA,NA,NA,"3428_13","control","alive",1,"Flowering",1,NA,"2",1,1,1,NA,NA,NA
2019,13,3428,0,"D","2",13,5,1,"2",2018,"",NA,NA,NA,"3428_13","control","alive",1,"Flowering",1,NA,"2",1,1,1,1,NA,NA
2020,13,3428,0,"D","2",8.5,12.5,1,"1",2018,"",NA,NA,NA,"3428_13","control","alive",1,"Flowering",1,NA,"2",1,1,1,1,NA,NA
2021,13,3428,0,"D","2",12.5,13,1,"3",2018,"",NA,NA,NA,"3428_13","control","alive",1,"Flowering",1,NA,"2",1,1,1,1,0,0
2022,13,3428,0,"D","2",30,16.5,1,"3.5",2018,"",NA,NA,NA,"3428_13","control","alive",1,"Flowering",1,NA,NA,1,1,1,1,2,1
2023,13,3428,0,"D",NA,24,NA,1,NA,2018,"dead umbel. leaves eaten off",NA,NA,NA,"3428_13","control","alive",1,"Flowering",1,NA,"0",NA,NA,0,1,0,0
2024,13,3428,0,"D","0",NA,NA,NA,NA,NA,"NP",NA,NA,NA,"3428_13","control","dead",0,"Dead",NA,NA,NA,NA,NA,NA,1,NA,NA
2018,13,3429,0,"D","4",13,13,0,NA,2018,"",NA,NA,NA,"3429_13","control","alive",1,"Vegetative",0,NA,"2",1,1,1,NA,NA,NA
2019,13,3429,0,"D","2",9.5,12,1,"3",2018,"",NA,NA,NA,"3429_13","control","alive",1,"Flowering",1,NA,"1",0,0,1,0,NA,NA
2020,13,3429,0,"D","1",NA,13.5,0,NA,2018,"",NA,NA,NA,"3429_13","control","alive",1,"Vegetative",0,NA,"1",1,1,1,1,NA,NA
2021,13,3429,0,"D","1",14,13,1,"3.5",2018,"",NA,NA,NA,"3429_13","control","alive",1,"Flowering",1,NA,"2",1,1,1,0,0,0
2022,13,3429,0,"D","2",32,15,1,"8",2018,"",NA,NA,NA,"3429_13","control","alive",1,"Flowering",1,NA,"5",2,1,1,1,46,1
2023,13,3429,0,"D","5",39,14,2,"9.5",2018,"",NA,NA,NA,"3429_13","control","alive",1,"Flowering",1,NA,"2",1,1,1,1,116,1
2024,13,3429,0,"D","2",24.5,6,1,"3",NA,"",NA,NA,NA,"3429_13","control","alive",1,"Flowering",1,NA,"2",1,1,1,1,62,1
2025,13,3429,0,"D","2",NA,12,1,NA,NA,"stalk clipped",NA,NA,NA,"3429_13","control","alive",1,"Flowering",1,NA,"2",1,1,1,1,0,0
2026,13,3429,0,"D","2",18,17,1,"2",NA,"",NA,NA,NA,"3429_13","control","alive",1,"Flowering",1,NA,NA,NA,NA,NA,1,NA,NA
2019,1,3430,10,"A","1",NA,12.5,0,NA,2019,"",NA,NA,NA,"3430_1","irrigated","alive",1,"Vegetative",0,NA,"0",NA,NA,0,NA,NA,NA
2020,1,3430,10,"A","0",NA,NA,NA,NA,2019,"no plant",NA,NA,NA,"3430_1","irrigated","dead",0,"Dead",NA,NA,NA,NA,NA,NA,0,NA,NA
2020,14,3430,6,"B","1",NA,8.6,0,NA,2020,"",NA,NA,NA,"3430_14","drought","alive",1,"Vegetative",0,NA,"2",0,0,1,NA,NA,NA
2021,14,3430,6,"B","2",NA,20.5,0,NA,2020,"",NA,NA,NA,"3430_14","drought","alive",1,"Vegetative",0,NA,"1",2,1,1,0,NA,NA
2022,14,3430,6,"B","1",30,21,2,"4",2020,"",NA,NA,NA,"3430_14","drought","alive",1,"Flowering",1,NA,"4",2,1,1,0,0,0
2023,14,3430,6,"B","4",52.5,22.5,2,"12",2020,"",NA,NA,NA,"3430_14","drought","alive",1,"Flowering",1,NA,"1",0,0,1,1,114,1
2024,14,3430,6,"B","1",NA,16.5,0,NA,NA,"",NA,NA,NA,"3430_14","drought","alive",1,"Vegetative",0,NA,"1",0,0,1,1,NA,NA
2025,14,3430,6,"B","1",NA,17.5,0,NA,NA,"",NA,NA,NA,"3430_14","drought","alive",1,"Vegetative",0,NA,"2",0,0,1,0,NA,NA
2026,14,3430,6,"B","2",NA,24,0,NA,NA,"",NA,NA,NA,"3430_14","drought","alive",1,"Vegetative",0,NA,NA,NA,NA,NA,0,NA,NA
2018,13,3431,0,"D","3",11.5,11.5,0,NA,2018,"",NA,NA,NA,"3431_13","control","alive",1,"Vegetative",0,NA,"2",0,0,1,NA,NA,NA
2019,13,3431,0,"D","2",NA,18,0,NA,2018,"",NA,NA,NA,"3431_13","control","alive",1,"Vegetative",0,NA,"2",0,0,1,0,NA,NA
2020,13,3431,0,"D","2",NA,11,0,NA,2018,"",NA,NA,NA,"3431_13","control","alive",1,"Vegetative",0,NA,"2",0,0,1,0,NA,NA
2021,13,3431,0,"D","2",NA,13,0,NA,2018,"",NA,NA,NA,"3431_13","control","alive",1,"Vegetative",0,NA,"5",2,1,1,0,NA,NA
2022,13,3431,0,"D","5",41,15.5,2,"11.5",2018,"",NA,NA,NA,"3431_13","control","alive",1,"Flowering",1,NA,"6",5,1,1,0,86,1
2023,13,3431,0,"D","6",41,17,5,"19.5",2018,"",NA,NA,NA,"3431_13","control","alive",1,"Flowering",1,NA,"6",3,1,1,1,120,1
2024,13,3431,0,"D","6",25,14,3,"9.5",NA,"",NA,NA,NA,"3431_13","control","alive",1,"Flowering",1,NA,"5",4,1,1,1,0,0
2025,13,3431,0,"D","5",25,21,4,"2",NA,"3 dead umbles",NA,NA,NA,"3431_13","control","alive",1,"Flowering",1,NA,"5",1,1,1,1,0,0
2026,13,3431,0,"D","5",36,20,1,"5.5",NA,"",NA,NA,NA,"3431_13","control","alive",1,"Flowering",1,NA,NA,NA,NA,NA,1,0,0
2020,14,3431,1,"F","1",NA,9.5,0,NA,2020,"",NA,NA,NA,"3431_14","drought","alive",1,"Vegetative",0,NA,NA,NA,NA,1,NA,NA,NA
2021,14,3431,1,"F",NA,NA,NA,NA,NA,2020,"NPNT",NA,NA,NA,"3431_14","drought",NA,1,NA,NA,NA,"2",0,0,1,0,NA,NA
2022,14,3431,1,"F","2",NA,2.5,0,NA,2020,"",NA,NA,NA,"3431_14","drought","alive",1,"Vegetative",0,NA,"4",2,1,1,NA,NA,NA
2023,14,3431,1,"F","4",56,22,2,"2",2020,"1 umbel dead",NA,NA,NA,"3431_14","drought","alive",1,"Flowering",1,NA,"2",1,1,1,0,64,1
2024,14,3134,1,"E","2",37.5,10.5,1,"2",NA,"broke basal leaf while searching might be longer",NA,NA,NA,"3431_14","drought","alive",1,"Flowering",1,NA,"2",1,1,1,1,NA,NA
2025,14,3431,1,"F","2",NA,31.5,1,NA,NA,"next to 7516, last year the flowering plant should be 3431",NA,1,NA,"3431_14","drought","alive",1,"Flowering",1,NA,"0",NA,NA,NA,1,NA,NA
2026,14,3431,1,"F","0",NA,NA,NA,NA,NA,"NP",NA,NA,NA,"3431_14","drought",NA,NA,NA,NA,NA,NA,NA,NA,NA,1,NA,NA
2019,1,3432,19,"A","1",NA,10,0,NA,2019,"",NA,NA,NA,"3432_1","irrigated","alive",1,"Vegetative",0,NA,NA,NA,NA,1,NA,NA,NA
2020,1,3432,19,"A",NA,NA,NA,NA,NA,2019,"NS",NA,NA,NA,"3432_1","irrigated",NA,1,NA,NA,NA,"2",0,0,1,0,NA,NA
2021,1,3432,19,"A","2",NA,21.5,0,NA,2019,"",NA,NA,NA,"3432_1","irrigated","alive",1,"Vegetative",0,NA,"2",2,1,1,NA,NA,NA
2022,1,3432,19,"A","2",42,14,2,"11",2019,"",NA,NA,NA,"3432_1","irrigated","alive",1,"Flowering",1,NA,"4",2,1,1,0,122,1
2023,1,3432,19,"A","4",28.5,15.5,2,"8.5",2019,"",NA,NA,NA,"3432_1","irrigated","alive",1,"Flowering",1,NA,"1",1,1,1,1,NA,NA
2024,1,3432,19,"A","1",33,16,1,"5",NA,"",NA,NA,NA,"3432_1","irrigated","alive",1,"Flowering",1,NA,"2",0,0,1,1,44,1
2025,1,3432,19,"A","2",NA,27,0,NA,NA,"",NA,NA,NA,"3432_1","irrigated","alive",1,"Vegetative",0,NA,"0",NA,NA,NA,1,NA,NA
2026,1,3432,19,"A","0",NA,NA,NA,NA,NA,"NP",NA,NA,NA,"3432_1","irrigated",NA,NA,NA,NA,NA,NA,NA,NA,NA,0,NA,NA
2020,14,3432,2,"J","1",NA,20.8,0,NA,2020,"",NA,NA,NA,"3432_14","drought","alive",1,"Vegetative",0,NA,"2",1,1,1,NA,NA,NA
2021,14,3432,2,"J","2",33,16,1,"3.5",2020,"",NA,NA,NA,"3432_14","drought","alive",1,"Flowering",1,NA,"4",3,1,1,0,4,1
2022,14,3432,2,"J","4",54,19,3,"18",2020,"",NA,NA,NA,"3432_14","drought","alive",1,"Flowering",1,NA,"2",2,1,1,1,256,1
2023,14,3432,2,"J","2",59,29,2,"6.5",2020,"1 umbel broke",NA,NA,NA,"3432_14","drought","alive",1,"Flowering",1,NA,"3",2,1,1,1,218,1
2024,14,3432,2,"J","3",33.5,19.5,2,"6.5",NA,"in moss",NA,NA,NA,"3432_14","drought","alive",1,"Flowering",1,NA,"1",0,0,1,1,0,0
2025,14,3432,2,"J","1",NA,14,0,NA,NA,"in moss, closer to 3I",NA,NA,NA,"3432_14","drought","alive",1,"Vegetative",0,NA,"0",NA,NA,NA,1,NA,NA
2026,14,3432,2,"J","0",NA,NA,NA,NA,NA,"NT",NA,NA,NA,"3432_14","drought",NA,NA,NA,NA,NA,NA,NA,NA,NA,0,NA,NA
2018,13,3433,3,"A","2",12.5,12.5,0,NA,2018,"",NA,NA,NA,"3433_13","control","alive",1,"Vegetative",0,NA,"3",1,1,1,NA,NA,NA
2019,13,3433,3,"A","3",11,10.5,1,"2",2018,"",NA,NA,NA,"3433_13","control","alive",1,"Flowering",1,NA,"1",1,1,1,0,NA,NA
2020,13,3433,3,"A","1",4,8.1,1,"0.5",2018,"",NA,NA,NA,"3433_13","control","alive",1,"Flowering",1,NA,"2",1,1,1,1,NA,NA
2021,13,3433,3,"A","2",15,10,1,"2.5",2018,"",NA,NA,NA,"3433_13","control","alive",1,"Flowering",1,NA,"8",4,1,1,1,19,1
2022,13,3433,3,"A","8",26,13.5,4,"14.5",2018,"",NA,NA,NA,"3433_13","control","alive",1,"Flowering",1,NA,"3",3,1,1,1,214,1
2023,13,3433,3,"A","3",26,15,3,"7",2018,"1 umbel dead",NA,NA,NA,"3433_13","control","alive",1,"Flowering",1,NA,"4",2,1,1,1,224,1
2024,13,3433,3,"A","4",2,11,2,"5.5",NA,"",NA,NA,NA,"3433_13","control","alive",1,"Flowering",1,NA,"3",1,1,1,1,6,1
2025,13,3433,3,"A","3",13,13,1,NA,NA,"one dead umbel",NA,NA,NA,"3433_13","control","alive",1,"Flowering",1,NA,"5",2,1,1,1,0,0
2026,13,3433,3,"A","5",20.5,9,2,"4",NA,"",NA,NA,NA,"3433_13","control","alive",1,"Flowering",1,NA,NA,NA,NA,NA,1,42,1
2020,14,3433,0,"I","1",NA,15,0,NA,2020,"",NA,NA,NA,"3433_14","drought","alive",1,"Vegetative",0,NA,"3",0,0,1,NA,NA,NA
2021,14,3433,0,"I","3",NA,17,0,NA,2020,"",NA,NA,NA,"3433_14","drought","alive",1,"Vegetative",0,NA,"4",2,1,1,0,NA,NA
2022,14,3433,0,"I","4",69,20,2,"10",2020,"",NA,NA,NA,"3433_14","drought","alive",1,"Flowering",1,NA,"1",0,0,1,0,210,1
2023,14,3433,0,"I","1",NA,16.5,0,NA,2020,"",NA,NA,NA,"3433_14","drought","alive",1,"Vegetative",0,NA,"1",0,0,1,1,NA,NA
2024,14,3433,1,"I","1",NA,24,0,NA,NA,"moss; xcoord is 2 not 1",NA,NA,NA,"3433_14","drought","alive",1,"Vegetative",0,NA,"3",0,0,1,0,NA,NA
2025,14,3433,1,"I","3",NA,27,0,NA,NA,"moss; xcoord is 2 not 1",NA,NA,NA,"3433_14","drought","alive",1,"Vegetative",0,NA,"0",NA,NA,NA,0,NA,NA
2026,14,3433,1,"I","0",NA,NA,NA,NA,NA,"NP",NA,NA,NA,"3433_14","drought",NA,NA,NA,NA,NA,NA,NA,NA,NA,0,NA,NA
2019,1,3434,19,"F","1",NA,18,0,NA,2019,"",NA,NA,NA,"3434_1","irrigated","alive",1,"Vegetative",0,NA,NA,NA,NA,1,NA,NA,NA
2020,1,3434,19,"F",NA,NA,NA,NA,NA,2019,"NS",NA,NA,NA,"3434_1","irrigated",NA,1,NA,NA,NA,"3",1,1,1,0,NA,NA
2021,1,3434,19,"F","3",30,12,1,"4",2019,"",NA,NA,NA,"3434_1","irrigated","alive",1,"Flowering",1,NA,"3",1,1,1,NA,0,0
2022,1,3434,19,"F","3",34,14,1,"5",2019,"stalk broken completely",NA,NA,NA,"3434_1","irrigated","alive",1,"Flowering",1,NA,"2",1,1,1,1,0,0
2023,1,3434,19,"F","2",40,19.5,1,"8",2019,"",NA,NA,NA,"3434_1","irrigated","alive",1,"Flowering",1,NA,"0",NA,NA,0,1,NA,NA
2024,1,3434,19,"F","0",NA,NA,NA,NA,NA,"NP",NA,NA,NA,"3434_1","irrigated","dead",0,"Dead",NA,NA,NA,NA,NA,NA,1,NA,NA
2020,14,3434,7,"B","1",NA,4.7,0,NA,2020,"",NA,NA,NA,"3434_14","drought","alive",1,"Vegetative",0,NA,"1",0,0,1,NA,NA,NA
2021,14,3434,7,"B","1",NA,6,0,NA,2020,"",NA,NA,NA,"3434_14","drought","alive",1,"Vegetative",0,NA,"0",NA,NA,1,0,NA,NA
2022,14,3434,7,"B","0",NA,NA,NA,NA,2020,"NP",NA,NA,NA,"3434_14","drought","dormant",1,"Dormant",NA,NA,"1",0,0,1,0,NA,NA
2023,14,3434,7,"B","1",NA,16,0,NA,2020,"",NA,NA,NA,"3434_14","drought","alive",1,"Vegetative",0,NA,"1",0,0,1,NA,NA,NA
2024,14,3434,7,"B","1",NA,8.5,0,NA,NA,"",NA,NA,NA,"3434_14","drought","alive",1,"Vegetative",0,NA,"1",0,0,1,0,NA,NA
2025,14,3434,7,"B","1",NA,15,0,NA,NA,"closer to 8A",NA,NA,NA,"3434_14","drought","alive",1,"Vegetative",0,NA,"1",0,0,1,0,NA,NA
2026,14,3434,7,"B","1",NA,13,0,NA,NA,"",NA,NA,NA,"3434_14","drought","alive",1,"Vegetative",0,NA,NA,NA,NA,NA,0,NA,NA
2020,14,3435,5,"A","2",NA,9.7,0,NA,2020,"",NA,NA,NA,"3435_14","drought","alive",1,"Vegetative",0,NA,"1",0,0,1,NA,NA,NA
2021,14,3435,5,"A","1",NA,10,0,NA,2020,"",NA,NA,NA,"3435_14","drought","alive",1,"Vegetative",0,NA,"0",NA,NA,1,0,NA,NA
2022,14,3435,5,"A","0",NA,NA,NA,NA,2020,"NP",NA,NA,NA,"3435_14","drought","dormant",1,"Dormant",NA,NA,"1",0,0,1,0,NA,NA
2023,14,3435,5,"A","1",NA,21,0,NA,2020,"",NA,NA,NA,"3435_14","drought","alive",1,"Vegetative",0,NA,"0",NA,NA,1,NA,NA,NA
2024,14,3435,5,"A","0",NA,NA,NA,NA,NA,"NP; moss",NA,NA,NA,"3435_14","drought","dormant",1,"Dormant",NA,NA,"1",0,0,1,0,NA,NA
2025,14,3435,5,"A","1",NA,12,0,NA,NA,"moss",NA,NA,NA,"3435_14","drought","alive",1,"Vegetative",0,NA,"2",0,0,1,NA,NA,NA
2026,14,3435,5,"A","2",NA,26,0,NA,NA,"",NA,NA,NA,"3435_14","drought","alive",1,"Vegetative",0,NA,NA,NA,NA,NA,0,NA,NA
2021,15,3436,17,"H","2",22.5,15.5,1,"2.5",2021,"",NA,NA,NA,"3436_15","drought","alive",1,"Flowering",1,NA,"4",2,1,1,NA,26,1
2022,15,3436,17,"H","4",43,20,2,"11.5",2021,"",NA,NA,NA,"3436_15","drought","alive",1,"Flowering",1,NA,"3",1,1,1,1,76,1
2023,15,3436,17,"H","3",34,22,1,"7.5",2021,"",NA,NA,NA,"3436_15","drought","alive",1,"Flowering",1,NA,"3",1,1,1,1,128,1
2024,15,3436,17,"H","3",32.5,20,1,"4",2021,"",NA,NA,NA,"3436_15","drought","alive",1,"Flowering",1,NA,"0",NA,NA,0,1,0,0
2025,15,3436,17,"H","0",NA,NA,NA,NA,2021,"NP",NA,NA,NA,"3436_15","drought","dead",0,"Dead",NA,NA,NA,NA,NA,NA,1,NA,NA
2018,15,3436,17,"H","2",16.5,16.5,0,NA,2018,"",NA,NA,NA,"3436_15_senior","drought","alive",1,"Vegetative",0,NA,"0",NA,NA,0,NA,NA,NA
2019,15,3436,17,"H","0",NA,NA,NA,NA,2018,"no plant",NA,NA,NA,"3436_15_senior","drought","dead",0,"Dead",NA,NA,NA,NA,NA,NA,0,NA,NA
2019,1,3437,16,"J","1",NA,10,0,NA,2019,"",NA,NA,NA,"3437_1","irrigated","alive",1,"Vegetative",0,NA,NA,NA,NA,1,NA,NA,NA
2020,1,3437,16,"J",NA,NA,NA,NA,NA,2019,"NS",NA,NA,NA,"3437_1","irrigated",NA,1,NA,NA,NA,"1",0,0,1,0,NA,NA
2021,1,3437,16,"J","1",NA,10,0,NA,2019,"",NA,NA,NA,"3437_1","irrigated","alive",1,"Vegetative",0,NA,"0",NA,NA,0,NA,NA,NA
2022,1,3437,16,"J","0",NA,NA,NA,NA,2019,"NP",NA,NA,NA,"3437_1","irrigated","dead",0,"Dead",NA,NA,NA,NA,NA,NA,0,NA,NA
2018,13,3438,17,"A","2",13,13,0,NA,2018,"",NA,NA,NA,"3438_13","control","alive",1,"Vegetative",0,NA,"1",0,0,1,NA,NA,NA
2019,13,3438,17,"A","1",NA,9,0,NA,2018,"",NA,NA,NA,"3438_13","control","alive",1,"Vegetative",0,NA,NA,NA,NA,1,0,NA,NA
2020,13,3438,17,"A",NA,NA,NA,NA,NA,2018,"NS",NA,NA,NA,"3438_13","control",NA,1,NA,NA,NA,"2",0,0,1,0,NA,NA
2021,13,3438,17,"A","2",NA,12,0,NA,2018,"",NA,NA,NA,"3438_13","control","alive",1,"Vegetative",0,NA,"2",0,0,1,NA,NA,NA
2022,13,3438,17,"A","2",NA,9,0,NA,2018,"given new tag 3953 in 2021 but not same plant as 3953. 3953 is NP but 3438 has one (they are in different spots)",NA,1,NA,"3438_13","control","alive",1,"Vegetative",0,NA,"0",NA,NA,0,0,NA,NA
2023,13,3438,17,"A","0",NA,NA,NA,NA,2018,"NP",NA,NA,NA,"3438_13","control","dead",0,"Dead",NA,NA,NA,NA,NA,NA,0,NA,NA
2018,12,3439,14,"G","1",4,4,0,NA,2018,"",NA,NA,NA,"3439_12","irrigated","alive",1,"Vegetative",0,NA,"1",0,0,1,NA,NA,NA
2019,12,3439,14,"G","1",NA,6,0,NA,2018,"",NA,NA,NA,"3439_12","irrigated","alive",1,"Vegetative",0,NA,"1",0,0,1,0,NA,NA
2020,12,3439,14,"G","1",NA,4.2,0,NA,2018,"",NA,NA,NA,"3439_12","irrigated","alive",1,"Vegetative",0,NA,"1",0,0,1,0,NA,NA
2021,12,3439,14,"G","1",NA,13,0,NA,2018,"",NA,NA,NA,"3439_12","irrigated","alive",1,"Vegetative",0,NA,"1",0,0,1,0,NA,NA
2022,12,3439,14,"G","1",NA,19,0,NA,2018,"",NA,NA,NA,"3439_12","irrigated","alive",1,"Vegetative",0,NA,"2",1,1,1,0,NA,NA
2023,12,3439,14,"G","2",32,17,1,"4.5",2018,"",NA,NA,NA,"3439_12","irrigated","alive",1,"Flowering",1,NA,"2",0,0,1,0,22,1
2024,12,3439,14,"G","2",NA,15.5,0,NA,NA,"",NA,NA,NA,"3439_12","irrigated","alive",1,"Vegetative",0,NA,"2",1,1,1,1,NA,NA
2025,12,3439,14,"G","2",34,16.5,1,"4",NA,"",NA,NA,NA,"3439_12","irrigated","alive",1,"Flowering",1,NA,"0",NA,NA,NA,0,NA,NA
2026,12,3439,14,"G","0",NA,NA,NA,NA,NA,"NP",NA,NA,NA,"3439_12","irrigated",NA,NA,NA,NA,NA,NA,NA,NA,NA,1,NA,NA
2018,14,3440,19,"F","1",12.5,12.5,0,NA,2018,"",NA,NA,NA,"3440_14","drought","alive",1,"Vegetative",0,NA,"1",0,0,1,NA,NA,NA
2019,14,3440,19,"F","1",NA,7.5,0,NA,2018,"",NA,NA,NA,"3440_14","drought","alive",1,"Vegetative",0,NA,NA,NA,NA,1,0,NA,NA
2020,14,3440,19,"F",NA,NA,NA,NA,NA,2018,"NS",NA,NA,NA,"3440_14","drought",NA,1,NA,NA,NA,"1",0,0,1,0,NA,NA
2021,14,3440,19,"F","1",NA,10,0,NA,2018,"",NA,NA,NA,"3440_14","drought","alive",1,"Vegetative",0,NA,"4",1,1,1,NA,NA,NA
2022,14,3440,19,"F","4",30,18,1,"4",2018,"outside plot",NA,NA,NA,"3440_14","drought","alive",1,"Flowering",1,NA,"1",0,0,1,0,4,1
2023,14,3440,19,"F","1",NA,4,0,NA,2018,"",NA,NA,NA,"3440_14","drought","alive",1,"Vegetative",0,NA,"1",0,0,1,1,NA,NA
2024,14,3440,19,"F","1",NA,14,0,NA,NA,"",NA,NA,NA,"3440_14","drought","alive",1,"Vegetative",0,NA,"1",0,0,1,0,NA,NA
2025,14,3440,19,"F","1",NA,15,0,NA,NA,"",NA,NA,NA,"3440_14","drought","alive",1,"Vegetative",0,NA,"1",0,0,1,0,NA,NA
2026,14,3440,19,"F","1",NA,13.5,0,NA,NA,"",NA,NA,NA,"3440_14","drought","alive",1,"Vegetative",0,NA,NA,NA,NA,NA,0,NA,NA
2018,13,3441,2,"B","2",13.5,13.5,0,NA,2018,"",NA,NA,NA,"3441_13","control","alive",1,"Vegetative",0,NA,"2",2,1,1,NA,NA,NA
2019,13,3441,2,"B","2",30.5,14,2,"5",2018,"",NA,NA,NA,"3441_13","control","alive",1,"Flowering",1,NA,"1",0,0,1,0,NA,NA
2020,13,3441,2,"B","1",NA,10.8,0,NA,2018,"",NA,NA,NA,"3441_13","control","alive",1,"Vegetative",0,NA,"1",0,0,1,1,NA,NA
2021,13,3441,2,"B","1",NA,14.5,0,NA,2018,"",NA,NA,NA,"3441_13","control","alive",1,"Vegetative",0,NA,"4",3,1,1,0,NA,NA
2022,13,3441,2,"B","4",42,14,3,"14",2018,"",NA,NA,NA,"3441_13","control","alive",1,"Flowering",1,NA,"5",3,1,1,0,422,1
2023,13,3441,2,"B","5",45,15,3,"13",2018,"1 dead umbel",NA,NA,NA,"3441_13","control","alive",1,"Flowering",1,NA,"2",1,1,1,1,410,1
2024,13,3441,2,"B","2",41,14,1,"6",NA,"",NA,NA,NA,"3441_13","control","alive",1,"Flowering",1,NA,"1",1,1,1,1,114,1
2025,13,3441,2,"B","1",26,16,1,"4",NA,"",NA,NA,NA,"3441_13","control","alive",1,"Flowering",1,NA,"0",NA,NA,NA,1,42,1
2026,13,3441,2,"B","0",NA,NA,NA,NA,NA,"NP",NA,NA,NA,"3441_13","control",NA,NA,NA,NA,NA,NA,NA,NA,NA,1,NA,NA
2018,9,3442,13,"0.08","1",15,15,0,NA,2018,"",NA,NA,NA,"3442_9","irrigated","alive",1,"Vegetative",0,NA,"2",0,0,1,NA,NA,NA
2019,9,3442,13,"0.08","2",NA,23,0,NA,2018,"",NA,NA,NA,"3442_9","irrigated","alive",1,"Vegetative",0,NA,"1",0,0,1,0,NA,NA
2020,9,3442,13,"0.08","1",NA,23.5,0,NA,2018,"",NA,NA,NA,"3442_9","irrigated","alive",1,"Vegetative",0,NA,"2",0,0,1,0,NA,NA
2021,9,3442,13,"0.08","2",NA,26,0,NA,2018,"13L",NA,NA,NA,"3442_9","irrigated","alive",1,"Vegetative",0,NA,"2",0,0,1,0,NA,NA
2022,9,3442,13,"0.08","2",NA,26,0,NA,2018,"13L",NA,NA,NA,"3442_9","irrigated","alive",1,"Vegetative",0,NA,"1",0,0,1,0,NA,NA
2023,9,3442,13,"0.08","1",NA,31,0,NA,2018,"13B (div)",NA,NA,NA,"3442_9","irrigated","alive",1,"Vegetative",0,NA,"2",0,0,1,0,NA,NA
2024,9,3442,13,"0.08","2",NA,23,0,NA,NA,"13B (div)",NA,NA,NA,"3442_9","irrigated","alive",1,"Vegetative",0,NA,"1",0,0,1,0,NA,NA
2025,9,3442,13,"0.08","1",NA,30.5,0,NA,NA,"13B (div)",NA,NA,NA,"3442_9","irrigated","alive",1,"Vegetative",0,NA,"1",0,0,1,0,NA,NA
2026,9,3442,13,"0.08","1",NA,17,0,NA,NA,"13B (div)",NA,NA,NA,"3442_9","irrigated","alive",1,"Vegetative",0,NA,NA,NA,NA,NA,0,NA,NA
2018,7,3443,7,"A","3",32,18,1,"3.5",2018,"",NA,NA,NA,"3443_7","drought","alive",1,"Flowering",1,NA,"2",2,1,1,NA,NA,NA
2019,7,3443,7,"A","2",42,20,2,"3.5",2018,"",NA,NA,NA,"3443_7","drought","alive",1,"Flowering",1,NA,"0",NA,NA,1,1,NA,NA
2020,7,3443,7,"A","0",NA,NA,NA,NA,2018,"no plant",NA,NA,NA,"3443_7","drought","dormant",1,"Dormant",NA,NA,"1",0,0,1,1,NA,NA
2021,7,3443,7,"A","1",NA,19.5,0,NA,2018,"",NA,NA,NA,"3443_7","drought","alive",1,"Vegetative",0,NA,"2",1,1,1,NA,NA,NA
2022,7,3443,7,"A","2",43,24,1,"6",2018,"",NA,NA,NA,"3443_7","drought","alive",1,"Flowering",1,NA,"2",1,1,1,0,0,0
2023,7,3443,7,"A","2",53,18.5,1,"4",2018,"on plot edge. Did not track phenology.",NA,NA,NA,"3443_7","drought","alive",1,"Flowering",1,NA,"6",3,1,1,1,NA,NA
2024,7,3443,7,"A","6",62,30.5,3,"9",NA,"not in phen b/c on plot edge",NA,NA,NA,"3443_7","drought","alive",1,"Flowering",1,NA,"1",1,1,1,1,NA,NA
2025,7,3443,7,"A","1",1,17,1,"10.5",NA,NA,NA,NA,NA,"3443_7","drought","alive",1,"Flowering",1,NA,NA,NA,NA,NA,1,0,0
2026,7,3443,7,"A",NA,NA,NA,NA,NA,NA,"not on this year's datasheet?",NA,NA,NA,"3443_7","drought",NA,NA,NA,NA,NA,NA,NA,NA,NA,1,NA,NA
2018,12,3444,13,"H","1",5,5,0,NA,2018,"",NA,NA,NA,"3444_12","irrigated","alive",1,"Vegetative",0,NA,"1",0,0,1,NA,NA,NA
2019,12,3444,13,"H","1",NA,7.5,0,NA,2018,"",NA,NA,NA,"3444_12","irrigated","alive",1,"Vegetative",0,NA,"0",NA,NA,1,0,NA,NA
2020,12,3444,13,"H","0",NA,NA,NA,NA,2018,"no plant",NA,NA,NA,"3444_12","irrigated","dormant",1,"Dormant",NA,NA,"1",0,0,1,0,NA,NA
2021,12,3444,13,"H","1",NA,10.5,0,NA,2018,"",NA,NA,NA,"3444_12","irrigated","alive",1,"Vegetative",0,NA,"0",NA,NA,0,NA,NA,NA
2022,12,3444,13,"H","0",NA,NA,NA,NA,2018,"NP",NA,NA,NA,"3444_12","irrigated","dead",0,"Dead",NA,NA,NA,NA,NA,NA,0,NA,NA
2018,12,3445,10,"B","1",6,6,0,NA,2018,"",NA,NA,NA,"3445_12","irrigated","alive",1,"Vegetative",0,NA,"0",NA,NA,1,NA,NA,NA
2019,12,3445,10,"B","0",NA,NA,NA,NA,2018,"no plant",NA,NA,NA,"3445_12","irrigated","dormant",1,"Dormant",NA,NA,"1",0,0,1,0,NA,NA
2020,12,3445,10,"B","1",NA,7.5,0,NA,2018,"",NA,NA,NA,"3445_12","irrigated","alive",1,"Vegetative",0,NA,"1",0,0,1,NA,NA,NA
2021,12,3445,10,"B","1",NA,12,0,NA,2018,"",NA,NA,NA,"3445_12","irrigated","alive",1,"Vegetative",0,NA,"3",1,1,1,0,NA,NA
2022,12,3445,10,"B","3",27.5,16,1,"3.5",2018,"",NA,NA,NA,"3445_12","irrigated","alive",1,"Flowering",1,NA,"2",1,1,1,0,6,1
2023,12,3445,10,"B","2",28,12,1,"5",2018,"",NA,NA,NA,"3445_12","irrigated","alive",1,"Flowering",1,NA,"3",2,1,1,1,0,0
2024,12,3445,10,"B","3",26,16.5,2,"3.5",NA,"",NA,NA,NA,"3445_12","irrigated","alive",1,"Flowering",1,NA,"1",1,1,1,1,0,0
2025,12,3445,10,"B","1",16,15,1,"4.5",NA,"",NA,NA,NA,"3445_12","irrigated","alive",1,"Flowering",1,NA,NA,NA,NA,NA,1,0,0
2026,12,3445,10,"B",NA,NA,NA,NA,NA,NA,"NPNT",NA,NA,NA,"3445_12","irrigated",NA,NA,NA,NA,NA,NA,NA,NA,NA,1,NA,NA
2019,15,3446,15,"C","2",8,13,1,"1.5",2019,"",NA,NA,NA,"3446_15","drought","alive",1,"Flowering",1,NA,"1",0,0,1,NA,NA,NA
2020,15,3446,15,"C","1",NA,12,0,NA,2019,"",NA,NA,NA,"3446_15","drought","alive",1,"Vegetative",0,NA,"3",0,0,1,1,NA,NA
2021,15,3446,15,"C","3",NA,17,0,NA,2019,"",NA,NA,NA,"3446_15","drought","alive",1,"Vegetative",0,NA,"3",1,1,1,0,NA,NA
2022,15,3446,15,"C","3",32,25,1,"4",2019,"",NA,NA,NA,"3446_15","drought","alive",1,"Flowering",1,NA,"1",1,1,1,0,132,1
2023,15,3446,15,"C","1",29,19,1,"6.5",2019,"",NA,NA,NA,"3446_15","drought","alive",1,"Flowering",1,NA,"2",1,1,1,1,26,1
2024,15,3446,15,"C","2",21,19.5,1,"1.5",NA,"",NA,NA,NA,"3446_15","drought","alive",1,"Flowering",1,NA,"2",0,0,1,1,20,1
2025,15,3446,15,"C","2",NA,14,0,NA,NA,"",NA,NA,NA,"3446_15","drought","alive",1,"Vegetative",0,NA,"1",0,0,1,1,NA,NA
2026,15,3446,15,"C","1",NA,6.5,0,NA,NA,"",NA,NA,NA,"3446_15","drought","alive",1,"Vegetative",0,NA,NA,NA,NA,NA,0,NA,NA
2018,7,3446,16,"C","2",8.5,8.5,0,NA,2018,"",NA,NA,NA,"3446_7","drought","alive",1,"Vegetative",0,NA,"2",0,0,1,NA,NA,NA
2019,7,3446,16,"C","2",NA,13,0,NA,2018,"",NA,NA,NA,"3446_7","drought","alive",1,"Vegetative",0,NA,"3",0,0,1,0,NA,NA
2020,7,3446,16,"C","3",NA,21.8,0,NA,2018,"",NA,NA,NA,"3446_7","drought","alive",1,"Vegetative",0,NA,"2",0,0,1,0,NA,NA
2021,7,3446,16,"C","2",NA,15,0,NA,2018,"",NA,NA,NA,"3446_7","drought","alive",1,"Vegetative",0,NA,"2",2,1,1,0,NA,NA
2022,7,3446,16,"C","2",33,18,2,"6",2018,"",NA,NA,NA,"3446_7","drought","alive",1,"Flowering",1,NA,"6",5,1,1,0,4,1
2023,7,3446,16,"C","6",67,24,5,"16",2018,"3 umbels dead",NA,NA,NA,"3446_7","drought","alive",1,"Flowering",1,NA,NA,NA,NA,1,1,88,1
2024,7,3446,16,"C",NA,NA,NA,NA,NA,NA,"NPNT",NA,NA,NA,"3446_7","drought",NA,1,NA,NA,NA,"4",1,1,1,1,NA,NA
2025,7,3446,16,"C","4",61.5,24,1,"6",NA,"",NA,NA,NA,"3446_7","drought","alive",1,"Flowering",1,NA,NA,NA,NA,NA,NA,NA,NA
2026,7,3446,16,"C",NA,NA,NA,NA,NA,NA,"NPNT",NA,NA,NA,"3446_7","drought",NA,NA,NA,NA,NA,NA,NA,NA,NA,1,NA,NA
2018,7,3447,15,"D","2",13,13,0,NA,2018,"",NA,NA,NA,"3447_7","drought","alive",1,"Vegetative",0,NA,"3",0,0,1,NA,NA,NA
2019,7,3447,15,"D","3",NA,15,0,NA,2018,"",NA,NA,NA,"3447_7","drought","alive",1,"Vegetative",0,NA,"1",0,0,1,0,NA,NA
2020,7,3447,15,"D","1",NA,11.5,0,NA,2018,"",NA,NA,NA,"3447_7","drought","alive",1,"Vegetative",0,NA,"2",0,0,1,0,NA,NA
2021,7,3447,15,"D","2",NA,11,0,NA,2018,"",NA,NA,NA,"3447_7","drought","alive",1,"Vegetative",0,NA,"1",0,0,1,0,NA,NA
2022,7,3447,15,"D","1",NA,24,0,NA,2018,"",NA,NA,NA,"3447_7","drought","alive",1,"Vegetative",0,NA,"1",0,0,1,0,NA,NA
2023,7,3447,15,"D","1",NA,32,0,NA,2018,"",NA,NA,NA,"3447_7","drought","alive",1,"Vegetative",0,NA,"1",1,1,1,0,NA,NA
2024,7,3447,15,"D","1",51.5,14.5,1,"6",NA,"measured leaf very senesced",NA,NA,NA,"3447_7","drought","alive",1,"Flowering",1,NA,"1",1,1,1,0,0,0
2025,7,3447,15,"D","1",53,18,1,"6",NA,"",NA,NA,NA,"3447_7","drought","alive",1,"Flowering",1,NA,"0",NA,NA,NA,1,NA,NA
2026,7,3447,15,"D","0",NA,NA,NA,NA,NA,"NP",NA,NA,NA,"3447_7","drought",NA,NA,NA,NA,NA,NA,NA,NA,NA,1,NA,NA
2018,12,3448,6,"F","1",8,8,0,NA,2018,"",NA,NA,NA,"3448_12","irrigated","alive",1,"Vegetative",0,NA,"1",0,0,1,NA,NA,NA
2019,12,3448,6,"F","1",NA,13,0,NA,2018,"",NA,NA,NA,"3448_12","irrigated","alive",1,"Vegetative",0,NA,"1",1,1,1,0,NA,NA
2020,12,3448,6,"F","1",NA,10.8,1,"0",2018,"umbel eaten",NA,NA,NA,"3448_12","irrigated","alive",1,"Flowering",1,NA,"2",0,0,1,0,NA,NA
2021,12,3448,6,"F","2",NA,16,0,NA,2018,"",NA,NA,NA,"3448_12","irrigated","alive",1,"Vegetative",0,NA,"1",0,0,1,1,NA,NA
2022,12,3448,6,"F","1",NA,24,0,NA,2018,"",NA,NA,NA,"3448_12","irrigated","alive",1,"Vegetative",0,NA,"4",2,1,1,0,NA,NA
2023,12,3448,6,"F","4",60,15,2,"13",2018,"",NA,NA,NA,"3448_12","irrigated","alive",1,"Flowering",1,NA,"4",2,1,1,0,140,1
2024,12,3448,6,"F","4",53,14.5,2,"11",NA,"",NA,NA,NA,"3448_12","irrigated","alive",1,"Flowering",1,NA,"3",1,1,1,1,164,1
2025,12,3448,6,"F","3",24,16,1,"5",NA,"",NA,NA,NA,"3448_12","irrigated","alive",1,"Flowering",1,NA,"0",NA,NA,NA,1,4,1
2026,12,3448,6,"F","0",NA,NA,NA,NA,NA,"NP",NA,NA,NA,"3448_12","irrigated",NA,NA,NA,NA,NA,NA,NA,NA,NA,1,NA,NA
2018,12,3449,12,"B","1",5.5,5.5,0,NA,2018,"",NA,NA,NA,"3449_12","irrigated","alive",1,"Vegetative",0,NA,"2",0,0,1,NA,NA,NA
2019,12,3449,12,"B","2",NA,7.5,0,NA,2018,"",NA,NA,NA,"3449_12","irrigated","alive",1,"Vegetative",0,NA,"1",0,0,1,0,NA,NA
2020,12,3449,12,"B","1",NA,6.3,0,NA,2018,"",NA,NA,NA,"3449_12","irrigated","alive",1,"Vegetative",0,NA,"2",0,0,1,0,NA,NA
2021,12,3449,12,"B","2",NA,14,0,NA,2018,"",NA,NA,NA,"3449_12","irrigated","alive",1,"Vegetative",0,NA,"2",2,1,1,0,NA,NA
2022,12,3449,12,"B","2",31,16,2,"7.5",2018,"",NA,NA,NA,"3449_12","irrigated","alive",1,"Flowering",1,NA,"5",3,1,1,0,46,1
2023,12,3449,12,"B","5",43,16,3,"14.5",2018,"",NA,NA,NA,"3449_12","irrigated","alive",1,"Flowering",1,NA,"1",1,1,1,1,132,1
2024,12,3449,12,"B","1",21,16.5,1,"3",NA,"",NA,NA,NA,"3449_12","irrigated","alive",1,"Flowering",1,NA,"2",1,1,1,1,0,0
2025,12,3449,12,"B","2",26,18,1,"4",NA,"",NA,NA,NA,"3449_12","irrigated","alive",1,"Flowering",1,NA,"1",1,1,1,1,28,1
2026,12,3449,12,"B","1",21,11,1,"3",NA,"",NA,NA,NA,"3449_12","irrigated","alive",1,"Flowering",1,NA,NA,NA,NA,NA,1,0,0
2018,7,3450,4,"H","2",21,17.5,1,"3.5",2018,"",NA,NA,NA,"3450_7","drought","alive",1,"Flowering",1,NA,"2",2,1,1,NA,NA,NA
2019,7,3450,4,"H","2",24,10.5,2,"6",2018,"",NA,NA,NA,"3450_7","drought","alive",1,"Flowering",1,NA,"0",NA,NA,1,1,NA,NA
2020,7,3450,4,"H","0",NA,NA,NA,NA,2018,"no plant",NA,NA,NA,"3450_7","drought","dormant",1,"Dormant",NA,NA,"2",1,1,1,1,NA,NA
2021,7,3450,4,"H","2",12.5,16.5,1,"4",2018,"",NA,NA,NA,"3450_7","drought","alive",1,"Flowering",1,NA,"4",3,1,1,NA,0,0
2022,7,3450,4,"H","4",49,23.5,3,"26",2018,"",NA,NA,NA,"3450_7","drought","alive",1,"Flowering",1,NA,"3",3,1,1,1,138,1
2023,7,3450,4,"H","3",53,22.5,3,"22",2018,"",NA,NA,NA,"3450_7","drought","alive",1,"Flowering",1,NA,"4",3,1,1,1,156,1
2024,7,3450,4,"H","4",56,26,3,"23.5",NA,"",NA,NA,NA,"3450_7","drought","alive",1,"Flowering",1,NA,"2",3,1,1,1,370,1
2025,7,3450,4,"H","2",32,23,3,"5",NA,"",NA,NA,NA,"3450_7","drought","alive",1,"Flowering",1,NA,NA,NA,NA,NA,1,12,1
2026,7,3450,4,"H",NA,NA,NA,NA,NA,NA,"NPNT",NA,NA,NA,"3450_7","drought",NA,NA,NA,NA,NA,NA,NA,NA,NA,1,NA,NA
2018,12,3451,17,"D","1",6,6,0,NA,2018,"",NA,NA,NA,"3451_12","irrigated","alive",1,"Vegetative",0,NA,"1",0,0,1,NA,NA,NA
2019,12,3451,17,"D","1",NA,8,0,NA,2018,"",NA,NA,NA,"3451_12","irrigated","alive",1,"Vegetative",0,NA,"1",0,0,1,0,NA,NA
2020,12,3451,17,"D","1",NA,8.6,0,NA,2018,"",NA,NA,NA,"3451_12","irrigated","alive",1,"Vegetative",0,NA,"2",0,0,1,0,NA,NA
2021,12,3451,17,"D","2",NA,15.5,0,NA,2018,"in clump of anthox.",NA,NA,NA,"3451_12","irrigated","alive",1,"Vegetative",0,NA,"4",3,1,1,0,NA,NA
2022,12,3451,17,"D","4",44.5,16,3,"10.5",2018,"in clump of anthox. ",NA,NA,NA,"3451_12","irrigated","alive",1,"Flowering",1,NA,"1",0,0,1,0,228,1
2023,12,3451,17,"D","1",NA,13,0,NA,2018,"",NA,NA,NA,"3451_12","irrigated","alive",1,"Vegetative",0,NA,"1",0,0,1,1,NA,NA
2024,12,3451,17,"D","1",NA,13.5,0,NA,NA,"",NA,NA,NA,"3451_12","irrigated","alive",1,"Vegetative",0,NA,"1",0,0,1,0,NA,NA
2025,12,3451,17,"D","1",NA,16,0,NA,NA,"",NA,NA,NA,"3451_12","irrigated","alive",1,"Vegetative",0,NA,NA,NA,NA,NA,0,NA,NA
2026,12,3451,17,"D",NA,NA,NA,NA,NA,NA,"NPNT",NA,NA,NA,"3451_12","irrigated",NA,NA,NA,NA,NA,NA,NA,NA,NA,0,NA,NA
2018,7,3452,2,"E","3",19,14,1,"2.4",2018,"",NA,NA,NA,"3452_7","drought","alive",1,"Flowering",1,NA,"0",NA,NA,1,NA,NA,NA
2019,7,3452,2,"E","0",NA,NA,NA,NA,2018,"no plant",NA,NA,NA,"3452_7","drought","dormant",1,"Dormant",NA,NA,"1",0,0,1,1,NA,NA
2020,7,3452,2,"E","1",NA,18.9,0,NA,2018,"",NA,NA,NA,"3452_7","drought","alive",1,"Vegetative",0,NA,"1",0,0,1,NA,NA,NA
2021,7,3452,2,"E","1",NA,10,0,NA,2018,"",NA,NA,NA,"3452_7","drought","alive",1,"Vegetative",0,NA,"8",4,1,1,0,NA,NA
2022,7,3452,2,"E","8",46,19,4,"22.5",2018,"",NA,NA,NA,"3452_7","drought","alive",1,"Flowering",1,NA,"5",3,1,1,0,140,1
2023,7,3452,2,"E","5",42,17,3,"13.5",2018,"",NA,NA,NA,"3452_7","drought","alive",1,"Flowering",1,NA,"4",3,1,1,1,134,1
2024,7,3452,2,"E","4",37,28,3,"6",NA,"",NA,NA,NA,"3452_7","drought","alive",1,"Flowering",1,NA,"2",1,1,1,1,38,1
2025,7,3452,2,"E","2",31,12,1,NA,NA,"umbel dead",NA,NA,NA,"3452_7","drought","alive",1,"Flowering",1,NA,"0",NA,NA,NA,1,0,0
2026,7,3452,2,"E","0",NA,NA,NA,NA,NA,"NP",NA,NA,NA,"3452_7","drought",NA,NA,NA,NA,NA,NA,NA,NA,NA,1,NA,NA
2018,7,3453,0,"C","1",27,13,1,"3",2018,"",NA,NA,NA,"3453_7","drought","alive",1,"Flowering",1,NA,"2",1,1,1,NA,NA,NA
2019,7,3453,0,"C","2",29,20.5,1,"3",2018,"",NA,NA,NA,"3453_7","drought","alive",1,"Flowering",1,NA,"0",NA,NA,1,1,NA,NA
2020,7,3453,0,"C","0",NA,NA,NA,NA,2018,"no plant",NA,NA,NA,"3453_7","drought","dormant",1,"Dormant",NA,NA,"3",2,1,1,1,NA,NA
2021,7,3453,0,"C","3",23,13,2,NA,2018,"",NA,NA,NA,"3453_7","drought","alive",1,"Flowering",1,NA,"3",4,1,1,NA,28,1
2022,7,3453,0,"C","3",49,22,4,"22.5",2018,"",NA,NA,NA,"3453_7","drought","alive",1,"Flowering",1,NA,"0",NA,NA,0,1,124,1
2023,7,3453,0,"C","0",NA,NA,NA,NA,2018,"NP",NA,NA,NA,"3453_7","drought","dead",0,"Dead",NA,NA,NA,NA,NA,NA,1,NA,NA
2018,6,3454,15,"H","1",10.5,10.5,0,NA,2018,"",NA,NA,NA,"3454_6","irrigated","alive",1,"Vegetative",0,NA,"2",1,1,1,NA,NA,NA
2019,6,3454,15,"H","2",8,10.5,1,"1.5",2018,"",NA,NA,NA,"3454_6","irrigated","alive",1,"Flowering",1,NA,"2",0,0,1,0,NA,NA
2020,6,3454,15,"H","2",NA,10.3,0,NA,2018,"",NA,NA,NA,"3454_6","irrigated","alive",1,"Vegetative",0,NA,"2",1,1,1,1,NA,NA
2021,6,3454,15,"H","2",20,16.5,1,"3",2018,"",NA,NA,NA,"3454_6","irrigated","alive",1,"Flowering",1,NA,"0",NA,NA,0,0,0,0
2022,6,3454,15,"H","0",NA,NA,NA,NA,2018,"NP",NA,NA,NA,"3454_6","irrigated","dead",0,"Dead",NA,NA,NA,NA,NA,NA,1,NA,NA
2019,15,3455,15,"C","1",NA,8,0,NA,2019,"",NA,NA,NA,"3455_15","drought","alive",1,"Vegetative",0,NA,"0",NA,NA,1,NA,NA,NA
2020,15,3455,15,"C","0",NA,NA,NA,NA,2019,"no plant",NA,NA,NA,"3455_15","drought","dormant",1,"Dormant",NA,NA,"2",1,1,1,0,NA,NA
2021,15,3455,15,"C","2",18.5,13,1,"4",2019,"",NA,NA,NA,"3455_15","drought","alive",1,"Flowering",1,NA,"3",2,1,1,NA,0,0
2022,15,3455,15,"C","3",44.5,17,2,"9.5",2019,"",NA,NA,NA,"3455_15","drought","alive",1,"Flowering",1,NA,"3",2,1,1,1,178,1
2023,15,3455,15,"C","3",36,14,2,"7",2019,"1 umbel dead",NA,NA,NA,"3455_15","drought","alive",1,"Flowering",1,NA,"3",1,1,1,1,106,1
2024,15,3455,15,"C","3",23,14,1,"3.5",NA,"",NA,NA,NA,"3455_15","drought","alive",1,"Flowering",1,NA,"1",0,0,1,1,0,0
2025,15,3455,15,"C","1",NA,13.5,0,NA,NA,"",NA,NA,NA,"3455_15","drought","alive",1,"Vegetative",0,NA,"1",0,0,1,1,NA,NA
2026,15,3455,15,"C","1",NA,17,0,NA,NA,"",NA,NA,NA,"3455_15","drought","alive",1,"Vegetative",0,NA,NA,NA,NA,NA,0,NA,NA
2018,6,3455,11,"D","2",6,6,0,NA,2018,"",NA,NA,NA,"3455_6","irrigated","alive",1,"Vegetative",0,NA,"0",NA,NA,0,NA,NA,NA
2019,6,3455,11,"D","0",NA,NA,NA,NA,2018,"no plant",NA,NA,NA,"3455_6","irrigated","dead",0,"Dead",NA,NA,NA,NA,NA,NA,0,NA,NA
2018,6,3456,13,"B","3",22,22,0,NA,2018,"",NA,NA,NA,"3456_6","irrigated","alive",1,"Vegetative",0,NA,"4",1,1,1,NA,NA,NA
2019,6,3456,13,"B","4",23.5,16,1,"3",2018,"",NA,NA,NA,"3456_6","irrigated","alive",1,"Flowering",1,NA,"3",2,1,1,0,NA,NA
2020,6,3456,13,"B","3",33,13.2,2,"5.5",2018,"",NA,NA,NA,"3456_6","irrigated","alive",1,"Flowering",1,NA,"2",1,1,1,1,NA,NA
2021,6,3456,13,"B","2",32,17,1,"4",2018,"",NA,NA,NA,"3456_6","irrigated","alive",1,"Flowering",1,NA,"2",2,1,1,1,0,0
2022,6,3456,13,"B","2",50,15,2,"11.5",2022,"maybe 3456 (NPNT 2022)",NA,NA,NA,"3456_6","irrigated","alive",1,"Flowering",1,NA,"3",2,1,1,1,186,1
2023,6,3456,13,"B","3",41,30,2,"13",2022,"2022: could be same plant as 3456?",NA,1,NA,"3456_6","irrigated","alive",1,"Flowering",1,NA,"3",1,1,1,1,0,0
2024,6,3456,13,"B","3",46,14.5,1,"8",NA,"",NA,NA,NA,"3456_6","irrigated","alive",1,"Flowering",1,NA,"1",0,0,1,1,0,0
2025,6,3456,13,"B","1",NA,27.5,0,NA,NA,"",NA,NA,NA,"3456_6","irrigated","alive",1,"Vegetative",0,NA,"0",NA,NA,NA,1,NA,NA
2026,6,3456,13,"B","0",NA,NA,NA,NA,NA,"NP",NA,NA,NA,"3456_6","irrigated",NA,NA,NA,NA,NA,NA,NA,NA,NA,0,NA,NA
2019,15,3457,18,"A","2",NA,15,0,NA,2019,"",NA,NA,NA,"3457_15","drought","alive",1,"Vegetative",0,NA,NA,NA,NA,1,NA,NA,NA
2020,15,3457,18,"A",NA,NA,NA,NA,NA,2019,"NS",NA,NA,NA,"3457_15","drought",NA,1,NA,NA,NA,"5",1,1,1,0,NA,NA
2021,15,3457,18,"A","5",14,14.5,1,"1.5",2019,"",NA,NA,NA,"3457_15","drought","alive",1,"Flowering",1,NA,"4",2,1,1,NA,NA,NA
2022,15,3457,18,"A","4",47,26,2,"7",2019,"",NA,NA,NA,"3457_15","drought","alive",1,"Flowering",1,NA,"9",5,1,1,1,68,1
2023,15,3457,18,"A","9",46,12.5,5,"15.5",2019,"1 dead umbel",NA,NA,NA,"3457_15","drought","alive",1,"Flowering",1,NA,"6",2,1,1,1,138,1
2024,15,3457,18,"A","6",40,20,2,"6",NA,"",NA,NA,NA,"3457_15","drought","alive",1,"Flowering",1,NA,"3",0,0,1,1,40,1
2025,15,3457,18,"A","3",NA,28.5,0,NA,NA,"",NA,NA,NA,"3457_15","drought","alive",1,"Vegetative",0,NA,"4",0,0,1,1,NA,NA
2026,15,3457,18,"A","4",NA,22.5,0,NA,NA,"",NA,NA,NA,"3457_15","drought","alive",1,"Vegetative",0,NA,NA,NA,NA,NA,0,NA,NA
2019,15,3458,8,"I","2",NA,13,0,NA,2019,"",NA,NA,NA,"3458_15","drought","alive",1,"Vegetative",0,NA,"0",NA,NA,1,NA,NA,NA
2020,15,3458,8,"I","0",NA,NA,NA,NA,2019,"no plant",NA,NA,NA,"3458_15","drought","dormant",1,"Dormant",NA,NA,"7",0,0,1,0,NA,NA
2021,15,3458,8,"I","7",NA,12,0,NA,2019,"",NA,NA,NA,"3458_15","drought","alive",1,"Vegetative",0,NA,"2",1,1,1,NA,NA,NA
2022,15,3458,8,"I","2",34,15,1,"4",2019,"",NA,NA,NA,"3458_15","drought","alive",1,"Flowering",1,NA,"3",2,1,1,0,0,0
2023,15,3458,8,"I","3",54,14,2,"8",2019,"",NA,NA,NA,"3458_15","drought","alive",1,"Flowering",1,NA,"2",1,1,1,1,NA,NA
2024,15,3458,8,"I","2",22.5,20,1,"3",NA,"stem grazed; likely other umbels lost check phen",NA,NA,NA,"3458_15","drought","alive",1,"Flowering",1,NA,"0",NA,NA,0,1,0,0
2025,15,3458,8,"I","0",NA,NA,NA,NA,NA,"NP",NA,NA,NA,"3458_15","drought","dead",0,"Dead",NA,NA,NA,NA,NA,NA,1,NA,NA
2018,4,3458,5,"F","1",12.5,12.5,0,NA,2018,"",NA,NA,NA,"3458_4","irrigated","alive",1,"Vegetative",0,NA,"1",0,0,1,NA,NA,NA
2019,4,3458,5,"F","1",NA,12.5,0,NA,2018,"",NA,NA,NA,"3458_4","irrigated","alive",1,"Vegetative",0,NA,"2",1,1,1,0,NA,NA
2020,4,3458,5,"F","2",30,9.8,1,"4.8",2018,"",NA,NA,NA,"3458_4","irrigated","alive",1,"Flowering",1,NA,NA,NA,NA,0,0,NA,NA
2021,4,3458,5,"F",NA,NA,NA,NA,NA,2018,"NPNT",NA,NA,NA,"3458_4","irrigated","dead",0,"Dead",NA,NA,NA,NA,NA,NA,1,NA,NA
2019,14,3459,1,"A","1",NA,10,0,NA,2019,"",NA,NA,NA,"3459_14","drought","alive",1,"Vegetative",0,NA,"1",0,0,1,NA,NA,NA
2020,14,3459,1,"A","1",NA,12.2,0,NA,2019,"",NA,NA,NA,"3459_14","drought","alive",1,"Vegetative",0,NA,"2",0,0,1,0,NA,NA
2021,14,3459,1,"A","2",NA,20,0,NA,2019,"",NA,NA,NA,"3459_14","drought","alive",1,"Vegetative",0,NA,"5",3,1,1,0,NA,NA
2022,14,3459,1,"A","5",39,14.5,3,"7",2019,"has black fungus, 1 umbel clipped, one 1/2 eaten",NA,NA,NA,"3459_14","drought","alive",1,"Flowering",1,NA,"3",2,1,1,0,92,1
2023,14,3459,1,"A","3",39,16.5,2,"7",2019,"",NA,NA,NA,"3459_14","drought","alive",1,"Flowering",1,NA,NA,NA,NA,NA,1,30,1
2024,14,3459,1,"A",NA,NA,NA,NA,NA,NA,"NPNT",NA,NA,NA,"3459_14","drought",NA,NA,NA,NA,NA,NA,NA,NA,0,1,NA,NA
2025,14,3459,1,"A",NA,NA,NA,NA,NA,NA,"NPNT > 2 years",NA,NA,NA,"3459_14","drought","dead",0,"Dead",NA,NA,NA,NA,NA,NA,NA,NA,NA
2022,4,3459,5,"H","2",NA,15,0,NA,2022,"",NA,NA,NA,"3459_4","irrigated","alive",1,"Vegetative",0,NA,"1",0,0,1,NA,NA,NA
2023,4,3459,5,"H","1",NA,14,0,NA,2022,"",NA,NA,NA,"3459_4","irrigated","alive",1,"Vegetative",0,NA,"1",0,0,1,0,NA,NA
2024,4,3459,5,"H","1",NA,15,0,NA,2022,"",NA,NA,NA,"3459_4","irrigated","alive",1,"Vegetative",0,NA,NA,NA,NA,NA,0,NA,NA
2025,4,3459,5,"H",NA,NA,NA,NA,NA,2022,"NPNT",NA,NA,NA,"3459_4","irrigated",NA,NA,NA,NA,NA,NA,NA,NA,NA,0,NA,NA
2026,4,3459,5,"H",NA,NA,NA,NA,NA,2022,"NPNT 2 yrs",NA,NA,NA,"3459_4","irrigated",NA,NA,NA,NA,NA,NA,NA,NA,NA,NA,NA,NA
2018,4,3459,5,"H","1",4,4,0,NA,2018,"",NA,NA,NA,"3459_4_senior","irrigated","alive",1,"Vegetative",0,NA,NA,NA,NA,0,NA,NA,NA
2019,4,3459,5,"H",NA,NA,NA,NA,NA,2018,"NPNT",NA,NA,NA,"3459_4_senior","irrigated","dead",0,"Dead",NA,NA,NA,NA,NA,NA,0,NA,NA
2019,14,3460,7,"J","5",35,22,2,"3.5",2019,"",NA,NA,NA,"3460_14","drought","alive",1,"Flowering",1,NA,"1",0,0,1,NA,NA,NA
2020,14,3460,7,"J","1",NA,18.5,0,NA,2019,"",NA,NA,NA,"3460_14","drought","alive",1,"Vegetative",0,NA,"2",0,0,1,1,NA,NA
2021,14,3460,7,"J","2",NA,16,0,NA,2019,"",NA,NA,NA,"3460_14","drought","alive",1,"Vegetative",0,NA,"0",NA,NA,0,0,NA,NA
2022,14,3460,7,"J","0",NA,NA,NA,NA,2019,"NP",NA,NA,NA,"3460_14","drought","dead",0,"Dead",NA,NA,NA,NA,NA,NA,0,NA,NA
2018,4,3460,3,"J","2",12.5,8,1,"2.3",2018,"",NA,NA,NA,"3460_4","irrigated","alive",1,"Flowering",1,NA,"1",0,0,1,NA,NA,NA
2019,4,3460,3,"J","1",NA,8.5,0,NA,2018,"",NA,NA,NA,"3460_4","irrigated","alive",1,"Vegetative",0,NA,"1",0,0,1,1,NA,NA
2020,4,3460,3,"J","1",NA,10,0,NA,2018,"",NA,NA,NA,"3460_4","irrigated","alive",1,"Vegetative",0,NA,"2",1,1,1,0,NA,NA
2021,4,3460,3,"J","2",33,10.5,1,"5",2018,"",NA,NA,NA,"3460_4","irrigated","alive",1,"Flowering",1,NA,"0",NA,NA,0,0,74,1
2022,4,3460,3,"J","0",NA,NA,NA,NA,2018,"NP",NA,NA,NA,"3460_4","irrigated","dead",0,"Dead",NA,NA,NA,NA,NA,NA,1,NA,NA
2018,3,3461,4,"C","1",13,13,0,NA,2018,"",NA,NA,NA,"3461_3","control","alive",1,"Vegetative",0,NA,"1",0,0,1,NA,NA,NA
2019,3,3461,4,"C","1",NA,11.5,0,NA,2018,"",NA,NA,NA,"3461_3","control","alive",1,"Vegetative",0,NA,"1",0,0,1,0,NA,NA
2020,3,3461,4,"C","1",NA,8,0,NA,2018,"",NA,NA,NA,"3461_3","control","alive",1,"Vegetative",0,NA,"1",0,0,1,0,NA,NA
2021,3,3461,4,"C","1",NA,15,0,NA,2018,"",NA,NA,NA,"3461_3","control","alive",1,"Vegetative",0,NA,"1",0,0,1,0,NA,NA
2022,3,3461,4,"C","1",NA,21,0,NA,2018,"",NA,NA,NA,"3461_3","control","alive",1,"Vegetative",0,NA,"1",0,0,1,0,NA,NA
2023,3,3461,4,"C","1",NA,22,0,NA,2018,"",NA,NA,NA,"3461_3","control","alive",1,"Vegetative",0,NA,"1",0,0,1,0,NA,NA
2024,3,3461,4,"C","1",NA,17,0,NA,NA,"accidentally pulled leaf",NA,NA,NA,"3461_3","control","alive",1,"Vegetative",0,NA,"0",NA,NA,1,0,NA,NA
2025,3,3461,4,"C","0",NA,NA,NA,NA,NA,"NP",NA,NA,NA,"3461_3","control","dormant",1,"Dormant",NA,NA,"1",0,0,1,0,NA,NA
2026,3,3461,4,"C","1",NA,20.5,0,NA,NA,"",NA,NA,NA,"3461_3","control","alive",1,"Vegetative",0,NA,NA,NA,NA,NA,NA,NA,NA
2018,3,3462,2,"A","4",23,16.5,2,"3.8",2018,"",NA,NA,NA,"3462_3","control","alive",1,"Flowering",1,NA,"2",0,0,1,NA,NA,NA
2019,3,3462,2,"A","2",NA,16,0,NA,2018,"",NA,NA,NA,"3462_3","control","alive",1,"Vegetative",0,NA,"0",NA,NA,1,1,NA,NA
2020,3,3462,2,"A","0",NA,NA,NA,NA,2018,"no plant",NA,NA,NA,"3462_3","control","dormant",1,"Dormant",NA,NA,"1",0,0,1,0,NA,NA
2021,3,3462,2,"A","1",NA,16,0,NA,2018,"",NA,NA,NA,"3462_3","control","alive",1,"Vegetative",0,NA,"6",3,1,1,NA,NA,NA
2022,3,3462,2,"A","6",53,18,3,"12.5",2018,"",NA,NA,NA,"3462_3","control","alive",1,"Flowering",1,NA,"3",2,1,1,0,260,1
2023,3,3462,2,"A","3",35,21,2,"9.5",2018,"",NA,NA,NA,"3462_3","control","alive",1,"Flowering",1,NA,"1",1,1,1,1,0,0
2024,3,3462,2,"A","1",24.5,24.5,1,"4",NA,"",NA,NA,NA,"3462_3","control","alive",1,"Flowering",1,NA,"3",1,1,1,1,0,0
2025,3,3462,2,"A","3",32,22.5,1,"2",NA,"",NA,NA,1,"3462_3","control","alive",1,"Flowering",1,NA,"4",1,1,1,1,38,1
2026,3,3462,2,"A","4",27,19,1,"1.5",NA,"",NA,NA,NA,"3462_3","control","alive",1,"Flowering",1,NA,NA,NA,NA,NA,1,0,0
2019,14,3463,5,"B","1",NA,4,0,NA,2019,"",NA,NA,NA,"3463_14","drought","alive",1,"Vegetative",0,NA,"0",NA,NA,1,NA,NA,NA
2020,14,3463,5,"B","0",NA,NA,NA,NA,2019,"no plant",NA,NA,NA,"3463_14","drought","dormant",1,"Dormant",NA,NA,"1",0,0,1,0,NA,NA
2021,14,3463,5,"B","1",NA,7,0,NA,2019,"",NA,NA,NA,"3463_14","drought","alive",1,"Vegetative",0,NA,"2",1,1,1,NA,NA,NA
2022,14,3463,5,"B","2",41,20.5,1,"5",2019,"",NA,NA,NA,"3463_14","drought","alive",1,"Flowering",1,NA,"1",0,0,1,0,0,0
2023,14,3463,5,"B","1",NA,23,0,NA,2019,"",NA,NA,NA,"3463_14","drought","alive",1,"Vegetative",0,NA,"2",1,1,1,1,NA,NA
2024,14,3463,5,"B","2",21.5,8.5,1,"3",NA,"basal leaf gone",NA,NA,NA,"3463_14","drought","alive",1,"Flowering",1,NA,"3",0,0,1,0,2,1
2025,14,3463,5,"B","3",NA,22,0,NA,NA,"",NA,NA,NA,"3463_14","drought","alive",1,"Vegetative",0,NA,"3",0,0,1,1,NA,NA
2026,14,3463,5,"B","3",NA,29.5,0,NA,NA,"in 7A",NA,NA,NA,"3463_14","drought","alive",1,"Vegetative",0,NA,NA,NA,NA,NA,0,NA,NA
2018,3,3463,0,"B","1",13.5,13.5,0,NA,2018,"",NA,NA,NA,"3463_3","control","alive",1,"Vegetative",0,NA,"1",0,0,1,NA,NA,NA
2019,3,3463,0,"B","1",NA,12,0,NA,2018,"",NA,NA,NA,"3463_3","control","alive",1,"Vegetative",0,NA,"1",0,0,1,0,NA,NA
2020,3,3463,0,"B","1",NA,13.6,0,NA,2018,"",NA,NA,NA,"3463_3","control","alive",1,"Vegetative",0,NA,"0",NA,NA,0,0,NA,NA
2021,3,3463,0,"B","0",NA,NA,NA,NA,2018,"NP",NA,NA,NA,"3463_3","control","dead",0,"Dead",NA,NA,NA,NA,NA,NA,0,NA,NA
2019,14,3464,1,"B","1",NA,9,0,NA,2019,"",NA,NA,NA,"3464_14","drought","alive",1,"Vegetative",0,NA,"1",0,0,1,NA,NA,NA
2020,14,3464,1,"B","1",NA,9.5,0,NA,2019,"",NA,NA,NA,"3464_14","drought","alive",1,"Vegetative",0,NA,"2",0,0,1,0,NA,NA
2021,14,3464,1,"B","2",NA,14,0,NA,2019,"",NA,NA,NA,"3464_14","drought","alive",1,"Vegetative",0,NA,"1",1,1,1,0,NA,NA
2022,14,3464,1,"B","1",31,9.5,1,"3.5",2019,"",NA,NA,NA,"3464_14","drought","alive",1,"Flowering",1,NA,"2",1,1,1,0,28,1
2023,14,3464,1,"B","2",39,13,1,"5",2019,"",NA,NA,NA,"3464_14","drought","alive",1,"Flowering",1,NA,"1",0,0,1,1,54,1
2024,14,3464,1,"B","1",NA,19.5,0,NA,NA,"",NA,NA,NA,"3464_14","drought","alive",1,"Vegetative",0,NA,"1",0,0,1,1,NA,NA
2025,14,3464,1,"B","1",NA,17.5,0,NA,NA,"",NA,NA,NA,"3464_14","drought","alive",1,"Vegetative",0,NA,NA,NA,NA,NA,0,NA,NA
2026,14,3464,1,"B",NA,NA,NA,NA,NA,NA,"NPNT",NA,NA,NA,"3464_14","drought",NA,NA,NA,NA,NA,NA,NA,NA,NA,0,NA,NA
2018,5,3464,3,"A","1",11,11,0,NA,2018,"",NA,NA,NA,"3464_5","drought","alive",1,"Vegetative",0,NA,"0",NA,NA,0,NA,NA,NA
2019,5,3464,3,"A","0",NA,NA,NA,NA,2018,"no plant",NA,NA,NA,"3464_5","drought","dead",0,"Dead",NA,NA,NA,NA,NA,NA,0,NA,NA
2018,5,3465,4,"C","2",16.5,11,1,"2.25",2018,"",NA,NA,NA,"3465_5","drought","alive",1,"Flowering",1,NA,"1",0,0,1,NA,NA,NA
2019,5,3465,4,"C","1",NA,14,0,NA,2018,"",NA,NA,NA,"3465_5","drought","alive",1,"Vegetative",0,NA,"0",NA,NA,1,1,NA,NA
2020,5,3465,4,"C","0",NA,NA,NA,NA,2018,"no plant",NA,NA,NA,"3465_5","drought","dormant",1,"Dormant",NA,NA,"1",0,0,1,0,NA,NA
2021,5,3465,4,"C","1",NA,19,0,NA,2018,"",NA,NA,NA,"3465_5","drought","alive",1,"Vegetative",0,NA,"5",2,1,1,NA,NA,NA
2022,5,3465,4,"C","5",30,22,2,"6.5",2018,"",NA,NA,NA,"3465_5","drought","alive",1,"Flowering",1,NA,"3",2,1,1,0,56,1
2023,5,3465,4,"C","3",9,12,2,"3.5",2018,"",NA,NA,NA,"3465_5","drought","alive",1,"Flowering",1,NA,"3",2,1,1,1,2,1
2024,5,3465,4,"C","3",27.5,17,2,"4",NA,"",NA,NA,NA,"3465_5","drought","alive",1,"Flowering",1,NA,"4",2,1,1,1,6,1
2025,5,3465,4,"C","4",30,15,2,"6.5",NA,"",NA,NA,NA,"3465_5","drought","alive",1,"Flowering",1,NA,"7",4,1,1,1,6,1
2026,5,3465,4,"C","7",27.5,21.5,4,"7",NA,"",NA,NA,NA,"3465_5","drought","alive",1,"Flowering",1,NA,NA,NA,NA,NA,1,10,1
2019,6,3465,17,"F","1",14,12.5,1,"2.5",2019,"",NA,NA,NA,"3465_6","irrigated","alive",1,"Flowering",1,NA,"1",0,0,1,NA,NA,NA
2020,6,3465,17,"F","1",NA,13.2,0,NA,2019,"",NA,NA,NA,"3465_6","irrigated","alive",1,"Vegetative",0,NA,"1",0,0,1,1,NA,NA
2021,6,3465,17,"F","1",NA,17.5,0,NA,2019,"",NA,NA,NA,"3465_6","irrigated","alive",1,"Vegetative",0,NA,"1",0,0,1,0,NA,NA
2022,6,3465,17,"F","1",NA,17.5,0,NA,2019,"",NA,NA,NA,"3465_6","irrigated","alive",1,"Vegetative",0,NA,"1",0,0,1,0,NA,NA
2023,6,3465,17,"F","1",NA,7,0,NA,2019,"",NA,NA,NA,"3465_6","irrigated","alive",1,"Vegetative",0,NA,"1",0,0,1,0,NA,NA
2024,6,3465,17,"F","1",NA,18,0,NA,NA,"",NA,NA,NA,"3465_6","irrigated","alive",1,"Vegetative",0,NA,"1",0,0,1,0,NA,NA
2025,6,3465,17,"F","1",NA,23,0,NA,NA,"",NA,NA,NA,"3465_6","irrigated","alive",1,"Vegetative",0,NA,"0",NA,NA,NA,0,NA,NA
2026,6,3465,17,"F","0",NA,NA,NA,NA,NA,"NP, hole",NA,NA,NA,"3465_6","irrigated",NA,NA,NA,NA,NA,NA,NA,NA,NA,0,NA,NA
2018,5,3466,4,"B","1",9,9,0,NA,2018,"",NA,NA,NA,"3466_5","drought","alive",1,"Vegetative",0,NA,"1",0,0,1,NA,NA,NA
2019,5,3466,4,"B","1",NA,6,0,NA,2018,"",NA,NA,NA,"3466_5","drought","alive",1,"Vegetative",0,NA,"1",0,0,1,0,NA,NA
2020,5,3466,4,"B","1",NA,6.2,0,NA,2018,"",NA,NA,NA,"3466_5","drought","alive",1,"Vegetative",0,NA,"2",0,0,1,0,NA,NA
2021,5,3466,4,"B","2",NA,10.5,0,NA,2018,"",NA,NA,NA,"3466_5","drought","alive",1,"Vegetative",0,NA,"2",0,0,1,0,NA,NA
2022,5,3466,4,"B","2",NA,20,0,NA,2018,"",NA,NA,NA,"3466_5","drought","alive",1,"Vegetative",0,NA,"2",1,1,1,0,NA,NA
2023,5,3466,4,"B","2",14,13,1,"2",2018,"think it's seeding?",NA,NA,NA,"3466_5","drought","alive",1,"Flowering",1,NA,"2",1,1,1,0,0,0
2024,5,3466,4,"B","2",12.5,16,1,"1.5",NA,"",NA,NA,NA,"3466_5","drought","alive",1,"Flowering",1,NA,"2",0,0,1,1,0,0
2025,5,3466,4,"B","2",NA,6,0,NA,NA,"",NA,NA,NA,"3466_5","drought","alive",1,"Vegetative",0,NA,"2",1,1,1,1,NA,NA
2026,5,3466,4,"B","2",8.5,18.5,1,"1",NA,"",NA,NA,NA,"3466_5","drought","alive",1,"Flowering",1,NA,NA,NA,NA,NA,0,0,0
2019,6,3466,19,"B","2",NA,21,0,NA,2019,"",NA,NA,NA,"3466_6","irrigated","alive",1,"Vegetative",0,NA,"1",0,0,1,NA,NA,NA
2020,6,3466,19,"B","1",NA,12,0,NA,2019,"",NA,NA,NA,"3466_6","irrigated","alive",1,"Vegetative",0,NA,"2",1,1,1,0,NA,NA
2021,6,3466,19,"B","2",19.5,17.5,1,"6",2019,"",NA,NA,NA,"3466_6","irrigated","alive",1,"Flowering",1,NA,"5",3,1,1,0,10,1
2022,6,3466,19,"B","5",52,21.5,3,"18",2019,"edge of plot",NA,NA,NA,"3466_6","irrigated","alive",1,"Flowering",1,NA,"5",3,1,1,1,260,1
2023,6,3466,19,"B","5",42,23.5,3,"12.5",2019,"edge of plot",NA,NA,NA,"3466_6","irrigated","alive",1,"Flowering",1,NA,"3",2,1,1,1,72,1
2024,6,3466,19,"B","3",42,19,2,"6.5",NA,"",NA,NA,NA,"3466_6","irrigated","alive",1,"Flowering",1,NA,"4",1,1,1,1,62,1
2025,6,3466,19,"B","4",26,24,1,"5",NA,"",NA,NA,NA,"3466_6","irrigated","alive",1,"Flowering",1,NA,"4",2,1,1,1,0,0
2026,6,3466,19,"B","4",35,23,2,"7.5",NA,"",NA,NA,NA,"3466_6","irrigated","alive",1,"Flowering",1,NA,NA,NA,NA,NA,1,0,0
2018,5,3467,0,"H","3",16,11,1,"3",2018,"",NA,NA,NA,"3467_5","drought","alive",1,"Flowering",1,NA,"0",NA,NA,1,NA,NA,NA
2019,5,3467,0,"H","0",NA,NA,NA,NA,2018,"no plant",NA,NA,NA,"3467_5","drought","dormant",1,"Dormant",NA,NA,"3",0,0,1,1,NA,NA
2020,5,3467,0,"H","3",NA,10.7,0,NA,2018,"",NA,NA,NA,"3467_5","drought","alive",1,"Vegetative",0,NA,"2",0,0,1,NA,NA,NA
2021,5,3467,0,"H","2",NA,12,0,NA,2018,"",NA,NA,NA,"3467_5","drought","alive",1,"Vegetative",0,NA,"5",0,0,1,0,NA,NA
2022,5,3467,0,"H","5",NA,21,0,NA,2018,"",NA,NA,NA,"3467_5","drought","alive",1,"Vegetative",0,NA,"2",0,0,1,0,NA,NA
2023,5,3467,0,"H","2",NA,20,0,NA,2018,"",NA,NA,NA,"3467_5","drought","alive",1,"Vegetative",0,NA,"0",NA,NA,1,0,NA,NA
2024,5,3467,0,"H","0",NA,NA,NA,NA,NA,"NP",NA,NA,NA,"3467_5","drought","dormant",1,"Dormant",NA,NA,"1",0,0,1,0,NA,NA
2025,5,3467,0,"H","1",NA,14,0,NA,NA,"mostly yellow but there",NA,NA,NA,"3467_5","drought","alive",1,"Vegetative",0,NA,"0",NA,NA,NA,NA,NA,NA
2026,5,3467,0,"H","0",NA,NA,NA,NA,NA,"NP",NA,NA,NA,"3467_5","drought",NA,NA,NA,NA,NA,NA,NA,NA,NA,0,NA,NA
2019,14,3468,5,"C","2",20,11,1,"2.5",2019,"",NA,NA,NA,"3468_14","drought","alive",1,"Flowering",1,NA,"1",0,0,1,NA,NA,NA
2020,14,3468,5,"C","1",NA,13.2,0,NA,2019,"",NA,NA,NA,"3468_14","drought","alive",1,"Vegetative",0,NA,"2",0,0,1,1,NA,NA
2021,14,3468,5,"C","2",NA,16,0,NA,2019,"",NA,NA,NA,"3468_14","drought","alive",1,"Vegetative",0,NA,"1",0,0,1,0,NA,NA
2022,14,3468,5,"C","1",NA,19,0,NA,2019,"",NA,NA,NA,"3468_14","drought","alive",1,"Vegetative",0,NA,"2",0,0,1,0,NA,NA
2023,14,3468,5,"C","2",NA,20,0,NA,2019,"",NA,NA,NA,"3468_14","drought","alive",1,"Vegetative",0,NA,NA,NA,NA,1,0,NA,NA
2024,14,3468,5,"C",NA,NA,NA,NA,NA,NA,"NPNT; misread of 3486?",NA,NA,NA,"3468_14","drought",NA,1,NA,NA,NA,"1",0,0,1,0,NA,NA
2025,14,3468,5,"C","1",NA,19,0,NA,NA,"",NA,NA,NA,"3468_14","drought","alive",1,"Vegetative",0,NA,"2",0,0,1,NA,NA,NA
2026,14,3468,5,"C","2",NA,18.5,0,NA,NA,"",NA,NA,NA,"3468_14","drought","alive",1,"Vegetative",0,NA,NA,NA,NA,NA,0,NA,NA
2018,5,3468,1,"J","3",11.5,15,1,"2.25",2018,"",NA,NA,NA,"3468_5","drought","alive",1,"Flowering",1,NA,"1",1,1,1,NA,NA,NA
2019,5,3468,1,"J","1",10,14,1,"3",2018,"gone to seed",NA,NA,NA,"3468_5","drought","alive",1,"Flowering",1,NA,"2",0,0,1,1,NA,NA
2020,5,3468,1,"J","2",NA,16.5,0,NA,2018,"",NA,NA,NA,"3468_5","drought","alive",1,"Vegetative",0,NA,"1",0,0,1,1,NA,NA
2021,5,3468,1,"J","1",NA,12.5,0,NA,2018,"",NA,NA,NA,"3468_5","drought","alive",1,"Vegetative",0,NA,"3",0,0,1,0,NA,NA
2022,5,3468,1,"J","3",NA,30,0,NA,2018,"",NA,NA,NA,"3468_5","drought","alive",1,"Vegetative",0,NA,"3",2,1,1,0,NA,NA
2023,5,3468,1,"J","3",25,14,2,"6.5",2018,"",NA,NA,NA,"3468_5","drought","alive",1,"Flowering",1,NA,"2",1,1,1,0,8,1
2024,5,3468,1,"J","2",17,18.5,1,"3",NA,"",NA,NA,NA,"3468_5","drought","alive",1,"Flowering",1,NA,"1",0,0,1,1,6,1
2025,5,3468,1,"J","1",NA,21,0,NA,NA,"",NA,NA,NA,"3468_5","drought","alive",1,"Vegetative",0,NA,"1",0,0,1,1,NA,NA
2026,5,3468,1,"J","1",NA,13,0,NA,NA,"",NA,NA,NA,"3468_5","drought","alive",1,"Vegetative",0,NA,NA,NA,NA,NA,0,NA,NA
2019,14,3469,3,"A","2",10.5,10,1,"2",2019,"",NA,NA,NA,"3469_14","drought","alive",1,"Flowering",1,NA,"2",0,0,1,NA,NA,NA
2020,14,3469,3,"A","2",NA,11,0,NA,2019,"",NA,NA,NA,"3469_14","drought","alive",1,"Vegetative",0,NA,"3",0,0,1,1,NA,NA
2021,14,3469,3,"A","3",NA,11,0,NA,2019,"",NA,NA,NA,"3469_14","drought","alive",1,"Vegetative",0,NA,"4",2,1,1,0,NA,NA
2022,14,3469,3,"A","4",25.5,16.5,2,"3.5",2019,"one umbel clipped ",NA,NA,NA,"3469_14","drought","alive",1,"Flowering",1,NA,"5",4,1,1,0,2,1
2023,14,3469,3,"A","5",34,13.5,4,"7",2019,"",NA,NA,NA,"3469_14","drought","alive",1,"Flowering",1,NA,"3",2,1,1,1,96,1
2024,14,3469,3,"A","3",25,17,2,"4.5",NA,"",NA,NA,NA,"3469_14","drought","alive",1,"Flowering",1,NA,"5",1,1,1,1,34,1
2025,14,3469,3,"A","5",NA,17,1,NA,NA,"",NA,NA,NA,"3469_14","drought","alive",1,"Flowering",1,NA,"1",0,0,1,1,0,0
2026,14,3469,3,"A","1",NA,17,0,NA,NA,"",NA,NA,NA,"3469_14","drought","alive",1,"Vegetative",0,NA,NA,NA,NA,NA,1,NA,NA
2018,5,3469,3,"H","3",10,10,0,NA,2018,"",NA,NA,NA,"3469_5","drought","alive",1,"Vegetative",0,NA,"1",0,0,1,NA,NA,NA
2019,5,3469,3,"H","1",NA,12.5,0,NA,2018,"",NA,NA,NA,"3469_5","drought","alive",1,"Vegetative",0,NA,"0",NA,NA,1,0,NA,NA
2020,5,3469,3,"H","0",NA,NA,NA,NA,2018,"no plant",NA,NA,NA,"3469_5","drought","dormant",1,"Dormant",NA,NA,"5",0,0,1,0,NA,NA
2021,5,3469,3,"H","5",NA,15,0,NA,2018,"",NA,NA,NA,"3469_5","drought","alive",1,"Vegetative",0,NA,"0",NA,NA,0,NA,NA,NA
2022,5,3469,3,"H","0",NA,NA,NA,NA,2018,"NP in 2020, tag pulled in 2022",1,NA,NA,"3469_5","drought","dead",0,"Dead",NA,NA,NA,NA,NA,NA,0,NA,NA
2021,5,3470,13,"I","2",10,10.5,1,"2.5",2021,"",NA,NA,NA,"3470_5","drought","alive",1,"Flowering",1,NA,"0",NA,NA,1,NA,0,0
2022,5,3470,13,"I","0",NA,NA,NA,NA,2021,"NP",NA,NA,NA,"3470_5","drought","dormant",1,"Dormant",NA,NA,"4",2,1,1,1,NA,NA
2023,5,3470,13,"I","4",33,12,2,"1.5",2021,"",NA,NA,NA,"3470_5","drought","alive",1,"Flowering",1,NA,"3",2,1,1,NA,NA,NA
2024,5,3470,13,"I","3",20,12.5,2,"3",2021,"",NA,NA,NA,"3470_5","drought","alive",1,"Flowering",1,NA,"1",0,0,1,1,0,0
2025,5,3470,13,"I","1",NA,13,0,NA,2021,"",NA,NA,NA,"3470_5","drought","alive",1,"Vegetative",0,NA,"0",NA,NA,NA,1,NA,NA
2026,5,3470,13,"I","0",NA,NA,NA,NA,2021,"NP",NA,NA,NA,"3470_5","drought",NA,NA,NA,NA,NA,NA,NA,NA,NA,0,NA,NA
2018,5,3470,13,"I","2",10,10,0,NA,2018,"",NA,NA,NA,"3470_5_senior","drought","alive",1,"Vegetative",0,NA,"0",NA,NA,0,NA,NA,NA
2019,5,3470,13,"I","0",NA,NA,NA,NA,2018,"no plant",NA,NA,NA,"3470_5_senior","drought","dead",0,"Dead",NA,NA,NA,NA,NA,NA,0,NA,NA
2019,14,3471,9,"A","1",NA,12,0,NA,2019,"",NA,NA,NA,"3471_14","drought","alive",1,"Vegetative",0,NA,"0",NA,NA,0,NA,NA,NA
2020,14,3471,9,"A","0",NA,NA,NA,NA,2019,"incorrectly entered as 3417 in 2019, no plant",NA,NA,NA,"3471_14","drought","dead",0,"Dead",NA,NA,NA,NA,NA,NA,0,NA,NA
2021,5,3471,11,"D","1",NA,13.5,0,NA,2021,"",NA,NA,NA,"3471_5","drought","alive",1,"Vegetative",0,NA,"0",NA,NA,1,NA,NA,NA
2022,5,3471,11,"D","0",NA,NA,NA,NA,2021,"NP ",NA,NA,NA,"3471_5","drought","dormant",1,"Dormant",NA,NA,"1",0,0,1,0,NA,NA
2023,5,3471,11,"D","1",NA,14,0,NA,2021,"",NA,NA,NA,"3471_5","drought","alive",1,"Vegetative",0,NA,"1",0,NA,1,NA,NA,NA
2024,5,3471,11,"D","1",NA,NA,0,NA,2021,"leaf senesced and not measured",NA,NA,NA,"3471_5","drought","alive",1,NA,NA,NA,"3",0,0,1,0,NA,NA
2025,5,3471,11,"D","3",NA,11.5,0,NA,2021,"",NA,NA,NA,"3471_5","drought","alive",1,"Vegetative",0,NA,NA,NA,NA,NA,NA,NA,NA
2026,5,3471,11,"D",NA,NA,NA,NA,NA,2021,"NPNT",NA,NA,NA,"3471_5","drought",NA,NA,NA,NA,NA,NA,NA,NA,NA,0,NA,NA
2018,5,3471,11,"D","1",13.5,13.5,0,NA,2018,"",NA,NA,NA,"3471_5_senior","drought","alive",1,"Vegetative",0,NA,"0",NA,NA,0,NA,NA,NA
2019,5,3471,11,"D","0",NA,NA,NA,NA,2018,"no plant",NA,NA,NA,"3471_5_senior","drought","dead",0,"Dead",NA,NA,NA,NA,NA,NA,0,NA,NA
2019,15,3472,6,"J","1",NA,17,0,NA,2019,"",NA,NA,NA,"3472_15","drought","alive",1,"Vegetative",0,NA,"1",0,0,1,NA,NA,NA
2020,15,3472,6,"J","1",NA,13,0,NA,2019,"",NA,NA,NA,"3472_15","drought","alive",1,"Vegetative",0,NA,"3",0,0,1,0,NA,NA
2021,15,3472,6,"J","3",NA,18,0,NA,2019,"",NA,NA,NA,"3472_15","drought","alive",1,"Vegetative",0,NA,"5",4,1,1,0,NA,NA
2022,15,3472,6,"J","5",43,22,4,"11",2019,"",NA,NA,NA,"3472_15","drought","alive",1,"Flowering",1,NA,"7",5,1,1,0,172,1
2023,15,3472,6,"J","7",35,13,5,"10",2019,"1 eaten, 1 dead",NA,NA,NA,"3472_15","drought","alive",1,"Flowering",1,NA,"5",1,1,1,1,NA,NA
2024,15,3472,6,"J","5",42.5,27.5,1,"2.5",NA,"umbel likely missed in phen",NA,NA,NA,"3472_15","drought","alive",1,"Flowering",1,NA,NA,NA,NA,0,1,NA,NA
2025,15,3472,6,"J",NA,NA,NA,NA,NA,NA,"NPNT",NA,NA,NA,"3472_15","drought","dead",0,"Dead",NA,NA,NA,NA,NA,NA,1,NA,NA
2018,5,3472,14,"B","1",8,8,0,NA,2018,"",NA,NA,NA,"3472_5","drought","alive",1,"Vegetative",0,NA,"0",NA,NA,0,NA,NA,NA
2019,5,3472,14,"B","0",NA,NA,NA,NA,2018,"no plant",NA,NA,NA,"3472_5","drought","dead",0,"Dead",NA,NA,NA,NA,NA,NA,0,NA,NA
2018,5,3473,18,"G","1",14,14,0,NA,2018,"",NA,NA,NA,"3473_5","drought","alive",1,"Vegetative",0,NA,"1",0,0,1,NA,NA,NA
2019,5,3473,18,"G","1",NA,15,0,NA,2018,"",NA,NA,NA,"3473_5","drought","alive",1,"Vegetative",0,NA,NA,NA,NA,1,0,NA,NA
2020,5,3473,18,"G",NA,NA,NA,NA,NA,2018,"NS",NA,NA,NA,"3473_5","drought",NA,1,NA,NA,NA,"2",1,1,1,0,NA,NA
2021,5,3473,18,"G","2",13.5,15,1,"2.5",2018,"",NA,NA,NA,"3473_5","drought","alive",1,"Flowering",1,NA,"5",3,1,1,NA,0,0
2022,5,3473,18,"G","5",32,16,3,"13.5",2018,"",NA,NA,NA,"3473_5","drought","alive",1,"Flowering",1,NA,"5",3,1,1,1,98,1
2023,5,3473,18,"G","5",34,14,3,"14",2018,"",NA,NA,NA,"3473_5","drought","alive",1,"Flowering",1,NA,"4",2,1,1,1,NA,NA
2024,5,3473,18,"G","4",33,10,2,"6.5",NA,"",NA,NA,NA,"3473_5","drought","alive",1,"Flowering",1,NA,"4",1,1,1,1,0,0
2025,5,3473,18,"G","4",14.5,13,1,"3.5",NA,"one stalk broken off",NA,NA,NA,"3473_5","drought","alive",1,"Flowering",1,NA,"3",2,1,1,1,NA,NA
2026,5,3473,18,"G","3",23,10,2,"4",NA,"",NA,NA,NA,"3473_5","drought","alive",1,"Flowering",1,NA,NA,NA,NA,NA,1,0,0
2018,5,3474,18,"A","2",12.5,10,1,"2.7",2018,"",NA,NA,NA,"3474_5","drought","alive",1,"Flowering",1,NA,"1",0,0,1,NA,NA,NA
2019,5,3474,18,"A","1",NA,9.5,0,NA,2018,"",NA,NA,NA,"3474_5","drought","alive",1,"Vegetative",0,NA,NA,NA,NA,1,1,NA,NA
2020,5,3474,18,"A",NA,NA,NA,NA,NA,2018,"NS",NA,NA,NA,"3474_5","drought",NA,1,NA,NA,NA,"1",0,0,1,0,NA,NA
2021,5,3474,18,"A","1",NA,10,0,NA,2018,"",NA,NA,NA,"3474_5","drought","alive",1,"Vegetative",0,NA,"4",0,0,1,NA,NA,NA
2022,5,3474,18,"A","4",NA,20,0,NA,2018,"",NA,NA,NA,"3474_5","drought","alive",1,"Vegetative",0,NA,"6",4,1,1,0,NA,NA
2023,5,3474,18,"A","6",39,17,4,"19.5",2018,"",NA,NA,NA,"3474_5","drought","alive",1,"Flowering",1,NA,"2",0,0,1,0,NA,NA
2024,5,3474,18,"A","2",NA,13,0,NA,NA,"",NA,NA,NA,"3474_5","drought","alive",1,"Vegetative",0,NA,"1",0,0,1,1,NA,NA
2025,5,3474,18,"A","1",NA,16,0,NA,NA,"",NA,NA,NA,"3474_5","drought","alive",1,"Vegetative",0,NA,"3",2,1,1,0,NA,NA
2026,5,3474,18,"A","3",24,4,2,"9",NA,"",NA,NA,NA,"3474_5","drought","alive",1,"Flowering",1,NA,NA,NA,NA,NA,0,6,1
2019,14,3475,5,"D","1",NA,7,0,NA,2019,"",NA,NA,NA,"3475_14","drought","alive",1,"Vegetative",0,NA,NA,NA,NA,NA,NA,NA,NA
2020,14,3475,5,"D",NA,NA,NA,NA,NA,2019,"npnt",NA,NA,NA,"3475_14","drought",NA,NA,NA,NA,NA,NA,NA,NA,1,0,NA,NA
2021,14,3475,5,"D",NA,NA,NA,NA,NA,2019,"NPNT",NA,NA,NA,"3475_14","drought",NA,1,NA,NA,NA,"1",0,0,1,NA,NA,NA
2022,14,3475,5,"D","1",NA,14,0,NA,2019,"probably a new plant instead (was missing for 2 years)",NA,NA,NA,"3475_14","drought","alive",1,"Vegetative",0,NA,"3",1,1,1,NA,NA,NA
2023,14,3475,5,"D","3",12,16,1,"5",2019,"",NA,NA,NA,"3475_14","drought","alive",1,"Flowering",1,NA,"1",0,0,1,0,108,1
2024,14,3475,5,"D","1",NA,22,0,NA,NA,"",NA,NA,NA,"3475_14","drought","alive",1,"Vegetative",0,NA,"1",0,0,1,1,NA,NA
2025,14,3475,5,"D","1",NA,17,0,NA,NA,"",NA,NA,NA,"3475_14","drought","alive",1,"Vegetative",0,NA,"1",0,0,1,0,NA,NA
2026,14,3475,5,"D","1",NA,19,0,NA,NA,"",NA,NA,NA,"3475_14","drought","alive",1,"Vegetative",0,NA,NA,NA,NA,NA,0,NA,NA
2018,2,3475,6,"D","2",12,12,0,NA,2018,"",NA,NA,NA,"3475_2","control","alive",1,"Vegetative",0,NA,"0",NA,NA,0,NA,NA,NA
2019,2,3475,6,"D","0",NA,NA,NA,NA,2018,"no plant",NA,NA,NA,"3475_2","control","dead",0,"Dead",NA,NA,NA,NA,NA,NA,0,NA,NA
2018,2,3476,7,"E","2",14.5,14.5,0,NA,2018,"",NA,NA,NA,"3476_2","control","alive",1,"Vegetative",0,NA,"1",0,0,1,NA,NA,NA
2019,2,3476,7,"E","1",NA,9,0,NA,2018,"",NA,NA,NA,"3476_2","control","alive",1,"Vegetative",0,NA,"0",NA,NA,0,0,NA,NA
2020,2,3476,7,"E","0",NA,NA,NA,NA,2018,"no plant",NA,NA,NA,"3476_2","control","dead",0,"Dead",NA,NA,NA,NA,NA,NA,0,NA,NA
2019,5,3476,12,"E","2",NA,12.5,0,NA,2019,"",NA,NA,NA,"3476_5","drought","alive",1,"Vegetative",0,NA,NA,NA,NA,1,NA,NA,NA
2020,5,3476,12,"E",NA,NA,NA,NA,NA,2019,"NS",NA,NA,NA,"3476_5","drought",NA,1,NA,NA,NA,"2",1,1,1,0,NA,NA
2021,5,3476,12,"E","2",12,9.5,1,"3",2019,"",NA,NA,NA,"3476_5","drought","alive",1,"Flowering",1,NA,"3",2,1,1,NA,0,0
2022,5,3476,12,"E","3",28,14.5,2,"10",2019,"",NA,NA,NA,"3476_5","drought","alive",1,"Flowering",1,NA,"9",4,1,1,1,72,1
2023,5,3476,12,"E","9",37,14,4,"23",2019,"",NA,NA,NA,"3476_5","drought","alive",1,"Flowering",1,NA,"2",1,1,1,1,NA,NA
2024,5,3476,12,"E","2",NA,9,1,NA,NA,"",NA,NA,NA,"3476_5","drought","alive",1,"Flowering",1,NA,"2",1,1,1,1,0,0
2025,5,3476,12,"E","2",8,10,1,"1.5",NA,"",NA,NA,NA,"3476_5","drought","alive",1,"Flowering",1,NA,"3",0,0,1,1,NA,NA
2026,5,3476,12,"E","3",NA,14.5,0,NA,NA,"",NA,NA,NA,"3476_5","drought","alive",1,"Vegetative",0,NA,NA,NA,NA,NA,1,NA,NA
2018,2,3477,6,"C","3",12,11,1,"1",2018,"",NA,NA,NA,"3477_2","control","alive",1,"Flowering",1,NA,"3",1,1,1,NA,NA,NA
2019,2,3477,6,"C","3",12,13,1,"1.5",2018,"",NA,NA,NA,"3477_2","control","alive",1,"Flowering",1,NA,"1",0,0,1,1,NA,NA
2020,2,3477,6,"C","1",NA,10,0,NA,2018,"",NA,NA,NA,"3477_2","control","alive",1,"Vegetative",0,NA,"3",0,0,1,1,NA,NA
2021,2,3477,6,"C","3",NA,17,0,NA,2018,"",NA,NA,NA,"3477_2","control","alive",1,"Vegetative",0,NA,"3",1,1,1,0,NA,NA
2022,2,3477,6,"C","3",28.5,15,1,"2.5",2018,"",NA,NA,NA,"3477_2","control","alive",1,"Flowering",1,NA,"2",1,1,1,0,34,1
2023,2,3477,6,"C","2",24,11,1,"4",2018,"dead--stalk broken, no seeds",NA,NA,NA,"3477_2","control","alive",1,"Flowering",1,NA,"2",1,1,1,1,NA,NA
2024,2,3477,6,"C","2",29,15,1,"3",NA,"",NA,NA,NA,"3477_2","control","alive",1,"Flowering",1,NA,"3",1,1,1,1,0,0
2024,2,3477,6,"C","2",29,15,1,"3",NA,"",NA,NA,NA,"3477_2","control","alive",1,"Flowering",1,NA,"3",1,1,1,1,0,0
2025,2,3477,6,"C","3",18,19.5,1,"3.5",NA,"umble dead",NA,NA,1,"3477_2","control","alive",1,"Flowering",1,NA,"4",1,1,1,1,0,0
2026,2,3477,6,"C","4",25,18.5,1,"3.5",NA,"",NA,NA,NA,"3477_2","control","alive",1,"Flowering",1,NA,NA,NA,NA,NA,1,0,0
2019,13,3478,16,"B","2",NA,7.5,0,NA,2019,"",NA,NA,NA,"3478_13","control","alive",1,"Vegetative",0,NA,NA,NA,NA,1,NA,NA,NA
2020,13,3478,16,"B",NA,NA,NA,NA,NA,2019,"NS",NA,NA,NA,"3478_13","control",NA,1,NA,NA,NA,"1",0,0,1,0,NA,NA
2021,13,3478,16,"B","1",NA,13.5,0,NA,2019,"",NA,NA,NA,"3478_13","control","alive",1,"Vegetative",0,NA,"3",0,0,1,NA,NA,NA
2022,13,3478,16,"B","3",NA,15.5,0,NA,2019,"",NA,NA,NA,"3478_13","control","alive",1,"Vegetative",0,NA,"5",2,1,1,0,NA,NA
2023,13,3478,16,"B","5",32,15,2,"7.5",2019,"",NA,NA,NA,"3478_13","control","alive",1,"Flowering",1,NA,"3",0,0,1,0,NA,NA
2024,13,3478,16,"B","3",NA,13,0,NA,NA,"",NA,NA,NA,"3478_13","control","alive",1,"Vegetative",0,NA,"3",0,0,1,1,NA,NA
2025,13,3478,16,"B","3",NA,21.5,0,NA,NA,"",NA,NA,NA,"3478_13","control","alive",1,"Vegetative",0,NA,NA,NA,NA,NA,0,NA,NA
2026,13,3478,16,"B",NA,NA,NA,NA,NA,NA,"NPNT",NA,NA,NA,"3478_13","control",NA,NA,NA,NA,NA,NA,NA,NA,NA,0,NA,NA
2018,15,3478,17,"I","1",21,21,0,NA,2018,"",NA,NA,NA,"3478_15","drought","alive",1,"Vegetative",0,NA,"0",NA,NA,0,NA,NA,NA
2019,15,3478,17,"I","0",NA,NA,NA,NA,2018,"no plant",NA,NA,NA,"3478_15","drought","dead",0,"Dead",NA,NA,NA,NA,NA,NA,0,NA,NA
2018,15,3479,5,"F","3",21.5,21.5,0,NA,2018,"",NA,NA,NA,"3479_15","drought","alive",1,"Vegetative",0,NA,"2",0,0,1,NA,NA,NA
2019,15,3479,5,"F","2",NA,15,0,NA,2018,"",NA,NA,NA,"3479_15","drought","alive",1,"Vegetative",0,NA,"4",1,1,1,0,NA,NA
2020,15,3479,5,"F","4",24.5,16.3,1,"3.5",2018,"",NA,NA,NA,"3479_15","drought","alive",1,"Flowering",1,NA,"5",1,1,1,0,NA,NA
2021,15,3479,5,"F","5",15,11,1,"2",2018,"",NA,NA,NA,"3479_15","drought","alive",1,"Flowering",1,NA,"11",6,1,1,1,0,0
2022,15,3479,5,"F","11",49,21,6,"25",2018,"",NA,NA,NA,"3479_15","drought","alive",1,"Flowering",1,NA,"2",1,1,1,1,618,1
2023,15,3479,5,"F","2",38,14,1,"5",2018,"",NA,NA,NA,"3479_15","drought","alive",1,"Flowering",1,NA,"4",2,1,1,1,NA,NA
2024,15,3479,5,"F","4",31,17,2,"4.5",NA,"",NA,NA,NA,"3479_15","drought","alive",1,"Flowering",1,NA,"0",NA,NA,0,1,26,1
2025,15,3479,5,"F","0",NA,NA,NA,NA,NA,"NP vole tunnel",NA,NA,NA,"3479_15","drought","dead",0,"Dead",NA,NA,NA,NA,NA,NA,1,NA,NA
2022,5,3479,3,"G","3",34.5,14.5,2,"7",2022,"",NA,NA,NA,"3479_5","drought","alive",1,"Flowering",1,NA,"0",NA,NA,1,NA,94,1
2023,5,3479,3,"G","0",NA,NA,NA,NA,2022,"NP",NA,NA,NA,"3479_5","drought","dormant",1,"Dormant",NA,NA,"3",1,1,1,1,NA,NA
2024,5,3479,3,"G","3",37.5,20,1,"4",2022,"",NA,NA,NA,"3479_5","drought","alive",1,"Flowering",1,NA,"3",1,1,1,NA,0,0
2025,5,3479,3,"G","3",9.5,12.5,1,NA,2022,"umbel dead",NA,NA,NA,"3479_5","drought","alive",1,"Flowering",1,NA,"4",2,1,1,1,NA,NA
2026,5,3479,3,"G","4",26,16,2,"5.5",2022,"",NA,NA,NA,"3479_5","drought","alive",1,"Flowering",1,NA,NA,NA,NA,NA,1,0,0
2019,5,3479,3,"G","1",NA,9,0,NA,2019,"",NA,NA,NA,"3479_5_senior","drought","alive",1,"Vegetative",0,NA,"0",NA,NA,0,NA,NA,NA
2020,5,3479,3,"G","0",NA,NA,NA,NA,2019,"no plant",NA,NA,NA,"3479_5_senior","drought","dead",0,"Dead",NA,NA,NA,NA,NA,NA,0,NA,NA
2017,13,3480,16,"C","1",13.5,13.5,0,NA,2017,"",NA,NA,NA,"3480_13","control","alive",1,"Vegetative",0,NA,"2",0,0,1,NA,NA,NA
2018,13,3480,16,"C","2",11.5,11.5,0,NA,2017,"",NA,NA,NA,"3480_13","control","alive",1,"Vegetative",0,NA,"0",NA,NA,0,0,NA,NA
2019,13,3480,16,"C","0",NA,NA,NA,NA,2017,"no plant; duplicate, changed to '3480'",NA,NA,NA,"3480_13","control","dead",0,"Dead",NA,NA,NA,NA,NA,NA,0,NA,NA
2018,2,3480,3,"G","2",8.5,8.5,0,NA,2018,"",NA,NA,NA,"3480_2","control","alive",1,"Vegetative",0,NA,"1",0,0,1,NA,NA,NA
2019,2,3480,3,"G","1",NA,8,0,NA,2018,"",NA,NA,NA,"3480_2","control","alive",1,"Vegetative",0,NA,"1",0,0,1,0,NA,NA
2020,2,3480,3,"G","1",NA,7.2,0,NA,2018,"",NA,NA,NA,"3480_2","control","alive",1,"Vegetative",0,NA,"1",0,0,1,0,NA,NA
2021,2,3480,3,"G","1",NA,11,0,NA,2018,"",NA,NA,NA,"3480_2","control","alive",1,"Vegetative",0,NA,"1",1,1,1,0,NA,NA
2022,2,3480,3,"G","1",17,9,1,"3.5",2018,"",NA,NA,NA,"3480_2","control","alive",1,"Flowering",1,NA,"1",1,1,1,0,0,0
2023,2,3480,3,"G","1",39,13.5,1,"5.5",2018,"",NA,NA,NA,"3480_2","control","alive",1,"Flowering",1,NA,"0",NA,NA,0,1,56,1
2024,2,3480,3,"G","0",NA,NA,NA,NA,NA,"in phen but disappeared last week",NA,NA,NA,"3480_2","control","dead",0,"Dead",NA,NA,NA,NA,NA,NA,1,0,0
2017,13,3481,12,"F","3",19,10.5,2,"3.5",2017,"",NA,NA,NA,"3481_13","control","alive",1,"Flowering",1,NA,"1",0,0,1,NA,NA,NA
2018,13,3481,12,"F","1",9,9.5,0,NA,2017,"",NA,NA,NA,"3481_13","control","alive",1,"Vegetative",0,NA,"1",0,0,1,1,NA,NA
2019,13,3481,12,"F","1",NA,11,0,NA,2017,"duplicate, changed to '3481'",NA,NA,NA,"3481_13","control","alive",1,"Vegetative",0,NA,NA,NA,NA,1,0,NA,NA
2020,13,3481,12,"F",NA,NA,NA,NA,NA,2017,"NS; new tag: 3481",NA,NA,NA,"3481_13","control",NA,1,NA,NA,NA,"3",1,1,1,0,NA,NA
2021,13,3481,12,"F","3",21,19,1,"3.5",2017,"tag is 3481",NA,NA,NA,"3481_13","control","alive",1,"Flowering",1,NA,"4",3,1,1,NA,0,0
2022,13,3481,12,"F","4",31,19,3,"10",2017,"tag is 3481",NA,NA,NA,"3481_13","control","alive",1,"Flowering",1,NA,"8",4,1,1,1,192,1
2023,13,3481,12,"F","8",40,20,4,"25",2017,"tag is 3481",NA,1,NA,"3481_13","control","alive",1,"Flowering",1,NA,"5",2,1,1,1,NA,NA
2024,13,3481,12,"F","5",33,13.5,2,"6",NA,"tag is 3481 not 3389",NA,NA,NA,"3481_13","control","alive",1,"Flowering",1,NA,"3",1,1,1,1,94,1
2025,13,3481,12,"F","3",33,17,1,"5.5",NA,"tag is 3481 not 3389",NA,1,NA,"3481_13","control","alive",1,"Flowering",1,NA,"3",1,1,1,1,NA,NA
2026,13,3481,12,"F","3",32,24.5,1,"6",NA,"",NA,NA,NA,"3481_13","control","alive",1,"Flowering",1,NA,NA,NA,NA,NA,1,28,1
2021,15,3481,15,"H","3",25.5,19,1,"3.5",2021,"",NA,NA,NA,"3481_15","drought","alive",1,"Flowering",1,NA,"4",1,1,1,NA,6,1
2022,15,3481,15,"H","4",37,22,1,"5.5",2021,"",NA,NA,NA,"3481_15","drought","alive",1,"Flowering",1,NA,"3",3,1,1,1,62,1
2023,15,3481,15,"H","3",19,23.5,3,"0.5",2021,"?",NA,NA,NA,"3481_15","drought","alive",1,"Flowering",1,NA,"3",2,1,1,1,0,0
2024,15,3481,15,"H","3",33.5,18,2,"8",2021,"",NA,NA,NA,"3481_15","drought","alive",1,"Flowering",1,NA,"1",1,1,1,1,40,1
2025,15,3481,15,"H","1",NA,17,1,NA,2021,"",NA,NA,NA,"3481_15","drought","alive",1,"Flowering",1,NA,"0",NA,NA,NA,1,NA,NA
2026,15,3481,15,"H","0",NA,NA,NA,NA,2021,"NP",NA,NA,NA,"3481_15","drought",NA,NA,NA,NA,NA,NA,NA,NA,NA,1,NA,NA
2018,15,3481,15,"H","5",16,16,0,NA,2018,"",NA,NA,NA,"3481_15_senior","drought","alive",1,"Vegetative",0,NA,"0",NA,NA,0,NA,NA,NA
2019,15,3481,15,"H","0",NA,NA,NA,NA,2018,"no plant",NA,NA,NA,"3481_15_senior","drought","dead",0,"Dead",NA,NA,NA,NA,NA,NA,0,NA,NA
2019,14,3482,13,"B","1",NA,7,0,NA,2019,"",NA,NA,NA,"3482_14","drought","alive",1,"Vegetative",0,NA,NA,NA,NA,1,NA,NA,NA
2020,14,3482,13,"B",NA,NA,NA,NA,NA,2019,"NS",NA,NA,NA,"3482_14","drought",NA,1,NA,NA,NA,"1",0,0,1,0,NA,NA
2021,14,3482,13,"B","1",NA,14.5,0,NA,2019,"",NA,NA,NA,"3482_14","drought","alive",1,"Vegetative",0,NA,"0",NA,NA,0,NA,NA,NA
2022,14,3482,13,"B","0",NA,NA,NA,NA,2019,"NP",NA,NA,NA,"3482_14","drought","dead",0,"Dead",NA,NA,NA,NA,NA,NA,0,NA,NA
2021,15,3482,16,"J","1",NA,19,0,NA,2021,"",NA,NA,NA,"3482_15","drought","alive",1,"Vegetative",0,NA,"2",1,1,1,NA,NA,NA
2022,15,3482,16,"J","2",22.5,21,1,"4",2021,"",NA,NA,NA,"3482_15","drought","alive",1,"Flowering",1,NA,"3",3,1,1,0,54,1
2023,15,3482,16,"J","3",23,13,3,"6.5",2021,"1 umbel dead",NA,NA,NA,"3482_15","drought","alive",1,"Flowering",1,NA,"4",2,1,1,1,34,1
2024,15,3482,16,"J","4",22.5,23,2,"6",2021,"spittlebug; accidentally broke umbel",NA,NA,NA,"3482_15","drought","alive",1,"Flowering",1,NA,"0",NA,NA,0,1,NA,NA
2025,15,3482,16,"J","0",NA,NA,NA,NA,2021,"NP vole hole",NA,NA,NA,"3482_15","drought","dead",0,"Dead",NA,NA,NA,NA,NA,NA,1,NA,NA
2018,15,3482,16,"J","3",15,15,0,NA,2018,"",NA,NA,NA,"3482_15_senior","drought","alive",1,"Vegetative",0,NA,"0",NA,NA,0,NA,NA,NA
2019,15,3482,16,"J","0",NA,NA,NA,NA,2018,"no plant",NA,NA,NA,"3482_15_senior","drought","dead",0,"Dead",NA,NA,NA,NA,NA,NA,0,NA,NA
2019,1,3483,18,"E","1",7.5,16,1,"1.5",2019,"",NA,NA,NA,"3483_1","irrigated","alive",1,"Flowering",1,NA,NA,NA,NA,1,NA,NA,NA
2020,1,3483,18,"E",NA,NA,NA,NA,NA,2019,"NS",NA,NA,NA,"3483_1","irrigated",NA,1,NA,NA,NA,"2",0,0,1,1,NA,NA
2021,1,3483,18,"E","2",NA,13.5,0,NA,2019,"",NA,NA,NA,"3483_1","irrigated","alive",1,"Vegetative",0,NA,"0",NA,NA,1,NA,NA,NA
2022,1,3483,18,"E","0",NA,NA,NA,NA,2019,"NP",NA,NA,NA,"3483_1","irrigated","dormant",1,"Dormant",NA,NA,"2",1,1,1,0,NA,NA
2023,1,3483,18,"E","2",35,18,1,"5",2019,"",NA,NA,NA,"3483_1","irrigated","alive",1,"Flowering",1,NA,"0",NA,NA,1,NA,NA,NA
2024,1,3483,18,"E","0",NA,NA,NA,NA,NA,"NP",NA,NA,NA,"3483_1","irrigated","dormant",1,"Dormant",NA,NA,"1",0,0,1,1,NA,NA
2025,1,3483,18,"E","1",NA,16,0,NA,NA,"",NA,NA,NA,"3483_1","irrigated","alive",1,"Vegetative",0,NA,"0",NA,NA,NA,NA,NA,NA
2026,1,3483,18,"E","0",NA,NA,NA,NA,NA,"NP",NA,NA,NA,"3483_1","irrigated",NA,NA,NA,NA,NA,NA,NA,NA,NA,0,NA,NA
2019,13,3483,15,"D","2",NA,14,0,NA,2019,"",NA,NA,NA,"3483_13","control","alive",1,"Vegetative",0,NA,NA,NA,NA,NA,NA,NA,NA
2020,13,3483,15,"D",NA,NA,NA,NA,NA,2019,"NS",NA,NA,NA,"3483_13","control",NA,NA,NA,NA,NA,NA,NA,NA,0,0,NA,NA
2021,13,3483,15,"D",NA,NA,NA,NA,NA,2019,"NPNT",NA,NA,NA,"3483_13","control","dead",0,"Dead",NA,NA,NA,NA,NA,NA,NA,NA,NA
2019,5,3484,5,"H","1",NA,9,0,NA,2019,"",NA,NA,NA,"3484_5","drought","alive",1,"Vegetative",0,NA,"2",0,0,1,NA,NA,NA
2020,5,3484,5,"H","2",NA,8.2,0,NA,2019,"",NA,NA,NA,"3484_5","drought","alive",1,"Vegetative",0,NA,"1",0,0,1,0,NA,NA
2021,5,3484,5,"H","1",NA,11,0,NA,2019,"",NA,NA,NA,"3484_5","drought","alive",1,"Vegetative",0,NA,"1",0,0,1,0,NA,NA
2022,5,3484,5,"H","1",NA,18,0,NA,2019,"beside 5017",NA,NA,NA,"3484_5","drought","alive",1,"Vegetative",0,NA,"1",1,1,1,0,NA,NA
2023,5,3484,5,"H","1",30,15,1,"8",2019,"beside 5017",NA,NA,NA,"3484_5","drought","alive",1,"Flowering",1,NA,"0",NA,NA,0,0,0,0
2024,5,3484,5,"H","0",NA,NA,NA,NA,NA,"NP",NA,NA,NA,"3484_5","drought","dead",0,"Dead",NA,NA,NA,NA,NA,NA,1,NA,NA
2018,15,3485,3,"A","3",10,13.5,1,"1",2018,"",NA,NA,NA,"3485_15","drought","alive",1,"Flowering",1,NA,"4",0,0,1,NA,NA,NA
2019,15,3485,3,"A","4",NA,15.5,0,NA,2018,"",NA,NA,NA,"3485_15","drought","alive",1,"Vegetative",0,NA,"1",0,0,1,1,NA,NA
2020,15,3485,3,"A","1",NA,11.5,0,NA,2018,"",NA,NA,NA,"3485_15","drought","alive",1,"Vegetative",0,NA,"4",2,1,1,0,NA,NA
2021,15,3485,3,"A","4",22,15,2,"6.5",2018,"",NA,NA,NA,"3485_15","drought","alive",1,"Flowering",1,NA,"13",6,1,1,0,0,0
2022,15,3485,3,"A","13",40.5,18,6,"27.5",2018,"",NA,NA,NA,"3485_15","drought","alive",1,"Flowering",1,NA,"8",7,1,1,1,180,1
2023,15,3485,3,"A","8",52,20,7,"37",2018,"",NA,NA,NA,"3485_15","drought","alive",1,"Flowering",1,NA,"9",6,1,1,1,NA,NA
2024,15,3485,3,"A","9",40.5,19,6,"20",NA,"",NA,NA,NA,"3485_15","drought","alive",1,"Flowering",1,NA,"2",0,0,1,1,126,1
2025,15,3485,3,"A","2",NA,19.5,0,NA,NA,"",NA,NA,NA,"3485_15","drought","alive",1,"Vegetative",0,NA,"3",0,0,1,1,NA,NA
2026,15,3485,3,"A","3",NA,17.5,0,NA,NA,"",NA,NA,NA,"3485_15","drought","alive",1,"Vegetative",0,NA,NA,NA,NA,NA,0,NA,NA
2019,14,3486,5,"A","1",13.5,9.5,1,"2.5",2019,"",NA,NA,NA,"3486_14","drought","alive",1,"Flowering",1,NA,"0",NA,NA,1,NA,NA,NA
2020,14,3486,5,"A","0",NA,NA,NA,NA,2019,"no plant",NA,NA,NA,"3486_14","drought","dormant",1,"Dormant",NA,NA,"1",0,0,1,1,NA,NA
2021,14,3486,5,"A","1",NA,16.5,0,NA,2019,"",NA,NA,NA,"3486_14","drought","alive",1,"Vegetative",0,NA,"0",NA,NA,1,NA,NA,NA
2022,14,3486,5,"A","0",NA,NA,NA,NA,2019,"NP",NA,NA,NA,"3486_14","drought","dormant",1,"Dormant",NA,NA,"2",0,0,1,0,NA,NA
2023,14,3486,5,"A","2",NA,28.5,0,NA,2019,"",NA,NA,NA,"3486_14","drought","alive",1,"Vegetative",0,NA,"0",NA,NA,0,NA,NA,NA
2024,14,3486,5,"A","0",NA,NA,NA,NA,NA,"NP; possibly is 7575?",NA,NA,NA,"3486_14","drought","dead",0,"Dead",NA,NA,NA,NA,NA,NA,0,NA,NA
2022,14,3487,6,"C","1",NA,21,0,NA,2022,"",NA,NA,NA,"3487_14","drought","alive",1,"Vegetative",0,NA,"1",0,0,1,NA,NA,NA
2023,14,3487,6,"C","1",NA,27,0,NA,2022,"",NA,NA,NA,"3487_14","drought","alive",1,"Vegetative",0,NA,NA,NA,NA,NA,0,NA,NA
2024,14,3487,6,"C",NA,NA,NA,NA,NA,2022,"NPNT",NA,NA,NA,"3487_14","drought",NA,NA,NA,NA,NA,NA,NA,NA,0,0,NA,NA
2025,14,3487,6,"C",NA,NA,NA,NA,NA,2022,"NPNT > 2 years",NA,NA,NA,"3487_14","drought","dead",0,"Dead",NA,NA,NA,NA,NA,NA,NA,NA,NA
2019,14,3487,6,"C","2",NA,11.5,0,NA,2019,"",NA,NA,NA,"3487_14_senior","drought","alive",1,"Vegetative",0,NA,"0",NA,NA,0,NA,NA,NA
2020,14,3487,6,"C","0",NA,NA,NA,NA,2019,"no plant",NA,NA,NA,"3487_14_senior","drought","dead",0,"Dead",NA,NA,NA,NA,NA,NA,0,NA,NA
2019,5,3488,15,"I","1",NA,12,0,NA,2019,"",NA,NA,NA,"3488_5","drought","alive",1,"Vegetative",0,NA,NA,NA,NA,1,NA,NA,NA
2020,5,3488,15,"I",NA,NA,NA,NA,NA,2019,"NS",NA,NA,NA,"3488_5","drought",NA,1,NA,NA,NA,"4",3,1,1,0,NA,NA
2021,5,3488,15,"I","4",12,17,3,"10.5",2019,"",NA,NA,NA,"3488_5","drought","alive",1,"Flowering",1,NA,"7",5,1,1,NA,34,1
2022,5,3488,15,"I","7",25,20,5,"20.5",2019,"more like 12 I/J",NA,NA,NA,"3488_5","drought","alive",1,"Flowering",1,NA,"10",6,1,1,1,298,1
2023,5,3488,15,"I","10",36,13,6,"30",2019,"more like 12 I/J",NA,NA,NA,"3488_5","drought","alive",1,"Flowering",1,NA,"6",4,1,1,1,NA,NA
2024,5,3488,15,"I","6",28.5,15.5,4,"12",NA,"small umbel possibly missed in phen",NA,NA,NA,"3488_5","drought","alive",1,"Flowering",1,NA,"3",2,1,1,1,64,1
2025,5,3488,15,"I","3",11,12.5,2,"0",NA,"closer to 12I, 2 dead umbels",NA,NA,NA,"3488_5","drought","alive",1,"Flowering",1,NA,"5",3,1,1,1,NA,NA
2026,5,3488,15,"I","5",16.5,16,3,"8.5",NA,"12I",NA,NA,NA,"3488_5","drought","alive",1,"Flowering",1,NA,NA,NA,NA,NA,1,8,1
2021,15,3489,14,"G","1",20,14.5,1,"3",2021,"",NA,NA,NA,"3489_15","drought","alive",1,"Flowering",1,NA,"3",2,1,1,NA,0,0
2022,15,3489,14,"G","3",43,18,2,"12",2021,"",NA,NA,NA,"3489_15","drought","alive",1,"Flowering",1,NA,"3",1,1,1,1,198,1
2023,15,3489,14,"G","3",36,19,1,"7.5",2021,"",NA,NA,NA,"3489_15","drought","alive",1,"Flowering",1,NA,"7",5,1,1,1,18,1
2024,15,3489,14,"G","7",37,17.5,5,"20.5",2021,"",NA,NA,NA,"3489_15","drought","alive",1,"Flowering",1,NA,"0",NA,NA,0,1,172,1
2025,15,3489,14,"G","0",NA,NA,NA,NA,2021,"NP",NA,NA,NA,"3489_15","drought","dead",0,"Dead",NA,NA,NA,NA,NA,NA,1,NA,NA
2017,15,3489,14,"G","1",19,19,0,NA,2017,"",NA,NA,NA,"3489_15_senior","drought","alive",1,"Vegetative",0,NA,"2",1,1,1,NA,NA,NA
2018,15,3489,14,"G","2",22,8.5,1,"2.2",2017,"",NA,NA,NA,"3489_15_senior","drought","alive",1,"Flowering",1,NA,"0",NA,NA,0,0,NA,NA
2019,15,3489,14,"G","0",NA,NA,NA,NA,2017,"no plant",NA,NA,NA,"3489_15_senior","drought","dead",0,"Dead",NA,NA,NA,NA,NA,NA,1,NA,NA
2019,6,3489,13,"B","3",NA,11,0,NA,2019,"",NA,NA,NA,"3489_6","irrigated","alive",1,"Vegetative",0,NA,"1",0,0,1,NA,NA,NA
2020,6,3489,13,"B","1",NA,21.2,0,NA,2019,"",NA,NA,NA,"3489_6","irrigated","alive",1,"Vegetative",0,NA,"3",1,1,1,0,NA,NA
2021,6,3489,13,"B","3",21.5,14,1,"4",2019,"",NA,NA,NA,"3489_6","irrigated","alive",1,"Flowering",1,NA,"3",1,1,1,0,0,0
2022,6,3489,13,"B","3",48,19,1,"6",2019,"",NA,NA,NA,"3489_6","irrigated","alive",1,"Flowering",1,NA,"3",2,1,1,1,94,1
2023,6,3489,13,"B","3",43,24,2,"7.5",2019,"",NA,NA,NA,"3489_6","irrigated","alive",1,"Flowering",1,NA,"3",2,1,1,1,16,1
2024,6,3489,13,"B","3",40,14,2,"8",NA,"longest leaf senesced; measured second longest",NA,NA,NA,"3489_6","irrigated","alive",1,"Flowering",1,NA,"1",0,0,1,1,52,1
2025,6,3489,13,"B","1",NA,29.5,0,NA,NA,"",NA,NA,NA,"3489_6","irrigated","alive",1,"Vegetative",0,NA,"1",0,0,1,1,NA,NA
2026,6,3489,13,"B","1",NA,23.5,0,NA,NA,"",NA,NA,NA,"3489_6","irrigated","alive",1,"Vegetative",0,NA,NA,NA,NA,NA,0,NA,NA
2017,15,3490,12,"C","2",19,7,1,"2.2",2017,"",NA,NA,NA,"3490_15","drought","alive",1,"Flowering",1,NA,"2",1,1,1,NA,NA,NA
2018,15,3490,12,"C","2",12,7.5,1,"1.6",2017,"",NA,NA,NA,"3490_15","drought","alive",1,"Flowering",1,NA,"2",1,1,1,1,NA,NA
2019,15,3490,12,"C","2",9.5,11,1,"0.5",2017,"",NA,NA,NA,"3490_15","drought","alive",1,"Flowering",1,NA,NA,NA,NA,NA,1,NA,NA
2020,15,3490,12,"C",NA,NA,NA,NA,NA,2017,"NS",NA,NA,NA,"3490_15","drought",NA,NA,NA,NA,NA,NA,NA,NA,1,1,NA,NA
2021,15,3490,12,"C",NA,NA,NA,NA,NA,2017,"NPNT",NA,NA,NA,"3490_15","drought",NA,1,NA,NA,NA,"3",2,1,1,NA,0,0
2022,15,3490,12,"C","3",33.5,15,2,"9",2017,"",NA,NA,NA,"3490_15","drought","alive",1,"Flowering",1,NA,"6",3,1,1,NA,68,1
2023,15,3490,12,"C","6",23,10,3,"5",2017,"1 umbel dead",NA,NA,NA,"3490_15","drought","alive",1,"Flowering",1,NA,"4",3,1,1,1,12,1
2024,15,3490,12,"C","4",29,14,3,"4.5",NA,"second umble still bud",NA,NA,NA,"3490_15","drought","alive",1,"Flowering",1,NA,"1",1,1,1,1,40,1
2025,15,3490,12,"C","1",NA,12.5,1,NA,NA,"umbels eaten",NA,NA,NA,"3490_15","drought","alive",1,"Flowering",1,NA,"0",NA,NA,NA,1,NA,NA
2026,15,3490,12,"C","0",NA,NA,NA,NA,NA,"NP",NA,NA,NA,"3490_15","drought",NA,NA,NA,NA,NA,NA,NA,NA,NA,1,NA,NA
2019,5,3490,0,"F","1",NA,9,0,NA,2019,"",NA,NA,NA,"3490_5","drought","alive",1,"Vegetative",0,NA,"4",0,0,1,NA,NA,NA
2020,5,3490,0,"F","4",NA,11,0,NA,2019,"",NA,NA,NA,"3490_5","drought","alive",1,"Vegetative",0,NA,"1",0,0,1,0,NA,NA
2021,5,3490,0,"F","1",NA,13,0,NA,2019,"",NA,NA,NA,"3490_5","drought","alive",1,"Vegetative",0,NA,"7",0,0,1,0,NA,NA
2022,5,3490,0,"F","7",NA,23.5,0,NA,2019,"",NA,NA,NA,"3490_5","drought","alive",1,"Vegetative",0,NA,"1",0,0,1,0,NA,NA
2023,5,3490,0,"F","1",NA,17,0,NA,2019,"",NA,NA,NA,"3490_5","drought","alive",1,"Vegetative",0,NA,"1",0,0,1,0,NA,NA
2024,5,3490,0,"F","1",NA,12.5,0,NA,NA,"leaf senesced",NA,NA,NA,"3490_5","drought","alive",1,"Vegetative",0,NA,"2",0,0,1,0,NA,NA
2025,5,3490,0,"F","2",NA,16.5,0,NA,NA,"",NA,NA,NA,"3490_5","drought","alive",1,"Vegetative",0,NA,"4",0,0,1,0,NA,NA
2026,5,3490,0,"F","4",NA,19.5,0,NA,NA,"",NA,NA,NA,"3490_5","drought","alive",1,"Vegetative",0,NA,NA,NA,NA,NA,0,NA,NA
2019,13,3491,15,"E","2",NA,16,0,NA,2019,"",NA,NA,NA,"3491_13","control","alive",1,"Vegetative",0,NA,NA,NA,NA,1,NA,NA,NA
2020,13,3491,15,"E",NA,NA,NA,NA,NA,2019,"NS",NA,NA,NA,"3491_13","control",NA,1,NA,NA,NA,"1",0,0,1,0,NA,NA
2021,13,3491,15,"E","1",NA,11,0,NA,2019,"",NA,NA,NA,"3491_13","control","alive",1,"Vegetative",0,NA,"2",0,0,1,NA,NA,NA
2022,13,3491,15,"E","2",NA,21,0,NA,2019,"",NA,NA,NA,"3491_13","control","alive",1,"Vegetative",0,NA,"4",3,1,1,0,NA,NA
2023,13,3491,15,"E","4",27,16,3,"14",2019,"closer to 14",NA,NA,NA,"3491_13","control","alive",1,"Flowering",1,NA,"1",0,0,1,0,NA,NA
2024,13,3491,15,"E","1",NA,20.5,0,NA,NA,"plant behind tag/pin",NA,NA,NA,"3491_13","control","alive",1,"Vegetative",0,NA,"1",0,0,1,1,NA,NA
2025,13,3491,15,"E","1",NA,22,0,NA,NA,"plant behind tag/pin",NA,NA,NA,"3491_13","control","alive",1,"Vegetative",0,NA,NA,NA,NA,NA,0,NA,NA
2026,13,3491,15,"E",NA,NA,NA,NA,NA,NA,"NPNT",NA,NA,NA,"3491_13","control",NA,NA,NA,NA,NA,NA,NA,NA,NA,0,NA,NA
2017,15,3491,17,"E","3",35,16.5,2,"3.2",2017,"",NA,NA,NA,"3491_15","drought","alive",1,"Flowering",1,NA,"3",2,1,1,NA,NA,NA
2018,15,3491,17,"E","3",25,13,2,"4.5",2017,"",NA,NA,NA,"3491_15","drought","alive",1,"Flowering",1,NA,"2",1,1,1,1,NA,NA
2019,15,3491,17,"E","2",25,11,1,"2.5",2017,"",NA,NA,NA,"3491_15","drought","alive",1,"Flowering",1,NA,NA,NA,NA,1,1,NA,NA
2020,15,3491,17,"E",NA,NA,NA,NA,NA,2017,"NS",NA,NA,NA,"3491_15","drought",NA,1,NA,NA,NA,"2",1,1,1,1,NA,NA
2021,15,3491,17,"E","2",23,14,1,"4",2017,"",NA,NA,NA,"3491_15","drought","alive",1,"Flowering",1,NA,"7",3,1,1,NA,0,0
2022,15,3491,17,"E","7",45,21,3,"12.5",2017,"",NA,NA,NA,"3491_15","drought","alive",1,"Flowering",1,NA,"4",3,1,1,1,150,1
2023,15,3491,17,"E","4",49,17,3,"17",2017,"",NA,NA,NA,"3491_15","drought","alive",1,"Flowering",1,NA,"4",1,1,1,1,166,1
2024,15,3491,17,"E","4",41.5,20,1,"2.5",NA,"",NA,NA,NA,"3491_15","drought","alive",1,"Flowering",1,NA,"0",NA,NA,0,1,0,0
2025,15,3491,17,"E","0",NA,NA,NA,NA,NA,"NP, digging",NA,NA,NA,"3491_15","drought","dead",0,"Dead",NA,NA,NA,NA,NA,NA,1,NA,NA
2019,13,3492,15,"C","2",NA,20,0,NA,2019,"",NA,NA,NA,"3492_13","control","alive",1,"Vegetative",0,NA,NA,NA,NA,1,NA,NA,NA
2020,13,3492,15,"C",NA,NA,NA,NA,NA,2019,"NS",NA,NA,NA,"3492_13","control",NA,1,NA,NA,NA,"1",0,0,1,0,NA,NA
2021,13,3492,15,"C","1",NA,13,0,NA,2019,"",NA,NA,NA,"3492_13","control","alive",1,"Vegetative",0,NA,"0",NA,NA,0,NA,NA,NA
2022,13,3492,15,"C","0",NA,NA,NA,NA,2019,"NP",NA,NA,NA,"3492_13","control","dead",0,"Dead",NA,NA,NA,NA,NA,NA,0,NA,NA
2017,15,3492,16,"D","3",23.5,14,2,"2.7",2017,"",NA,NA,NA,"3492_15","drought","alive",1,"Flowering",1,NA,"4",2,1,1,NA,NA,NA
2018,15,3492,16,"D","4",7.5,6.5,2,"1.5",2017,"",NA,NA,NA,"3492_15","drought","alive",1,"Flowering",1,NA,"0",NA,NA,0,1,NA,NA
2019,15,3492,16,"D","0",NA,NA,NA,NA,2017,"no plant",NA,NA,NA,"3492_15","drought","dead",0,"Dead",NA,NA,NA,NA,NA,NA,1,NA,NA
2019,14,3493,12,"B","1",NA,5,0,NA,2019,"",NA,NA,NA,"3493_14","drought","alive",1,"Vegetative",0,NA,NA,NA,NA,NA,NA,NA,NA
2020,14,3493,12,"B",NA,NA,NA,NA,NA,2019,"NS",NA,NA,NA,"3493_14","drought",NA,NA,NA,NA,NA,"0",NA,NA,0,0,NA,NA
2021,14,3493,12,"B","0",NA,NA,NA,NA,2019,"NP, tag in 13A",NA,NA,NA,"3493_14","drought","dead",0,"Dead",NA,NA,NA,NA,NA,NA,NA,NA,NA
2022,15,3493,14,"E","3",30,20,2,"4.5",2022,"",NA,NA,NA,"3493_15","drought","alive",1,"Flowering",1,NA,"9",7,1,1,NA,20,1
2023,15,3493,14,"E","9",37,13,7,"34",2022,"",NA,NA,NA,"3493_15","drought","alive",1,"Flowering",1,NA,"4",5,1,1,1,428,1
2024,15,3493,14,"E","4",26,8.5,5,"15.5",2022,"fifth umbel is still bud",NA,NA,NA,"3493_15","drought","alive",1,"Flowering",1,NA,"2",3,1,1,1,14,1
2025,15,3493,14,"E","2",17.5,7.5,3,"5",2022,"",NA,NA,NA,"3493_15","drought","alive",1,"Flowering",1,NA,"0",NA,NA,NA,1,6,1
2026,15,3493,14,"E","0",NA,NA,NA,NA,2022,"NP",NA,NA,NA,"3493_15","drought",NA,NA,NA,NA,NA,NA,NA,NA,NA,1,NA,NA
2017,15,3493,14,"E","5",25.5,11.5,2,"5",2017,"",NA,NA,NA,"3493_15_senior","drought","alive",1,"Flowering",1,NA,"4",2,1,1,NA,NA,NA
2018,15,3493,14,"E","4",9,10.5,2,"2",2017,"",NA,NA,NA,"3493_15_senior","drought","alive",1,"Flowering",1,NA,"0",NA,NA,0,1,NA,NA
2019,15,3493,14,"E","0",NA,NA,NA,NA,2017,"no plant",NA,NA,NA,"3493_15_senior","drought","dead",0,"Dead",NA,NA,NA,NA,NA,NA,1,NA,NA
2019,13,3494,16,"D","2",15,11.5,1,"3",2019,"",NA,NA,NA,"3494_13","control","alive",1,"Flowering",1,NA,NA,NA,NA,1,NA,NA,NA
2020,13,3494,16,"D",NA,NA,NA,NA,NA,2019,"NS",NA,NA,NA,"3494_13","control",NA,1,NA,NA,NA,"4",2,1,1,1,NA,NA
2021,13,3494,16,"D","4",23,11,2,"6",2019,"",NA,NA,NA,"3494_13","control","alive",1,"Flowering",1,NA,"5",3,1,1,NA,114,1
2022,13,3494,16,"D","5",30,11,3,"12.5",2019,"",NA,NA,NA,"3494_13","control","alive",1,"Flowering",1,NA,"5",3,1,1,1,166,1
2023,13,3494,16,"D","5",33,15,3,"13",2019,"1 umbel dead",NA,NA,NA,"3494_13","control","alive",1,"Flowering",1,NA,"2",1,1,1,1,NA,NA
2024,13,3494,16,"D","2",19.5,11.5,1,"3.5",NA,"",NA,NA,NA,"3494_13","control","alive",1,"Flowering",1,NA,"3",0,0,1,1,0,0
2025,13,3494,16,"D","3",NA,23,0,NA,NA,"",NA,NA,NA,"3494_13","control","alive",1,"Vegetative",0,NA,"0",NA,NA,NA,1,NA,NA
2026,13,3494,16,"D","0",NA,NA,NA,NA,NA,"NP",NA,NA,NA,"3494_13","control",NA,NA,NA,NA,NA,NA,NA,NA,NA,0,NA,NA
2017,15,3494,15,"C","5",20.5,13,2,"3",2017,"",NA,NA,NA,"3494_15","drought","alive",1,"Flowering",1,NA,"2",0,0,1,NA,NA,NA
2018,15,3494,15,"C","2",8.5,8.5,0,NA,2017,"",NA,NA,NA,"3494_15","drought","alive",1,"Vegetative",0,NA,"0",NA,NA,1,1,NA,NA
2019,15,3494,15,"C","0",NA,NA,NA,NA,2017,"no plant",NA,NA,NA,"3494_15","drought","dormant",1,"Dormant",NA,NA,"1",0,0,1,0,NA,NA
2020,15,3494,15,"C","1",NA,8.8,0,NA,2017,"",NA,NA,NA,"3494_15","drought","alive",1,"Vegetative",0,NA,"0",NA,NA,0,NA,NA,NA
2021,15,3494,15,"C","0",NA,NA,NA,NA,2017,"NP",NA,NA,NA,"3494_15","drought","dead",0,"Dead",NA,NA,NA,NA,NA,NA,0,NA,NA
2019,14,3495,1,"A","1",NA,17.5,0,NA,2019,"",NA,NA,NA,"3495_14","drought","alive",1,"Vegetative",0,NA,"1",0,0,1,NA,NA,NA
2020,14,3495,1,"A","1",NA,13.6,0,NA,2019,"",NA,NA,NA,"3495_14","drought","alive",1,"Vegetative",0,NA,"2",0,0,1,0,NA,NA
2021,14,3495,1,"A","2",NA,17.5,0,NA,2019,"",NA,NA,NA,"3495_14","drought","alive",1,"Vegetative",0,NA,"2",1,1,1,0,NA,NA
2022,14,3495,1,"A","2",30,11,1,NA,2019,"",NA,NA,NA,"3495_14","drought","alive",1,"Flowering",1,NA,"3",2,1,1,0,0,0
2023,14,3495,1,"A","3",47,11,2,"10",2019,"1 umbel dead",NA,NA,NA,"3495_14","drought","alive",1,"Flowering",1,NA,"1",0,0,1,1,52,1
2024,14,3495,1,"A","1",NA,22,0,NA,NA,"moss; next to smaller untagged plant",NA,NA,NA,"3495_14","drought","alive",1,"Vegetative",0,NA,"1",0,0,1,1,NA,NA
2025,14,3495,1,"A","1",NA,24,0,NA,NA,"",NA,NA,NA,"3495_14","drought","alive",1,"Vegetative",0,NA,"1",0,0,1,0,NA,NA
2026,14,3495,1,"A","1",NA,27,0,NA,NA,"",NA,NA,NA,"3495_14","drought","alive",1,"Vegetative",0,NA,NA,NA,NA,NA,0,NA,NA
2021,15,3495,12,"C","3",NA,10,1,NA,2021,"umble eaten",NA,NA,NA,"3495_15","drought","alive",1,"Flowering",1,NA,"0",NA,NA,0,NA,0,0
2022,15,3495,12,"C","0",NA,NA,NA,NA,2021,"NP",NA,NA,NA,"3495_15","drought","dead",0,"Dead",NA,NA,NA,NA,NA,NA,1,NA,NA
2017,15,3495,12,"C","2",19.5,12.5,1,"4",2017,"",NA,NA,NA,"3495_15_senior","drought","alive",1,"Flowering",1,NA,"2",1,1,1,NA,NA,NA
2018,15,3495,12,"C","2",11,12,1,"3.5",2017,"",NA,NA,NA,"3495_15_senior","drought","alive",1,"Flowering",1,NA,"0",NA,NA,0,1,NA,NA
2019,15,3495,12,"C","0",NA,NA,NA,NA,2017,"no plant",NA,NA,NA,"3495_15_senior","drought","dead",0,"Dead",NA,NA,NA,NA,NA,NA,1,NA,NA
2017,15,3496,15,"A","3",38.5,17.5,1,"3.5",2017,"",NA,NA,NA,"3496_15","drought","alive",1,"Flowering",1,NA,"2",1,1,1,NA,NA,NA
2018,15,3496,15,"A","2",26,14,1,"4",2017,"",NA,NA,NA,"3496_15","drought","alive",1,"Flowering",1,NA,"0",NA,NA,0,1,NA,NA
2019,15,3496,15,"A","0",NA,NA,NA,NA,2017,"",NA,NA,NA,"3496_15","drought","dead",0,"Dead",NA,NA,NA,NA,NA,NA,1,NA,NA
2019,5,3496,5,"J","1",NA,17,0,NA,2019,"",NA,NA,NA,"3496_5","drought","alive",1,"Vegetative",0,NA,"0",NA,NA,0,NA,NA,NA
2020,5,3496,5,"J","0",NA,NA,NA,NA,2019,"no plant",NA,NA,NA,"3496_5","drought","dead",0,"Dead",NA,NA,NA,NA,NA,NA,0,NA,NA
2019,13,3497,17,"C","1",19,8.5,1,"3.5",2019,"",NA,NA,NA,"3497_13","control","alive",1,"Flowering",1,NA,NA,NA,NA,1,NA,NA,NA
2020,13,3497,17,"C",NA,NA,NA,NA,NA,2019,"NS",NA,NA,NA,"3497_13","control",NA,1,NA,NA,NA,"0",NA,NA,1,1,NA,NA
2021,13,3497,17,"C","0",NA,NA,NA,NA,2019,"NP",NA,NA,NA,"3497_13","control","dormant",1,"Dormant",NA,NA,"3",1,1,1,NA,NA,NA
2022,13,3497,17,"C","3",25.5,15,1,"2.5",2019,"",NA,NA,NA,"3497_13","control","alive",1,"Flowering",1,NA,"2",2,1,1,NA,36,1
2023,13,3497,17,"C","2",30,20,2,"11",2019,"",NA,NA,NA,"3497_13","control","alive",1,"Flowering",1,NA,"0",NA,NA,1,1,NA,NA
2024,13,3497,17,"C","0",NA,NA,NA,NA,NA,"NP",NA,NA,NA,"3497_13","control","dormant",1,"Dormant",NA,NA,"1",0,0,1,1,NA,NA
2025,13,3497,17,"C","1",NA,20.5,0,NA,NA,"next to 3628",NA,NA,NA,"3497_13","control","alive",1,"Vegetative",0,NA,NA,NA,NA,NA,NA,NA,NA
2026,13,3497,17,"C",NA,NA,NA,NA,NA,NA,"NPNT",NA,NA,NA,"3497_13","control",NA,NA,NA,NA,NA,NA,NA,NA,NA,0,NA,NA
2017,15,3497,14,"C","5",16,10.5,2,"2",2017,"",NA,NA,NA,"3497_15","drought","alive",1,"Flowering",1,NA,"1",0,0,1,NA,NA,NA
2018,15,3497,14,"C","1",5,5,0,NA,2017,"",NA,NA,NA,"3497_15","drought","alive",1,"Vegetative",0,NA,"0",NA,NA,0,1,NA,NA
2019,15,3497,14,"C","0",NA,NA,NA,NA,2017,"no plant",NA,NA,NA,"3497_15","drought","dead",0,"Dead",NA,NA,NA,NA,NA,NA,0,NA,NA
2019,13,3498,14,"D","1",NA,8,0,NA,2019,"",NA,NA,NA,"3498_13","control","alive",1,"Vegetative",0,NA,NA,NA,NA,1,NA,NA,NA
2020,13,3498,14,"D",NA,NA,NA,NA,NA,2019,"NS",NA,NA,NA,"3498_13","control",NA,1,NA,NA,NA,"1",0,0,1,0,NA,NA
2021,13,3498,14,"D","1",NA,7,0,NA,2019,"",NA,NA,NA,"3498_13","control","alive",1,"Vegetative",0,NA,"2",0,0,1,NA,NA,NA
2022,13,3498,14,"D","2",NA,11,0,NA,2019,"",NA,NA,NA,"3498_13","control","alive",1,"Vegetative",0,NA,"2",1,1,1,0,NA,NA
2023,13,3498,14,"D","2",26,12,1,"4",2019,"",NA,NA,NA,"3498_13","control","alive",1,"Flowering",1,NA,NA,NA,NA,1,0,NA,NA
2024,13,3498,14,"D",NA,NA,NA,NA,NA,NA,"NPNT",NA,NA,NA,"3498_13","control",NA,1,NA,NA,NA,"2",0,0,1,1,NA,NA
2025,13,3498,14,"D","2",NA,17,0,NA,NA,"",NA,NA,NA,"3498_13","control","alive",1,"Vegetative",0,NA,"0",NA,NA,NA,NA,NA,NA
2026,13,3498,14,"D","0",NA,NA,NA,NA,NA,"NP",NA,NA,NA,"3498_13","control",NA,NA,NA,NA,NA,NA,NA,NA,NA,0,NA,NA
2017,15,3498,16,"C","3",19.5,16,1,"2.5",2017,"",NA,NA,NA,"3498_15","drought","alive",1,"Flowering",1,NA,"3",1,1,1,NA,NA,NA
2018,15,3498,16,"C","3",11,11,1,"3",2017,"",NA,NA,NA,"3498_15","drought","alive",1,"Flowering",1,NA,"1",0,0,1,1,NA,NA
2019,15,3498,16,"C","1",NA,13,0,NA,2017,"",NA,NA,NA,"3498_15","drought","alive",1,"Vegetative",0,NA,"2",1,1,1,1,NA,NA
2020,15,3498,16,"C","2",23,5.1,1,"2.1",2017,"",NA,NA,NA,"3498_15","drought","alive",1,"Flowering",1,NA,"2",0,0,1,0,NA,NA
2021,15,3498,16,"C","2",NA,14,0,NA,2017,"",NA,NA,NA,"3498_15","drought","alive",1,"Vegetative",0,NA,"3",0,0,1,1,NA,NA
2022,15,3498,16,"C","3",NA,24,0,NA,2017,"",NA,NA,NA,"3498_15","drought","alive",1,"Vegetative",0,NA,"2",2,1,1,0,NA,NA
2023,15,3498,16,"C","2",26,6,2,"0",2017,"stalk broken off. Both umbels dead",NA,NA,NA,"3498_15","drought","alive",1,"Flowering",1,NA,"2",2,1,1,0,0,0
2024,15,3498,16,"C","2",22,12,2,"3.5",NA,"",NA,NA,NA,"3498_15","drought","alive",1,"Flowering",1,NA,"2",0,0,1,1,0,0
2025,15,3498,16,"C","2",NA,14,0,NA,NA,"",NA,NA,NA,"3498_15","drought","alive",1,"Vegetative",0,NA,"0",NA,NA,NA,1,NA,NA
2026,15,3498,16,"C","0",NA,NA,NA,NA,NA,"NP",NA,NA,NA,"3498_15","drought",NA,NA,NA,NA,NA,NA,NA,NA,NA,0,NA,NA
2022,5,3499,2,"G","3",18,19,2,"5.5",2022,"",NA,NA,NA,"3499_5","drought","alive",1,"Flowering",1,NA,"3",2,1,1,NA,36,1
2023,5,3499,2,"G","3",23.5,17,2,"1.5",2022,"",NA,NA,NA,"3499_5","drought","alive",1,"Flowering",1,NA,"2",0,0,1,1,2,1
2024,5,3499,2,"G","2",NA,20.5,0,NA,2022,"",NA,NA,NA,"3499_5","drought","alive",1,"Vegetative",0,NA,"3",1,1,1,1,NA,NA
2025,5,3499,2,"G","3",9,13,1,NA,2022,"dead umbel",NA,NA,NA,"3499_5","drought","alive",1,"Flowering",1,NA,"0",NA,NA,NA,0,NA,NA
2026,5,3499,2,"G","0",NA,NA,NA,NA,2022,"NP",NA,NA,NA,"3499_5","drought",NA,NA,NA,NA,NA,NA,NA,NA,NA,1,NA,NA
2019,5,3499,2,"G","1",NA,10,0,NA,2019,"",NA,NA,NA,"3499_5_senior","drought","alive",1,"Vegetative",0,NA,"0",NA,NA,0,NA,NA,NA
2020,5,3499,2,"G","0",NA,NA,NA,NA,2019,"no plant",NA,NA,NA,"3499_5_senior","drought","dead",0,"Dead",NA,NA,NA,NA,NA,NA,0,NA,NA
2019,13,3500,14,"C","1",NA,14.5,0,NA,2019,"",NA,NA,NA,"3500_13","control","alive",1,"Vegetative",0,NA,NA,NA,NA,1,NA,NA,NA
2020,13,3500,14,"C",NA,NA,NA,NA,NA,2019,"NS",NA,NA,NA,"3500_13","control",NA,1,NA,NA,NA,"2",0,0,1,0,NA,NA
2021,13,3500,14,"C","2",NA,18.5,0,NA,2019,"",NA,NA,NA,"3500_13","control","alive",1,"Vegetative",0,NA,"2",0,0,1,NA,NA,NA
2022,13,3500,14,"C","2",NA,19,0,NA,2019,"",NA,NA,NA,"3500_13","control","alive",1,"Vegetative",0,NA,"3",2,1,1,0,NA,NA
2023,13,3500,14,"C","3",33,16,2,"7",2019,"",NA,NA,NA,"3500_13","control","alive",1,"Flowering",1,NA,"1",0,0,1,0,NA,NA
2024,13,3500,14,"C","1",NA,23.5,0,NA,NA,"",NA,NA,NA,"3500_13","control","alive",1,"Vegetative",0,NA,"1",0,0,1,1,NA,NA
2025,13,3500,14,"C","1",NA,22,0,NA,NA,"in dactylis",NA,NA,NA,"3500_13","control","alive",1,"Vegetative",0,NA,"0",NA,NA,NA,0,NA,NA
2026,13,3500,14,"C","0",NA,NA,NA,NA,NA,"NP",NA,NA,NA,"3500_13","control",NA,NA,NA,NA,NA,NA,NA,NA,NA,0,NA,NA
2017,15,3500,10,"D","1",20,20,0,NA,2017,"",NA,NA,NA,"3500_15","drought","alive",1,"Vegetative",0,NA,"0",NA,NA,1,NA,NA,NA
2018,15,3500,10,"D","0",NA,NA,NA,NA,2017,"no plant",NA,NA,NA,"3500_15","drought","dormant",1,"Dormant",NA,NA,"2",1,1,1,0,NA,NA
2019,15,3500,10,"D","2",21.5,6,1,"5.5",2017,"",NA,NA,NA,"3500_15","drought","alive",1,"Flowering",1,NA,"0",NA,NA,1,NA,NA,NA
2020,15,3500,10,"D","0",NA,NA,NA,NA,2017,"no plant",NA,NA,NA,"3500_15","drought","dormant",1,"Dormant",NA,NA,"1",1,1,1,1,NA,NA
2021,15,3500,10,"D","1",19,20.5,1,"4",2017,"",NA,NA,NA,"3500_15","drought","alive",1,"Flowering",1,NA,"5",3,1,1,NA,0,0
2022,15,3500,10,"D","5",49,16,3,"14",2017,"",NA,NA,NA,"3500_15","drought","alive",1,"Flowering",1,NA,"7",4,1,1,1,186,1
2023,15,3500,10,"D","7",48,10,4,"24",2017,"1 umbel dead",NA,NA,NA,"3500_15","drought","alive",1,"Flowering",1,NA,"6",2,1,1,1,320,1
2024,15,3500,10,"D","6",39.5,16,2,"8.5",NA,"",NA,NA,NA,"3500_15","drought","alive",1,"Flowering",1,NA,"2",1,1,1,1,144,1
2025,15,3500,10,"D","2",22,13.5,1,"3",NA,"",NA,NA,NA,"3500_15","drought","alive",1,"Flowering",1,NA,"1",0,0,1,1,0,0
2026,15,3500,10,"D","1",NA,10,0,NA,NA,"",NA,NA,NA,"3500_15","drought","alive",1,"Vegetative",0,NA,NA,NA,NA,NA,1,NA,NA
2016,2,3501,0,"J","4",21.5,7.8,2,"2.8",2016,"",NA,NA,NA,"3501_2","control","alive",1,"Flowering",1,NA,"1",NA,NA,1,NA,NA,NA
2017,2,3501,0,"J","1",16,16,NA,NA,2016,"",NA,NA,NA,"3501_2","control","alive",1,NA,NA,NA,"3",1,1,1,1,NA,NA
2018,2,3501,0,"J","3",15,13.5,1,"1.7",2016,"",NA,NA,NA,"3501_2","control","alive",1,"Flowering",1,NA,"1",0,0,1,NA,NA,NA
2019,2,3501,0,"J","1",NA,10,0,NA,2016,"",NA,NA,NA,"3501_2","control","alive",1,"Vegetative",0,NA,"1",0,0,1,1,NA,NA
2020,2,3501,0,"J","1",NA,14.7,0,NA,2016,"",NA,NA,NA,"3501_2","control","alive",1,"Vegetative",0,NA,"2",0,0,1,0,NA,NA
2021,2,3501,0,"J","2",NA,16,0,NA,2016,"",NA,NA,NA,"3501_2","control","alive",1,"Vegetative",0,NA,"0",NA,NA,1,0,NA,NA
2022,2,3501,0,"J","0",NA,NA,NA,NA,2016,"NP",NA,NA,NA,"3501_2","control","dormant",1,"Dormant",NA,NA,"1",0,0,1,0,NA,NA
2023,2,3501,0,"J","1",NA,23,0,NA,2016,"",NA,NA,NA,"3501_2","control","alive",1,"Vegetative",0,NA,"0",NA,NA,1,NA,NA,NA
2024,2,3501,0,"J","0",NA,NA,NA,NA,NA,"NP",NA,NA,NA,"3501_2","control","dormant",1,"Dormant",NA,NA,"1",0,0,1,0,NA,NA
2025,2,3501,0,"J","1",NA,22,0,NA,NA,"",NA,NA,NA,"3501_2","control","alive",1,"Vegetative",0,NA,"1",NA,NA,1,NA,NA,NA
2026,2,3501,0,"J","1",NA,10,NA,NA,NA,"",NA,NA,NA,"3501_2","control","alive",1,NA,NA,NA,NA,NA,NA,NA,0,NA,NA
2016,2,3502,8,"B","3",12.5,6.5,0,NA,2016,"",NA,NA,NA,"3502_2","control","alive",1,"Vegetative",0,NA,"1",0,0,1,NA,NA,NA
2017,2,3502,8,"B","1",11.5,11.5,0,NA,2016,"",NA,NA,NA,"3502_2","control","alive",1,"Vegetative",0,NA,"3",1,1,1,0,NA,NA
2018,2,3502,8,"B","3",14,17,1,"2",2016,"",NA,NA,NA,"3502_2","control","alive",1,"Flowering",1,NA,"4",1,1,1,0,NA,NA
2019,2,3502,8,"B","4",14,12,1,"1",2016,"",NA,NA,NA,"3502_2","control","alive",1,"Flowering",1,NA,"1",0,0,1,1,NA,NA
2020,2,3502,8,"B","1",NA,9.5,0,NA,2016,"partially eaten",NA,NA,NA,"3502_2","control","alive",1,"Vegetative",0,NA,"3",1,1,1,1,NA,NA
2021,2,3502,8,"B","3",32,17.5,1,"3",2016,"",NA,NA,NA,"3502_2","control","alive",1,"Flowering",1,NA,"1",0,0,1,0,44,1
2022,2,3502,8,"B","1",NA,24.5,0,NA,2016,"",NA,NA,NA,"3502_2","control","alive",1,"Vegetative",0,NA,"2",1,1,1,1,NA,NA
2023,2,3502,8,"B","2",27,10,1,"3",2016,"",NA,NA,NA,"3502_2","control","alive",1,"Flowering",1,NA,"1",1,1,1,0,0,0
2024,2,3502,8,"B","1",32.5,11.5,1,"4",NA,"",NA,NA,NA,"3502_2","control","alive",1,"Flowering",1,NA,"0",NA,NA,0,1,10,1
2025,2,3502,8,"B","0",NA,NA,NA,NA,NA,"NP",NA,NA,NA,"3502_2","control","dead",0,"Dead",NA,NA,NA,NA,NA,NA,1,NA,NA
2016,1,3506,2,"E","6",30,11,2,"4.2",2016,"",NA,NA,NA,"3506_1","irrigated","alive",1,"Flowering",1,NA,"3",1,1,1,NA,NA,NA
2017,1,3506,2,"E","3",17.5,14.5,1,"2.5",2016,"",NA,NA,NA,"3506_1","irrigated","alive",1,"Flowering",1,NA,"3",1,1,1,1,NA,NA
2018,1,3506,2,"E","3",13,10,1,"2.7",2016,"",NA,NA,NA,"3506_1","irrigated","alive",1,"Flowering",1,NA,"2",0,0,1,1,NA,NA
2019,1,3506,2,"E","2",NA,10,0,NA,2016,"",NA,NA,NA,"3506_1","irrigated","alive",1,"Vegetative",0,NA,"2",0,0,1,1,NA,NA
2020,1,3506,2,"E","2",NA,14,0,NA,2016,"",NA,NA,NA,"3506_1","irrigated","alive",1,"Vegetative",0,NA,"1",0,0,1,0,NA,NA
2021,1,3506,2,"E","1",NA,13.5,0,NA,2016,"",NA,NA,NA,"3506_1","irrigated","alive",1,"Vegetative",0,NA,"5",4,1,1,0,NA,NA
2022,1,3506,2,"E","5",39,10.5,4,"12.5",2016,"",NA,NA,NA,"3506_1","irrigated","alive",1,"Flowering",1,NA,"5",4,1,1,0,102,1
2023,1,3506,2,"E","5",38,14,4,"17.5",2016,"",NA,NA,NA,"3506_1","irrigated","alive",1,"Flowering",1,NA,"6",5,1,1,1,86,1
2024,1,3506,2,"E","6",33.5,18.5,5,"10",NA,"last two umbels are buds",NA,NA,NA,"3506_1","irrigated","alive",1,"Flowering",1,NA,"2",2,1,1,1,44,1
2025,1,3506,2,"E","2",35,22.5,2,"5",NA,"",NA,NA,1,"3506_1","irrigated","alive",1,"Flowering",1,NA,"1",0,0,1,1,54,1
2026,1,3506,2,"E","1",NA,10,0,NA,NA,"",NA,NA,NA,"3506_1","irrigated","alive",1,"Vegetative",0,NA,NA,NA,NA,NA,1,NA,NA
2016,3,3507,3,"B","4",21.5,7.5,1,"1.8",2016,"",NA,NA,NA,"3507_3","control","alive",1,"Flowering",1,NA,"1",1,1,1,NA,NA,NA
2017,3,3507,3,"B","1",22,12,1,"1.5",2016,"",NA,NA,NA,"3507_3","control","alive",1,"Flowering",1,NA,"2",0,0,1,1,NA,NA
2018,3,3507,3,"B","2",24.5,24.5,0,NA,2016,"",NA,NA,NA,"3507_3","control","alive",1,"Vegetative",0,NA,"2",1,1,1,1,NA,NA
2019,3,3507,3,"B","2",21.5,17.5,1,"3",2016,"",NA,NA,NA,"3507_3","control","alive",1,"Flowering",1,NA,"1",0,0,1,0,NA,NA
2020,3,3507,3,"B","1",NA,16.2,0,NA,2016,"",NA,NA,NA,"3507_3","control","alive",1,"Vegetative",0,NA,NA,NA,NA,NA,1,NA,NA
2021,3,3507,3,"B",NA,NA,NA,NA,NA,2016,"NPNT",NA,NA,NA,"3507_3","control",NA,NA,NA,NA,NA,NA,NA,NA,0,0,NA,NA
2022,3,3507,3,"B",NA,NA,NA,NA,NA,2016,"NPNT",NA,NA,NA,"3507_3","control","dead",0,"Dead",NA,NA,NA,NA,NA,NA,NA,NA,NA
2025,5,3508,2,"I","2",NA,19.5,0,NA,2025,"",NA,NA,NA,"3508_5","drought","alive",1,"Vegetative",0,NA,"0",NA,NA,NA,NA,NA,NA
2026,5,3508,2,"I","0",NA,NA,NA,NA,2025,"NP",NA,NA,NA,"3508_5","drought",NA,NA,NA,NA,NA,NA,NA,NA,NA,0,NA,NA
2017,5,3508,2,"I","3",12.5,12.5,0,NA,2017,"",NA,NA,NA,"3508_5_senior","drought","alive",1,"Vegetative",0,NA,"2",0,0,1,NA,NA,NA
2018,5,3508,2,"I","2",9,9,0,NA,2017,"",NA,NA,NA,"3508_5_senior","drought","alive",1,"Vegetative",0,NA,"1",0,0,1,0,NA,NA
2019,5,3508,2,"I","1",NA,5.5,0,NA,2017,"",NA,NA,NA,"3508_5_senior","drought","alive",1,"Vegetative",0,NA,"1",0,0,1,0,NA,NA
2020,5,3508,2,"I","1",NA,11.7,0,NA,2017,"",NA,NA,NA,"3508_5_senior","drought","alive",1,"Vegetative",0,NA,"1",0,0,1,0,NA,NA
2021,5,3508,2,"I","1",NA,10.5,0,NA,2017,"",NA,NA,NA,"3508_5_senior","drought","alive",1,"Vegetative",0,NA,"2",0,0,1,0,NA,NA
2022,5,3508,2,"I","2",NA,21,0,NA,2017,"",NA,NA,NA,"3508_5_senior","drought","alive",1,"Vegetative",0,NA,"0",NA,NA,0,0,NA,NA
2023,5,3508,2,"I","0",NA,NA,NA,NA,2017,"NP",NA,NA,NA,"3508_5_senior","drought","dead",0,"Dead",NA,NA,NA,NA,NA,NA,0,NA,NA
2016,7,3513,13,"C","7",35.5,7,1,"2",2016,"Diversity plot",NA,NA,NA,"3513_7","drought","alive",1,"Flowering",1,NA,NA,NA,NA,NA,NA,NA,NA
2017,7,3513,13,"C",NA,NA,NA,NA,NA,2016,"NP/NT",NA,NA,NA,"3513_7","drought",NA,NA,NA,NA,NA,NA,NA,NA,0,1,NA,NA
2018,7,3513,13,"C",NA,NA,NA,NA,NA,2016,"no plant no tag",NA,NA,NA,"3513_7","drought","dead",0,"Dead",NA,NA,NA,NA,NA,NA,NA,NA,NA
2018,13,3515,14,"G","2",8.5,8.5,0,NA,2018,"",NA,NA,NA,"3515_13","control","alive",1,"Vegetative",0,NA,"3",1,1,1,NA,NA,NA
2019,13,3515,14,"G","3",19,13,1,"3.5",2018,"",NA,NA,NA,"3515_13","control","alive",1,"Flowering",1,NA,NA,NA,NA,1,0,NA,NA
2020,13,3515,14,"G",NA,NA,NA,NA,NA,2018,"NS",NA,NA,NA,"3515_13","control",NA,1,NA,NA,NA,"4",2,1,1,1,NA,NA
2021,13,3515,14,"G","4",24.5,12.5,2,"6",2018,"",NA,NA,NA,"3515_13","control","alive",1,"Flowering",1,NA,"4",4,1,1,NA,0,0
2022,13,3515,14,"G","4",35,11,4,"15.5",2018,"",NA,NA,NA,"3515_13","control","alive",1,"Flowering",1,NA,"7",5,1,1,1,218,1
2023,13,3515,14,"G","7",35,12,5,"22",2018,"",NA,NA,NA,"3515_13","control","alive",1,"Flowering",1,NA,"5",3,1,1,1,NA,NA
2024,13,3515,14,"G","5",26.5,17.5,3,"10",NA,"",NA,NA,NA,"3515_13","control","alive",1,"Flowering",1,NA,"6",3,1,1,1,8,1
2025,13,3515,14,"G","6",35,16,3,"7.5",NA,"",NA,NA,NA,"3515_13","control","alive",1,"Flowering",1,NA,"2",0,0,1,1,NA,NA
2026,13,3515,14,"G","2",NA,12,0,NA,NA,"",NA,NA,NA,"3515_13","control","alive",1,"Vegetative",0,NA,NA,NA,NA,NA,1,NA,NA
2017,5,3516,12,"C","3",20,10,2,"2.5",2017,"",NA,NA,NA,"3516_5","drought","alive",1,"Flowering",1,NA,"5",0,0,1,NA,NA,NA
2018,5,3516,12,"C","5",9,9,0,NA,2017,"",NA,NA,NA,"3516_5","drought","alive",1,"Vegetative",0,NA,"1",0,0,1,1,NA,NA
2019,5,3516,12,"C","1",NA,11,0,NA,2017,"",NA,NA,NA,"3516_5","drought","alive",1,"Vegetative",0,NA,NA,NA,NA,1,0,NA,NA
2020,5,3516,12,"C",NA,NA,NA,NA,NA,2017,"NS",NA,NA,NA,"3516_5","drought",NA,1,NA,NA,NA,"1",0,0,1,0,NA,NA
2021,5,3516,12,"C","1",NA,13.5,0,NA,2017,"",NA,NA,NA,"3516_5","drought","alive",1,"Vegetative",0,NA,"5",2,1,1,NA,NA,NA
2022,5,3516,12,"C","5",27,15,2,"7.5",2017,"",NA,NA,NA,"3516_5","drought","alive",1,"Flowering",1,NA,"3",2,1,1,0,66,1
2023,5,3516,12,"C","3",44,11,2,"10",2017,"",NA,NA,NA,"3516_5","drought","alive",1,"Flowering",1,NA,"1",0,0,1,1,NA,NA
2024,5,3516,12,"C","1",NA,6.5,0,NA,NA,"measured leaf senesced",NA,NA,NA,"3516_5","drought","alive",1,"Vegetative",0,NA,"2",0,0,1,1,NA,NA
2025,5,3516,12,"C","2",NA,11,0,NA,NA,"",NA,NA,NA,"3516_5","drought","alive",1,"Vegetative",0,NA,"1",0,0,1,0,NA,NA
2026,5,3516,12,"C","1",NA,14,0,NA,NA,"",NA,NA,NA,"3516_5","drought","alive",1,"Vegetative",0,NA,NA,NA,NA,NA,0,NA,NA
2017,6,3518,10,"I","2",32,15,1,"4.5",2017,"",NA,NA,NA,"3518_6","irrigated","alive",1,"Flowering",1,NA,"5",2,1,1,NA,NA,NA
2018,6,3518,10,"I","5",23,12,2,"4",2017,"",NA,NA,NA,"3518_6","irrigated","alive",1,"Flowering",1,NA,"4",3,1,1,1,NA,NA
2019,6,3518,10,"I","4",22,14.5,3,"4.5",2017,"",NA,NA,NA,"3518_6","irrigated","alive",1,"Flowering",1,NA,"3",2,1,1,1,NA,NA
2020,6,3518,10,"I","3",46,21.2,2,"9.6",2017,"",NA,NA,NA,"3518_6","irrigated","alive",1,"Flowering",1,NA,"3",2,1,1,1,NA,NA
2021,6,3518,10,"I","3",30,14,2,"7",2017,"",NA,NA,NA,"3518_6","irrigated","alive",1,"Flowering",1,NA,"5",3,1,1,1,0,0
2022,6,3518,10,"I","5",52,14.5,3,"12.5",2017,"",NA,NA,NA,"3518_6","irrigated","alive",1,"Flowering",1,NA,"5",3,1,1,1,160,1
2023,6,3518,10,"I","5",44.5,17,3,"16",2017,"",NA,NA,NA,"3518_6","irrigated","alive",1,"Flowering",1,NA,"2",1,1,1,1,102,1
2024,6,3518,10,"I","2",32.5,17,1,"4",NA,"",NA,NA,NA,"3518_6","irrigated","alive",1,"Flowering",1,NA,"2",1,1,1,1,54,1
2025,6,3518,10,"I","2",27,14,1,"6",NA,"",NA,NA,NA,"3518_6","irrigated","alive",1,"Flowering",1,NA,"1",0,0,1,1,NA,NA
2026,6,3518,10,"I","1",NA,19,0,NA,NA,"",NA,NA,NA,"3518_6","irrigated","alive",1,"Vegetative",0,NA,NA,NA,NA,NA,1,NA,NA
2017,2,3519,9,"G","1",19,11.1,1,"3",2017,"",NA,NA,NA,"3519_2","control","alive",1,"Flowering",1,NA,"3",2,1,1,NA,NA,NA
2018,2,3519,9,"G","3",20,13,2,"4",2017,"",NA,NA,NA,"3519_2","control","alive",1,"Flowering",1,NA,"2",1,1,1,1,NA,NA
2019,2,3519,9,"G","2",16,11,1,"2",2017,"",NA,NA,NA,"3519_2","control","alive",1,"Flowering",1,NA,"1",1,1,1,1,NA,NA
2020,2,3519,9,"G","1",9.7,13.9,1,"2.9",2017,"",NA,NA,NA,"3519_2","control","alive",1,"Flowering",1,NA,"2",1,1,1,1,NA,NA
2021,2,3519,9,"G","2",28,15,1,"5",2017,"",NA,NA,NA,"3519_2","control","alive",1,"Flowering",1,NA,"2",2,1,1,1,40,1
2022,2,3519,9,"G","2",47,15,2,"10.5",2017,"",NA,NA,NA,"3519_2","control","alive",1,"Flowering",1,NA,"1",1,1,1,1,154,1
2023,2,3519,9,"G","1",28,16,1,"3.5",2017,"dead umbel--stalk broken and umbel already dead.",NA,1,NA,"3519_2","control","alive",1,"Flowering",1,NA,"0",NA,NA,0,1,NA,NA
2024,2,3519,9,"G","0",NA,NA,NA,NA,NA,"NP",NA,NA,NA,"3519_2","control","dead",0,"Dead",NA,NA,NA,NA,NA,NA,1,NA,NA
2021,14,3520,7,"A","1",NA,12.5,0,NA,2021,"",NA,NA,NA,"3520_14","drought","alive",1,"Vegetative",0,NA,"0",NA,NA,1,NA,NA,NA
2022,14,3520,7,"A","0",NA,NA,NA,NA,2021,"NP",NA,NA,NA,"3520_14","drought","dormant",1,"Dormant",NA,NA,"2",1,1,1,0,NA,NA
2023,14,3520,7,"A","2",40,20.5,1,"4.5",2021,"",NA,NA,NA,"3520_14","drought","alive",1,"Flowering",1,NA,NA,NA,NA,1,NA,18,1
2024,14,3520,7,"A",NA,NA,NA,NA,NA,NA,"NPNT; many untagged plants",NA,NA,NA,"3520_14","drought",NA,1,NA,NA,NA,"2",0,0,1,1,NA,NA
2025,14,3520,7,"A","2",NA,20,0,NA,NA,"",NA,NA,NA,"3520_14","drought","alive",1,"Vegetative",0,NA,"2",0,0,1,NA,NA,NA
2026,14,3520,7,"A","2",NA,20.5,0,NA,NA,"",NA,NA,NA,"3520_14","drought","alive",1,"Vegetative",0,NA,NA,NA,NA,NA,0,NA,NA
2021,2,3522,4,"E","1",NA,6,0,NA,2021,"",NA,NA,NA,"3522_2","control","alive",1,"Vegetative",0,NA,"1",0,0,1,NA,NA,NA
2022,2,3522,4,"E","1",NA,17,0,NA,2021,"",NA,NA,NA,"3522_2","control","alive",1,"Vegetative",0,NA,"1",1,1,1,0,NA,NA
2023,2,3522,4,"E","1",20,NA,1,"3.5",2021,"Leaf eaten off.",NA,1,NA,"3522_2","control","alive",1,"Flowering",1,NA,"0",NA,NA,0,0,10,1
2024,2,3522,4,"E","0",NA,NA,NA,NA,NA,"NP; surrounded by detached dead leaves",NA,NA,NA,"3522_2","control","dead",0,"Dead",NA,NA,NA,NA,NA,NA,1,NA,NA
2016,2,3523,2,"D","7",23.5,5.8,2,"2.7",2016,"",NA,NA,NA,"3523_2","control","alive",1,"Flowering",1,NA,"2",1,1,1,NA,NA,NA
2017,2,3523,2,"D","2",12.5,9,1,"3",2016,"",NA,NA,NA,"3523_2","control","alive",1,"Flowering",1,NA,"2",0,0,1,1,NA,NA
2018,2,3523,2,"D","2",12,12,0,NA,2016,"",NA,NA,NA,"3523_2","control","alive",1,"Vegetative",0,NA,"2",1,1,1,1,NA,NA
2019,2,3523,2,"D","2",11,8,1,"2",2016,"",NA,NA,NA,"3523_2","control","alive",1,"Flowering",1,NA,"2",0,0,1,0,NA,NA
2020,2,3523,2,"D","2",NA,12.7,0,NA,2016,"",NA,NA,NA,"3523_2","control","alive",1,"Vegetative",0,NA,"3",1,1,1,1,NA,NA
2021,2,3523,2,"D","3",23.5,11,1,"6",2016,"",NA,NA,NA,"3523_2","control","alive",1,"Flowering",1,NA,"0",NA,NA,0,0,34,1
2022,2,3523,2,"D","0",NA,NA,NA,NA,2016,"NP.",NA,NA,NA,"3523_2","control","dead",0,"Dead",NA,NA,NA,NA,NA,NA,1,NA,NA
2017,1,3525,0,"E","4",24,17.5,1,"3",2017,"",NA,NA,NA,"3525_1","irrigated","alive",1,"Flowering",1,NA,"4",1,1,1,NA,NA,NA
2018,1,3525,0,"E","4",20,15,1,"3",2017,"",NA,NA,NA,"3525_1","irrigated","alive",1,"Flowering",1,NA,"2",1,1,1,1,NA,NA
2019,1,3525,0,"E","2",28,8,1,"6.5",2017,"",NA,NA,NA,"3525_1","irrigated","alive",1,"Flowering",1,NA,"1",0,0,1,1,NA,NA
2020,1,3525,0,"E","1",NA,16.2,0,NA,2017,"",NA,NA,NA,"3525_1","irrigated","alive",1,"Vegetative",0,NA,"3",1,1,1,1,NA,NA
2021,1,3525,0,"E","3",31.5,18,1,"6",2017,"",NA,NA,NA,"3525_1","irrigated","alive",1,"Flowering",1,NA,"3",1,1,1,0,0,0
2022,1,3525,0,"E","3",44,20,1,"7.5",2017,"",NA,NA,NA,"3525_1","irrigated","alive",1,"Flowering",1,NA,"3",2,1,1,1,70,1
2023,1,3525,0,"E","3",49,21,2,"13",2017,"",NA,NA,NA,"3525_1","irrigated","alive",1,"Flowering",1,NA,"3",1,1,1,1,88,1
2024,1,3525,0,"E","3",44,22,1,"5.5",NA,"ysp in phen",NA,NA,NA,"3525_1","irrigated","alive",1,"Flowering",1,NA,"3",1,1,1,1,24,1
2025,1,3525,0,"E","3",29,22,1,"2.5",NA,"",NA,NA,1,"3525_1","irrigated","alive",1,"Flowering",1,NA,"1",0,0,1,1,60,1
2026,1,3525,0,"E","1",NA,29,0,NA,NA,"",NA,NA,NA,"3525_1","irrigated","alive",1,"Vegetative",0,NA,NA,NA,NA,NA,1,NA,NA
2019,14,3526,14,"E","2",NA,16.5,0,NA,2019,"",NA,NA,NA,"3526_14","drought","alive",1,"Vegetative",0,NA,NA,NA,NA,1,NA,NA,NA
2020,14,3526,14,"E",NA,NA,NA,NA,NA,2019,"NS",NA,NA,NA,"3526_14","drought",NA,1,NA,NA,NA,"2",0,0,1,0,NA,NA
2021,14,3526,14,"E","2",NA,18,0,NA,2019,"",NA,NA,NA,"3526_14","drought","alive",1,"Vegetative",0,NA,"3",3,1,1,NA,NA,NA
2022,14,3526,14,"E","3",40,13,3,"13.5",2019,"",NA,NA,NA,"3526_14","drought","alive",1,"Flowering",1,NA,"3",2,1,1,0,80,1
2023,14,3526,14,"E","3",54.5,18,2,"10.5",2019,"",NA,NA,NA,"3526_14","drought","alive",1,"Flowering",1,NA,"3",0,0,1,1,NA,NA
2024,14,3526,14,"E","3",NA,10,0,NA,NA,"",NA,NA,NA,"3526_14","drought","alive",1,"Vegetative",0,NA,NA,NA,NA,NA,1,NA,NA
2025,14,3526,14,"E",NA,NA,NA,NA,NA,NA,"tag moved by vole (not in ground) tag pulled. No plant around",1,NA,NA,"3526_14","drought",NA,NA,NA,NA,NA,NA,NA,NA,NA,0,NA,NA
2021,1,3527,0,"H","2",23,15,1,"3.5",2021,"",NA,NA,NA,"3527_1","irrigated","alive",1,"Flowering",1,NA,"0",NA,NA,0,NA,0,0
2022,1,3527,0,"H","0",NA,NA,NA,NA,2021,"NP ",NA,NA,NA,"3527_1","irrigated","dead",0,"Dead",NA,NA,NA,NA,NA,NA,1,NA,NA
2016,1,3527,0,"H","1",15.5,15.5,0,NA,2016,"",NA,NA,NA,"3527_1_senior","irrigated","alive",1,"Vegetative",0,NA,"0",NA,NA,1,NA,NA,NA
2017,1,3527,0,"H","0",NA,NA,NA,NA,2016,"No plant/dead?",NA,NA,NA,"3527_1_senior","irrigated","dormant",1,"Dormant",NA,NA,"3",1,1,1,0,NA,NA
2018,1,3527,0,"H","3",17,8,1,"3.2",2016,"",NA,NA,NA,"3527_1_senior","irrigated","alive",1,"Flowering",1,NA,"0",0,NA,0,NA,NA,NA
2019,1,3527,0,"H","0",0,0,0,"0",2016,"no plant",NA,NA,NA,"3527_1_senior","irrigated","dead",0,"Dead",NA,NA,NA,NA,NA,NA,1,NA,NA
2019,14,3528,19,"C","1",NA,6,0,NA,2019,"",NA,NA,NA,"3528_14","drought","alive",1,"Vegetative",0,NA,NA,NA,NA,NA,NA,NA,NA
2020,14,3528,19,"C",NA,NA,NA,NA,NA,2019,"NS",NA,NA,NA,"3528_14","drought",NA,NA,NA,NA,NA,"0",NA,NA,0,0,NA,NA
2021,14,3528,19,"C","0",NA,NA,NA,NA,2019,"NP",NA,NA,NA,"3528_14","drought","dead",0,"Dead",NA,NA,NA,NA,NA,NA,NA,NA,NA
2018,14,3530,19,"C","1",5.5,5.5,0,NA,2018,"",NA,NA,NA,"3530_14","drought","alive",1,"Vegetative",0,NA,"2",0,0,1,NA,NA,NA
2019,14,3530,19,"C","2",NA,11.5,0,NA,2018,"",NA,NA,NA,"3530_14","drought","alive",1,"Vegetative",0,NA,NA,NA,NA,1,0,NA,NA
2020,14,3530,19,"C",NA,NA,NA,NA,NA,2018,"NS",NA,NA,NA,"3530_14","drought",NA,1,NA,NA,NA,"1",0,0,1,0,NA,NA
2021,14,3530,19,"C","1",NA,14,0,NA,2018,"",NA,NA,NA,"3530_14","drought","alive",1,"Vegetative",0,NA,"1",0,0,1,NA,NA,NA
2022,14,3530,19,"C","1",NA,14,0,NA,2018,"",NA,NA,NA,"3530_14","drought","alive",1,"Vegetative",0,NA,"1",0,0,1,0,NA,NA
2023,14,3530,19,"C","1",NA,17,0,NA,2018,"",NA,NA,NA,"3530_14","drought","alive",1,"Vegetative",0,NA,"2",1,1,1,0,NA,NA
2024,14,3530,19,"C","2",37,15.5,1,"4",NA,"not in phen b/c outside plot",NA,NA,NA,"3530_14","drought","alive",1,"Flowering",1,NA,"1",0,0,1,0,NA,NA
2025,14,3530,19,"C","1",NA,22,0,NA,NA,"outside plot",NA,NA,NA,"3530_14","drought","alive",1,"Vegetative",0,NA,"2",1,1,1,1,NA,NA
2026,14,3530,19,"C","2",42,20,1,"6.5",NA,"",NA,NA,NA,"3530_14","drought","alive",1,"Flowering",1,NA,NA,NA,NA,NA,0,0,0
2016,2,3531,9,"B","6",14,7.5,0,NA,2016,"",NA,NA,NA,"3531_2","control","alive",1,"Vegetative",0,NA,"1",0,0,1,NA,NA,NA
2017,2,3531,9,"B","1",15.4,15.4,0,NA,2016,"",NA,NA,NA,"3531_2","control","alive",1,"Vegetative",0,NA,"3",1,1,1,0,NA,NA
2018,2,3531,9,"B","3",13,14.5,1,"1.5",2016,"",NA,NA,NA,"3531_2","control","alive",1,"Flowering",1,NA,"2",0,0,1,0,NA,NA
2019,2,3531,9,"B","2",NA,13,0,NA,2016,"",NA,NA,NA,"3531_2","control","alive",1,"Vegetative",0,NA,"1",0,0,1,1,NA,NA
2020,2,3531,9,"B","1",NA,8.6,0,NA,2016,"",NA,NA,NA,"3531_2","control","alive",1,"Vegetative",0,NA,"2",1,1,1,0,NA,NA
2021,2,3531,9,"B","2",26.5,12,1,"4.5",2016,"",NA,NA,NA,"3531_2","control","alive",1,"Flowering",1,NA,"3",2,1,1,0,0,0
2022,2,3531,9,"B","3",35.5,13,2,"9",2016,"",NA,NA,NA,"3531_2","control","alive",1,"Flowering",1,NA,"2",1,1,1,1,114,1
2023,2,3531,9,"B","2",21,16,1,"2.5",2016,"",NA,NA,NA,"3531_2","control","alive",1,"Flowering",1,NA,"1",1,1,1,1,0,0
2024,2,3531,9,"B","1",22.5,14.5,1,"2.5",NA,"",NA,NA,NA,"3531_2","control","alive",1,"Flowering",1,NA,"2",1,1,1,1,0,0
2025,2,3531,9,"B","2",31.5,19,1,"5",NA,"",NA,NA,1,"3531_2","control","alive",1,"Flowering",1,NA,"4",2,1,1,1,10,1
2026,2,3531,9,"B","4",35,20.5,2,"7",NA,"",NA,NA,NA,"3531_2","control","alive",1,"Flowering",1,NA,NA,NA,NA,NA,1,84,1
2016,2,3533,2,"C","5",16,8,1,"2.8",2016,"",NA,NA,NA,"3533_2","control","alive",1,"Flowering",1,NA,"2",0,0,1,NA,NA,NA
2017,2,3533,2,"C","2",9.5,9.5,0,NA,2016,"",NA,NA,NA,"3533_2","control","alive",1,"Vegetative",0,NA,"3",0,0,1,1,NA,NA
2018,2,3533,2,"C","3",9.5,9.5,0,NA,2016,"",NA,NA,NA,"3533_2","control","alive",1,"Vegetative",0,NA,"1",0,0,1,0,NA,NA
2019,2,3533,2,"C","1",NA,7,0,NA,2016,"",NA,NA,NA,"3533_2","control","alive",1,"Vegetative",0,NA,NA,NA,NA,NA,0,NA,NA
2020,2,3533,2,"C",NA,NA,NA,NA,NA,2016,"npnt",NA,NA,NA,"3533_2","control",NA,NA,NA,NA,NA,NA,NA,NA,0,0,NA,NA
2021,2,3533,2,"C",NA,NA,NA,NA,NA,2016,"NPNT",NA,NA,NA,"3533_2","control","dead",0,"Dead",NA,NA,NA,NA,NA,NA,NA,NA,NA
2021,14,3534,6,"B","2",NA,19.5,0,NA,2021,"",NA,NA,NA,"3534_14","drought","alive",1,"Vegetative",0,NA,"0",NA,NA,0,NA,NA,NA
2022,14,3534,6,"B","0",NA,NA,NA,NA,2021,"NP",NA,NA,NA,"3534_14","drought","dead",0,"Dead",NA,NA,NA,NA,NA,NA,0,NA,NA
2016,13,3535,18,"A","3",11.5,5.2,0,NA,2016,"",NA,NA,NA,"3535_13","control","alive",1,"Vegetative",0,NA,"2",1,1,1,NA,NA,NA
2017,13,3535,18,"A","2",18.5,15.5,1,"2",2016,"",NA,NA,NA,"3535_13","control","alive",1,"Flowering",1,NA,"0",NA,NA,1,0,NA,NA
2018,13,3535,18,"A","0",NA,NA,NA,NA,2016,"no plant",NA,NA,NA,"3535_13","control","dormant",1,"Dormant",NA,NA,"1",0,0,1,1,NA,NA
2019,13,3535,18,"A","1",NA,11.5,0,NA,2016,"",NA,NA,NA,"3535_13","control","alive",1,"Vegetative",0,NA,NA,NA,NA,NA,NA,NA,NA
2020,13,3535,18,"A",NA,NA,NA,NA,NA,2016,"NS",NA,NA,NA,"3535_13","control",NA,NA,NA,NA,NA,NA,NA,NA,0,0,NA,NA
2021,13,3535,18,"A",NA,NA,NA,NA,NA,2016,"NPNT",NA,NA,NA,"3535_13","control","dead",0,"Dead",NA,NA,NA,NA,NA,NA,NA,NA,NA
2016,12,3536,18,"A","7",38.5,8.1,2,"5.1",2016,"",NA,NA,NA,"3536_12","irrigated","alive",1,"Flowering",1,NA,"3",2,1,1,NA,NA,NA
2017,12,3536,18,"A","3",14.5,11.5,2,"4",2016,"",NA,NA,NA,"3536_12","irrigated","alive",1,"Flowering",1,NA,"6",3,1,1,1,NA,NA
2018,12,3536,18,"A","6",14.5,11,3,"3.2",2016,"",NA,NA,NA,"3536_12","irrigated","alive",1,"Flowering",1,NA,"2",0,0,1,1,NA,NA
2019,12,3536,18,"A","2",NA,14,0,NA,2016,"",NA,NA,NA,"3536_12","irrigated","alive",1,"Vegetative",0,NA,"2",0,0,1,1,NA,NA
2020,12,3536,18,"A","2",NA,10.3,0,NA,2016,"",NA,NA,NA,"3536_12","irrigated","alive",1,"Vegetative",0,NA,"4",2,1,1,0,NA,NA
2021,12,3536,18,"A","4",25,15,2,"6.5",2016,"",NA,NA,NA,"3536_12","irrigated","alive",1,"Flowering",1,NA,"3",3,1,1,0,72,1
2022,12,3536,18,"A","3",50.5,18,3,"18.5",2016,"",NA,NA,NA,"3536_12","irrigated","alive",1,"Flowering",1,NA,"6",4,1,1,1,68,1
2023,12,3536,18,"A","6",52,16,4,"27",2016,"",NA,NA,NA,"3536_12","irrigated","alive",1,"Flowering",1,NA,"2",1,1,1,1,374,1
2024,12,3536,18,"A","2",20,16.5,1,"3",NA,"near hose",NA,NA,NA,"3536_12","irrigated","alive",1,"Flowering",1,NA,"2",0,0,1,1,0,0
2025,12,3536,18,"A","2",NA,16,0,NA,NA,"",NA,NA,NA,"3536_12","irrigated","alive",1,"Vegetative",0,NA,"0",NA,NA,NA,1,NA,NA
2026,12,3536,18,"A","0",NA,NA,NA,NA,NA,"NP",NA,NA,NA,"3536_12","irrigated",NA,NA,NA,NA,NA,NA,NA,NA,NA,0,NA,NA
2017,1,3537,8,"J","2",11.5,8.3,0,NA,2017,"",NA,NA,NA,"3537_1","irrigated","alive",1,"Vegetative",0,NA,"1",0,0,1,NA,NA,NA
2018,1,3537,8,"J","1",11.5,11.5,0,NA,2017,"",NA,NA,NA,"3537_1","irrigated","alive",1,"Vegetative",0,NA,"0",NA,NA,1,0,NA,NA
2019,1,3537,8,"J","0",NA,NA,NA,NA,2017,"NP",NA,NA,NA,"3537_1","irrigated","dormant",1,"Dormant",NA,NA,"1",0,0,1,0,NA,NA
2020,1,3537,8,"J","1",NA,9.8,0,NA,2017,"",NA,NA,NA,"3537_1","irrigated","alive",1,"Vegetative",0,NA,"1",0,0,1,NA,NA,NA
2021,1,3537,8,"J","1",NA,13.5,0,NA,2017,"",NA,NA,NA,"3537_1","irrigated","alive",1,"Vegetative",0,NA,"0",NA,NA,0,0,NA,NA
2022,1,3537,8,"J","0",NA,NA,NA,NA,2017,"NP",NA,NA,NA,"3537_1","irrigated","dead",0,"Dead",NA,NA,NA,NA,NA,NA,0,NA,NA
2017,5,3538,13,"C","2",15,9,1,"3",2017,"",NA,NA,NA,"3538_5","drought","alive",1,"Flowering",1,NA,"0",NA,NA,1,NA,NA,NA
2018,5,3538,13,"C","0",NA,NA,NA,NA,2017,"no plant",NA,NA,NA,"3538_5","drought","dormant",1,"Dormant",NA,NA,"1",0,0,1,1,NA,NA
2019,5,3538,13,"C","1",NA,8,0,NA,2017,"",NA,NA,NA,"3538_5","drought","alive",1,"Vegetative",0,NA,NA,NA,NA,NA,NA,NA,NA
2020,5,3538,13,"C",NA,NA,NA,NA,NA,2017,"NS",NA,NA,NA,"3538_5","drought",NA,NA,NA,NA,NA,NA,NA,NA,0,0,NA,NA
2021,5,3538,13,"C",NA,NA,NA,NA,NA,2017,"NPNT",NA,NA,NA,"3538_5","drought","dead",0,"Dead",NA,NA,NA,NA,NA,NA,NA,NA,NA
2016,2,3539,7,"D","6",14.5,7,0,NA,2016,"",NA,NA,NA,"3539_2","control","alive",1,"Vegetative",0,NA,"1",0,0,1,NA,NA,NA
2017,2,3539,7,"D","1",9.5,9.5,0,NA,2016,"",NA,NA,NA,"3539_2","control","alive",1,"Vegetative",0,NA,"3",0,0,1,0,NA,NA
2018,2,3539,7,"D","3",11,11,0,NA,2016,"",NA,NA,NA,"3539_2","control","alive",1,"Vegetative",0,NA,"1",0,0,1,0,NA,NA
2019,2,3539,7,"D","1",NA,14,0,NA,2016,"",NA,NA,NA,"3539_2","control","alive",1,"Vegetative",0,NA,"1",0,0,1,0,NA,NA
2020,2,3539,7,"D","1",NA,11.2,0,NA,2016,"",NA,NA,NA,"3539_2","control","alive",1,"Vegetative",0,NA,"3",1,1,1,0,NA,NA
2021,2,3539,7,"D","3",27,18,1,"4",2016,"",NA,NA,NA,"3539_2","control","alive",1,"Flowering",1,NA,"0",NA,NA,1,0,0,0
2022,2,3539,7,"D","0",NA,NA,NA,NA,2016,"NP.",NA,NA,NA,"3539_2","control","dormant",1,"Dormant",NA,NA,"1",0,0,1,1,NA,NA
2023,2,3539,7,"D","1",NA,15,0,NA,2016,"",NA,NA,NA,"3539_2","control","alive",1,"Vegetative",0,NA,"0",NA,NA,0,NA,NA,NA
2024,2,3539,7,"D","0",NA,NA,NA,NA,NA,"NP",NA,NA,NA,"3539_2","control","dead",0,"Dead",NA,NA,NA,NA,NA,NA,0,NA,NA
2016,2,3540,2,"B","6",13,8.1,1,"2.3",2016,"",NA,NA,NA,"3540_2","control","alive",1,"Flowering",1,NA,"1",0,0,1,NA,NA,NA
2017,2,3540,2,"B","1",8.5,8.5,0,NA,2016,"",NA,NA,NA,"3540_2","control","alive",1,"Vegetative",0,NA,"3",1,1,1,1,NA,NA
2018,2,3540,2,"B","3",5,11,1,"0.5",2016,"",NA,NA,NA,"3540_2","control","alive",1,"Flowering",1,NA,"1",0,0,1,0,NA,NA
2019,2,3540,2,"B","1",NA,8.5,0,NA,2016,"",NA,NA,NA,"3540_2","control","alive",1,"Vegetative",0,NA,"1",0,0,1,1,NA,NA
2020,2,3540,2,"B","1",NA,10.5,0,NA,2016,"",NA,NA,NA,"3540_2","control","alive",1,"Vegetative",0,NA,"0",NA,NA,0,0,NA,NA
2021,2,3540,2,"B","0",NA,NA,NA,NA,2016,"NP",NA,NA,NA,"3540_2","control","dead",0,"Dead",NA,NA,NA,NA,NA,NA,0,NA,NA
2017,6,3541,18,"A","2",15.5,15.5,0,NA,2017,"",NA,NA,NA,"3541_6","irrigated","alive",1,"Vegetative",0,NA,"2",0,0,1,NA,NA,NA
2018,6,3541,18,"A","2",15,15,0,NA,2017,"",NA,NA,NA,"3541_6","irrigated","alive",1,"Vegetative",0,NA,"2",0,0,1,0,NA,NA
2019,6,3541,18,"A","2",NA,13.5,0,NA,2017,"",NA,NA,NA,"3541_6","irrigated","alive",1,"Vegetative",0,NA,"2",1,1,1,0,NA,NA
2020,6,3541,18,"A","2",30,15.7,1,"3.6",2017,"",NA,NA,NA,"3541_6","irrigated","alive",1,"Flowering",1,NA,"1",0,0,1,0,NA,NA
2021,6,3541,18,"A","1",NA,9.5,0,NA,2017,"",NA,NA,NA,"3541_6","irrigated","alive",1,"Vegetative",0,NA,"0",NA,NA,0,1,NA,NA
2022,6,3541,18,"A","0",NA,NA,NA,NA,2017,"NP",NA,NA,NA,"3541_6","irrigated","dead",0,"Dead",NA,NA,NA,NA,NA,NA,0,NA,NA
2016,1,3542,0,"I","1",18,11,2,"2.7",2016,"",NA,NA,NA,"3542_1","irrigated","alive",1,"Flowering",1,NA,"5",1,1,1,NA,NA,NA
2017,1,3542,0,"I","5",19,15,1,"2",2016,"",NA,NA,NA,"3542_1","irrigated","alive",1,"Flowering",1,NA,"11",4,1,1,1,NA,NA
2018,1,3542,0,"I","11",16,14,4,"3",2016,"",NA,NA,NA,"3542_1","irrigated","alive",1,"Flowering",1,NA,"1",1,1,1,1,NA,NA
2019,1,3542,0,"I","1",9.5,10,1,"2",2016,"",NA,NA,NA,"3542_1","irrigated","alive",1,"Flowering",1,NA,"1",0,0,1,1,NA,NA
2020,1,3542,0,"I","1",NA,13.6,0,NA,2016,"",NA,NA,NA,"3542_1","irrigated","alive",1,"Vegetative",0,NA,"4",0,0,1,1,NA,NA
2021,1,3542,0,"I","4",NA,15,0,NA,2016,"",NA,NA,NA,"3542_1","irrigated","alive",1,"Vegetative",0,NA,"5",4,1,1,0,NA,NA
2022,1,3542,0,"I","5",38.5,15,4,NA,2016,"",NA,NA,NA,"3542_1","irrigated","alive",1,"Flowering",1,NA,"4",4,1,1,0,156,1
2023,1,3542,0,"I","4",29,14,4,"12",2016,"",NA,NA,NA,"3542_1","irrigated","alive",1,"Flowering",1,NA,"2",1,1,1,1,20,1
2024,1,3542,0,"I","2",24.5,14,1,"2.5",NA,"found plant already pulled",NA,NA,NA,"3542_1","irrigated","alive",1,"Flowering",1,NA,"2",1,1,1,1,0,0
2025,1,3542,0,"I","2",NA,19,1,NA,NA,"umbel dead",NA,NA,1,"3542_1","irrigated","alive",1,"Flowering",1,NA,"2",0,0,1,1,0,0
2026,1,3542,0,"I","2",NA,21,0,NA,NA,"",NA,NA,NA,"3542_1","irrigated","alive",1,"Vegetative",0,NA,NA,NA,NA,NA,1,NA,NA
2016,1,3543,2,"F","4",26,16.5,1,"3.6",2016,"",NA,NA,NA,"3543_1","irrigated","alive",1,"Flowering",1,NA,"3",0,0,1,NA,NA,NA
2017,1,3543,2,"F","3",22.5,33.5,0,NA,2016,"",NA,NA,NA,"3543_1","irrigated","alive",1,"Vegetative",0,NA,"3",0,0,1,1,NA,NA
2018,1,3543,2,"F","3",18,18,0,NA,2016,"",NA,NA,NA,"3543_1","irrigated","alive",1,"Vegetative",0,NA,"1",0,0,1,0,NA,NA
2019,1,3543,2,"F","1",NA,8,0,NA,2016,"one leaf partially eaten",NA,NA,NA,"3543_1","irrigated","alive",1,"Vegetative",0,NA,"2",0,0,1,0,NA,NA
2020,1,3543,2,"F","2",NA,13.3,0,NA,2016,"",NA,NA,NA,"3543_1","irrigated","alive",1,"Vegetative",0,NA,"4",2,1,1,0,NA,NA
2021,1,3543,2,"F","4",26,15,2,"3.5",2016,"",NA,NA,NA,"3543_1","irrigated","alive",1,"Flowering",1,NA,"2",1,1,1,0,0,0
2022,1,3543,2,"F","2",31,14.5,1,"3",2016,"",NA,NA,NA,"3543_1","irrigated","alive",1,"Flowering",1,NA,"3",2,1,1,1,50,1
2023,1,3543,2,"F","3",47,15,2,"8.5",2016,"",NA,NA,NA,"3543_1","irrigated","alive",1,"Flowering",1,NA,"2",0,0,1,1,90,1
2024,1,3543,2,"F","2",NA,25.5,0,NA,NA,"",NA,NA,NA,"3543_1","irrigated","alive",1,"Vegetative",0,NA,"2",0,0,1,1,NA,NA
2025,1,3543,2,"F","2",NA,20,0,NA,NA,"",NA,NA,NA,"3543_1","irrigated","alive",1,"Vegetative",0,NA,"1",0,0,1,0,NA,NA
2026,1,3543,2,"F","1",NA,12,0,NA,NA,"digging",NA,NA,NA,"3543_1","irrigated","alive",1,"Vegetative",0,NA,NA,NA,NA,NA,0,NA,NA
2016,2,3544,0,"D","4",19.5,5.8,1,"2.8",2016,"",NA,NA,NA,"3544_2","control","alive",1,"Flowering",1,NA,"2",0,0,1,NA,NA,NA
2017,2,3544,0,"D","2",9.5,9.5,0,NA,2016,"",NA,NA,NA,"3544_2","control","alive",1,"Vegetative",0,NA,"3",0,0,1,1,NA,NA
2018,2,3544,0,"D","3",11,11,0,NA,2016,"",NA,NA,NA,"3544_2","control","alive",1,"Vegetative",0,NA,"1",NA,NA,1,0,NA,NA
2019,2,3544,0,"D","1",NA,NA,NA,NA,2016,"no plant",NA,NA,NA,"3544_2","control","alive",1,NA,NA,NA,"1",0,0,1,0,NA,NA
2020,2,3544,0,"D","1",NA,8.1,0,NA,2016,"",NA,NA,NA,"3544_2","control","alive",1,"Vegetative",0,NA,"0",NA,NA,0,NA,NA,NA
2021,2,3544,0,"D","0",NA,NA,NA,NA,2016,"NP",NA,NA,NA,"3544_2","control","dead",0,"Dead",NA,NA,NA,NA,NA,NA,0,NA,NA
2020,5,3546,9,"F","1",NA,14.4,0,NA,2020,"",NA,NA,NA,"3546_5","drought","alive",1,"Vegetative",0,NA,"1",1,1,1,NA,NA,NA
2021,5,3546,9,"F","1",NA,10,1,NA,2020,"",NA,NA,NA,"3546_5","drought","alive",1,"Flowering",1,NA,"3",2,1,1,0,0,0
2022,5,3546,9,"F","3",20,13,2,"5",2020,"",NA,NA,NA,"3546_5","drought","alive",1,"Flowering",1,NA,"1",1,1,1,1,66,1
2023,5,3546,9,"F","1",30,NA,1,"5",2020,"leaf munched off",NA,NA,NA,"3546_5","drought","alive",1,"Flowering",1,NA,"3",1,1,1,1,34,1
2024,5,3546,9,"F","3",19,9,1,"3",2020,"measured leaf senesced; 5309 in phen",NA,NA,NA,"3546_5","drought","alive",1,"Flowering",1,NA,"2",0,0,1,1,20,1
2025,5,3546,9,"F","2",NA,15,0,NA,2020,"",NA,NA,NA,"3546_5","drought","alive",1,"Vegetative",0,NA,"1",0,0,1,1,NA,NA
2026,5,3546,9,"F","1",NA,19.5,0,NA,2020,"",NA,NA,NA,"3546_5","drought","alive",1,"Vegetative",0,NA,NA,NA,NA,NA,0,NA,NA
2017,5,3546,9,"F","4",19,8,2,"2",2017,"",NA,NA,NA,"3546_5_senior","drought","alive",1,"Flowering",1,NA,"0",NA,NA,0,NA,NA,NA
2018,5,3546,9,"F","0",NA,NA,NA,NA,2017,"no plant",NA,NA,NA,"3546_5_senior","drought","dead",0,"Dead",NA,NA,NA,NA,NA,NA,1,NA,NA
2016,10,3547,4,"F","5",14.5,3.5,0,NA,2016,"",NA,NA,NA,"3547_10","drought","alive",1,"Vegetative",0,NA,"2",0,0,1,NA,NA,NA
2017,10,3547,4,"F","2",20.5,20.5,0,NA,2016,"",NA,NA,NA,"3547_10","drought","alive",1,"Vegetative",0,NA,"1",0,0,1,0,NA,NA
2018,10,3547,4,"F","1",17.5,17.5,0,NA,2016,"",NA,NA,NA,"3547_10","drought","alive",1,"Vegetative",0,NA,"3",1,1,1,0,NA,NA
2019,10,3547,4,"F","3",31,16.5,1,"5",2016,"",NA,NA,NA,"3547_10","drought","alive",1,"Flowering",1,NA,"1",0,0,1,0,NA,NA
2020,10,3547,4,"F","1",NA,12,0,NA,2016,"",NA,NA,NA,"3547_10","drought","alive",1,"Vegetative",0,NA,"2",0,0,1,1,NA,NA
2021,10,3547,4,"F","2",NA,23,0,NA,2016,"",NA,NA,NA,"3547_10","drought","alive",1,"Vegetative",0,NA,"3",1,1,1,0,NA,NA
2022,10,3547,4,"F","3",55,20.5,1,"7",2016,"",NA,NA,NA,"3547_10","drought","alive",1,"Flowering",1,NA,"3",1,1,1,0,28,1
2023,10,3547,4,"F","3",54,21,1,"11",2016,"",NA,NA,NA,"3547_10","drought","alive",1,"Flowering",1,NA,"3",2,1,1,1,6,1
2024,10,3547,4,"F","3",53,21,2,"10.5",NA,"",NA,NA,NA,"3547_10","drought","alive",1,"Flowering",1,NA,"3",1,1,1,1,94,1
2025,10,3547,4,"F","3",53,19,1,"6.5",NA,"",NA,NA,NA,"3547_10","drought","alive",1,"Flowering",1,NA,NA,NA,NA,NA,1,44,1
2026,10,3547,4,"F",NA,NA,NA,NA,NA,NA,"",NA,NA,NA,"3547_10","drought",NA,NA,NA,NA,NA,NA,NA,NA,NA,1,NA,NA
2016,2,3549,7,"A","3",8.5,3.1,0,NA,2016,"",NA,NA,NA,"3549_2","control","alive",1,"Vegetative",0,NA,"3",0,0,1,NA,NA,NA
2017,2,3549,7,"A","3",9.5,6,0,NA,2016,"",NA,NA,NA,"3549_2","control","alive",1,"Vegetative",0,NA,"2",0,0,1,0,NA,NA
2018,2,3549,7,"A","2",9,9,0,NA,2016,"",NA,NA,NA,"3549_2","control","alive",1,"Vegetative",0,NA,"1",0,0,1,0,NA,NA
2019,2,3549,7,"A","1",NA,9,0,NA,2016,"",NA,NA,NA,"3549_2","control","alive",1,"Vegetative",0,NA,"1",0,0,1,0,NA,NA
2020,2,3549,7,"A","1",NA,7.3,0,NA,2016,"",NA,NA,NA,"3549_2","control","alive",1,"Vegetative",0,NA,"2",0,0,1,0,NA,NA
2021,2,3549,7,"A","2",NA,12,0,NA,2016,"",NA,NA,NA,"3549_2","control","alive",1,"Vegetative",0,NA,"1",0,0,1,0,NA,NA
2022,2,3549,7,"A","1",NA,13,0,NA,2016,"",NA,NA,NA,"3549_2","control","alive",1,"Vegetative",0,NA,"1",0,0,1,0,NA,NA
2023,2,3549,7,"A","1",NA,8,0,NA,2016,"",NA,NA,NA,"3549_2","control","alive",1,"Vegetative",0,NA,"0",NA,NA,1,0,NA,NA
2024,2,3549,7,"A","0",NA,NA,NA,NA,NA,"NP",NA,NA,NA,"3549_2","control","dormant",1,"Dormant",NA,NA,"1",0,0,1,0,NA,NA
2025,2,3549,7,"A","1",NA,16,0,NA,NA,"",NA,NA,NA,"3549_2","control","alive",1,"Vegetative",0,NA,"2",0,0,1,NA,NA,NA
2026,2,3549,7,"A","2",NA,15.5,0,NA,NA,"",NA,NA,NA,"3549_2","control","alive",1,"Vegetative",0,NA,NA,NA,NA,NA,0,NA,NA
2016,2,3550,9,"I","3",10.5,6.4,0,NA,2016,"",NA,NA,NA,"3550_2","control","alive",1,"Vegetative",0,NA,"1",0,0,1,NA,NA,NA
2017,2,3550,9,"I","1",10,10,0,NA,2016,"",NA,NA,NA,"3550_2","control","alive",1,"Vegetative",0,NA,"1",0,0,1,0,NA,NA
2018,2,3550,9,"I","1",9.5,9.5,0,NA,2016,"",NA,NA,NA,"3550_2","control","alive",1,"Vegetative",0,NA,"2",0,0,1,0,NA,NA
2019,2,3550,9,"I","2",NA,12.5,0,NA,2016,"",NA,NA,NA,"3550_2","control","alive",1,"Vegetative",0,NA,"1",0,0,1,0,NA,NA
2020,2,3550,9,"I","1",NA,11.7,0,NA,2016,"",NA,NA,NA,"3550_2","control","alive",1,"Vegetative",0,NA,"2",1,1,1,0,NA,NA
2021,2,3550,9,"I","2",18,11.5,1,"3",2016,"",NA,NA,NA,"3550_2","control","alive",1,"Flowering",1,NA,"3",2,1,1,0,0,0
2022,2,3550,9,"I","3",29,16,2,"7",2016,"",NA,NA,NA,"3550_2","control","alive",1,"Flowering",1,NA,"4",2,1,1,1,64,1
2023,2,3550,9,"I","4",27,13,2,"7",2016,"",NA,NA,NA,"3550_2","control","alive",1,"Flowering",1,NA,"1",1,1,1,1,58,1
2024,2,3550,9,"I","1",17.5,8.5,1,"2",NA,"",NA,NA,NA,"3550_2","control","alive",1,"Flowering",1,NA,"2",1,1,1,1,0,0
2025,2,3550,9,"I","2",18,21,1,"2",NA,"",NA,NA,1,"3550_2","control","alive",1,"Flowering",1,NA,"0",NA,NA,NA,1,0,0
2026,2,3550,9,"I","0",NA,NA,NA,NA,NA,"NP",NA,NA,NA,"3550_2","control",NA,NA,NA,NA,NA,NA,NA,NA,NA,1,NA,NA
2022,12,3551,11,"H","2",23,17.5,1,"4.5",2022,"",NA,NA,NA,"3551_12","irrigated","alive",1,"Flowering",1,NA,"3",2,1,1,NA,16,1
2023,12,3551,11,"H","3",45,16,2,"9.5",2022,"",NA,NA,NA,"3551_12","irrigated","alive",1,"Flowering",1,NA,NA,NA,NA,0,1,128,1
2024,12,3551,11,"H",NA,NA,NA,NA,NA,2022,"NPNT",NA,NA,NA,"3551_12","irrigated","dead",0,"Dead",NA,NA,NA,NA,NA,NA,1,NA,NA
2016,12,3551,11,"H","3",14,7,0,NA,2016,"",NA,NA,NA,"3551_12_senior","irrigated","alive",1,"Vegetative",0,NA,"2",2,1,1,NA,NA,NA
2017,12,3551,11,"H","2",12,8,2,"2",2016,"",NA,NA,NA,"3551_12_senior","irrigated","alive",1,"Flowering",1,NA,"1",0,0,1,0,NA,NA
2018,12,3551,11,"H","1",13,13,0,NA,2016,"",NA,NA,NA,"3551_12_senior","irrigated","alive",1,"Vegetative",0,NA,"0",NA,NA,0,1,NA,NA
2019,12,3551,11,"H","0",NA,NA,NA,NA,2016,"no plant",NA,NA,NA,"3551_12_senior","irrigated","dead",0,"Dead",NA,NA,NA,NA,NA,NA,0,NA,NA
2018,14,3551,18,"C","1",9,9,0,NA,2018,"",NA,NA,NA,"3551_14","drought","alive",1,"Vegetative",0,NA,"0",NA,NA,0,NA,NA,NA
2019,14,3551,18,"C","0",NA,NA,NA,NA,2018,"no plant",NA,NA,NA,"3551_14","drought","dead",0,"Dead",NA,NA,NA,NA,NA,NA,0,NA,NA
2016,1,3553,7,"C","5",33.5,15.5,1,"4.8",2016,"",NA,NA,NA,"3553_1","irrigated","alive",1,"Flowering",1,NA,"3",0,0,1,NA,NA,NA
2017,1,3553,7,"C","3",9,9,0,NA,2016,"",NA,NA,NA,"3553_1","irrigated","alive",1,"Vegetative",0,NA,"0",NA,NA,1,1,NA,NA
2018,1,3553,7,"C","0",NA,NA,NA,NA,2016,"no plant",NA,NA,NA,"3553_1","irrigated","dormant",1,"Dormant",NA,NA,"1",0,0,1,0,NA,NA
2019,1,3553,7,"C","1",NA,6,0,NA,2016,"",NA,NA,NA,"3553_1","irrigated","alive",1,"Vegetative",0,NA,"0",NA,NA,0,NA,NA,NA
2020,1,3553,7,"C","0",NA,NA,NA,NA,2016,"no plant",NA,NA,NA,"3553_1","irrigated","dead",0,"Dead",NA,NA,NA,NA,NA,NA,0,NA,NA
2016,1,3554,5,"I","5",21.5,12.5,2,"3.6",2016,"",NA,NA,NA,"3554_1","irrigated","alive",1,"Flowering",1,NA,"4",1,1,1,NA,NA,NA
2017,1,3554,5,"I","4",26.5,12.6,1,"4",2016,"",NA,NA,NA,"3554_1","irrigated","alive",1,"Flowering",1,NA,"5",3,1,1,1,NA,NA
2018,1,3554,5,"I","5",12.5,14,3,"2.5",2016,"",NA,NA,NA,"3554_1","irrigated","alive",1,"Flowering",1,NA,"3",1,1,1,1,NA,NA
2019,1,3554,5,"I","3",14,12,1,"3",2016,"",NA,NA,NA,"3554_1","irrigated","alive",1,"Flowering",1,NA,"6",4,1,1,1,NA,NA
2020,1,3554,5,"I","6",20,4.2,4,"9.7",2016,"",NA,NA,NA,"3554_1","irrigated","alive",1,"Flowering",1,NA,NA,NA,NA,0,1,NA,NA
2021,1,3554,5,"I",NA,NA,NA,NA,NA,2016,"NPNT",NA,NA,NA,"3554_1","irrigated","dead",0,"Dead",NA,NA,NA,NA,NA,NA,1,NA,NA
2026,4,3555,11,"J","3",37,16,1,"4",2026,"",NA,NA,NA,"3555_4","irrigated","alive",1,"Flowering",1,NA,NA,NA,NA,NA,NA,0,0
2016,4,3555,11,"J","13",55,11.7,1,"8.5",2016,"Diversity plot, leaves dead",NA,NA,NA,"3555_4_senior","irrigated","alive",1,"Flowering",1,NA,"3",1,1,1,NA,NA,NA
2017,4,3555,11,"J","3",27,12,1,"3",2016,"Diversity Plot",NA,NA,NA,"3555_4_senior","irrigated","alive",1,"Flowering",1,NA,"4",1,1,1,1,NA,NA
2018,4,3555,11,"J","4",29.5,21.5,1,"4.9",2016,"",NA,NA,NA,"3555_4_senior","irrigated","alive",1,"Flowering",1,NA,"3",1,1,1,1,NA,NA
2019,4,3555,11,"J","3",28,14,1,"2.5",2016,"Diversity plot",NA,NA,NA,"3555_4_senior","irrigated","alive",1,"Flowering",1,NA,"3",1,1,1,1,NA,NA
2020,4,3555,11,"J","3",21,13.5,1,"2.5",2016,"diversity plot",NA,NA,NA,"3555_4_senior","irrigated","alive",1,"Flowering",1,NA,"3",1,1,1,1,NA,NA
2021,4,3555,11,"J","3",33,17,1,"3",2016,"",NA,NA,NA,"3555_4_senior","irrigated","alive",1,"Flowering",1,NA,"4",1,1,1,1,42,1
2022,4,3555,11,"J","4",46,20,1,"4",2016,"",NA,NA,NA,"3555_4_senior","irrigated","alive",1,"Flowering",1,NA,NA,NA,NA,0,1,NA,NA
2023,4,3555,11,"J",NA,NA,NA,NA,NA,2016,"NPNT. 11J.",NA,NA,NA,"3555_4_senior","irrigated","dead",0,"Dead",NA,NA,NA,NA,NA,NA,1,NA,NA
2019,14,3556,15,"H","2",20.5,15.5,1,"3",2019,"",NA,NA,NA,"3556_14","drought","alive",1,"Flowering",1,NA,"4",3,1,1,NA,NA,NA
2020,14,3556,15,"H","4",41,24.5,3,"10.8",2019,"",NA,NA,NA,"3556_14","drought","alive",1,"Flowering",1,NA,"3",2,1,1,1,NA,NA
2021,14,3556,15,"H","3",34,18.5,2,"5.5",2019,"",NA,NA,NA,"3556_14","drought","alive",1,"Flowering",1,NA,"4",3,1,1,1,52,1
2022,14,3556,15,"H","4",49,16,3,"12.5",2019,"",NA,NA,NA,"3556_14","drought","alive",1,"Flowering",1,NA,"4",2,1,1,1,2,1
2023,14,3556,15,"H","4",60,19,2,"9",2019,"",NA,NA,NA,"3556_14","drought","alive",1,"Flowering",1,NA,"5",3,1,1,1,NA,NA
2024,14,3556,15,"H","5",34.5,17.5,3,"9",NA,"",NA,NA,NA,"3556_14","drought","alive",1,"Flowering",1,NA,"2",0,NA,1,1,0,0
2025,14,3556,15,"H","2",NA,NA,0,NA,NA,"leaves eaten",NA,NA,NA,"3556_14","drought","alive",1,NA,NA,NA,"1",0,0,1,1,NA,NA
2026,14,3556,15,"H","1",NA,19,0,NA,NA,"",NA,NA,NA,"3556_14","drought","alive",1,"Vegetative",0,NA,NA,NA,NA,NA,NA,NA,NA
2021,13,3559,4,"C","1",NA,16,0,NA,2021,"",NA,NA,NA,"3559_13","control","alive",1,"Vegetative",0,NA,"0",NA,NA,0,NA,NA,NA
2022,13,3559,4,"C","0",NA,NA,NA,NA,2021,"NP, next to 7537",NA,NA,NA,"3559_13","control","dead",0,"Dead",NA,NA,NA,NA,NA,NA,0,NA,NA
2017,5,3560,3,"B","4",20,8,1,"4",2017,"",NA,NA,NA,"3560_5","drought","alive",1,"Flowering",1,NA,"2",1,1,1,NA,NA,NA
2018,5,3560,3,"B","2",9,6,1,"1.5",2017,"",NA,NA,NA,"3560_5","drought","alive",1,"Flowering",1,NA,"1",0,0,1,1,NA,NA
2019,5,3560,3,"B","1",NA,10,0,NA,2017,"",NA,NA,NA,"3560_5","drought","alive",1,"Vegetative",0,NA,"0",NA,NA,1,1,NA,NA
2020,5,3560,3,"B","0",NA,NA,NA,NA,2017,"no plant",NA,NA,NA,"3560_5","drought","dormant",1,"Dormant",NA,NA,"2",1,1,1,0,NA,NA
2021,5,3560,3,"B","2",16.5,9,1,"3",2017,"",NA,NA,NA,"3560_5","drought","alive",1,"Flowering",1,NA,"4",1,1,1,NA,0,0
2022,5,3560,3,"B","4",28,14,1,"4",2017,"nex to 3820, close to 3D",NA,NA,NA,"3560_5","drought","alive",1,"Flowering",1,NA,"6",5,1,1,1,56,1
2023,5,3560,3,"B","6",23,11.5,5,"2.5",2017,"some leaves and umbels eaten. Next to 3820, near 3D.",NA,NA,NA,"3560_5","drought","alive",1,"Flowering",1,NA,"4",1,1,1,1,6,1
2024,5,3560,3,"B","4",19.5,15.5,1,"3",NA,"",NA,NA,NA,"3560_5","drought","alive",1,"Flowering",1,NA,"3",1,1,1,1,16,1
2025,5,3560,3,"B","3",13,10,1,"2.5",NA,"closer to 3C",NA,NA,NA,"3560_5","drought","alive",1,"Flowering",1,NA,"2",1,1,1,1,0,0
2026,5,3560,3,"B","2",15,9,1,"2",NA,"next to 3820, 3C",NA,NA,NA,"3560_5","drought","alive",1,"Flowering",1,NA,NA,NA,NA,NA,1,0,0
2021,2,3562,19,"I","1",NA,14,0,NA,2021,"",NA,NA,NA,"3562_2","control","alive",1,"Vegetative",0,NA,"2",1,1,1,NA,NA,NA
2022,2,3562,19,"I","2",16.5,11.5,1,"3",2021,"",NA,NA,NA,"3562_2","control","alive",1,"Flowering",1,NA,"1",1,1,1,0,0,0
2023,2,3562,19,"I","1",18,11,1,"3.5",2021,"",NA,NA,NA,"3562_2","control","alive",1,"Flowering",1,NA,"1",0,0,1,1,0,0
2024,2,3562,19,"I","1",NA,12,0,NA,NA,"",NA,NA,NA,"3562_2","control","alive",1,"Vegetative",0,NA,"2",0,0,1,1,NA,NA
2025,2,3562,19,"I","2",NA,15,0,NA,NA,"",NA,NA,NA,"3562_2","control","alive",1,"Vegetative",0,NA,NA,NA,NA,NA,0,NA,NA
2026,2,3562,19,"I",NA,NA,NA,NA,NA,NA,"NPNT",NA,NA,NA,"3562_2","control",NA,NA,NA,NA,NA,NA,NA,NA,NA,0,NA,NA
2016,4,3563,15,"H","16",64,6.9,2,"7",2016,"Diversity plot",NA,NA,NA,"3563_4","irrigated","alive",1,"Flowering",1,NA,"5",3,1,1,NA,NA,NA
2017,4,3563,15,"H","5",29,10,3,"3",2016,"Diversity Plot",NA,NA,NA,"3563_4","irrigated","alive",1,"Flowering",1,NA,"2",1,1,1,1,NA,NA
2018,4,3563,15,"H","2",13,15.5,1,"2.3",2016,"",NA,NA,NA,"3563_4","irrigated","alive",1,"Flowering",1,NA,"3",1,1,1,1,NA,NA
2019,4,3563,15,"H","3",42,21,1,"5.5",2016,"Diversity plot",NA,NA,NA,"3563_4","irrigated","alive",1,"Flowering",1,NA,"5",2,1,1,1,NA,NA
2020,4,3563,15,"H","5",51.5,18.5,2,"8",2016,"diversity plot",NA,NA,NA,"3563_4","irrigated","alive",1,"Flowering",1,NA,"4",2,1,1,1,NA,NA
2021,4,3563,15,"H","4",51,18,2,"8.5",2016,"",NA,NA,NA,"3563_4","irrigated","alive",1,"Flowering",1,NA,"4",1,1,1,1,0,0
2022,4,3563,15,"H","4",63,22,1,"5.5",2016,"",NA,NA,NA,"3563_4","irrigated","alive",1,"Flowering",1,NA,NA,NA,NA,0,1,NA,NA
2023,4,3563,15,"H",NA,NA,NA,NA,NA,2016,"NPNT. 15H.",NA,NA,NA,"3563_4","irrigated","dead",0,"Dead",NA,NA,NA,NA,NA,NA,1,NA,NA
2016,13,3565,19,"F","4",15.5,6.1,1,"2.1",2016,"",NA,NA,NA,"3565_13","control","alive",1,"Flowering",1,NA,"1",0,0,1,NA,NA,NA
2017,13,3565,19,"F","1",6.5,6.5,0,NA,2016,"",NA,NA,NA,"3565_13","control","alive",1,"Vegetative",0,NA,"1",0,0,1,1,NA,NA
2018,13,3565,19,"F","1",12,12,0,NA,2016,"",NA,NA,NA,"3565_13","control","alive",1,"Vegetative",0,NA,"2",1,1,1,0,NA,NA
2019,13,3565,19,"F","2",13,13,1,"2",2016,"",NA,NA,NA,"3565_13","control","alive",1,"Flowering",1,NA,NA,NA,NA,1,0,NA,NA
2020,13,3565,19,"F",NA,NA,NA,NA,NA,2016,"NS",NA,NA,NA,"3565_13","control",NA,1,NA,NA,NA,"2",0,0,1,1,NA,NA
2021,13,3565,19,"F","2",NA,16,0,NA,2016,"",NA,NA,NA,"3565_13","control","alive",1,"Vegetative",0,NA,"2",3,1,1,NA,NA,NA
2022,13,3565,19,"F","2",21,15,3,"3",2016,"",NA,NA,NA,"3565_13","control","alive",1,"Flowering",1,NA,"5",3,1,1,0,0,0
2023,13,3565,19,"F","5",36,15,3,"13.5",2016,"",NA,NA,NA,"3565_13","control","alive",1,"Flowering",1,NA,"1",0,0,1,1,NA,NA
2024,13,3565,19,"F","1",NA,12,0,NA,NA,"plant 3cm from tag",NA,NA,NA,"3565_13","control","alive",1,"Vegetative",0,NA,"3",0,0,1,1,NA,NA
2025,13,3565,19,"F","3",NA,16.5,0,NA,NA,"",NA,NA,NA,"3565_13","control","alive",1,"Vegetative",0,NA,"0",NA,NA,NA,0,NA,NA
2026,13,3565,19,"F","0",NA,NA,NA,NA,NA,"NP",NA,NA,NA,"3565_13","control",NA,NA,NA,NA,NA,NA,NA,NA,NA,0,NA,NA
2021,5,3566,13,"H","1",NA,9,0,NA,2021,"",NA,NA,NA,"3566_5","drought","alive",1,"Vegetative",0,NA,NA,NA,NA,1,NA,NA,NA
2022,5,3566,13,"H",NA,NA,NA,NA,NA,2021,"NPNT",NA,NA,NA,"3566_5","drought",NA,1,NA,NA,NA,"2",1,1,1,0,NA,NA
2023,5,3566,13,"H","2",22,11,1,"4",2021,"",NA,NA,NA,"3566_5","drought","alive",1,"Flowering",1,NA,"0",NA,NA,1,NA,NA,NA
2024,5,3566,13,"H","0",NA,NA,NA,NA,2021,"NP",NA,NA,NA,"3566_5","drought","dormant",1,"Dormant",NA,NA,"1",0,0,1,1,NA,NA
2025,5,3566,13,"H","1",NA,13,0,NA,2021,"",NA,NA,NA,"3566_5","drought","alive",1,"Vegetative",0,NA,"1",0,0,1,NA,NA,NA
2026,5,3566,13,"H","1",NA,4.5,0,NA,2021,"",NA,NA,NA,"3566_5","drought","alive",1,"Vegetative",0,NA,NA,NA,NA,NA,0,NA,NA
2017,5,3566,13,"H","2",17.5,8.5,2,"2.5",2017,"",NA,NA,NA,"3566_5_senior","drought","alive",1,"Flowering",1,NA,"1",0,0,1,NA,NA,NA
2018,5,3566,13,"H","1",10,10,0,NA,2017,"",NA,NA,NA,"3566_5_senior","drought","alive",1,"Vegetative",0,NA,"0",NA,NA,0,1,NA,NA
2019,5,3566,13,"H","0",NA,NA,NA,NA,2017,"no plant",NA,NA,NA,"3566_5_senior","drought","dead",0,"Dead",NA,NA,NA,NA,NA,NA,0,NA,NA
2016,1,3567,3,"I","3",18.5,12.6,0,NA,2016,"",NA,NA,NA,"3567_1","irrigated","alive",1,"Vegetative",0,NA,"3",0,0,1,NA,NA,NA
2017,1,3567,3,"I","3",12,12,0,NA,2016,"",NA,NA,NA,"3567_1","irrigated","alive",1,"Vegetative",0,NA,"3",0,0,1,0,NA,NA
2018,1,3567,3,"I","3",11,11,0,NA,2016,"",NA,NA,NA,"3567_1","irrigated","alive",1,"Vegetative",0,NA,"1",1,1,1,0,NA,NA
2019,1,3567,3,"I","1",12,2,1,"2",2016,"",NA,NA,NA,"3567_1","irrigated","alive",1,"Flowering",1,NA,"1",0,0,1,0,NA,NA
2020,1,3567,3,"I","1",NA,12.7,0,NA,2016,"",NA,NA,NA,"3567_1","irrigated","alive",1,"Vegetative",0,NA,"3",2,1,1,1,NA,NA
2021,1,3567,3,"I","3",21.5,17,2,"4",2016,"",NA,NA,NA,"3567_1","irrigated","alive",1,"Flowering",1,NA,"2",2,1,1,0,64,1
2022,1,3567,3,"I","2",46.5,14,2,"9.5",2016,"",NA,NA,NA,"3567_1","irrigated","alive",1,"Flowering",1,NA,"5",4,1,1,1,142,1
2023,1,3567,3,"I","5",35,19,4,"13.5",2016,"",NA,NA,NA,"3567_1","irrigated","alive",1,"Flowering",1,NA,"2",2,1,1,1,122,1
2024,1,3567,3,"I","2",37,8.5,2,"5.5",NA,"",NA,NA,NA,"3567_1","irrigated","alive",1,"Flowering",1,NA,"2",1,1,1,1,44,1
2025,1,3567,3,"I","2",22.5,22,1,"3",NA,"",NA,NA,1,"3567_1","irrigated","alive",1,"Flowering",1,NA,"4",2,1,1,1,0,0
2026,1,3567,3,"I","4",28,18,2,"7",NA,"",NA,NA,NA,"3567_1","irrigated","alive",1,"Flowering",1,NA,NA,NA,NA,NA,1,NA,NA
2017,3,3568,2,"C","2",7,7,0,NA,2017,"",NA,NA,NA,"3568_3","control","alive",1,"Vegetative",0,NA,"2",0,0,1,NA,NA,NA
2018,3,3568,2,"C","2",18,18,0,NA,2017,"",NA,NA,NA,"3568_3","control","alive",1,"Vegetative",0,NA,"0",NA,NA,1,0,NA,NA
2019,3,3568,2,"C","0",NA,NA,NA,NA,2017,"",NA,NA,NA,"3568_3","control","dormant",1,"Dormant",NA,NA,"1",0,0,1,0,NA,NA
2020,3,3568,2,"C","1",NA,10.8,0,NA,2017,"",NA,NA,NA,"3568_3","control","alive",1,"Vegetative",0,NA,"2",0,0,1,NA,NA,NA
2021,3,3568,2,"C","2",NA,16,0,NA,2017,"",NA,NA,NA,"3568_3","control","alive",1,"Vegetative",0,NA,"0",NA,NA,1,0,NA,NA
2022,3,3568,2,"C","0",NA,NA,NA,NA,2017,"NP - dactylis clump",NA,NA,NA,"3568_3","control","dormant",1,"Dormant",NA,NA,"1",0,0,1,0,NA,NA
2023,3,3568,2,"C","1",NA,16,0,NA,2017,"in dactylis clump. Plant is alive!",NA,NA,NA,"3568_3","control","alive",1,"Vegetative",0,NA,"0",NA,NA,0,NA,NA,NA
2024,3,3568,2,"C","0",NA,NA,NA,NA,NA,"NP; not in Dactylis",NA,NA,NA,"3568_3","control","dead",0,"Dead",NA,NA,NA,NA,NA,NA,0,NA,NA
2016,6,3570,19,"F","12",22.5,10.5,1,"3.4",2016,"Dead leaves",NA,NA,NA,"3570_6","irrigated","alive",1,"Flowering",1,NA,"6",4,1,1,NA,NA,NA
2017,6,3570,19,"F","6",17,15,4,"4",2016,"",NA,NA,NA,"3570_6","irrigated","alive",1,"Flowering",1,NA,"1",0,0,1,1,NA,NA
2018,6,3570,19,"F","1",13,13,0,NA,2016,"",NA,NA,NA,"3570_6","irrigated","alive",1,"Vegetative",0,NA,"1",1,1,1,1,NA,NA
2019,6,3570,19,"F","1",17,6.5,1,"2.5",2016,"",NA,NA,NA,"3570_6","irrigated","alive",1,"Flowering",1,NA,"1",1,1,1,0,NA,NA
2020,6,3570,19,"F","1",19.5,NA,1,"2.9",2016,"no leaves-weird",NA,NA,NA,"3570_6","irrigated","alive",1,"Flowering",1,NA,"1",0,0,1,1,NA,NA
2021,6,3570,19,"F","1",NA,8,0,NA,2016,"",NA,NA,NA,"3570_6","irrigated","alive",1,"Vegetative",0,NA,"1",0,0,1,1,NA,NA
2022,6,3570,19,"F","1",NA,20,0,NA,2016,"",NA,NA,NA,"3570_6","irrigated","alive",1,"Vegetative",0,NA,"4",2,1,1,0,NA,NA
2023,6,3570,19,"F","4",28,14,2,"6",2016,"",NA,NA,NA,"3570_6","irrigated","alive",1,"Flowering",1,NA,"1",NA,NA,1,0,8,1
2024,6,3570,19,"F","1",NA,14.5,NA,NA,NA,"shouldn't be in phen?",NA,NA,NA,"3570_6","irrigated","alive",1,NA,NA,NA,"3",1,1,1,1,NA,NA
2025,6,3570,19,"F","3",20,13,1,"3",NA,"",NA,NA,NA,"3570_6","irrigated","alive",1,"Flowering",1,NA,"1",0,0,1,NA,NA,NA
2026,6,3570,19,"F","1",NA,19,0,NA,NA,"",NA,NA,NA,"3570_6","irrigated","alive",1,"Vegetative",0,NA,NA,NA,NA,NA,1,NA,NA
2016,4,3571,6,"J","20",41.5,10.5,3,"10.2",2016,"3 stalks",NA,NA,NA,"3571_4","irrigated","alive",1,"Flowering",1,NA,"2",1,1,1,NA,NA,NA
2017,4,3571,6,"J","2",27.5,9,1,"1.5",2016,"",NA,NA,NA,"3571_4","irrigated","alive",1,"Flowering",1,NA,"3",0,0,1,1,NA,NA
2018,4,3571,6,"J","3",19,19,0,NA,2016,"",NA,NA,NA,"3571_4","irrigated","alive",1,"Vegetative",0,NA,"0",NA,NA,0,1,NA,NA
2019,4,3571,6,"J","0",NA,NA,NA,NA,2016,"no plant",NA,NA,NA,"3571_4","irrigated","dead",0,"Dead",NA,NA,NA,NA,NA,NA,0,NA,NA
2019,1,3572,18,"H","1",NA,8.5,0,NA,2019,"",NA,NA,NA,"3572_1","irrigated","alive",1,"Vegetative",0,NA,NA,NA,NA,1,NA,NA,NA
2020,1,3572,18,"H",NA,NA,NA,NA,NA,2019,"NS",NA,NA,NA,"3572_1","irrigated",NA,1,NA,NA,NA,"1",0,0,1,0,NA,NA
2021,1,3572,18,"H","1",NA,14.5,0,NA,2019,"",NA,NA,NA,"3572_1","irrigated","alive",1,"Vegetative",0,NA,"0",NA,NA,0,NA,NA,NA
2022,1,3572,18,"H","0",NA,NA,NA,NA,2019,"NP",NA,NA,NA,"3572_1","irrigated","dead",0,"Dead",NA,NA,NA,NA,NA,NA,0,NA,NA
2016,13,3573,18,"D","1",7.1,7.1,0,NA,2016,"",NA,NA,NA,"3573_13","control","alive",1,"Vegetative",0,NA,"1",0,0,1,NA,NA,NA
2017,13,3573,18,"D","1",6,6,0,NA,2016,"",NA,NA,NA,"3573_13","control","alive",1,"Vegetative",0,NA,"0",NA,NA,0,0,NA,NA
2018,13,3573,18,"D","0",NA,NA,NA,NA,2016,"no plant",NA,NA,NA,"3573_13","control","dead",0,"Dead",NA,NA,NA,NA,NA,NA,0,NA,NA
2016,2,3574,0,"A","6",13.5,8.3,1,"1.2",2016,"",NA,NA,NA,"3574_2","control","alive",1,"Flowering",1,NA,"2",0,0,1,NA,NA,NA
2017,2,3574,0,"A","2",9,9,0,NA,2016,"",NA,NA,NA,"3574_2","control","alive",1,"Vegetative",0,NA,"2",0,0,1,1,NA,NA
2018,2,3574,0,"A","2",7,7,0,NA,2016,"",NA,NA,NA,"3574_2","control","alive",1,"Vegetative",0,NA,"1",0,0,1,0,NA,NA
2019,2,3574,0,"A","1",NA,5,0,NA,2016,"",NA,NA,NA,"3574_2","control","alive",1,"Vegetative",0,NA,"1",0,0,1,0,NA,NA
2020,2,3574,0,"A","1",NA,7.3,0,NA,2016,"",NA,NA,NA,"3574_2","control","alive",1,"Vegetative",0,NA,"0",NA,NA,0,0,NA,NA
2021,2,3574,0,"A","0",NA,NA,NA,NA,2016,"NP",NA,NA,NA,"3574_2","control","dead",0,"Dead",NA,NA,NA,NA,NA,NA,0,NA,NA
2016,14,3575,19,"G","3",11.5,3.7,0,NA,2016,"",NA,NA,NA,"3575_14","drought","alive",1,"Vegetative",0,NA,"2",0,0,1,NA,NA,NA
2017,14,3575,19,"G","2",13.6,13.5,0,NA,2016,"",NA,NA,NA,"3575_14","drought","alive",1,"Vegetative",0,NA,"1",0,0,1,0,NA,NA
2018,14,3575,19,"G","1",13.5,13.5,0,NA,2016,"",NA,NA,NA,"3575_14","drought","alive",1,"Vegetative",0,NA,"3",1,1,1,0,NA,NA
2019,14,3575,19,"G","3",17.5,7,1,"5",2016,"",NA,NA,NA,"3575_14","drought","alive",1,"Flowering",1,NA,NA,NA,NA,1,0,NA,NA
2020,14,3575,19,"G",NA,NA,NA,NA,NA,2016,"NS",NA,NA,NA,"3575_14","drought",NA,1,NA,NA,NA,"1",0,0,1,1,NA,NA
2021,14,3575,19,"G","1",NA,12,0,NA,2016,"",NA,NA,NA,"3575_14","drought","alive",1,"Vegetative",0,NA,"2",1,1,1,NA,NA,NA
2022,14,3575,19,"G","2",20,12.5,1,"3",2016,"",NA,NA,NA,"3575_14","drought","alive",1,"Flowering",1,NA,"0",NA,NA,1,0,0,0
2023,14,3575,19,"G","0",NA,NA,NA,NA,2016,"NP",NA,NA,NA,"3575_14","drought","dormant",1,"Dormant",NA,NA,"1",0,0,1,1,NA,NA
2024,14,3575,19,"G","1",NA,19.5,0,NA,NA,"",NA,NA,NA,"3575_14","drought","alive",1,"Vegetative",0,NA,"1",0,0,1,NA,NA,NA
2025,14,3575,19,"G","1",NA,20.5,0,NA,NA,"outside plot",NA,NA,NA,"3575_14","drought","alive",1,"Vegetative",0,NA,"3",0,0,1,0,NA,NA
2026,14,3575,19,"G","3",NA,23,0,NA,NA,"",NA,NA,NA,"3575_14","drought","alive",1,"Vegetative",0,NA,NA,NA,NA,NA,0,NA,NA
2016,2,3576,1,"B","9",16,6.7,2,"2.3",2016,"Measured for only 1 m2",NA,NA,NA,"3576_2","control","alive",1,"Flowering",1,NA,"4",1,1,1,NA,NA,NA
2017,2,3576,1,"B","4",7.5,7,1,"1",2016,"",NA,NA,NA,"3576_2","control","alive",1,"Flowering",1,NA,"3",1,1,1,1,NA,NA
2018,2,3576,1,"B","3",9,11.5,1,"2",2016,"",NA,NA,NA,"3576_2","control","alive",1,"Flowering",1,NA,"2",1,1,1,1,NA,NA
2019,2,3576,1,"B","2",3.5,5.5,1,"1",2016,"",NA,NA,NA,"3576_2","control","alive",1,"Flowering",1,NA,"0",NA,NA,0,1,NA,NA
2020,2,3576,1,"B","0",NA,NA,NA,NA,2016,"no plant",NA,NA,NA,"3576_2","control","dead",0,"Dead",NA,NA,NA,NA,NA,NA,1,NA,NA
2021,5,3577,13,"G","1",NA,10.5,0,NA,2021,"",NA,NA,NA,"3577_5","drought","alive",1,"Vegetative",0,NA,"0",NA,NA,0,NA,NA,NA
2022,5,3577,13,"G","0",NA,NA,NA,NA,2021,"NP",NA,NA,NA,"3577_5","drought","dead",0,"Dead",NA,NA,NA,NA,NA,NA,0,NA,NA
2017,5,3577,13,"G","3",19.5,11,2,"3",2017,"",NA,NA,NA,"3577_5_senior","drought","alive",1,"Flowering",1,NA,"1",0,0,1,NA,NA,NA
2018,5,3577,13,"G","1",11,11,0,NA,2017,"",NA,NA,NA,"3577_5_senior","drought","alive",1,"Vegetative",0,NA,"0",NA,NA,0,1,NA,NA
2019,5,3577,13,"G","0",NA,NA,NA,NA,2017,"no plant",NA,NA,NA,"3577_5_senior","drought","dead",0,"Dead",NA,NA,NA,NA,NA,NA,0,NA,NA
2016,12,3578,15,"A","5",8,4.1,0,NA,2016,"",NA,NA,NA,"3578_12","irrigated","alive",1,"Vegetative",0,NA,"2",2,1,1,NA,NA,NA
2017,12,3578,15,"A","2",10.5,9.5,2,"2.2",2016,"",NA,NA,NA,"3578_12","irrigated","alive",1,"Flowering",1,NA,"3",1,1,1,0,NA,NA
2018,12,3578,15,"A","3",10,9.5,1,"2.5",2016,"",NA,NA,NA,"3578_12","irrigated","alive",1,"Flowering",1,NA,"3",2,1,1,1,NA,NA
2019,12,3578,15,"A","3",19.5,11.5,2,"3",2016,"",NA,NA,NA,"3578_12","irrigated","alive",1,"Flowering",1,NA,"1",1,1,1,1,NA,NA
2020,12,3578,15,"A","1",12.2,8.2,1,"2.2",2016,"",NA,NA,NA,"3578_12","irrigated","alive",1,"Flowering",1,NA,"4",2,1,1,1,NA,NA
2021,12,3578,15,"A","4",20,8,2,"5",2016,"",NA,NA,NA,"3578_12","irrigated","alive",1,"Flowering",1,NA,"7",3,1,1,1,52,1
2022,12,3578,15,"A","7",45,17,3,"21",2016,"",NA,NA,NA,"3578_12","irrigated","alive",1,"Flowering",1,NA,"7",4,1,1,1,166,1
2023,12,3578,15,"A","7",44,19.5,4,"20",2016,"1 umbel dead",NA,NA,NA,"3578_12","irrigated","alive",1,"Flowering",1,NA,"6",4,1,1,1,206,1
2024,12,3578,15,"A","6",41,16.5,4,"16.5",NA,"",NA,NA,NA,"3578_12","irrigated","alive",1,"Flowering",1,NA,"3",1,1,1,1,204,1
2025,12,3578,15,"A","3",15,20,1,"5",NA,"",NA,NA,NA,"3578_12","irrigated","alive",1,"Flowering",1,NA,"0",NA,NA,0,1,NA,NA
2026,12,3578,15,"A","0",NA,NA,NA,NA,NA,"NP tag pulled (voles moved it)",1,NA,NA,"3578_12","irrigated","dead",0,"Dead",NA,NA,NA,NA,NA,NA,1,NA,NA
2016,15,3581,15,"I","7",24,11.5,1,"4",2016,"",NA,NA,NA,"3581_15","drought","alive",1,"Flowering",1,NA,"3",1,1,1,NA,NA,NA
2017,15,3581,15,"I","3",32.5,21,1,"3.5",2016,"",NA,NA,NA,"3581_15","drought","alive",1,"Flowering",1,NA,"3",1,1,1,1,NA,NA
2018,15,3581,15,"I","3",14,7.5,1,"3",2016,"",NA,NA,NA,"3581_15","drought","alive",1,"Flowering",1,NA,"4",1,1,1,1,NA,NA
2019,15,3581,15,"I","4",13,17,1,"2",2016,"",NA,NA,NA,"3581_15","drought","alive",1,"Flowering",1,NA,NA,NA,NA,1,1,NA,NA
2020,15,3581,15,"I",NA,NA,NA,NA,NA,2016,"NS",NA,NA,NA,"3581_15","drought",NA,1,NA,NA,NA,"4",2,1,1,1,NA,NA
2021,15,3581,15,"I","4",14.5,20,2,"4.5",2016,"",NA,NA,NA,"3581_15","drought","alive",1,"Flowering",1,NA,"4",2,1,1,NA,0,0
2022,15,3581,15,"I","4",36,21,2,"10.5",2016,"",NA,NA,NA,"3581_15","drought","alive",1,"Flowering",1,NA,"7",3,1,1,1,182,1
2023,15,3581,15,"I","7",36.5,22,3,"12.5",2016,"",NA,NA,NA,"3581_15","drought","alive",1,"Flowering",1,NA,"4",2,1,1,1,42,1
2024,15,3581,15,"I","4",34.5,24.5,2,"10",NA,"",NA,NA,NA,"3581_15","drought","alive",1,"Flowering",1,NA,"1",0,0,1,1,8,1
2025,15,3581,15,"I","1",NA,16,0,NA,NA,"",NA,NA,NA,"3581_15","drought","alive",1,"Vegetative",0,NA,"4",2,1,1,1,NA,NA
2026,15,3581,15,"I","4",22,20,2,"5",NA,"",NA,NA,NA,"3581_15","drought","alive",1,"Flowering",1,NA,NA,NA,NA,NA,0,16,1
2017,1,3583,1,"I","1",12,12,0,NA,2017,"",NA,NA,NA,"3583_1","irrigated","alive",1,"Vegetative",0,NA,NA,NA,NA,NA,NA,NA,NA
2018,1,3583,1,"I",NA,NA,NA,NA,NA,2017,"no plant no tag",NA,NA,NA,"3583_1","irrigated",NA,NA,NA,NA,NA,NA,NA,NA,1,0,NA,NA
2019,1,3583,1,"I",NA,NA,NA,NA,NA,2017,"NPNT",NA,NA,NA,"3583_1","irrigated",NA,1,NA,NA,NA,"1",0,0,1,NA,NA,NA
2020,1,3583,1,"I","1",NA,13,0,NA,2017,"",NA,NA,NA,"3583_1","irrigated","alive",1,"Vegetative",0,NA,"3",1,1,1,NA,NA,NA
2021,1,3583,1,"I","3",26,17.5,1,"3.5",2017,"",NA,NA,NA,"3583_1","irrigated","alive",1,"Flowering",1,NA,"2",1,1,1,0,26,1
2022,1,3583,1,"I","2",49,14.5,1,"4.5",2017,"",NA,NA,NA,"3583_1","irrigated","alive",1,"Flowering",1,NA,"3",1,1,1,1,82,1
2023,1,3583,1,"I","3",28,17,1,"5",2017,"",NA,NA,NA,"3583_1","irrigated","alive",1,"Flowering",1,NA,"3",2,1,1,1,4,1
2024,1,3583,1,"I","3",45.5,17.5,2,"5",NA,"second umbel bud",NA,NA,NA,"3583_1","irrigated","alive",1,"Flowering",1,NA,"1",0,0,1,1,44,1
2025,1,3583,1,"I","1",NA,24,0,NA,NA,"",NA,NA,NA,"3583_1","irrigated","alive",1,"Vegetative",0,NA,"2",1,1,1,1,NA,NA
2026,1,3583,1,"I","2",22,19.5,1,"4",NA,"plus a stalk that was eaten",NA,NA,NA,"3583_1","irrigated","alive",1,"Flowering",1,NA,NA,NA,NA,NA,0,0,0
2016,2,3584,7,"F","4",15.5,8.2,2,"2.7",2016,"",NA,NA,NA,"3584_2","control","alive",1,"Flowering",1,NA,"5",1,1,1,NA,NA,NA
2017,2,3584,7,"F","5",14.4,8,1,"3",2016,"",NA,NA,NA,"3584_2","control","alive",1,"Flowering",1,NA,"3",1,1,1,1,NA,NA
2018,2,3584,7,"F","3",11.5,11.5,1,"3.1",2016,"",NA,NA,NA,"3584_2","control","alive",1,"Flowering",1,NA,"3",1,1,1,1,NA,NA
2019,2,3584,7,"F","3",16.5,10,1,"3",2016,"",NA,NA,NA,"3584_2","control","alive",1,"Flowering",1,NA,"2",0,0,1,1,NA,NA
2020,2,3584,7,"F","2",NA,9.1,0,NA,2016,"",NA,NA,NA,"3584_2","control","alive",1,"Vegetative",0,NA,"5",2,1,1,1,NA,NA
2021,2,3584,7,"F","5",20,15,2,"2.5",2016,"",NA,NA,NA,"3584_2","control","alive",1,"Flowering",1,NA,"0",NA,NA,0,0,0,0
2022,2,3584,7,"F","0",NA,NA,NA,NA,2016,"NP",NA,NA,NA,"3584_2","control","dead",0,"Dead",NA,NA,NA,NA,NA,NA,1,NA,NA
2016,2,3585,3,"C","3",11,8.1,0,NA,2016,"",NA,NA,NA,"3585_2","control","alive",1,"Vegetative",0,NA,NA,NA,NA,1,NA,NA,NA
2017,2,3585,NA,NA,NA,NA,NA,NA,NA,NA,NA,NA,NA,NA,"3585_2","control",NA,1,NA,NA,"plant missed in demo due to tag mishaps; surv imputed","3",0,0,1,0,NA,NA
2018,2,3585,3,"C","3",15,15,0,NA,NA,"found plant with unlisted tag ",NA,NA,NA,"3585_2","control","alive",1,"Vegetative",0,NA,"2",2,1,1,NA,NA,NA
2019,2,3585,3,"C","2",18.5,9,2,"3.5",NA,"",NA,NA,NA,"3585_2","control","alive",1,"Flowering",1,NA,NA,NA,NA,1,0,NA,NA
2020,2,3585,3,"C",NA,NA,NA,NA,NA,NA,"NPNT",NA,NA,NA,"3585_2","control",NA,1,NA,NA,NA,"2",1,1,1,1,NA,NA
2021,2,3585,3,"C","2",33,19.5,1,"4.5",NA,"",NA,NA,NA,"3585_2","control","alive",1,"Flowering",1,NA,"0",NA,NA,0,NA,0,0
2022,2,3585,3,"C","0",NA,NA,NA,NA,NA,"NP",NA,NA,NA,"3585_2","control","dead",0,"Dead",NA,NA,NA,NA,NA,NA,1,NA,NA
2016,14,3587,19,"C","3",10,3.8,0,NA,2016,"",NA,NA,NA,"3587_14","drought","alive",1,"Vegetative",0,NA,"2",0,0,1,NA,NA,NA
2017,14,3587,19,"C","2",10,10,0,NA,2016,"",NA,NA,NA,"3587_14","drought","alive",1,"Vegetative",0,NA,"2",0,0,1,0,NA,NA
2018,14,3587,19,"C","2",19,19,0,NA,2016,"",NA,NA,NA,"3587_14","drought","alive",1,"Vegetative",0,NA,"0",NA,NA,0,0,NA,NA
2019,14,3587,19,"C","0",NA,NA,NA,NA,2016,"no plant",NA,NA,NA,"3587_14","drought","dead",0,"Dead",NA,NA,NA,NA,NA,NA,0,NA,NA
2026,2,3588,11,"F","2",NA,16,0,NA,2026,"",NA,NA,NA,"3588_2","control","alive",1,"Vegetative",0,NA,NA,NA,NA,NA,NA,NA,NA
2021,2,3588,11,"F","1",NA,12,0,NA,2021,"replacing 3171",NA,NA,NA,"3588_2_senior","control","alive",1,"Vegetative",0,NA,"1",0,0,1,NA,NA,NA
2022,2,3588,11,"F","1",NA,13,0,NA,2021,"2021: was replacing 3171. 2022: Different plant from 3171",NA,1,NA,"3588_2_senior","control","alive",1,"Vegetative",0,NA,"3",1,1,1,0,NA,NA
2023,2,3588,11,"F","3",25,14,1,"3",2021,"not tracking phenology",NA,NA,NA,"3588_2_senior","control","alive",1,"Flowering",1,NA,"0",NA,NA,0,0,NA,NA
2024,2,3588,11,"F","0",NA,NA,NA,NA,NA,"NP",NA,NA,NA,"3588_2_senior","control","dead",0,"Dead",NA,NA,NA,NA,NA,NA,1,NA,NA
2021,13,3590,9,"C","2",NA,9,0,NA,2021,"",NA,NA,NA,"3590_13","control","alive",1,"Vegetative",0,NA,"1",1,1,1,NA,NA,NA
2022,13,3590,9,"C","1",19.5,9.5,1,"2.5",2021,"",NA,NA,NA,"3590_13","control","alive",1,"Flowering",1,NA,"0",1,1,1,0,0,0
2023,13,3590,9,"C","0",NA,NA,1,NA,2021,"had a bud on 5/4, but now plant is gone",NA,NA,NA,"3590_13","control","alive",1,"Flowering",1,NA,"4",2,1,1,1,0,0
2024,13,3590,9,"C","4",30,10.5,2,"4",NA,"",NA,NA,NA,"3590_13","control","alive",1,"Flowering",1,NA,"1",0,0,1,1,78,1
2025,13,3590,9,"C","1",NA,17,0,NA,NA,"",NA,NA,NA,"3590_13","control","alive",1,"Vegetative",0,NA,"2",0,0,1,1,NA,NA
2026,13,3590,9,"C","2",NA,14,0,NA,NA,"",NA,NA,NA,"3590_13","control","alive",1,"Vegetative",0,NA,NA,NA,NA,NA,0,NA,NA
2016,5,3592,7,"J","4",22.5,5.5,1,"6",2016,"",NA,NA,NA,"3592_5","drought","alive",1,"Flowering",1,NA,"3",1,1,1,NA,NA,NA
2017,5,3592,7,"J","3",18,12,1,"2.5",2016,"",NA,NA,NA,"3592_5","drought","alive",1,"Flowering",1,NA,"3",1,1,1,1,NA,NA
2018,5,3592,7,"J","3",16,12,1,"3.4",2016,"",NA,NA,NA,"3592_5","drought","alive",1,"Flowering",1,NA,"1",1,1,1,1,NA,NA
2019,5,3592,7,"J","1",13,17,1,"2",2016,"",NA,NA,NA,"3592_5","drought","alive",1,"Flowering",1,NA,"0",NA,NA,1,1,NA,NA
2020,5,3592,7,"J","0",NA,NA,NA,NA,2016,"no plant",NA,NA,NA,"3592_5","drought","dormant",1,"Dormant",NA,NA,"1",0,0,1,1,NA,NA
2021,5,3592,7,"J","1",NA,12.5,0,NA,2016,"",NA,NA,NA,"3592_5","drought","alive",1,"Vegetative",0,NA,"0",NA,NA,0,NA,NA,NA
2022,5,3592,7,"J","0",NA,NA,NA,NA,2016,"NP",NA,NA,NA,"3592_5","drought","dead",0,"Dead",NA,NA,NA,NA,NA,NA,0,NA,NA
2021,13,3593,12,"A","3",NA,17,0,NA,2021,"",NA,NA,NA,"3593_13","control","alive",1,"Vegetative",0,NA,"3",2,1,1,NA,NA,NA
2022,13,3593,12,"A","3",27.5,12.5,2,"5.5",2021,"",NA,NA,NA,"3593_13","control","alive",1,"Flowering",1,NA,"4",2,1,1,0,0,0
2023,13,3593,12,"A","4",28,18,2,"7.5",2021,"",NA,NA,NA,"3593_13","control","alive",1,"Flowering",1,NA,"1",0,0,1,1,NA,NA
2024,13,3593,12,"A","1",NA,17.5,0,NA,NA,"",NA,NA,NA,"3593_13","control","alive",1,"Vegetative",0,NA,"2",0,0,1,1,NA,NA
2025,13,3593,12,"A","2",NA,17,0,NA,NA,"",NA,NA,NA,"3593_13","control","alive",1,"Vegetative",0,NA,"7",3,1,1,0,NA,NA
2026,13,3593,12,"A","7",32,20,3,"9",NA,"",NA,NA,NA,"3593_13","control","alive",1,"Flowering",1,NA,NA,NA,NA,NA,0,0,0
2016,13,3594,2,"F","6",22.5,5,2,"2.5",2016,"",NA,NA,NA,"3594_13","control","alive",1,"Flowering",1,NA,NA,NA,NA,NA,NA,NA,NA
2017,13,3595,2,"F","5",18,9.5,3,"2",2016,"",NA,NA,NA,"3595_13","control","alive",1,"Flowering",1,NA,"1",0,0,1,NA,NA,NA
2018,13,3595,2,"F","1",11,11,0,NA,2016,"",NA,NA,NA,"3595_13","control","alive",1,"Vegetative",0,NA,"6",2,1,1,1,NA,NA
2019,13,3595,2,"F","6",14,11,2,"3",2016,"",NA,NA,NA,"3595_13","control","alive",1,"Flowering",1,NA,"0",NA,NA,1,0,NA,NA
2020,13,3595,2,"F","0",NA,NA,NA,NA,2016,"no plant",NA,NA,NA,"3595_13","control","dormant",1,"Dormant",NA,NA,"2",1,1,1,1,NA,NA
2021,13,3595,2,"F","2",4.5,6,1,NA,2016,"",NA,NA,NA,"3595_13","control","alive",1,"Flowering",1,NA,"0",NA,NA,0,NA,0,0
2022,13,3595,2,"F","0",NA,NA,NA,NA,2016,"NP ",NA,NA,NA,"3595_13","control","dead",0,"Dead",NA,NA,NA,NA,NA,NA,1,0,0
2021,4,3596,3,"H","1",NA,12.5,0,NA,2021,"",NA,NA,NA,"3596_4","irrigated","alive",1,"Vegetative",0,NA,"1",NA,NA,1,NA,NA,NA
2022,4,3596,3,"H","1",NA,16.5,NA,NA,2021,"",NA,NA,NA,"3596_4","irrigated","alive",1,NA,NA,NA,"3",2,1,1,0,NA,NA
2023,4,3596,3,"H","3",60,14,2,"9.5",2021,"",NA,NA,NA,"3596_4","irrigated","alive",1,"Flowering",1,NA,"0",NA,NA,0,NA,128,1
2024,4,3596,3,"H","0",NA,NA,NA,NA,NA,"NP",NA,NA,NA,"3596_4","irrigated","dead",0,"Dead",NA,NA,NA,NA,NA,NA,1,NA,NA
2016,2,3597,7,"H","4",20,9.5,1,"3.8",2016,"",NA,NA,NA,"3597_2","control","alive",1,"Flowering",1,NA,"2",1,1,1,NA,NA,NA
2017,2,3597,7,"H","2",16.2,9.5,1,"1.6",2016,"",NA,NA,NA,"3597_2","control","alive",1,"Flowering",1,NA,"1",0,0,1,1,NA,NA
2018,2,3597,7,"H","1",10.5,10.5,0,NA,2016,"",NA,NA,NA,"3597_2","control","alive",1,"Vegetative",0,NA,"1",0,0,1,1,NA,NA
2019,2,3597,7,"H","1",NA,15,0,NA,2016,"",NA,NA,NA,"3597_2","control","alive",1,"Vegetative",0,NA,"1",0,0,1,0,NA,NA
2020,2,3597,7,"H","1",NA,10.5,0,NA,2016,"",NA,NA,NA,"3597_2","control","alive",1,"Vegetative",0,NA,"3",1,1,1,0,NA,NA
2021,2,3597,7,"H","3",19,14.5,1,"3.5",2016,"",NA,NA,NA,"3597_2","control","alive",1,"Flowering",1,NA,"5",3,1,1,0,0,0
2022,2,3597,7,"H","5",40.5,16,3,"15",2016,"",NA,NA,NA,"3597_2","control","alive",1,"Flowering",1,NA,"3",2,1,1,1,304,1
2023,2,3597,7,"H","3",34,16,2,"10",2016,"",NA,NA,NA,"3597_2","control","alive",1,"Flowering",1,NA,"1",1,1,1,1,2,1
2024,2,3597,7,"H","1",18,18,1,"2",NA,"measured umbel is dead and shriveled",NA,NA,NA,"3597_2","control","alive",1,"Flowering",1,NA,"1",1,1,1,1,0,0
2025,2,3597,7,"H","1",20,14,1,"4.5",NA,"",NA,NA,NA,"3597_2","control","alive",1,"Flowering",1,NA,"5",0,0,1,1,0,0
2026,2,3597,7,"H","5",NA,22.5,0,NA,NA,"",NA,NA,NA,"3597_2","control","alive",1,"Vegetative",0,NA,NA,NA,NA,NA,1,NA,NA
2016,2,3598,6,"D","3",12.5,8.6,0,NA,2016,"",NA,NA,NA,"3598_2","control","alive",1,"Vegetative",0,NA,"1",0,0,1,NA,NA,NA
2017,2,3598,6,"D","1",11.3,9.4,0,NA,2016,"",NA,NA,NA,"3598_2","control","alive",1,"Vegetative",0,NA,"1",0,0,1,0,NA,NA
2018,2,3598,6,"D","1",14.5,14.5,0,NA,2016,"",NA,NA,NA,"3598_2","control","alive",1,"Vegetative",0,NA,"1",0,0,1,0,NA,NA
2019,2,3598,6,"D","1",NA,11,0,NA,2016,"",NA,NA,NA,"3598_2","control","alive",1,"Vegetative",0,NA,"1",0,0,1,0,NA,NA
2020,2,3598,6,"D","1",NA,8.6,0,NA,2016,"",NA,NA,NA,"3598_2","control","alive",1,"Vegetative",0,NA,"0",NA,NA,1,0,NA,NA
2021,2,3598,6,"D","0",NA,NA,NA,NA,2016,"NP",NA,NA,NA,"3598_2","control","dormant",1,"Dormant",NA,NA,"1",0,0,1,0,NA,NA
2022,2,3598,6,"D","1",NA,19,0,NA,2016,"NP",NA,NA,NA,"3598_2","control","alive",1,"Vegetative",0,NA,"0",NA,NA,0,NA,NA,NA
2023,2,3598,6,"D","0",NA,NA,NA,NA,2016,"NP. Tag pulled.",1,NA,NA,"3598_2","control","dead",0,"Dead",NA,NA,NA,NA,NA,NA,0,NA,NA
2017,1,3599,0,"I","5",23.5,13.5,4,"3.5",2017,"",NA,NA,NA,"3599_1","irrigated","alive",1,"Flowering",1,NA,"2",0,0,1,NA,NA,NA
2018,1,3599,0,"I","2",11.5,11.5,0,NA,2017,"",NA,NA,NA,"3599_1","irrigated","alive",1,"Vegetative",0,NA,"3",0,0,1,1,NA,NA
2019,1,3599,0,"I","3",NA,9.5,0,NA,2017,"one leaf partially eaten",NA,NA,NA,"3599_1","irrigated","alive",1,"Vegetative",0,NA,"1",0,0,1,0,NA,NA
2020,1,3599,0,"I","1",NA,11.7,0,NA,2017,"pulled out",NA,NA,NA,"3599_1","irrigated","alive",1,"Vegetative",0,NA,"2",1,1,1,0,NA,NA
2021,1,3599,0,"I","2",11.5,15,1,"2",2017,"",NA,NA,NA,"3599_1","irrigated","alive",1,"Flowering",1,NA,"2",1,1,1,0,0,0
2022,1,3599,0,"I","2",44.5,16.5,1,"5",2017,"",NA,NA,NA,"3599_1","irrigated","alive",1,"Flowering",1,NA,"3",2,1,1,1,96,1
2023,1,3599,0,"I","3",36,15,2,"7",2017,"",NA,NA,NA,"3599_1","irrigated","alive",1,"Flowering",1,NA,"3",2,1,1,1,94,1
2024,1,3599,0,"I","3",45,14,2,"7",NA,"accidentally pulled first umbel",NA,NA,NA,"3599_1","irrigated","alive",1,"Flowering",1,NA,"2",1,1,1,1,NA,NA
2025,1,3599,0,"I","2",17,27,1,"2.5",NA,"",NA,NA,1,"3599_1","irrigated","alive",1,"Flowering",1,NA,"3",1,1,1,1,0,0
2026,1,3599,0,"I","3",27,25,1,"3",NA,"3",NA,NA,NA,"3599_1","irrigated","alive",1,"Flowering",1,NA,NA,NA,NA,NA,1,42,1
2017,6,3601,12,"B","1",22.5,17.5,1,"2",2017,"",NA,NA,NA,"3601_6","irrigated","alive",1,"Flowering",1,NA,"2",0,0,1,NA,NA,NA
2018,6,3601,12,"B","2",20.5,20.5,0,NA,2017,"",NA,NA,NA,"3601_6","irrigated","alive",1,"Vegetative",0,NA,"2",1,1,1,1,NA,NA
2019,6,3601,12,"B","2",12,14,1,"2",2017,"",NA,NA,NA,"3601_6","irrigated","alive",1,"Flowering",1,NA,"1",0,0,1,0,NA,NA
2020,6,3601,12,"B","1",NA,16.2,0,NA,2017,"",NA,NA,NA,"3601_6","irrigated","alive",1,"Vegetative",0,NA,NA,NA,NA,NA,1,NA,NA
2021,6,3601,12,"B",NA,NA,NA,NA,NA,2017,"NPNT",NA,NA,NA,"3601_6","irrigated",NA,NA,NA,NA,NA,NA,NA,NA,0,0,NA,NA
2022,6,3601,12,"B",NA,NA,NA,NA,NA,2017,"NPNT",NA,NA,NA,"3601_6","irrigated","dead",0,"Dead",NA,NA,NA,NA,NA,NA,NA,NA,NA
2021,2,3602,2,"B","2",19,11.5,1,"4",2021,"",NA,NA,NA,"3602_2","control","alive",1,"Flowering",1,NA,"1",0,0,1,NA,24,1
2022,2,3602,2,"B","1",NA,12.5,0,NA,2021,"",NA,NA,NA,"3602_2","control","alive",1,"Vegetative",0,NA,"0",NA,NA,1,1,NA,NA
2023,2,3602,2,"B","0",NA,NA,NA,NA,2021,"NP",NA,NA,NA,"3602_2","control","dormant",1,"Dormant",NA,NA,"1",0,0,1,0,NA,NA
2024,2,3602,2,"B","1",NA,7.5,0,NA,NA,"senescing",NA,NA,NA,"3602_2","control","alive",1,"Vegetative",0,NA,"0",NA,NA,0,NA,NA,NA
2025,2,3602,2,"B","0",NA,NA,NA,NA,NA,"NP",NA,NA,NA,"3602_2","control","dead",0,"Dead",NA,NA,NA,NA,NA,NA,0,NA,NA
2016,13,3604,2,"H","4",16,5.9,0,NA,2016,"",NA,NA,NA,"3604_13","control","alive",1,"Vegetative",0,NA,"6",3,1,1,NA,NA,NA
2017,13,3604,2,"H","6",19,7,3,"3.5",2016,"",NA,NA,NA,"3604_13","control","alive",1,"Flowering",1,NA,"3",1,1,1,0,NA,NA
2018,13,3604,2,"H","3",12,12,1,"2.8",2016,"",NA,NA,NA,"3604_13","control","alive",1,"Flowering",1,NA,"5",3,1,1,1,NA,NA
2019,13,3604,2,"H","5",24,14,3,"6",2016,"",NA,NA,NA,"3604_13","control","alive",1,"Flowering",1,NA,"2",0,0,1,1,NA,NA
2020,13,3604,2,"H","2",NA,10.9,0,NA,2016,"",NA,NA,NA,"3604_13","control","alive",1,"Vegetative",0,NA,"3",0,0,1,1,NA,NA
2021,13,3604,2,"H","3",NA,16.5,0,NA,2016,"",NA,NA,NA,"3604_13","control","alive",1,"Vegetative",0,NA,"5",3,1,1,0,NA,NA
2022,13,3604,2,"H","5",36,13,3,"14.5",2016,"",NA,NA,NA,"3604_13","control","alive",1,"Flowering",1,NA,"10",6,1,1,0,196,1
2023,13,3604,2,"H","10",36,9,6,"16.5",2016,"2 umbels dead",NA,NA,NA,"3604_13","control","alive",1,"Flowering",1,NA,"6",4,1,1,1,206,1
2024,13,3604,2,"H","6",20,9.5,4,"7.5",NA,"earliest umbel eaten counted not measured",NA,NA,NA,"3604_13","control","alive",1,"Flowering",1,NA,"1",1,1,1,1,46,1
2025,13,3604,2,"H","1",NA,15,1,NA,NA,"one dead umbel",NA,NA,NA,"3604_13","control","alive",1,"Flowering",1,NA,"0",NA,NA,NA,1,NA,NA
2026,13,3604,2,"H","0",NA,NA,NA,NA,NA,"NP",NA,NA,NA,"3604_13","control",NA,NA,NA,NA,NA,NA,NA,NA,NA,1,NA,NA
2016,13,3605,15,"F","3",9.5,4.6,0,NA,2016,"",NA,NA,NA,"3605_13","control","alive",1,"Vegetative",0,NA,"1",0,0,1,NA,NA,NA
2017,13,3605,15,"F","1",15.5,15.5,0,NA,2016,"",NA,NA,NA,"3605_13","control","alive",1,"Vegetative",0,NA,"2",1,1,1,0,NA,NA
2018,13,3605,15,"F","2",11,18.5,1,"1",2016,"",NA,NA,NA,"3605_13","control","alive",1,"Flowering",1,NA,NA,NA,NA,NA,0,NA,NA
2019,13,3605,15,"F",NA,NA,NA,NA,NA,2016,"NPNT",NA,NA,NA,"3605_13","control",NA,NA,NA,NA,NA,NA,NA,NA,1,1,NA,NA
2020,13,3605,15,"F",NA,NA,NA,NA,NA,2016,"NS",NA,NA,NA,"3605_13","control",NA,1,NA,NA,NA,"3",1,1,1,NA,NA,NA
2021,13,3605,15,"F","3",24,18.5,1,"1",2016,"",NA,NA,NA,"3605_13","control","alive",1,"Flowering",1,NA,"5",3,1,1,NA,0,0
2022,13,3605,15,"F","5",36,15,3,"14",2016,"",NA,NA,NA,"3605_13","control","alive",1,"Flowering",1,NA,"5",3,1,1,1,166,1
2023,13,3605,15,"F","5",38,15,3,"14.5",2016,"",NA,NA,NA,"3605_13","control","alive",1,"Flowering",1,NA,"3",1,1,1,1,NA,NA
2024,13,3605,15,"F","3",33.5,16.5,1,"4",NA,"gsp in phen",NA,NA,NA,"3605_13","control","alive",1,"Flowering",1,NA,"2",0,0,1,1,48,1
2025,13,3605,15,"F","2",NA,19,0,NA,NA,"",NA,NA,NA,"3605_13","control","alive",1,"Vegetative",0,NA,"3",0,0,1,1,NA,NA
2026,13,3605,15,"F","3",NA,16,0,NA,NA,"",NA,NA,NA,"3605_13","control","alive",1,"Vegetative",0,NA,NA,NA,NA,NA,0,NA,NA
2016,14,3607,10,"D","5",26,5.3,1,"2.1",2016,"",NA,NA,NA,"3607_14","drought","alive",1,"Flowering",1,NA,"4",2,1,1,NA,NA,NA
2017,14,3607,10,"D","4",38,20,2,"5.5",2016,"",NA,NA,NA,"3607_14","drought","alive",1,"Flowering",1,NA,"3",1,1,1,1,NA,NA
2018,14,3607,10,"D","3",24.5,12.5,1,"3.2",2016,"",NA,NA,NA,"3607_14","drought","alive",1,"Flowering",1,NA,"2",0,0,1,1,NA,NA
2019,14,3607,10,"D","2",NA,15,0,NA,2016,"",NA,NA,NA,"3607_14","drought","alive",1,"Vegetative",0,NA,NA,NA,NA,1,1,NA,NA
2020,14,3607,10,"D",NA,NA,NA,NA,NA,2016,"NS",NA,NA,NA,"3607_14","drought",NA,1,NA,NA,NA,"4",1,1,1,0,NA,NA
2021,14,3607,10,"D","4",25,18,1,NA,2016,"",NA,NA,NA,"3607_14","drought","alive",1,"Flowering",1,NA,"4",2,1,1,NA,60,1
2022,14,3607,10,"D","4",48,17,2,"8",2016,"",NA,NA,NA,"3607_14","drought","alive",1,"Flowering",1,NA,"2",1,1,1,1,0,0
2023,14,3607,10,"D","2",53,21.5,1,"7.5",2016,"stalk broken",NA,NA,NA,"3607_14","drought","alive",1,"Flowering",1,NA,"1",0,0,1,1,NA,NA
2024,14,3607,10,"D","1",NA,23,0,NA,NA,"accidentally pulled leaf off when measuring",NA,NA,NA,"3607_14","drought","alive",1,"Vegetative",0,NA,"0",NA,NA,0,1,NA,NA
2025,14,3607,10,"D","0",NA,NA,NA,NA,NA,"NP",NA,NA,NA,"3607_14","drought","dead",0,"Dead",NA,NA,NA,NA,NA,NA,0,NA,NA
2016,1,3608,3,"D","4",19.5,19.5,0,NA,2016,"",NA,NA,NA,"3608_1","irrigated","alive",1,"Vegetative",0,NA,"2",0,0,1,NA,NA,NA
2017,1,3608,3,"D","2",16.5,16.5,0,NA,2016,"",NA,NA,NA,"3608_1","irrigated","alive",1,"Vegetative",0,NA,"3",1,1,1,0,NA,NA
2018,1,3608,3,"D","3",8,13,1,"2",2016,"",NA,NA,NA,"3608_1","irrigated","alive",1,"Flowering",1,NA,"3",1,1,1,0,NA,NA
2019,1,3608,3,"D","3",11,11.5,1,"2",2016,"",NA,NA,NA,"3608_1","irrigated","alive",1,"Flowering",1,NA,"0",NA,NA,1,1,NA,NA
2020,1,3608,3,"D","0",NA,NA,NA,NA,2016,"no plant",NA,NA,NA,"3608_1","irrigated","dormant",1,"Dormant",NA,NA,"4",1,1,1,1,NA,NA
2021,1,3608,3,"D","4",15.5,13,1,"1.5",2016,"",NA,NA,NA,"3608_1","irrigated","alive",1,"Flowering",1,NA,"5",3,1,1,NA,0,0
2022,1,3608,3,"D","5",40.5,13,3,"10",2016,"",NA,NA,NA,"3608_1","irrigated","alive",1,"Flowering",1,NA,"6",3,1,1,1,248,1
2023,1,3608,3,"D","6",33,17,3,"9.5",2016,"",NA,NA,NA,"3608_1","irrigated","alive",1,"Flowering",1,NA,"0",NA,NA,1,1,116,1
2024,1,3608,3,"D","0",NA,NA,NA,NA,NA,"NP",NA,NA,NA,"3608_1","irrigated","dormant",1,"Dormant",NA,NA,"2",1,1,1,1,NA,NA
2025,1,3608,3,"D","2",27,19,1,"3",NA,"Leaf length and umble diameter are switched on datasheet",NA,NA,NA,"3608_1","irrigated","alive",1,"Flowering",1,NA,"4",2,1,1,NA,4,1
2026,1,3608,3,"D","4",32,19,2,"6.5",NA,"",NA,NA,NA,"3608_1","irrigated","alive",1,"Flowering",1,NA,NA,NA,NA,NA,1,44,1
2021,9,3609,11,"P","2",NA,18,0,NA,2021,"",NA,NA,NA,"3609_9","irrigated","alive",1,"Vegetative",0,NA,"3",0,0,1,NA,NA,NA
2022,9,3609,11,"P","3",NA,19,0,NA,2021,"",NA,NA,NA,"3609_9","irrigated","alive",1,"Vegetative",0,NA,"3",1,1,1,0,NA,NA
2023,9,3609,11,"P","3",58,24,1,"6",2021,"11E (div)",NA,NA,NA,"3609_9","irrigated","alive",1,"Flowering",1,NA,"3",1,1,1,0,NA,NA
2024,9,3609,11,"P","3",46.5,22.5,1,"4",NA,"11E (div); phen: flp 17 may",NA,NA,NA,"3609_9","irrigated","alive",1,"Flowering",1,NA,"2",1,1,1,1,NA,NA
2025,9,3609,11,"P","2",40,23,1,"5.5",NA,"11E (div)",NA,NA,NA,"3609_9","irrigated","alive",1,"Flowering",1,NA,"2",0,0,1,1,NA,NA
2026,9,3609,11,"P","2",NA,24,0,NA,NA,"11E (div)",NA,NA,NA,"3609_9","irrigated","alive",1,"Vegetative",0,NA,NA,NA,NA,NA,1,NA,NA
2016,1,3610,0,"C","6",42,14.1,5,"5.8",2016,"",NA,NA,NA,"3610_1","irrigated","alive",1,"Flowering",1,NA,"8",3,1,1,NA,NA,NA
2017,1,3610,0,"C","8",30,22.8,3,"4.5",2016,"",NA,NA,NA,"3610_1","irrigated","alive",1,"Flowering",1,NA,"6",3,1,1,1,NA,NA
2018,1,3610,0,"C","6",16.5,16,3,"5",2016,"",NA,NA,NA,"3610_1","irrigated","alive",1,"Flowering",1,NA,"8",6,1,1,1,NA,NA
2019,1,3610,0,"C","8",26.5,15,6,"2.5",2016,"",NA,NA,NA,"3610_1","irrigated","alive",1,"Flowering",1,NA,"3",1,1,1,1,NA,NA
2020,1,3610,0,"C","3",17.5,13.4,1,"3.4",2016,"",NA,NA,NA,"3610_1","irrigated","alive",1,"Flowering",1,NA,"4",3,1,1,1,NA,NA
2021,1,3610,0,"C","4",31,18,3,"12",2016,"SOS = see other sheet",NA,NA,NA,"3610_1","irrigated","alive",1,"Flowering",1,NA,"11",6,1,1,1,0,0
2022,1,3610,0,"C","11",60,20,6,"27.5",2016,"outside plot",NA,NA,NA,"3610_1","irrigated","alive",1,"Flowering",1,NA,"8",6,1,1,1,240,1
2023,1,3610,0,"C","8",42,22,6,"29",2016,"",NA,NA,NA,"3610_1","irrigated","alive",1,"Flowering",1,NA,"15",8,1,1,1,318,1
2024,1,3610,0,"C","15",51,23.5,8,"34.5",NA,"only K2:K50first two umbels in phen",NA,NA,NA,"3610_1","irrigated","alive",1,"Flowering",1,NA,"6",3,1,1,1,20,1
2025,1,3610,0,"C","6",38,24,3,"8.5",NA,"outside plot",NA,NA,NA,"3610_1","irrigated","alive",1,"Flowering",1,NA,"4",3,1,1,1,NA,NA
2026,1,3610,0,"C","4",55,29,3,"12.5",NA,"outside plot. Youngest umbel dead",NA,NA,NA,"3610_1","irrigated","alive",1,"Flowering",1,NA,NA,NA,NA,NA,1,64,1
2016,1,3611,7,"I","5",23,8.4,2,"1.9",2016,"",NA,NA,NA,"3611_1","irrigated","alive",1,"Flowering",1,NA,"3",0,0,1,NA,NA,NA
2017,1,3611,7,"I","3",13.6,7.9,0,NA,2016,"",NA,NA,NA,"3611_1","irrigated","alive",1,"Vegetative",0,NA,"4",1,1,1,1,NA,NA
2018,1,3611,7,"I","4",19,19,1,"2.8",2016,"",NA,NA,NA,"3611_1","irrigated","alive",1,"Flowering",1,NA,"3",2,1,1,0,NA,NA
2019,1,3611,7,"I","3",11,8,2,"2",2016,"",NA,NA,NA,"3611_1","irrigated","alive",1,"Flowering",1,NA,"3",2,1,1,1,NA,NA
2020,1,3611,7,"I","3",32,9.3,2,"5.4",2016,"",NA,NA,NA,"3611_1","irrigated","alive",1,"Flowering",1,NA,"3",1,1,1,1,NA,NA
2021,1,3611,7,"I","3",18.5,13,1,"3",2016,"",NA,NA,NA,"3611_1","irrigated","alive",1,"Flowering",1,NA,"3",2,1,1,1,0,0
2022,1,3611,7,"I","3",39,13,2,"7.5",2016,"",NA,NA,NA,"3611_1","irrigated","alive",1,"Flowering",1,NA,"3",2,1,1,1,38,1
2023,1,3611,7,"I","3",37,12,2,"9",2016,"",NA,NA,NA,"3611_1","irrigated","alive",1,"Flowering",1,NA,"2",1,1,1,1,58,1
2024,1,3611,7,"I","2",36,11,1,"3.5",NA,"",NA,NA,NA,"3611_1","irrigated","alive",1,"Flowering",1,NA,"2",0,0,1,1,0,0
2025,1,3611,7,"I","2",NA,20,0,NA,NA,"",NA,NA,NA,"3611_1","irrigated","alive",1,"Vegetative",0,NA,"0",NA,NA,NA,1,NA,NA
2026,1,3611,7,"I","0",NA,NA,NA,NA,NA,"NP. Closer to 5I",NA,NA,NA,"3611_1","irrigated",NA,NA,NA,NA,NA,NA,NA,NA,NA,0,NA,NA
2018,15,3612,12,"E","3",9,9,2,"1.7",2018,"",NA,NA,NA,"3612_15","drought","alive",1,"Flowering",1,NA,"0",NA,NA,1,NA,NA,NA
2019,15,3612,12,"E","0",NA,NA,NA,NA,2018,"no plant",NA,NA,NA,"3612_15","drought","dormant",1,"Dormant",NA,NA,"1",0,0,1,1,NA,NA
2020,15,3612,12,"E","1",NA,15.2,0,NA,2018,"",NA,NA,NA,"3612_15","drought","alive",1,"Vegetative",0,NA,"1",1,1,1,NA,NA,NA
2021,15,3612,12,"E","1",8.5,10,1,"1.5",2018,"",NA,NA,NA,"3612_15","drought","alive",1,"Flowering",1,NA,"2",2,1,1,0,0,0
2022,15,3612,12,"E","2",29,14,2,"6",2018,"",NA,NA,NA,"3612_15","drought","alive",1,"Flowering",1,NA,"4",3,1,1,1,0,0
2023,15,3612,12,"E","4",25.5,13,3,"12",2018,"",NA,NA,NA,"3612_15","drought","alive",1,"Flowering",1,NA,"4",3,1,1,1,88,1
2024,15,3612,12,"E","4",16,16.5,3,"6.5",NA,"",NA,NA,NA,"3612_15","drought","alive",1,"Flowering",1,NA,"2",1,1,1,1,0,0
2025,15,3612,12,"E","2",NA,8.5,1,NA,NA,"umbel dead",NA,NA,NA,"3612_15","drought","alive",1,"Flowering",1,NA,"3",2,1,1,1,NA,NA
2026,15,3612,12,"E","3",13,17,2,"3.5",NA,"",NA,NA,NA,"3612_15","drought","alive",1,"Flowering",1,NA,NA,NA,NA,NA,1,0,0
2017,13,3164,17,"C","3",17,13,1,"2.5",2017,"",NA,NA,NA,"3614_13","control","alive",1,"Flowering",1,NA,"2",0,0,1,NA,NA,NA
2018,13,3164,17,"C","2",14,14,0,NA,2017,"tag is 3614",NA,NA,NA,"3614_13","control","alive",1,"Vegetative",0,NA,"3",1,1,1,1,NA,NA
2019,13,3164,17,"C","3",14,13,1,"2",2017,"tag says 3614",NA,NA,NA,"3614_13","control","alive",1,"Flowering",1,NA,NA,NA,NA,1,0,NA,NA
2020,13,3164,17,"C",NA,NA,NA,NA,NA,2017,"tag says 3614; NS",NA,NA,NA,"3614_13","control",NA,1,NA,NA,NA,"2",0,0,1,1,NA,NA
2021,13,3164,17,"C","2",NA,17.5,0,NA,2017,"",NA,NA,NA,"3614_13","control","alive",1,"Vegetative",0,NA,"2",1,1,1,NA,NA,NA
2022,13,3164,17,"C","2",28.5,15,1,"5",2017,"tag says 3614",NA,NA,NA,"3614_13","control","alive",1,"Flowering",1,NA,"1",1,1,1,0,66,1
2023,13,3164,17,"C","1",28.5,12,1,"4",2017,"tag says 3614",NA,1,NA,"3614_13","control","alive",1,"Flowering",1,NA,"1",0,0,1,1,NA,NA
2024,13,3164,17,"C","1",NA,15.5,0,NA,NA,"",NA,NA,NA,"3614_13","control","alive",1,"Vegetative",0,NA,"2",0,0,1,1,NA,NA
2025,13,3164,17,"C","2",NA,19,0,NA,NA,"tag is 3614",NA,1,NA,"3614_13","control","alive",1,"Vegetative",0,NA,NA,NA,NA,NA,0,NA,NA
2026,13,3164,17,"C",NA,NA,NA,NA,NA,NA,"NPNT, tag is 3614",NA,NA,NA,"3614_13","control",NA,NA,NA,NA,NA,NA,NA,NA,NA,0,NA,NA
2018,15,3615,12,"F","3",15.5,13.5,1,"2.5",2018,"",NA,NA,NA,"3615_15","drought","alive",1,"Flowering",1,NA,NA,NA,NA,NA,NA,NA,NA
2019,15,3615,12,"F",NA,NA,NA,NA,NA,2018,"NPNT",NA,NA,NA,"3615_15","drought",NA,NA,NA,NA,NA,NA,NA,NA,1,1,NA,NA
2020,15,3615,12,"F",NA,NA,NA,NA,NA,2018,"NS",NA,NA,NA,"3615_15","drought",NA,1,NA,NA,NA,"1",0,0,1,NA,NA,NA
2021,15,3615,12,"F","1",NA,14.5,0,NA,2021,"new tag for 3615",NA,NA,NA,"3615_15","drought","alive",1,"Vegetative",0,NA,"0",NA,NA,0,NA,NA,NA
2022,15,3615,12,"F","0",NA,NA,NA,NA,2021,"New tag for 3615 in 2021, but found it this year. Pulled this tag",1,1,NA,"3615_15","drought","dead",0,"Dead",NA,NA,NA,NA,NA,NA,0,NA,NA
2017,5,3615,11,"J","3",21.5,18.5,1,"3.5",2017,"",NA,NA,NA,"3615_5","drought","alive",1,"Flowering",1,NA,"3",1,1,1,NA,NA,NA
2018,5,3615,11,"J","3",20,18,1,"3.7",2017,"",NA,NA,NA,"3615_5","drought","alive",1,"Flowering",1,NA,"2",1,1,1,1,NA,NA
2019,5,3615,11,"J","2",19,13,1,"3",2017,"",NA,NA,NA,"3615_5","drought","alive",1,"Flowering",1,NA,NA,NA,NA,1,1,NA,NA
2020,5,3615,11,"J",NA,NA,NA,NA,NA,2017,"NS",NA,NA,NA,"3615_5","drought",NA,1,NA,NA,NA,"1",1,1,1,1,NA,NA
2021,5,3615,11,"J","1",NA,17,1,NA,2017,"",NA,NA,NA,"3615_5","drought","alive",1,"Flowering",1,NA,"3",2,1,1,NA,0,0
2022,5,3615,11,"J","3",29.5,20,2,"7",2017,"",NA,NA,NA,"3615_5","drought","alive",1,"Flowering",1,NA,"4",2,1,1,1,64,1
2023,5,3615,11,"J","4",41,17.5,2,"14",2017,"",NA,NA,NA,"3615_5","drought","alive",1,"Flowering",1,NA,"4",2,1,1,1,NA,NA
2024,5,3615,11,"J","4",29,19.5,2,"5.5",NA,"",NA,NA,NA,"3615_5","drought","alive",1,"Flowering",1,NA,"2",1,1,1,1,36,1
2025,5,3615,11,"J","2",21.5,19,1,"3",NA,"",NA,NA,NA,"3615_5","drought","alive",1,"Flowering",1,NA,"3",1,1,1,1,NA,NA
2026,5,3615,11,"J","3",26,18.5,1,"3.5",NA,"",NA,NA,NA,"3615_5","drought","alive",1,"Flowering",1,NA,NA,NA,NA,NA,1,0,0
2016,13,3616,10,"B","6",13,4.8,1,"1.6",2016,"",NA,NA,NA,"3616_13","control","alive",1,"Flowering",1,NA,"2",0,0,1,NA,NA,NA
2017,13,3616,10,"B","2",12,12,0,NA,2016,"",NA,NA,NA,"3616_13","control","alive",1,"Vegetative",0,NA,"0",NA,NA,1,1,NA,NA
2018,13,3616,10,"B","0",NA,NA,NA,NA,2016,"no plant",NA,NA,NA,"3616_13","control","dormant",1,"Dormant",NA,NA,"2",1,1,1,0,NA,NA
2019,13,3616,10,"B","2",4.5,13,1,"1",2016,"aborted umble",NA,NA,NA,"3616_13","control","alive",1,"Flowering",1,NA,NA,NA,NA,1,NA,NA,NA
2020,13,3616,10,"B",NA,NA,NA,NA,NA,2016,"NS",NA,NA,NA,"3616_13","control",NA,1,NA,NA,NA,"3",1,1,1,1,NA,NA
2021,13,3616,10,"B","3",19.5,10.5,1,"3.5",2016,"",NA,NA,NA,"3616_13","control","alive",1,"Flowering",1,NA,"2",2,1,1,NA,0,0
2022,13,3616,10,"B","2",36,14,2,"7",2016,"",NA,NA,NA,"3616_13","control","alive",1,"Flowering",1,NA,"3",3,1,1,1,38,1
2023,13,3616,10,"B","3",48,15,3,"7",2016,"2 umbels eaten",NA,NA,NA,"3616_13","control","alive",1,"Flowering",1,NA,"3",2,1,1,1,102,1
2024,13,3616,10,"B","3",31.5,11,2,"7.5",NA,"",NA,NA,NA,"3616_13","control","alive",1,"Flowering",1,NA,"2",2,1,1,1,22,1
2025,13,3616,10,"B","2",28.5,17,2,"5.5",NA,"",NA,NA,NA,"3616_13","control","alive",1,"Flowering",1,NA,"0",NA,NA,NA,1,NA,NA
2026,13,3616,10,"B","0",NA,NA,NA,NA,NA,"NP",NA,NA,NA,"3616_13","control",NA,NA,NA,NA,NA,NA,NA,NA,NA,1,NA,NA
2016,13,3617,19,"G","6",23,5.5,2,"4",2016,"",NA,NA,NA,"3617_13","control","alive",1,"Flowering",1,NA,"2",1,1,1,NA,NA,NA
2017,13,3617,19,"G","2",15,14.5,1,"1.7",2016,"",NA,NA,NA,"3617_13","control","alive",1,"Flowering",1,NA,"0",NA,NA,1,1,NA,NA
2018,13,3617,19,"G","0",NA,NA,NA,NA,2016,"no plant",NA,NA,NA,"3617_13","control","dormant",1,"Dormant",NA,NA,"3",0,0,1,1,NA,NA
2019,13,3617,19,"G","3",NA,14,0,NA,2016,"",NA,NA,NA,"3617_13","control","alive",1,"Vegetative",0,NA,NA,NA,NA,1,NA,NA,NA
2020,13,3617,19,"G",NA,NA,NA,NA,NA,2016,"NS",NA,NA,NA,"3617_13","control",NA,1,NA,NA,NA,"2",0,0,1,0,NA,NA
2021,13,3617,19,"G","2",NA,14,0,NA,2016,"",NA,NA,NA,"3617_13","control","alive",1,"Vegetative",0,NA,"2",0,0,1,NA,NA,NA
2022,13,3617,19,"G","2",NA,8,0,NA,2016,"",NA,NA,NA,"3617_13","control","alive",1,"Vegetative",0,NA,"4",2,1,1,0,NA,NA
2023,13,3617,19,"G","4",41,18.5,2,"12",2016,"",NA,NA,NA,"3617_13","control","alive",1,"Flowering",1,NA,"1",0,0,1,0,NA,NA
2024,13,3617,19,"G","1",NA,16,0,NA,NA,"",NA,NA,NA,"3617_13","control","alive",1,"Vegetative",0,NA,"2",0,0,1,1,NA,NA
2025,13,3617,19,"G","2",NA,20,0,NA,NA,"",NA,NA,NA,"3617_13","control","alive",1,"Vegetative",0,NA,"0",NA,NA,NA,0,NA,NA
2026,13,3617,19,"G","0",NA,NA,NA,NA,NA,"NP",NA,NA,NA,"3617_13","control",NA,NA,NA,NA,NA,NA,NA,NA,NA,0,NA,NA
2016,2,3619,3,"A","4",13.5,6.3,1,"2.4",2016,"",NA,NA,NA,"3619_2","control","alive",1,"Flowering",1,NA,"1",0,0,1,NA,NA,NA
2017,2,3619,3,"A","1",9,9,0,NA,2016,"",NA,NA,NA,"3619_2","control","alive",1,"Vegetative",0,NA,"1",0,0,1,1,NA,NA
2018,2,3619,3,"A","1",11,11,0,NA,2016,"",NA,NA,NA,"3619_2","control","alive",1,"Vegetative",0,NA,"1",0,0,1,0,NA,NA
2019,2,3619,3,"A","1",NA,8,0,NA,2016,"",NA,NA,NA,"3619_2","control","alive",1,"Vegetative",0,NA,"1",0,0,1,0,NA,NA
2020,2,3619,3,"A","1",NA,4.7,0,NA,2016,"",NA,NA,NA,"3619_2","control","alive",1,"Vegetative",0,NA,NA,NA,NA,NA,0,NA,NA
2021,2,3619,3,"A",NA,NA,NA,NA,NA,2016,"NPNT",NA,NA,NA,"3619_2","control",NA,NA,NA,NA,NA,NA,NA,NA,0,0,NA,NA
2022,2,3619,3,"A",NA,NA,NA,NA,NA,2016,"NPNT",NA,NA,NA,"3619_2","control","dead",0,"Dead",NA,NA,NA,NA,NA,NA,NA,NA,NA
2016,13,3620,12,"J","3",11.5,5.1,0,NA,2016,"",NA,NA,NA,"3620_13","control","alive",1,"Vegetative",0,NA,"1",0,0,1,NA,NA,NA
2017,13,3620,12,"J","1",9.5,9.5,0,NA,2016,"",NA,NA,NA,"3620_13","control","alive",1,"Vegetative",0,NA,"3",1,1,1,0,NA,NA
2018,13,3620,12,"J","3",10.5,6.5,1,"2.3",2016,"",NA,NA,NA,"3620_13","control","alive",1,"Flowering",1,NA,"4",2,1,1,0,NA,NA
2019,13,3620,12,"J","4",21,9,2,"3",2016,"",NA,NA,NA,"3620_13","control","alive",1,"Flowering",1,NA,NA,NA,NA,1,1,NA,NA
2020,13,3620,12,"J",NA,NA,NA,NA,NA,2016,"NS",NA,NA,NA,"3620_13","control",NA,1,NA,NA,NA,"2",1,1,1,1,NA,NA
2021,13,3620,12,"J","2",21.5,13,1,"3.5",2016,"",NA,NA,NA,"3620_13","control","alive",1,"Flowering",1,NA,"3",2,1,1,NA,8,1
2022,13,3620,12,"J","3",35.5,11,2,"7",2016,"",NA,NA,NA,"3620_13","control","alive",1,"Flowering",1,NA,"5",3,1,1,1,84,1
2023,13,3620,12,"J","5",7,13,3,"14.5",2016,"",NA,NA,NA,"3620_13","control","alive",1,"Flowering",1,NA,"3",2,1,1,1,NA,NA
2024,13,3620,12,"J","3",26.5,15,2,"4.5",NA,"moss clump",NA,NA,NA,"3620_13","control","alive",1,"Flowering",1,NA,"3",2,1,1,1,18,1
2025,13,3620,12,"J","3",25.5,15,2,"6",NA,"moss clump",NA,NA,NA,"3620_13","control","alive",1,"Flowering",1,NA,"0",NA,NA,NA,1,NA,NA
2026,13,3620,12,"J","0",NA,NA,NA,NA,NA,"NP",NA,NA,NA,"3620_13","control",NA,NA,NA,NA,NA,NA,NA,NA,NA,1,NA,NA
2021,15,3621,18,"A","3",NA,11,0,NA,2021,"",NA,NA,NA,"3621_15","drought","alive",1,"Vegetative",0,NA,"0",NA,NA,0,NA,NA,NA
2022,15,3621,18,"A","0",NA,NA,NA,NA,2021,"NP",NA,NA,NA,"3621_15","drought","dead",0,"Dead",NA,NA,NA,NA,NA,NA,0,NA,NA
2021,5,3622,5,"D","1",NA,10,0,NA,2021,"",NA,NA,NA,"3622_5","drought","alive",1,"Vegetative",0,NA,"1",0,0,1,NA,NA,NA
2022,5,3622,5,"D","1",NA,15,0,NA,2021,"",NA,NA,NA,"3622_5","drought","alive",1,"Vegetative",0,NA,"1",0,0,1,0,NA,NA
2023,5,3622,5,"D","1",NA,13,0,NA,2021,"",NA,NA,NA,"3622_5","drought","alive",1,"Vegetative",0,NA,"0",NA,NA,1,0,NA,NA
2024,5,3622,5,"D","0",NA,NA,NA,NA,2021,"NP; may be one of 3622's two stems",NA,NA,NA,"3622_5","drought","dormant",1,"Dormant",NA,NA,"2",0,0,1,0,0,0
2025,5,3622,5,"D","2",NA,11.5,0,NA,2021,"",NA,NA,NA,"3622_5","drought","alive",1,"Vegetative",0,NA,"2",0,0,1,NA,NA,NA
2026,5,3622,5,"D","2",NA,11.5,0,NA,2021,"",NA,NA,NA,"3622_5","drought","alive",1,"Vegetative",0,NA,NA,NA,NA,NA,0,NA,NA
2017,5,3622,5,"D","2",18,13,2,"3",2017,"",NA,NA,NA,"3622_5_senior","drought","alive",1,"Flowering",1,NA,"1",0,0,1,NA,NA,NA
2018,5,3622,5,"D","1",7.5,7.5,0,NA,2017,"",NA,NA,NA,"3622_5_senior","drought","alive",1,"Vegetative",0,NA,"0",NA,NA,0,1,NA,NA
2019,5,3622,5,"D","0",NA,NA,NA,NA,2017,"no plant",NA,NA,NA,"3622_5_senior","drought","dead",0,"Dead",NA,NA,NA,NA,NA,NA,0,NA,NA
2016,2,3623,6,"E","6",11.5,8.5,0,NA,2016,"",NA,NA,NA,"3623_2","control","alive",1,"Vegetative",0,NA,"2",0,0,1,NA,NA,NA
2017,2,3623,6,"E","2",11,11,0,NA,2016,"",NA,NA,NA,"3623_2","control","alive",1,"Vegetative",0,NA,"3",0,0,1,0,NA,NA
2018,2,3623,6,"E","3",11.5,11.5,0,NA,2016,"",NA,NA,NA,"3623_2","control","alive",1,"Vegetative",0,NA,"0",NA,NA,0,0,NA,NA
2019,2,3623,6,"E","0",NA,NA,NA,NA,2016,"no plant",NA,NA,NA,"3623_2","control","dead",0,"Dead",NA,NA,NA,NA,NA,NA,0,NA,NA
2016,3,3624,0,"D","6",19.6,6.2,2,"3.1",2016,"2 stalks",NA,NA,NA,"3624_3","control","alive",1,"Flowering",1,NA,"6",3,1,1,NA,NA,NA
2017,3,3624,0,"D","6",25,12,3,"5",2016,"",NA,NA,NA,"3624_3","control","alive",1,"Flowering",1,NA,"2",1,1,1,1,NA,NA
2018,3,3624,0,"D","2",18,15.5,1,"3.3",2016,"",NA,NA,NA,"3624_3","control","alive",1,"Flowering",1,NA,"3",1,1,1,1,NA,NA
2019,3,3624,0,"D","3",8,14,1,"3",2016,"",NA,NA,NA,"3624_3","control","alive",1,"Flowering",1,NA,"0",NA,NA,1,1,NA,NA
2020,3,3624,0,"D","0",NA,NA,NA,NA,2016,"no plant",NA,NA,NA,"3624_3","control","dormant",1,"Dormant",NA,NA,"2",0,0,1,1,NA,NA
2021,3,3624,0,"D","2",NA,19.5,0,NA,2016,"",NA,NA,NA,"3624_3","control","alive",1,"Vegetative",0,NA,"3",1,1,1,NA,NA,NA
2022,3,3624,0,"D","3",40,18,1,"3",2016,"",NA,NA,NA,"3624_3","control","alive",1,"Flowering",1,NA,"2",1,1,1,0,48,1
2023,3,3624,0,"D","2",40,19,1,"4.5",2016,"",NA,NA,NA,"3624_3","control","alive",1,"Flowering",1,NA,"2",0,0,1,1,32,1
2024,3,3624,0,"D","2",NA,23,0,NA,NA,"",NA,NA,NA,"3624_3","control","alive",1,"Vegetative",0,NA,"0",NA,NA,0,1,NA,NA
2025,3,3624,0,"D","0",NA,NA,NA,NA,NA,"NP, tag in dactylis",NA,NA,NA,"3624_3","control","dead",0,"Dead",NA,NA,NA,NA,NA,NA,0,NA,NA
2016,14,3626,3,"A","3",12.5,5.9,0,NA,2016,"",NA,NA,NA,"3626_14","drought","alive",1,"Vegetative",0,NA,"1",0,0,1,NA,NA,NA
2017,14,3626,3,"A","1",11,11,0,NA,2016,"",NA,NA,NA,"3626_14","drought","alive",1,"Vegetative",0,NA,"1",0,0,1,0,NA,NA
2018,14,3626,3,"A","1",16.5,16.5,0,NA,2016,"",NA,NA,NA,"3626_14","drought","alive",1,"Vegetative",0,NA,"2",2,1,1,0,NA,NA
2019,14,3626,3,"A","2",17,9,2,"3",2016,"",NA,NA,NA,"3626_14","drought","alive",1,"Flowering",1,NA,"0",NA,NA,0,0,NA,NA
2020,14,3626,3,"A","0",NA,NA,NA,NA,2016,"no plant",NA,NA,NA,"3626_14","drought","dead",0,"Dead",NA,NA,NA,NA,NA,NA,1,NA,NA
2016,1,3627,7,"I","3",15.5,11.2,0,NA,2016,"",NA,NA,NA,"3627_1","irrigated","alive",1,"Vegetative",0,NA,"3",0,0,1,NA,NA,NA
2017,1,3627,7,"I","3",10,9,0,NA,2016,"",NA,NA,NA,"3627_1","irrigated","alive",1,"Vegetative",0,NA,"2",1,1,1,0,NA,NA
2018,1,3627,7,"I","2",13,14.5,1,"2",2016,"",NA,NA,NA,"3627_1","irrigated","alive",1,"Flowering",1,NA,"1",1,1,1,0,NA,NA
2019,1,3627,7,"I","1",9,8,1,"2",2016,"",NA,NA,NA,"3627_1","irrigated","alive",1,"Flowering",1,NA,"2",0,0,1,1,NA,NA
2020,1,3627,7,"I","2",NA,13.1,0,NA,2016,"",NA,NA,NA,"3627_1","irrigated","alive",1,"Vegetative",0,NA,"1",0,0,1,1,NA,NA
2021,1,3627,7,"I","1",NA,18,0,NA,2016,"",NA,NA,NA,"3627_1","irrigated","alive",1,"Vegetative",0,NA,"3",2,1,1,0,NA,NA
2022,1,3627,7,"I","3",38,15,2,"7.5",2016,"",NA,NA,NA,"3627_1","irrigated","alive",1,"Flowering",1,NA,"3",1,1,1,0,72,1
2023,1,3627,7,"I","3",29,15,1,"4",2016,"",NA,NA,NA,"3627_1","irrigated","alive",1,"Flowering",1,NA,"0",NA,NA,1,1,0,0
2024,1,3627,7,"I","0",NA,NA,NA,NA,NA,"NP; in phen but can't find",NA,NA,NA,"3627_1","irrigated","dormant",1,"Dormant",NA,NA,"1",0,0,1,1,0,0
2025,1,3627,7,"I","1",NA,20,0,NA,NA,"",NA,NA,NA,"3627_1","irrigated","alive",1,"Vegetative",0,NA,"0",NA,NA,NA,NA,NA,NA
2026,1,3627,7,"I","0",NA,NA,NA,NA,NA,"NP",NA,NA,NA,"3627_1","irrigated",NA,NA,NA,NA,NA,NA,NA,NA,NA,0,NA,NA
2016,13,3628,17,"D","3",23.5,6.2,2,"2.1",2016,"2 stalks",NA,NA,NA,"3628_13","control","alive",1,"Flowering",1,NA,"2",1,1,1,NA,NA,NA
2017,13,3628,17,"D","2",21,16.5,1,"3",2016,"",NA,NA,NA,"3628_13","control","alive",1,"Flowering",1,NA,"3",0,0,1,1,NA,NA
2018,13,3628,17,"D","3",15,15,0,NA,2016,"",NA,NA,NA,"3628_13","control","alive",1,"Vegetative",0,NA,"2",1,1,1,1,NA,NA
2019,13,3628,17,"D","2",19.5,15.5,1,"3",2016,"",NA,NA,NA,"3628_13","control","alive",1,"Flowering",1,NA,NA,NA,NA,1,0,NA,NA
2020,13,3628,17,"D",NA,NA,NA,NA,NA,2016,"NS",NA,NA,NA,"3628_13","control",NA,1,NA,NA,NA,"7",1,1,1,1,NA,NA
2021,13,3628,17,"D","7",11,12,1,"1",2016,"",NA,NA,NA,"3628_13","control","alive",1,"Flowering",1,NA,"4",2,1,1,NA,0,0
2022,13,3628,17,"D","4",27,15.5,2,"7",2016,"",NA,NA,NA,"3628_13","control","alive",1,"Flowering",1,NA,"4",3,1,1,1,146,1
2023,13,3628,17,"D","4",27,14.5,3,"12",2016,"",NA,NA,NA,"3628_13","control","alive",1,"Flowering",1,NA,"2",0,0,1,1,NA,NA
2024,13,3628,17,"D","2",NA,17,0,NA,NA,"accidentally pulled leaf",NA,NA,NA,"3628_13","control","alive",1,"Vegetative",0,NA,"4",0,0,1,1,NA,NA
2025,13,3628,17,"D","4",NA,20,0,NA,NA,"",NA,NA,NA,"3628_13","control","alive",1,"Vegetative",0,NA,NA,NA,NA,NA,0,NA,NA
2026,13,3628,17,"D",NA,NA,NA,NA,NA,NA,"NPNT",NA,NA,NA,"3628_13","control",NA,NA,NA,NA,NA,NA,NA,NA,NA,0,NA,NA
2017,1,3629,4,"I","6",15,14,0,NA,2017,"Could be 2 plants",NA,NA,NA,"3629_1","irrigated","alive",1,"Vegetative",0,NA,"2",0,0,1,NA,NA,NA
2018,1,3629,4,"I","2",14,14,0,NA,2017,"",NA,NA,NA,"3629_1","irrigated","alive",1,"Vegetative",0,NA,"1",0,0,1,0,NA,NA
2019,1,3629,4,"I","1",NA,6,0,NA,2017,"",NA,NA,NA,"3629_1","irrigated","alive",1,"Vegetative",0,NA,"1",0,0,1,0,NA,NA
2020,1,3629,4,"I","1",NA,7.7,0,NA,2017,"",NA,NA,NA,"3629_1","irrigated","alive",1,"Vegetative",0,NA,"0",NA,NA,1,0,NA,NA
2021,1,3629,4,"I","0",NA,NA,NA,NA,2017,"NP",NA,NA,NA,"3629_1","irrigated","dormant",1,"Dormant",NA,NA,"1",0,0,1,0,NA,NA
2022,1,3629,4,"I","1",NA,18.5,0,NA,2017,"",NA,NA,NA,"3629_1","irrigated","alive",1,"Vegetative",0,NA,"3",1,1,1,NA,NA,NA
2023,1,3629,4,"I","3",26,15,1,"4",2017,"",NA,NA,NA,"3629_1","irrigated","alive",1,"Flowering",1,NA,"2",1,1,1,0,34,1
2024,1,3629,4,"I","2",23,15,1,"2.5",NA,"",NA,NA,NA,"3629_1","irrigated","alive",1,"Flowering",1,NA,"1",0,0,1,1,0,0
2025,1,3629,4,"I","1",NA,22,0,NA,NA,"",NA,NA,NA,"3629_1","irrigated","alive",1,"Vegetative",0,NA,"3",0,0,1,1,NA,NA
2026,1,3629,4,"I","3",NA,21.5,0,NA,NA,"",NA,NA,NA,"3629_1","irrigated","alive",1,"Vegetative",0,NA,NA,NA,NA,NA,0,NA,NA
2016,6,3630,16,"I","6",25.1,6.6,1,"2",2016,"",NA,NA,NA,"3630_6","irrigated","alive",1,"Flowering",1,NA,"4",1,1,1,NA,NA,NA
2017,6,3630,16,"I","4",20,13,1,"2",2016,"",NA,NA,NA,"3630_6","irrigated","alive",1,"Flowering",1,NA,"2",2,1,1,1,NA,NA
2018,6,3630,16,"I","2",27,19,2,"5",2016,"",NA,NA,NA,"3630_6","irrigated","alive",1,"Flowering",1,NA,"2",2,1,1,1,NA,NA
2019,6,3630,16,"I","2",21.5,12.5,2,"3.5",2016,"",NA,NA,NA,"3630_6","irrigated","alive",1,"Flowering",1,NA,"3",2,1,1,1,NA,NA
2020,6,3630,16,"I","3",33,12,2,"6.7",2016,"",NA,NA,NA,"3630_6","irrigated","alive",1,"Flowering",1,NA,"2",1,1,1,1,NA,NA
2021,6,3630,16,"I","2",35,15,1,"5.5",2016,"",NA,NA,NA,"3630_6","irrigated","alive",1,"Flowering",1,NA,"4",3,1,1,1,0,0
2022,6,3630,16,"I","4",65,18,3,"17.5",2016,"",NA,NA,NA,"3630_6","irrigated","alive",1,"Flowering",1,NA,"4",2,1,1,1,308,1
2023,6,3630,16,"I","4",49,26.5,2,"10.5",2016,"",NA,NA,NA,"3630_6","irrigated","alive",1,"Flowering",1,NA,"1",1,1,1,1,0,0
2024,6,3630,16,"I","1",38,17.5,1,"5",NA,"",NA,NA,NA,"3630_6","irrigated","alive",1,"Flowering",1,NA,"4",2,1,1,1,0,0
2025,6,3630,16,"I","4",42,23.5,2,"9",NA,"",NA,NA,NA,"3630_6","irrigated","alive",1,"Flowering",1,NA,"3",2,1,1,1,NA,NA
2026,6,3630,16,"I","3",57,27.5,2,"8.5",NA,"",NA,NA,NA,"3630_6","irrigated","alive",1,"Flowering",1,NA,NA,NA,NA,NA,1,200,1
2016,3,3633,2,"B","6",18.2,9.9,0,NA,2016,"",NA,NA,NA,"3633_3","control","alive",1,"Vegetative",0,NA,"1",0,0,1,NA,NA,NA
2017,3,3633,2,"B","1",13.5,13.5,0,NA,2016,"",NA,NA,NA,"3633_3","control","alive",1,"Vegetative",0,NA,"1",0,0,1,0,NA,NA
2018,3,3633,2,"B","1",15.5,15.5,0,NA,2016,"",NA,NA,NA,"3633_3","control","alive",1,"Vegetative",0,NA,"2",0,0,1,0,NA,NA
2019,3,3633,2,"B","2",NA,16,0,NA,2016,"",NA,NA,NA,"3633_3","control","alive",1,"Vegetative",0,NA,"1",0,0,1,0,NA,NA
2020,3,3633,2,"B","1",NA,10.1,0,NA,2016,"",NA,NA,NA,"3633_3","control","alive",1,"Vegetative",0,NA,"1",0,0,1,0,NA,NA
2021,3,3633,2,"B","1",NA,16,0,NA,2016,"",NA,NA,NA,"3633_3","control","alive",1,"Vegetative",0,NA,"1",0,0,1,0,NA,NA
2022,3,3633,2,"B","1",NA,15.5,0,NA,2016,"",NA,NA,NA,"3633_3","control","alive",1,"Vegetative",0,NA,"1",0,0,1,0,NA,NA
2023,3,3633,2,"B","1",NA,15,0,NA,2016,"",NA,NA,NA,"3633_3","control","alive",1,"Vegetative",0,NA,"1",0,0,1,0,NA,NA
2024,3,3633,2,"B","1",NA,25,0,NA,NA,"",NA,NA,NA,"3633_3","control","alive",1,"Vegetative",0,NA,"2",0,0,1,0,NA,NA
2025,3,3633,2,"B","2",NA,24,0,NA,NA,"",NA,NA,NA,"3633_3","control","alive",1,"Vegetative",0,NA,"3",1,1,1,0,NA,NA
2026,3,3633,2,"B","3",22.5,19.5,1,"2.5",NA,"",NA,NA,NA,"3633_3","control","alive",1,"Flowering",1,NA,NA,NA,NA,NA,0,0,0
2016,4,3634,18,"E","8",20.5,9,1,"3",2016,"Diversity plot, 2 stems",NA,NA,NA,"3634_4","irrigated","alive",1,"Flowering",1,NA,"6",2,1,1,NA,NA,NA
2017,4,3634,18,"E","6",31,8.5,2,"3.5",2016,"Diversity Plot",NA,NA,NA,"3634_4","irrigated","alive",1,"Flowering",1,NA,"4",0,0,1,1,NA,NA
2018,4,3634,18,"E","4",13,13,0,NA,2016,"",NA,NA,NA,"3634_4","irrigated","alive",1,"Vegetative",0,NA,"3",1,1,1,1,NA,NA
2019,4,3634,18,"E","3",27.5,18.5,1,"3",2016,"Diversity plot",NA,NA,NA,"3634_4","irrigated","alive",1,"Flowering",1,NA,"11",3,1,1,0,NA,NA
2020,4,3634,18,"E","11",31.5,15,3,"7.9",2016,"diversity plot",NA,NA,NA,"3634_4","irrigated","alive",1,"Flowering",1,NA,"5",1,1,1,1,NA,NA
2021,4,3634,18,"E","5",31,19.5,1,"4",2016,"",NA,NA,NA,"3634_4","irrigated","alive",1,"Flowering",1,NA,"14",6,1,1,1,0,0
2022,4,3634,18,"E","14",53,24.5,6,"30.5",2016,"",NA,NA,NA,"3634_4","irrigated","alive",1,"Flowering",1,NA,NA,NA,NA,0,1,NA,NA
2023,4,3634,18,"E",NA,NA,NA,NA,NA,2016,"NPNT. Giant vole hole! =18E.",NA,NA,NA,"3634_4","irrigated","dead",0,"Dead",NA,NA,NA,NA,NA,NA,1,NA,NA
2017,7,3636,3,"J","2",33,15.5,1,"4",2017,"",NA,NA,NA,"3636_7","drought","alive",1,"Flowering",1,NA,"4",1,1,1,NA,NA,NA
2018,7,3636,3,"J","4",31,15,1,"4.7",2017,"",NA,NA,NA,"3636_7","drought","alive",1,"Flowering",1,NA,"1",0,0,1,1,NA,NA
2019,7,3636,3,"J","1",NA,20,0,NA,2017,"",NA,NA,NA,"3636_7","drought","alive",1,"Vegetative",0,NA,"1",0,0,1,1,NA,NA
2020,7,3636,3,"J","1",NA,13.6,0,NA,2017,"",NA,NA,NA,"3636_7","drought","alive",1,"Vegetative",0,NA,"1",0,0,1,0,NA,NA
2021,7,3636,3,"J","1",NA,15.5,0,NA,2017,"",NA,NA,NA,"3636_7","drought","alive",1,"Vegetative",0,NA,"1",0,0,1,0,NA,NA
2022,7,3636,3,"J","1",NA,27,0,NA,2017,"",NA,NA,NA,"3636_7","drought","alive",1,"Vegetative",0,NA,"0",1,1,1,0,NA,NA
2023,7,3636,3,"J","0",NA,NA,1,NA,2017,"made 1 umbel earlier but now gone & senesced; no seeds or plant",NA,NA,NA,"3636_7","drought","alive",1,"Flowering",1,NA,"2",0,0,1,0,0,0
2024,7,3636,3,"J","2",NA,26,0,NA,NA,"tag 5cm from plant; tag in 3H",NA,NA,NA,"3636_7","drought","alive",1,"Vegetative",0,NA,"2",1,1,1,1,NA,NA
2025,7,3636,3,"J","2",27,27,1,"1.5",NA,"closer to 3H",NA,NA,NA,"3636_7","drought","alive",1,"Flowering",1,NA,NA,NA,NA,NA,0,2,1
2026,7,3636,3,"J",NA,NA,NA,NA,NA,NA,"NPNT",NA,NA,NA,"3636_7","drought",NA,NA,NA,NA,NA,NA,NA,NA,NA,1,NA,NA
2021,10,3637,6,"B","1",NA,11,0,NA,2021,"",NA,NA,NA,"3637_10","drought","alive",1,"Vegetative",0,NA,"0",NA,NA,0,NA,NA,NA
2022,10,3637,6,"B","0",NA,NA,NA,NA,2021,"NP",NA,NA,NA,"3637_10","drought","dead",0,"Dead",NA,NA,NA,NA,NA,NA,0,NA,NA
2016,13,3638,8,"C","3",13.5,4.7,1,"2",2016,"",NA,NA,NA,"3638_13","control","alive",1,"Flowering",1,NA,"5",3,1,1,NA,NA,NA
2017,13,3638,8,"C","5",11,13,3,"1.5",2016,"",NA,NA,NA,"3638_13","control","alive",1,"Flowering",1,NA,"1",0,0,1,1,NA,NA
2018,13,3638,8,"C","1",8,8,0,NA,2016,"",NA,NA,NA,"3638_13","control","alive",1,"Vegetative",0,NA,"2",1,1,1,1,NA,NA
2019,13,3638,8,"C","2",11.5,11.5,1,"2",2016,"",NA,NA,NA,"3638_13","control","alive",1,"Flowering",1,NA,"1",0,0,1,0,NA,NA
2020,13,3638,8,"C","1",NA,5,0,NA,2016,"",NA,NA,NA,"3638_13","control","alive",1,"Vegetative",0,NA,"2",0,0,1,1,NA,NA
2021,13,3638,8,"C","2",NA,9,0,NA,2016,"",NA,NA,NA,"3638_13","control","alive",1,"Vegetative",0,NA,"3",3,1,1,0,NA,NA
2022,13,3638,8,"C","3",25,10,3,"8.5",2016,"",NA,NA,NA,"3638_13","control","alive",1,"Flowering",1,NA,"3",1,1,1,0,146,1
2023,13,3638,8,"C","3",21,20,1,"4",2016,"new flower this week!",NA,NA,NA,"3638_13","control","alive",1,"Flowering",1,NA,"5",3,1,1,1,50,1
2024,13,3638,8,"C","5",27,13,3,"12.5",NA,"spittlebug",NA,NA,NA,"3638_13","control","alive",1,"Flowering",1,NA,"5",3,1,1,1,86,1
2025,13,3638,8,"C","5",15.5,13.5,3,"7.2",NA,"",NA,NA,NA,"3638_13","control","alive",1,"Flowering",1,NA,"7",3,1,1,1,NA,NA
2026,13,3638,8,"C","7",21,18.5,3,"4.5",NA,"",NA,NA,NA,"3638_13","control","alive",1,"Flowering",1,NA,NA,NA,NA,NA,1,44,1
2017,9,3639,11,"0.09","8",31,20.5,2,"3.5",2017,"Ycoord= distance from quadrat (m)",NA,NA,NA,"3639_9","irrigated","alive",1,"Flowering",1,NA,"2",1,1,1,NA,NA,NA
2018,9,3639,11,"0.09","2",23,16,1,"4.9",2017,"Ycoord= distance from quuadrat (m)",NA,NA,NA,"3639_9","irrigated","alive",1,"Flowering",1,NA,"3",1,1,1,1,NA,NA
2019,9,3639,11,"0.09","3",29,21,1,"4",2017,"",NA,NA,NA,"3639_9","irrigated","alive",1,"Flowering",1,NA,"2",1,1,1,1,NA,NA
2020,9,3639,11,"0.09","2",25,15.8,1,"3.1",2017,"",NA,NA,NA,"3639_9","irrigated","alive",1,"Flowering",1,NA,"2",0,0,1,1,NA,NA
2021,9,3639,11,"0.09","2",NA,19,0,NA,2017,"11K",NA,NA,NA,"3639_9","irrigated","alive",1,"Vegetative",0,NA,"2",0,0,1,1,NA,NA
2022,9,3639,11,"0.09","2",NA,22,0,NA,2017,"11K",NA,NA,NA,"3639_9","irrigated","alive",1,"Vegetative",0,NA,"1",0,0,1,0,NA,NA
2023,9,3639,11,"0.09","1",NA,35,0,NA,2017,"11K=11A",NA,NA,NA,"3639_9","irrigated","alive",1,"Vegetative",0,NA,"2",1,1,1,0,NA,NA
2024,9,3639,11,"0.09","2",34,23,1,"2.5",NA,"11K=11A; phen: flowering 17 may",NA,NA,NA,"3639_9","irrigated","alive",1,"Flowering",1,NA,"2",0,0,1,0,NA,NA
2025,9,3639,11,"0.09","2",NA,18,0,NA,NA," diversity 11K=11A",NA,NA,NA,"3639_9","irrigated","alive",1,"Vegetative",0,NA,"1",0,0,1,1,NA,NA
2026,9,3639,11,"0.09","1",NA,13.5,0,NA,NA," diversity 11K=11A",NA,NA,NA,"3639_9","irrigated","alive",1,"Vegetative",0,NA,NA,NA,NA,NA,0,NA,NA
2017,5,3640,5,"G","3",22,15,1,"3",2017,"",NA,NA,NA,"3640_5","drought","alive",1,"Flowering",1,NA,"1",0,0,1,NA,NA,NA
2018,5,3640,5,"G","1",7,7,0,NA,2017,"",NA,NA,NA,"3640_5","drought","alive",1,"Vegetative",0,NA,"2",0,0,1,1,NA,NA
2019,5,3640,5,"G","2",NA,13,0,NA,2017,"",NA,NA,NA,"3640_5","drought","alive",1,"Vegetative",0,NA,"0",NA,NA,1,0,NA,NA
2020,5,3640,5,"G","0",NA,NA,NA,NA,2017,"no plant",NA,NA,NA,"3640_5","drought","dormant",1,"Dormant",NA,NA,"2",0,0,1,0,NA,NA
2021,5,3640,5,"G","2",NA,10,0,NA,2017,"",NA,NA,NA,"3640_5","drought","alive",1,"Vegetative",0,NA,"0",NA,NA,0,NA,NA,NA
2022,5,3640,5,"G","0",NA,NA,NA,NA,2017,"NP. Tag accidentally pulled(was looking at wrong sheet. Keep an eye out for a plant here next year)",1,1,NA,"3640_5","drought","dead",0,"Dead",NA,NA,NA,NA,NA,NA,0,NA,NA
2016,13,3642,10,"G","8",18,6,3,"2.2",2016,"3 stalks",NA,NA,NA,"3642_13","control","alive",1,"Flowering",1,NA,"4",3,1,1,NA,NA,NA
2017,13,3642,10,"G","4",21.5,12,3,"5.5",2016,"",NA,NA,NA,"3642_13","control","alive",1,"Flowering",1,NA,"6",3,1,1,1,NA,NA
2018,13,3642,10,"G","6",18.5,18.5,3,"2.3",2016,"",NA,NA,NA,"3642_13","control","alive",1,"Flowering",1,NA,"5",2,1,1,1,NA,NA
2019,13,3642,10,"G","5",25,10,2,"6.5",2016,"",NA,NA,NA,"3642_13","control","alive",1,"Flowering",1,NA,"2",0,0,1,1,NA,NA
2020,13,3642,10,"G","2",NA,14,0,NA,2016,"leaf eaten",NA,NA,NA,"3642_13","control","alive",1,"Vegetative",0,NA,"4",2,1,1,1,NA,NA
2021,13,3642,10,"G","4",18.5,14,2,"6.5",2016,"",NA,NA,NA,"3642_13","control","alive",1,"Flowering",1,NA,"5",4,1,1,0,104,1
2022,13,3642,10,"G","5",34,14,4,"20.5",2016,"",NA,NA,NA,"3642_13","control","alive",1,"Flowering",1,NA,"7",5,1,1,1,242,1
2023,13,3642,10,"G","7",32,13,5,"26",2016,"",NA,NA,NA,"3642_13","control","alive",1,"Flowering",1,NA,NA,NA,NA,1,1,406,1
2024,13,3642,10,"G",NA,NA,NA,NA,NA,NA,"NPNT",NA,NA,NA,"3642_13","control",NA,1,NA,NA,NA,"5",3,1,1,1,NA,NA
2025,13,3642,10,"G","5",27,17,3,"11.5",NA,"one dead umbel",NA,NA,NA,"3642_13","control","alive",1,"Flowering",1,NA,"4",2,1,1,NA,122,1
2026,13,3642,10,"G","4",34,18,2,"8.5",NA,"",NA,NA,NA,"3642_13","control","alive",1,"Flowering",1,NA,NA,NA,NA,NA,1,28,1
2016,6,3643,18,"H","9",22.6,5,1,"3.6",2016,"",NA,NA,NA,"3643_6","irrigated","alive",1,"Flowering",1,NA,"3",1,1,1,NA,NA,NA
2017,6,3643,18,"H","3",18,17,1,"2",2016,"",NA,NA,NA,"3643_6","irrigated","alive",1,"Flowering",1,NA,"7",1,1,1,1,NA,NA
2018,6,3643,18,"H","7",18,17,1,"2.8",2016,"",NA,NA,NA,"3643_6","irrigated","alive",1,"Flowering",1,NA,"3",1,1,1,1,NA,NA
2019,6,3643,18,"H","3",15.5,17,1,"2.5",2016,"",NA,NA,NA,"3643_6","irrigated","alive",1,"Flowering",1,NA,"2",0,0,1,1,NA,NA
2020,6,3643,18,"H","2",NA,9.8,0,NA,2016,"",NA,NA,NA,"3643_6","irrigated","alive",1,"Vegetative",0,NA,"6",2,1,1,1,NA,NA
2021,6,3643,18,"H","6",20,14,2,"8",2016,"",NA,NA,NA,"3643_6","irrigated","alive",1,"Flowering",1,NA,"6",3,1,1,0,0,0
2022,6,3643,18,"H","6",52,26.5,3,"16",2016,"",NA,NA,NA,"3643_6","irrigated","alive",1,"Flowering",1,NA,"2",1,1,1,1,110,1
2023,6,3643,18,"H","2",22,18,1,"4",2016,"",NA,NA,NA,"3643_6","irrigated","alive",1,"Flowering",1,NA,"3",3,1,1,1,0,0
2024,6,3643,18,"H","3",35,16,3,"9.5",NA,"",NA,NA,NA,"3643_6","irrigated","alive",1,"Flowering",1,NA,"5",3,1,1,1,0,0
2025,6,3643,18,"H","5",38,22.5,3,"11.5",NA,"",NA,NA,NA,"3643_6","irrigated","alive",1,"Flowering",1,NA,"2",1,1,1,1,NA,NA
2026,6,3643,18,"H","2",24,18.5,1,"2.5",NA,"",NA,NA,NA,"3643_6","irrigated","alive",1,"Flowering",1,NA,NA,NA,NA,NA,1,0,0
2017,5,3644,8,"H","2",13,13,0,NA,2017,"",NA,NA,NA,"3644_5","drought","alive",1,"Vegetative",0,NA,"1",0,0,1,NA,NA,NA
2018,5,3644,8,"H","1",9.5,9.5,0,NA,2017,"",NA,NA,NA,"3644_5","drought","alive",1,"Vegetative",0,NA,"1",0,0,1,0,NA,NA
2019,5,3644,8,"H","1",NA,14.5,0,NA,2017,"",NA,NA,NA,"3644_5","drought","alive",1,"Vegetative",0,NA,"0",NA,NA,1,0,NA,NA
2020,5,3644,8,"H","0",NA,NA,NA,NA,2017,"no plant",NA,NA,NA,"3644_5","drought","dormant",1,"Dormant",NA,NA,"3",2,1,1,0,NA,NA
2021,5,3644,8,"H","3",10,14,2,"3",2017,"",NA,NA,NA,"3644_5","drought","alive",1,"Flowering",1,NA,"2",1,1,1,NA,0,0
2022,5,3644,8,"H","2",42,19,1,"5",2017,"",NA,NA,NA,"3644_5","drought","alive",1,"Flowering",1,NA,"7",4,1,1,1,54,1
2023,5,3644,8,"H","7",49,15,4,"21.5",2017,"",NA,NA,NA,"3644_5","drought","alive",1,"Flowering",1,NA,"0",NA,NA,1,1,140,1
2024,5,3644,8,"H","0",NA,NA,NA,NA,NA,"NP",NA,NA,NA,"3644_5","drought","dormant",1,"Dormant",NA,NA,"3",2,1,1,1,0,0
2025,5,3644,8,"H","3",25,18,2,"2.5",NA,"one umbel dead",NA,NA,NA,"3644_5","drought","alive",1,"Flowering",1,NA,"4",2,1,1,NA,NA,NA
2026,5,3644,8,"H","4",22,6,2,"6",NA,"",NA,NA,NA,"3644_5","drought","alive",1,"Flowering",1,NA,NA,NA,NA,NA,1,0,0
2016,1,3645,5,"J","4",21,13.5,1,"2.7",2016,"",NA,NA,NA,"3645_1","irrigated","alive",1,"Flowering",1,NA,"4",1,1,1,NA,NA,NA
2017,1,3645,5,"J","4",21,12.2,1,"3.4",2016,"",NA,NA,NA,"3645_1","irrigated","alive",1,"Flowering",1,NA,"3",1,1,1,1,NA,NA
2018,1,3645,5,"J","3",13,19,1,"2.3",2016,"",NA,NA,NA,"3645_1","irrigated","alive",1,"Flowering",1,NA,"2",0,0,1,1,NA,NA
2019,1,3645,5,"J","2",NA,11,0,NA,2016,"",NA,NA,NA,"3645_1","irrigated","alive",1,"Vegetative",0,NA,"1",0,0,1,1,NA,NA
2020,1,3645,5,"J","1",NA,9.6,0,NA,2016,"",NA,NA,NA,"3645_1","irrigated","alive",1,"Vegetative",0,NA,"1",0,0,1,0,NA,NA
2021,1,3645,5,"J","1",NA,17,0,NA,2016,"",NA,NA,NA,"3645_1","irrigated","alive",1,"Vegetative",0,NA,"2",1,1,1,0,NA,NA
2022,1,3645,5,"J","2",33.5,14,1,"5",2016,"",NA,NA,NA,"3645_1","irrigated","alive",1,"Flowering",1,NA,"3",1,1,1,0,0,0
2023,1,3645,5,"J","3",30,17,1,"5",2016,"",NA,NA,NA,"3645_1","irrigated","alive",1,"Flowering",1,NA,"2",1,1,1,1,12,1
2024,1,3645,5,"J","2",29.5,25,1,"6",NA,"longest leaf gone (measured shorter leaf)",NA,NA,NA,"3645_1","irrigated","alive",1,"Flowering",1,NA,"1",1,1,1,1,0,0
2025,1,3645,5,"J","1",28,25,1,NA,NA,"one umble dead",NA,NA,1,"3645_1","irrigated","alive",1,"Flowering",1,NA,"4",2,1,1,1,0,0
2026,1,3645,5,"J","4",38,16,2,"7",NA,"",NA,NA,NA,"3645_1","irrigated","alive",1,"Flowering",1,NA,NA,NA,NA,NA,1,30,1
2016,6,3648,16,"F","16",32,9,0,NA,2016,"Umbel missing?",NA,NA,NA,"3648_6","irrigated","alive",1,"Vegetative",0,NA,"4",2,1,1,NA,NA,NA
2017,6,3648,16,"F","4",29,18.5,2,"4",2016,"",NA,NA,NA,"3648_6","irrigated","alive",1,"Flowering",1,NA,"5",3,1,1,0,NA,NA
2018,6,3648,16,"F","5",15,19,3,"4",2016,"",NA,NA,NA,"3648_6","irrigated","alive",1,"Flowering",1,NA,"1",1,1,1,1,NA,NA
2019,6,3648,16,"F","1",16,14,1,"2.75",2016,"",NA,NA,NA,"3648_6","irrigated","alive",1,"Flowering",1,NA,"3",2,1,1,1,NA,NA
2020,6,3648,16,"F","3",25.6,13.1,2,"6.2",2016,"",NA,NA,NA,"3648_6","irrigated","alive",1,"Flowering",1,NA,"3",2,1,1,1,NA,NA
2021,6,3648,16,"F","3",26,11,2,"7.5",2016,"",NA,NA,NA,"3648_6","irrigated","alive",1,"Flowering",1,NA,"8",4,1,1,1,0,0
2022,6,3648,16,"F","8",43,18.5,4,"16",2016,"",NA,NA,NA,"3648_6","irrigated","alive",1,"Flowering",1,NA,"4",2,1,1,1,122,1
2023,6,3648,16,"F","4",30,17,2,"8",2016,"stalks are same height",NA,NA,NA,"3648_6","irrigated","alive",1,"Flowering",1,NA,"2",1,1,1,1,0,0
2024,6,3648,16,"F","2",20.5,14.5,1,"2",NA,"",NA,NA,NA,"3648_6","irrigated","alive",1,"Flowering",1,NA,"1",0,0,1,1,0,0
2025,6,3648,16,"F","1",NA,21,0,NA,NA,"",NA,NA,NA,"3648_6","irrigated","alive",1,"Vegetative",0,NA,"1",1,1,1,1,NA,NA
2026,6,3648,16,"F","1",29,21,1,"2.5",NA,"missed in seed counting",NA,NA,NA,"3648_6","irrigated","alive",1,"Flowering",1,NA,NA,NA,NA,NA,0,NA,NA
2017,5,3649,11,"A","3",16,11,1,"1.5",2017,"",NA,NA,NA,"3649_5","drought","alive",1,"Flowering",1,NA,"2",1,1,1,NA,NA,NA
2018,5,3649,11,"A","2",18,14.5,1,"3",2017,"",NA,NA,NA,"3649_5","drought","alive",1,"Flowering",1,NA,"1",0,0,1,1,NA,NA
2019,5,3649,11,"A","1",NA,10.5,0,NA,2017,"",NA,NA,NA,"3649_5","drought","alive",1,"Vegetative",0,NA,NA,NA,NA,1,1,NA,NA
2020,5,3649,11,"A",NA,NA,NA,NA,NA,2017,"NS",NA,NA,NA,"3649_5","drought",NA,1,NA,NA,NA,"2",1,1,1,0,NA,NA
2021,5,3649,11,"A","2",9,11.5,1,"1",2017,"",NA,NA,NA,"3649_5","drought","alive",1,"Flowering",1,NA,"2",1,1,1,NA,0,0
2022,5,3649,11,"A","2",25,16,1,"3.5",2017,"",NA,NA,NA,"3649_5","drought","alive",1,"Flowering",1,NA,"5",3,1,1,1,0,0
2023,5,3649,11,"A","5",38,17,3,"11.5",2017,"",NA,NA,NA,"3649_5","drought","alive",1,"Flowering",1,NA,"4",1,1,1,1,NA,NA
2024,5,3649,11,"A","4",26.5,11,1,"2",NA,"",NA,NA,NA,"3649_5","drought","alive",1,"Flowering",1,NA,"3",1,1,1,1,30,1
2025,5,3649,11,"A","3",9,11,1,"1.5",NA,"",NA,NA,NA,"3649_5","drought","alive",1,"Flowering",1,NA,"3",2,1,1,1,NA,NA
2026,5,3649,11,"A","3",19,16,2,"4",NA,"",NA,NA,NA,"3649_5","drought","alive",1,"Flowering",1,NA,NA,NA,NA,NA,1,0,0
2016,1,3650,7,"E","7",21.5,7,2,"2.7",2016,"",NA,NA,NA,"3650_1","irrigated","alive",1,"Flowering",1,NA,"0",NA,NA,0,NA,NA,NA
2017,1,3650,7,"E","0",NA,NA,NA,NA,2016,"No plant/dead?",NA,NA,NA,"3650_1","irrigated","dead",0,"Dead",NA,NA,NA,NA,NA,NA,1,NA,NA
2017,3,3651,3,"B","1",11.5,12,0,NA,2017,"",NA,NA,NA,"3651_3","control","alive",1,"Vegetative",0,NA,"2",0,0,1,NA,NA,NA
2018,3,3651,3,"B","2",15,15,0,NA,2017,"",NA,NA,NA,"3651_3","control","alive",1,"Vegetative",0,NA,"3",1,1,1,0,NA,NA
2019,3,3651,3,"B","3",22.5,18,1,"3.5",2017,"",NA,NA,NA,"3651_3","control","alive",1,"Flowering",1,NA,"0",NA,NA,1,0,NA,NA
2020,3,3651,3,"B","0",NA,NA,NA,NA,2017,"no plant",NA,NA,NA,"3651_3","control","dormant",1,"Dormant",NA,NA,"2",0,0,1,1,NA,NA
2021,3,3651,3,"B","2",NA,18,0,NA,2017,"",NA,NA,NA,"3651_3","control","alive",1,"Vegetative",0,NA,"3",1,1,1,NA,NA,NA
2022,3,3651,3,"B","3",33,22,1,"6.5",2017,"",NA,NA,NA,"3651_3","control","alive",1,"Flowering",1,NA,"2",1,1,1,0,62,1
2023,3,3651,3,"B","2",38,24,1,"7",2017,"seeding umbel",NA,NA,NA,"3651_3","control","alive",1,"Flowering",1,NA,"0",NA,NA,1,1,14,1
2024,3,3651,3,"B","0",NA,NA,NA,NA,NA,"NP",NA,NA,NA,"3651_3","control","dormant",1,"Dormant",NA,NA,"1",0,0,1,1,NA,NA
2025,3,3651,3,"B","1",NA,21.5,0,NA,NA,"",NA,NA,NA,"3651_3","control","alive",1,"Vegetative",0,NA,"1",0,0,1,NA,NA,NA
2026,3,3651,3,"B","1",NA,16.5,0,NA,NA,"",NA,NA,NA,"3651_3","control","alive",1,"Vegetative",0,NA,NA,NA,NA,NA,0,NA,NA
2020,2,3652,0,"C","2",NA,1.4,0,NA,2020,"",NA,NA,NA,"3652_2","control","alive",1,"Vegetative",0,NA,NA,NA,NA,0,NA,NA,NA
2021,2,3652,0,"C",NA,NA,NA,NA,NA,2020,"NPNT",NA,NA,NA,"3652_2","control","dead",0,"Dead",NA,NA,NA,NA,NA,NA,0,NA,NA
2016,2,3652,0,"C","7",15,7.2,1,"2.3",2016,"",NA,NA,NA,"3652_2_senior","control","alive",1,"Flowering",1,NA,NA,NA,NA,NA,NA,NA,NA
2017,2,3652,0,"C",NA,NA,NA,NA,NA,2016,"NP/NT",NA,NA,NA,"3652_2_senior","control",NA,NA,NA,NA,NA,NA,NA,NA,0,1,NA,NA
2018,2,3652,0,"C",NA,NA,NA,NA,NA,2016,"no plant",NA,NA,NA,"3652_2_senior","control","dead",0,"Dead",NA,NA,NA,NA,NA,NA,NA,NA,NA
2016,2,3654,3,"G","4",21,5.5,1,"3",2016,"",NA,NA,NA,"3654_2","control","alive",1,"Flowering",1,NA,"1",0,0,1,NA,NA,NA
2017,2,3654,3,"G","1",10,10,0,NA,2016,"",NA,NA,NA,"3654_2","control","alive",1,"Vegetative",0,NA,"1",0,0,1,1,NA,NA
2018,2,3654,3,"G","1",12.5,12.5,0,NA,2016,"",NA,NA,NA,"3654_2","control","alive",1,"Vegetative",0,NA,"1",0,0,1,0,NA,NA
2019,2,3654,3,"G","1",NA,10,0,NA,2016,"",NA,NA,NA,"3654_2","control","alive",1,"Vegetative",0,NA,"2",0,0,1,0,NA,NA
2020,2,3654,3,"G","2",NA,9.8,0,NA,2016,"",NA,NA,NA,"3654_2","control","alive",1,"Vegetative",0,NA,"2",0,0,1,0,NA,NA
2021,2,3654,3,"G","2",NA,11,0,NA,2016,"",NA,NA,NA,"3654_2","control","alive",1,"Vegetative",0,NA,"0",NA,NA,0,0,NA,NA
2022,2,3654,3,"G","0",NA,NA,NA,NA,2016,"NP",NA,NA,NA,"3654_2","control","dead",0,"Dead",NA,NA,NA,NA,NA,NA,0,NA,NA
2017,10,3655,6,"B","2",20.5,20.5,0,NA,2017,"",NA,NA,NA,"3655_10","drought","alive",1,"Vegetative",0,NA,"3",1,1,1,NA,NA,NA
2018,10,3655,6,"B","3",31,20.5,1,"5.3",2017,"",NA,NA,NA,"3655_10","drought","alive",1,"Flowering",1,NA,"2",2,1,1,0,NA,NA
2019,10,3655,6,"B","2",42,13,2,"5.5",2017,"",NA,NA,NA,"3655_10","drought","alive",1,"Flowering",1,NA,"1",0,0,1,1,NA,NA
2020,10,3655,6,"B","1",NA,13.2,0,NA,2017,"",NA,NA,NA,"3655_10","drought","alive",1,"Vegetative",0,NA,"2",0,0,1,1,NA,NA
2021,10,3655,6,"B","2",NA,19.5,0,NA,2017,"",NA,NA,NA,"3655_10","drought","alive",1,"Vegetative",0,NA,"3",2,1,1,0,NA,NA
2022,10,3655,6,"B","3",64,18.5,2,"11",2017,"",NA,NA,NA,"3655_10","drought","alive",1,"Flowering",1,NA,"5",3,1,1,0,236,1
2023,10,3655,6,"B","5",64,18,3,"23",2017,"",NA,NA,NA,"3655_10","drought","alive",1,"Flowering",1,NA,"2",2,1,1,1,244,1
2024,10,3655,6,"B","2",44.5,22,2,"8.5",NA,"",NA,NA,NA,"3655_10","drought","alive",1,"Flowering",1,NA,"2",1,1,1,1,22,1
2025,10,3655,6,"B","2",27,29,1,"3",NA,"",NA,NA,NA,"3655_10","drought","alive",1,"Flowering",1,NA,NA,NA,NA,NA,1,6,1
2026,10,3655,6,"B",NA,NA,NA,NA,NA,NA,"NPNT",NA,NA,NA,"3655_10","drought",NA,NA,NA,NA,NA,NA,NA,NA,NA,1,NA,NA
2017,4,3656,0,"D","2",10.5,10.5,0,NA,2017,"",NA,NA,NA,"3656_4","irrigated","alive",1,"Vegetative",0,NA,"2",0,0,1,NA,NA,NA
2018,4,3656,0,"D","2",9.5,9.5,0,NA,2017,"",NA,NA,NA,"3656_4","irrigated","alive",1,"Vegetative",0,NA,"1",0,0,1,0,NA,NA
2019,4,3656,0,"D","1",NA,12,0,NA,2017,"",NA,NA,NA,"3656_4","irrigated","alive",1,"Vegetative",0,NA,"3",0,0,1,0,NA,NA
2020,4,3656,0,"D","3",NA,12.5,0,NA,2017,"1 eaten leaf",NA,NA,NA,"3656_4","irrigated","alive",1,"Vegetative",0,NA,"1",0,0,1,0,NA,NA
2021,4,3656,0,"D","1",NA,13,0,NA,2017,"",NA,NA,NA,"3656_4","irrigated","alive",1,"Vegetative",0,NA,"2",1,1,1,0,NA,NA
2022,4,3656,0,"D","2",36,11,1,"5",2017,"",NA,NA,NA,"3656_4","irrigated","alive",1,"Flowering",1,NA,"2",1,1,1,0,90,1
2023,4,3656,0,"D","2",34,16,1,"5",2017,"",NA,NA,NA,"3656_4","irrigated","alive",1,"Flowering",1,NA,"0",NA,NA,1,1,52,1
2024,4,3656,0,"D","0",NA,NA,NA,NA,NA,"NP",NA,NA,NA,"3656_4","irrigated","dormant",1,"Dormant",NA,NA,"2",0,0,1,1,NA,NA
2025,4,3656,0,"D","2",NA,17,0,NA,NA,"",NA,NA,NA,"3656_4","irrigated","alive",1,"Vegetative",0,NA,"3",0,0,1,NA,NA,NA
2026,4,3656,0,"D","3",NA,19,0,NA,NA,"",NA,NA,NA,"3656_4","irrigated","alive",1,"Vegetative",0,NA,NA,NA,NA,NA,0,NA,NA
2016,13,3658,11,"I","5",13,6,3,"1.7",2016,"2 stalks",NA,NA,NA,"3658_13","control","alive",1,"Flowering",1,NA,"3",3,1,1,NA,NA,NA
2017,13,3658,11,"I","3",12.5,9.5,3,"2.5",2016,"",NA,NA,NA,"3658_13","control","alive",1,"Flowering",1,NA,"2",0,0,1,1,NA,NA
2018,13,3658,11,"I","2",11,11,0,NA,2016,"",NA,NA,NA,"3658_13","control","alive",1,"Vegetative",0,NA,"2",0,0,1,1,NA,NA
2019,13,3658,11,"I","2",NA,10,0,NA,2016,"",NA,NA,NA,"3658_13","control","alive",1,"Vegetative",0,NA,NA,NA,NA,1,0,NA,NA
2020,13,3658,11,"I",NA,NA,NA,NA,NA,2016,"NS",NA,NA,NA,"3658_13","control",NA,1,NA,NA,NA,"3",0,0,1,0,NA,NA
2021,13,3658,11,"I","3",NA,16,0,NA,2016,"",NA,NA,NA,"3658_13","control","alive",1,"Vegetative",0,NA,"0",NA,NA,1,NA,NA,NA
2022,13,3658,11,"I","0",NA,NA,NA,NA,2016,"NP",NA,NA,NA,"3658_13","control","dormant",1,"Dormant",NA,NA,"2",1,1,1,0,NA,NA
2023,13,3658,11,"I","2",23,10,1,"5",2016,"",NA,NA,NA,"3658_13","control","alive",1,"Flowering",1,NA,"1",0,0,1,NA,NA,NA
2024,13,3658,11,"I","1",NA,14,0,NA,NA,"",NA,NA,NA,"3658_13","control","alive",1,"Vegetative",0,NA,"1",0,0,1,1,NA,NA
2025,13,3658,11,"I","1",NA,12,0,NA,NA,"",NA,NA,NA,"3658_13","control","alive",1,"Vegetative",0,NA,"0",NA,NA,NA,0,NA,NA
2026,13,3658,11,"I","0",NA,NA,NA,NA,NA,"NP",NA,NA,NA,"3658_13","control",NA,NA,NA,NA,NA,NA,NA,NA,NA,0,NA,NA
2016,15,3659,4,"C","4",33.5,10,1,"6.5",2016,"",NA,NA,NA,"3659_15","drought","alive",1,"Flowering",1,NA,"5",3,1,1,NA,NA,NA
2017,15,3659,4,"C","5",42,10.5,3,"5",2016,"",NA,NA,NA,"3659_15","drought","alive",1,"Flowering",1,NA,"5",3,1,1,1,NA,NA
2018,15,3659,4,"C","5",21.5,18,3,"3.6",2016,"",NA,NA,NA,"3659_15","drought","alive",1,"Flowering",1,NA,"2",1,1,1,1,NA,NA
2019,15,3659,4,"C","2",15.5,22,1,"3",2016,"",NA,NA,NA,"3659_15","drought","alive",1,"Flowering",1,NA,"0",NA,NA,1,1,NA,NA
2020,15,3659,4,"C","0",NA,NA,NA,NA,2016,"no plant",NA,NA,NA,"3659_15","drought","dormant",1,"Dormant",NA,NA,"4",1,1,1,1,NA,NA
2021,15,3659,4,"C","4",16,18,1,"3",2016,"",NA,NA,NA,"3659_15","drought","alive",1,"Flowering",1,NA,"10",5,1,1,NA,0,0
2022,15,3659,4,"C","10",49.5,17.5,5,"29",2016,"",NA,NA,NA,"3659_15","drought","alive",1,"Flowering",1,NA,"6",6,1,1,1,448,1
2023,15,3659,4,"C","6",55,19.5,6,"31",2016,"",NA,NA,NA,"3659_15","drought","alive",1,"Flowering",1,NA,"6",4,1,1,1,NA,NA
2024,15,3659,4,"C","6",34,26,4,"14.5",NA,"one umbel and leaf counted but gone",NA,NA,NA,"3659_15","drought","alive",1,"Flowering",1,NA,"5",2,1,1,1,132,1
2025,15,3659,4,"C","5",32,17.5,2,"11",NA,"",NA,NA,NA,"3659_15","drought","alive",1,"Flowering",1,NA,"2",0,0,1,1,NA,NA
2026,15,3659,4,"C","2",NA,19,0,NA,NA,"",NA,NA,NA,"3659_15","drought","alive",1,"Vegetative",0,NA,NA,NA,NA,NA,1,NA,NA
2017,4,3660,2,"G","2",11,11,0,NA,2017,"",NA,NA,NA,"3660_4","irrigated","alive",1,"Vegetative",0,NA,"2",8,1,1,NA,NA,NA
2018,4,3660,2,"G","2",1,9.5,8,"3",2017,"",NA,NA,NA,"3660_4","irrigated","alive",1,"Flowering",1,NA,"1",0,0,1,0,NA,NA
2019,4,3660,2,"G","1",NA,10,0,NA,2017,"",NA,NA,NA,"3660_4","irrigated","alive",1,"Vegetative",0,NA,"2",1,1,1,1,NA,NA
2020,4,3660,2,"G","2",32.2,10.8,1,"2.5",2017,"",NA,NA,NA,"3660_4","irrigated","alive",1,"Flowering",1,NA,"1",0,0,1,0,NA,NA
2021,4,3660,2,"G","1",NA,12.5,0,NA,2017,"",NA,NA,NA,"3660_4","irrigated","alive",1,"Vegetative",0,NA,"0",NA,NA,0,1,NA,NA
2022,4,3660,2,"G","0",NA,NA,NA,NA,2017,"NP",NA,NA,NA,"3660_4","irrigated","dead",0,"Dead",NA,NA,NA,NA,NA,NA,0,NA,NA
2019,14,3661,7,"I","3",NA,27.5,0,NA,2019,"",NA,NA,NA,"3661_14","drought","alive",1,"Vegetative",0,NA,"2",1,1,1,NA,NA,NA
2020,14,3661,7,"I","2",37.3,22.2,1,"3.7",2019,"",NA,NA,NA,"3661_14","drought","alive",1,"Flowering",1,NA,"2",1,1,1,0,NA,NA
2021,14,3661,7,"I","2",41.5,15,1,"6.5",2019,"",NA,NA,NA,"3661_14","drought","alive",1,"Flowering",1,NA,"5",3,1,1,1,22,1
2022,14,3661,7,"I","5",66,25,3,"19.5",2019,"",NA,NA,NA,"3661_14","drought","alive",1,"Flowering",1,NA,"0",NA,NA,0,1,282,1
2023,14,3661,7,"I","0",NA,NA,NA,NA,2019,"NP",NA,NA,NA,"3661_14","drought","dead",0,"Dead",NA,NA,NA,NA,NA,NA,1,NA,NA
2021,5,3663,19,"I","1",NA,11.5,0,NA,2021,"",NA,NA,NA,"3663_5","drought","alive",1,"Vegetative",0,NA,"4",2,1,1,NA,NA,NA
2022,5,3663,19,"I","4",25,15.5,2,"8",2021,"",NA,NA,NA,"3663_5","drought","alive",1,"Flowering",1,NA,"5",3,1,1,0,122,1
2023,5,3663,19,"I","5",41,15,3,"20",2021,"",NA,NA,NA,"3663_5","drought","alive",1,"Flowering",1,NA,"3",1,1,1,1,NA,NA
2024,5,3663,19,"I","3",33.5,12.5,1,"6.5",2021,"",NA,NA,NA,"3663_5","drought","alive",1,"Flowering",1,NA,"3",2,1,1,1,112,1
2025,5,3663,19,"I","3",14.5,11,2,"3",2021,"",NA,NA,NA,"3663_5","drought","alive",1,"Flowering",1,NA,"3",2,1,1,1,NA,NA
2026,5,3663,19,"I","3",19.5,17,2,"6.5",2021,"",NA,NA,NA,"3663_5","drought","alive",1,"Flowering",1,NA,NA,NA,NA,NA,1,0,0
2016,5,3663,19,"I","3",8,6.1,0,NA,2016,"",NA,NA,NA,"3663_5_senior","drought","alive",1,"Vegetative",0,NA,"2",0,0,1,NA,NA,NA
2017,5,3663,19,"I","2",10,10,0,NA,2016,"",NA,NA,NA,"3663_5_senior","drought","alive",1,"Vegetative",0,NA,"1",0,0,1,0,NA,NA
2018,5,3663,19,"I","1",6.5,6.5,0,NA,2016,"",NA,NA,NA,"3663_5_senior","drought","alive",1,"Vegetative",0,NA,"0",NA,NA,0,0,NA,NA
2019,5,3663,19,"I","0",NA,NA,NA,NA,2016,"no plant",NA,NA,NA,"3663_5_senior","drought","dead",0,"Dead",NA,NA,NA,NA,NA,NA,0,NA,NA
2019,9,3666,17,"H","2",NA,22,0,NA,2019,"",NA,NA,NA,"3666_9","irrigated","alive",1,"Vegetative",0,NA,"1",0,0,1,NA,NA,NA
2020,9,3666,17,"H","1",NA,16.6,0,NA,2019,"",NA,NA,NA,"3666_9","irrigated","alive",1,"Vegetative",0,NA,NA,NA,NA,NA,0,NA,NA
2023,9,3666,17,"H","5",NA,32,0,NA,2019,"",NA,NA,NA,"3666_9_1","irrigated","alive",1,"Vegetative",0,NA,"4",0,0,1,NA,NA,NA
2024,9,3666,17,"H","4",NA,33,0,NA,NA,"",NA,NA,NA,"3666_9_1","irrigated","alive",1,"Vegetative",0,NA,"3",0,0,1,0,NA,NA
2025,9,3666,17,"H","3",NA,26.5,0,NA,NA,"found tag, same plant as 3683, pulled that one kept this tag",NA,1,NA,"3666_9_1","irrigated","alive",1,"Vegetative",0,NA,"8",0,0,1,0,NA,NA
2026,9,3666,17,"H","8",NA,27.5,0,NA,NA,"",NA,NA,NA,"3666_9_1","irrigated","alive",1,"Vegetative",0,NA,NA,NA,NA,NA,0,NA,NA
2016,2,3667,5,"B","3",8.5,6.2,1,"1.5",2016,"",NA,NA,NA,"3667_2","control","alive",1,"Flowering",1,NA,"3",0,0,1,NA,NA,NA
2017,2,3667,5,"B","3",7,7,0,NA,2016,"",NA,NA,NA,"3667_2","control","alive",1,"Vegetative",0,NA,"1",0,0,1,1,NA,NA
2018,2,3667,5,"B","1",13,13,0,NA,2016,"",NA,NA,NA,"3667_2","control","alive",1,"Vegetative",0,NA,"1",0,0,1,0,NA,NA
2019,2,3667,5,"B","1",NA,12,0,NA,2016,"pulled out after measuring",NA,NA,NA,"3667_2","control","alive",1,"Vegetative",0,NA,"0",NA,NA,0,0,NA,NA
2020,2,3667,5,"B","0",NA,NA,NA,NA,2016,"no plant (pull tag- plant was killed in 2019)",NA,NA,NA,"3667_2","control","dead",0,"Dead",NA,NA,NA,NA,NA,NA,0,NA,NA
2016,15,3668,16,"H","4",39,11.2,1,"5.5",2016,"",NA,NA,NA,"3668_15","drought","alive",1,"Flowering",1,NA,NA,NA,NA,NA,NA,NA,NA
2016,2,3668,7,"A","6",14,7.4,0,NA,2016,"",NA,NA,NA,"3668_2","control","alive",1,"Vegetative",0,NA,"3",0,0,1,NA,NA,NA
2017,2,3668,7,"A","3",6.8,4.1,0,NA,2016,"",NA,NA,NA,"3668_2","control","alive",1,"Vegetative",0,NA,"0",NA,NA,1,0,NA,NA
2018,2,3668,7,"A","0",NA,NA,NA,NA,2016,"no plant",NA,NA,NA,"3668_2","control","dormant",1,"Dormant",NA,NA,"1",0,0,1,0,NA,NA
2019,2,3668,7,"A","1",NA,9,0,NA,2016,"",NA,NA,NA,"3668_2","control","alive",1,"Vegetative",0,NA,"1",0,0,1,NA,NA,NA
2020,2,3668,7,"A","1",NA,2.9,0,NA,2016,"",NA,NA,NA,"3668_2","control","alive",1,"Vegetative",0,NA,"0",NA,NA,0,0,NA,NA
2021,2,3668,7,"A","0",NA,NA,NA,NA,2016,"NP",NA,NA,NA,"3668_2","control","dead",0,"Dead",NA,NA,NA,NA,NA,NA,0,NA,NA
2016,6,3669,14,"E","9",29.5,5,1,"4.3",2016,"",NA,NA,NA,"3669_6","irrigated","alive",1,"Flowering",1,NA,"1",1,1,1,NA,NA,NA
2017,6,3669,14,"E","1",23,8,1,"4.5",2016,"",NA,NA,NA,"3669_6","irrigated","alive",1,"Flowering",1,NA,"3",1,1,1,1,NA,NA
2018,6,3669,14,"E","3",15,13,1,"3.2",2016,"",NA,NA,NA,"3669_6","irrigated","alive",1,"Flowering",1,NA,"3",2,1,1,1,NA,NA
2019,6,3669,14,"E","3",12,12,2,"2",2016,"",NA,NA,NA,"3669_6","irrigated","alive",1,"Flowering",1,NA,"3",2,1,1,1,NA,NA
2020,6,3669,14,"E","3",28.3,14.2,2,"6.3",2016,"",NA,NA,NA,"3669_6","irrigated","alive",1,"Flowering",1,NA,"4",2,1,1,1,NA,NA
2021,6,3669,14,"E","4",26.5,16,2,"7",2016,"",NA,NA,NA,"3669_6","irrigated","alive",1,"Flowering",1,NA,"4",3,1,1,1,0,0
2022,6,3669,14,"E","4",57,20,3,"12.5",2016,"",NA,NA,NA,"3669_6","irrigated","alive",1,"Flowering",1,NA,"3",2,1,1,1,186,1
2023,6,3669,14,"E","3",39,17,2,"7",2016,"",NA,NA,NA,"3669_6","irrigated","alive",1,"Flowering",1,NA,"4",3,1,1,1,56,1
2024,6,3669,14,"E","4",46,14,3,"10",NA,"",NA,NA,NA,"3669_6","irrigated","alive",1,"Flowering",1,NA,"1",0,0,1,1,46,1
2025,6,3669,14,"E","1",NA,22,0,NA,NA,"",NA,NA,NA,"3669_6","irrigated","alive",1,"Vegetative",0,NA,"3",0,0,1,1,NA,NA
2026,6,3669,14,"E","3",NA,23,0,NA,NA,"",NA,NA,NA,"3669_6","irrigated","alive",1,"Vegetative",0,NA,NA,NA,NA,NA,0,NA,NA
2020,10,3670,4,"E","1",NA,17,0,NA,2020,"",NA,NA,NA,"3670_10","drought","alive",1,"Vegetative",0,NA,"0",NA,NA,0,NA,NA,NA
2021,10,3670,4,"E","0",NA,NA,NA,NA,2020,"NP",NA,NA,NA,"3670_10","drought","dead",0,"Dead",NA,NA,NA,NA,NA,NA,0,NA,NA
2016,10,3670,4,"E","5",15.5,5.6,0,NA,2016,"",NA,NA,NA,"3670_10_senior","drought","alive",1,"Vegetative",0,NA,"0",NA,NA,0,NA,NA,NA
2017,10,3670,4,"E","0",NA,NA,NA,NA,2016,"No plant/dead?",NA,NA,NA,"3670_10_senior","drought","dead",0,"Dead",NA,NA,NA,NA,NA,NA,0,NA,NA
2016,14,3671,5,"C","3",14,7.6,0,NA,2016,"",NA,NA,NA,"3671_14","drought","alive",1,"Vegetative",0,NA,"2",0,0,1,NA,NA,NA
2017,14,3671,5,"C","2",12,12,0,NA,2016,"",NA,NA,NA,"3671_14","drought","alive",1,"Vegetative",0,NA,"3",1,1,1,0,NA,NA
2018,14,3671,5,"C","3",22,11,1,"2.2",2016,"",NA,NA,NA,"3671_14","drought","alive",1,"Flowering",1,NA,"3",2,1,1,0,NA,NA
2019,14,3671,5,"C","3",20.5,12,2,"3",2016,"",NA,NA,NA,"3671_14","drought","alive",1,"Flowering",1,NA,"2",2,1,1,1,NA,NA
2020,14,3671,5,"C","2",13,14.5,2,"3.1",2016,"",NA,NA,NA,"3671_14","drought","alive",1,"Flowering",1,NA,"1",0,0,1,1,NA,NA
2021,14,3671,5,"C","1",NA,19,0,NA,2016,"",NA,NA,NA,"3671_14","drought","alive",1,"Vegetative",0,NA,"4",2,1,1,1,NA,NA
2022,14,3671,5,"C","4",27,23,2,"7",2016,"more like 6D/E, not close to other 5C's, near 3926",NA,NA,NA,"3671_14","drought","alive",1,"Flowering",1,NA,"5",3,1,1,0,98,1
2023,14,3671,5,"C","5",36,15,3,"14",2016,"more like 6D/E, near 3926",NA,NA,NA,"3671_14","drought","alive",1,"Flowering",1,NA,"4",2,1,1,1,182,1
2024,14,3671,5,"C","4",34,9,2,"4",NA,"in phen as 3926",NA,NA,NA,"3671_14","drought","alive",1,"Flowering",1,NA,"4",2,1,1,1,NA,NA
2025,14,3671,5,"C","4",NA,10.5,2,NA,NA,"",NA,NA,NA,"3671_14","drought","alive",1,"Flowering",1,NA,"3",0,0,1,1,2,1
2026,14,3671,5,"C","3",NA,24.5,0,NA,NA,"",NA,NA,NA,"3671_14","drought","alive",1,"Vegetative",0,NA,NA,NA,NA,NA,1,NA,NA
2021,15,3672,3,"H","1",NA,16,0,NA,2021,"",NA,NA,NA,"3672_15","drought","alive",1,"Vegetative",0,NA,"0",NA,NA,0,NA,NA,NA
2022,15,3672,3,"H","0",NA,NA,NA,NA,2021,"NP",NA,NA,NA,"3672_15","drought","dead",0,"Dead",NA,NA,NA,NA,NA,NA,0,NA,NA
2018,15,3673,10,"A","3",14,19.5,2,"2.5",2018,"",NA,NA,NA,"3673_15","drought","alive",1,"Flowering",1,NA,"1",0,0,1,NA,NA,NA
2019,15,3673,10,"A","1",NA,14,0,NA,2019,"",NA,NA,NA,"3673_15","drought","alive",1,"Vegetative",0,NA,"0",NA,NA,1,1,NA,NA
2020,15,3673,10,"A","0",NA,NA,NA,NA,2019,"no plant",NA,NA,NA,"3673_15","drought","dormant",1,"Dormant",NA,NA,"1",1,1,1,0,NA,NA
2021,15,3673,10,"A","1",10.5,7,1,"2",2019,"",NA,NA,NA,"3673_15","drought","alive",1,"Flowering",1,NA,"3",2,1,1,NA,0,0
2022,15,3673,10,"A","3",44,15.5,2,"12.5",2019,"",NA,NA,NA,"3673_15","drought","alive",1,"Flowering",1,NA,"2",2,1,1,1,140,1
2023,15,3673,10,"A","2",43,8,2,"13",2019,"",NA,NA,NA,"3673_15","drought","alive",1,"Flowering",1,NA,"3",2,1,1,1,98,1
2024,15,3673,10,"A","3",32.5,13.5,2,"6.5",NA,"",NA,NA,NA,"3673_15","drought","alive",1,"Flowering",1,NA,"2",1,1,1,1,0,0
2025,15,3673,10,"A","2",12,3,1,"1.5",NA,"",NA,NA,NA,"3673_15","drought","alive",1,"Flowering",1,NA,"0",NA,NA,NA,1,0,0
2026,15,3673,10,"A","0",NA,NA,NA,NA,NA,"NP",NA,NA,NA,"3673_15","drought",NA,NA,NA,NA,NA,NA,NA,NA,NA,1,NA,NA
2016,13,3675,13,"I","3",19.5,5.5,1,"2.6",2016,"",NA,NA,NA,"3675_13","control","alive",1,"Flowering",1,NA,"1",0,0,1,NA,NA,NA
2017,13,3675,13,"I","1",12.5,12.5,0,NA,2016,"",NA,NA,NA,"3675_13","control","alive",1,"Vegetative",0,NA,"1",0,0,1,1,NA,NA
2018,13,3675,13,"I","1",9.5,9.5,0,NA,2016,"",NA,NA,NA,"3675_13","control","alive",1,"Vegetative",0,NA,"3",1,1,1,0,NA,NA
2019,13,3675,13,"I","3",18,13,1,"3.5",2016,"",NA,NA,NA,"3675_13","control","alive",1,"Flowering",1,NA,NA,NA,NA,1,0,NA,NA
2020,13,3675,13,"I",NA,NA,NA,NA,NA,2016,"NS",NA,NA,NA,"3675_13","control",NA,1,NA,NA,NA,"4",2,1,1,1,NA,NA
2021,13,3675,13,"I","4",23.5,19.5,2,"4",2016,"",NA,NA,NA,"3675_13","control","alive",1,"Flowering",1,NA,"4",2,1,1,NA,0,0
2022,13,3675,13,"I","4",43.5,17.5,2,"10",2016,"",NA,NA,NA,"3675_13","control","alive",1,"Flowering",1,NA,"7",4,1,1,1,104,1
2023,13,3675,13,"I","7",35,16,4,"18",2016,"",NA,NA,NA,"3675_13","control","alive",1,"Flowering",1,NA,"5",3,1,1,1,NA,NA
2024,13,3675,13,"I","5",22.5,16,3,"6.5",NA,"",NA,NA,NA,"3675_13","control","alive",1,"Flowering",1,NA,"3",1,1,1,1,36,1
2025,13,3675,13,"I","3",25.5,22.5,1,"4",NA,"in antho clump",NA,NA,NA,"3675_13","control","alive",1,"Flowering",1,NA,"6",1,1,1,1,NA,NA
2026,13,3675,13,"I","6",26,20.5,1,"2",NA,"",NA,NA,NA,"3675_13","control","alive",1,"Flowering",1,NA,NA,NA,NA,NA,1,38,1
2018,5,3677,13,"G","1",9,9,0,NA,NA,"found plant with unlisted tag ",NA,NA,NA,"3677_5","drought","alive",1,"Vegetative",0,NA,NA,NA,NA,NA,NA,NA,NA
2019,5,3677,13,"G",NA,NA,NA,NA,NA,NA,"NPNT",NA,NA,NA,"3677_5","drought",NA,NA,NA,NA,NA,NA,NA,NA,1,0,NA,NA
2020,5,3677,13,"G",NA,NA,NA,NA,NA,NA,"NS",NA,NA,NA,"3677_5","drought",NA,1,NA,NA,NA,"0",NA,NA,1,NA,NA,NA
2021,5,3677,13,"G","0",NA,NA,NA,NA,NA,"NP",NA,NA,NA,"3677_5","drought","dormant",1,"Dormant",NA,NA,"1",0,0,1,NA,NA,NA
2022,5,3677,13,"G","1",NA,18,0,NA,NA,"",NA,NA,NA,"3677_5","drought","alive",1,"Vegetative",0,NA,"2",1,1,1,NA,NA,NA
2023,5,3677,13,"G","2",26,9,1,"3",NA,"in 13E",NA,NA,NA,"3677_5","drought","alive",1,"Flowering",1,NA,"6",4,1,1,0,NA,NA
2024,5,3677,13,"G","6",27.5,13,4,"12",NA,"",NA,NA,NA,"3677_5","drought","alive",1,"Flowering",1,NA,"3",0,0,1,1,42,1
2025,5,3677,13,"G","3",NA,12.5,0,NA,NA,"it's in 14D next to 3153",NA,NA,NA,"3677_5","drought","alive",1,"Vegetative",0,NA,"1",0,0,1,1,NA,NA
2026,5,3677,13,"G","1",NA,9.5,0,NA,NA,"it's in 14D next to 3153",NA,NA,NA,"3677_5","drought","alive",1,"Vegetative",0,NA,NA,NA,NA,NA,0,NA,NA
2016,5,3679,17,"F","6",24,6,1,"4.8",2016,"",NA,NA,NA,"3679_5","drought","alive",1,"Flowering",1,NA,"4",2,1,1,NA,NA,NA
2017,5,3679,17,"F","4",20.5,13.5,2,"2.5",2016,"",NA,NA,NA,"3679_5","drought","alive",1,"Flowering",1,NA,"2",0,0,1,1,NA,NA
2018,5,3679,17,"F","2",14,14,0,NA,2016,"",NA,NA,NA,"3679_5","drought","alive",1,"Vegetative",0,NA,"1",0,0,1,1,NA,NA
2019,5,3679,17,"F","1",NA,12.5,0,NA,2016,"",NA,NA,NA,"3679_5","drought","alive",1,"Vegetative",0,NA,NA,NA,NA,NA,0,NA,NA
2020,5,3679,17,"F",NA,NA,NA,NA,NA,2016,"NS",NA,NA,NA,"3679_5","drought",NA,NA,NA,NA,NA,"0",NA,NA,0,0,NA,NA
2021,5,3679,17,"F","0",NA,NA,NA,NA,2016,"NP",NA,NA,NA,"3679_5","drought","dead",0,"Dead",NA,NA,NA,NA,NA,NA,NA,NA,NA
2016,4,3680,4,"J","5",24.8,4.2,1,"4.8",2016,"",NA,NA,NA,"3680_4","irrigated","alive",1,"Flowering",1,NA,"2",0,0,1,NA,NA,NA
2017,4,3680,4,"J","2",7.5,7.5,0,NA,2016,"",NA,NA,NA,"3680_4","irrigated","alive",1,"Vegetative",0,NA,"3",0,0,1,1,NA,NA
2018,4,3680,4,"J","3",12,12,0,NA,2016,"",NA,NA,NA,"3680_4","irrigated","alive",1,"Vegetative",0,NA,"0",NA,NA,1,0,NA,NA
2019,4,3680,4,"J","0",NA,NA,NA,NA,2016,"no plant",NA,NA,NA,"3680_4","irrigated","dormant",1,"Dormant",NA,NA,"1",0,0,1,0,NA,NA
2020,4,3680,4,"J","1",NA,10.6,0,NA,2016,"",NA,NA,NA,"3680_4","irrigated","alive",1,"Vegetative",0,NA,"1",0,0,1,NA,NA,NA
2021,4,3680,4,"J","1",NA,14,0,NA,2016,"",NA,NA,NA,"3680_4","irrigated","alive",1,"Vegetative",0,NA,"0",NA,NA,1,0,NA,NA
2022,4,3680,4,"J","0",NA,NA,NA,NA,2016,"NP",NA,NA,NA,"3680_4","irrigated","dormant",1,"Dormant",NA,NA,"1",0,0,1,0,NA,NA
2023,4,3680,4,"J","1",NA,10,0,NA,2016,"",NA,NA,NA,"3680_4","irrigated","alive",1,"Vegetative",0,NA,"0",NA,NA,1,NA,NA,NA
2024,4,3680,4,"J","0",NA,NA,NA,NA,NA,"NP",NA,NA,NA,"3680_4","irrigated","dormant",1,"Dormant",NA,NA,"1",0,0,1,0,NA,NA
2025,4,3680,4,"J","1",NA,6.5,0,NA,NA,"",NA,NA,NA,"3680_4","irrigated","alive",1,"Vegetative",0,NA,"1",0,0,1,NA,NA,NA
2026,4,3680,4,"J","1",NA,9,0,NA,NA,"",NA,NA,NA,"3680_4","irrigated","alive",1,"Vegetative",0,NA,NA,NA,NA,NA,0,NA,NA
2016,13,3681,19,"D","2",19.5,5.3,2,"3.2",2016,"",NA,NA,NA,"3681_13","control","alive",1,"Flowering",1,NA,"2",1,1,1,NA,NA,NA
2017,13,3681,19,"D","2",15,10,1,"2.5",2016,"",NA,NA,NA,"3681_13","control","alive",1,"Flowering",1,NA,"1",0,0,1,1,NA,NA
2018,13,3681,19,"D","1",9,9,0,NA,2016,"",NA,NA,NA,"3681_13","control","alive",1,"Vegetative",0,NA,"2",1,1,1,1,NA,NA
2019,13,3681,19,"D","2",17.5,10,1,"2",2016,"",NA,NA,NA,"3681_13","control","alive",1,"Flowering",1,NA,NA,NA,NA,1,0,NA,NA
2020,13,3681,19,"D",NA,NA,NA,NA,NA,2016,"NS",NA,NA,NA,"3681_13","control",NA,1,NA,NA,NA,"2",0,0,1,1,NA,NA
2021,13,3681,19,"D","2",NA,12,0,NA,2016,"",NA,NA,NA,"3681_13","control","alive",1,"Vegetative",0,NA,"1",0,0,1,NA,NA,NA
2022,13,3681,19,"D","1",NA,12,0,NA,2016,"",NA,NA,NA,"3681_13","control","alive",1,"Vegetative",0,NA,"1",0,0,1,0,NA,NA
2023,13,3681,19,"D","1",NA,11,0,NA,2016,"",NA,NA,NA,"3681_13","control","alive",1,"Vegetative",0,NA,"1",0,0,1,0,NA,NA
2024,13,3681,19,"D","1",NA,9.5,0,NA,NA,"plant behind tag",NA,NA,NA,"3681_13","control","alive",1,"Vegetative",0,NA,"0",NA,NA,0,0,NA,NA
2025,13,3681,19,"D","0",NA,NA,NA,NA,NA,"NP, one small 1 leaf nearby",NA,NA,NA,"3681_13","control","dead",0,"Dead",NA,NA,NA,NA,NA,NA,0,NA,NA
2021,14,3682,10,"D","3",NA,21,0,NA,2021,"",NA,NA,NA,"3682_14","drought","alive",1,"Vegetative",0,NA,"5",3,1,1,NA,NA,NA
2022,14,3682,10,"D","5",42,20,3,"10.5",2021,"",NA,NA,NA,"3682_14","drought","alive",1,"Flowering",1,NA,"3",2,1,1,0,158,1
2023,14,3682,10,"D","3",49.5,20,2,"12",2021,"",NA,NA,NA,"3682_14","drought","alive",1,"Flowering",1,NA,"1",0,0,1,1,NA,NA
2024,14,3682,10,"D","1",NA,24,0,NA,NA,"",NA,NA,NA,"3682_14","drought","alive",1,"Vegetative",0,NA,"2",1,1,1,1,NA,NA
2025,14,3682,10,"D","2",28,8,1,"4.5",NA,"",NA,NA,NA,"3682_14","drought","alive",1,"Flowering",1,NA,"2",0,0,1,0,16,1
2026,14,3682,10,"D","2",NA,14,0,NA,NA,"",NA,NA,NA,"3682_14","drought","alive",1,"Vegetative",0,NA,NA,NA,NA,NA,1,NA,NA
2016,4,3683,7,"I","15",32.4,8.3,0,NA,2016,"Umbel missing?",NA,NA,NA,"3683_4","irrigated","alive",1,"Vegetative",0,NA,NA,NA,NA,NA,NA,NA,NA
2019,9,3683,17,"H","1",NA,14.5,0,NA,2019,"",NA,NA,NA,"3683_9","irrigated","alive",1,"Vegetative",0,NA,"1",0,0,1,NA,NA,NA
2020,9,3683,17,"H","1",NA,18.4,0,NA,2019,"",NA,NA,NA,"3683_9","irrigated","alive",1,"Vegetative",0,NA,NA,NA,NA,NA,0,NA,NA
2017,5,3684,7,"E","3",21,7.5,2,"2.5",2017,"",NA,NA,NA,"3684_5","drought","alive",1,"Flowering",1,NA,"1",0,0,1,NA,NA,NA
2018,5,3684,7,"E","1",9,9,0,NA,2017,"",NA,NA,NA,"3684_5","drought","alive",1,"Vegetative",0,NA,"0",NA,NA,1,1,NA,NA
2019,5,3684,7,"E","0",NA,NA,NA,NA,2017,"no plant",NA,NA,NA,"3684_5","drought","dormant",1,"Dormant",NA,NA,"1",0,0,1,0,NA,NA
2020,5,3684,7,"E","1",NA,13.4,0,NA,2017,"",NA,NA,NA,"3684_5","drought","alive",1,"Vegetative",0,NA,"2",0,0,1,NA,NA,NA
2021,5,3684,7,"E","2",NA,17,0,NA,2017,"",NA,NA,NA,"3684_5","drought","alive",1,"Vegetative",0,NA,"2",0,0,1,0,NA,NA
2022,5,3684,7,"E","2",NA,18,0,NA,2017,"",NA,NA,NA,"3684_5","drought","alive",1,"Vegetative",0,NA,"1",0,0,1,0,NA,NA
2023,5,3684,7,"E","1",NA,13,0,NA,2017,"",NA,NA,NA,"3684_5","drought","alive",1,"Vegetative",0,NA,"1",0,0,1,0,NA,NA
2024,5,3684,7,"E","1",NA,9.5,0,NA,NA,"",NA,NA,NA,"3684_5","drought","alive",1,"Vegetative",0,NA,"1",0,0,1,0,NA,NA
2025,5,3684,7,"E","1",NA,9,0,NA,NA,"",NA,NA,NA,"3684_5","drought","alive",1,"Vegetative",0,NA,"0",NA,NA,NA,0,NA,NA
2026,5,3684,7,"E","0",NA,NA,NA,NA,NA,"NP",NA,NA,NA,"3684_5","drought",NA,NA,NA,NA,NA,NA,NA,NA,NA,0,NA,NA
2017,5,3685,18,"B","5",25,18.5,3,"4",2016,"",NA,NA,NA,"3685_5","drought","alive",1,"Flowering",1,NA,"5",4,1,1,NA,NA,NA
2018,5,3685,18,"B","5",11,11.5,4,"3.2",2016,"",NA,NA,NA,"3685_5","drought","alive",1,"Flowering",1,NA,"1",0,0,1,1,NA,NA
2019,5,3685,18,"B","1",NA,8,0,NA,2016,"",NA,NA,NA,"3685_5","drought","alive",1,"Vegetative",0,NA,NA,NA,NA,1,1,NA,NA
2020,5,3685,18,"B",NA,NA,NA,NA,NA,2016,"NS",NA,NA,NA,"3685_5","drought",NA,1,NA,NA,NA,"4",0,0,1,0,NA,NA
2021,5,3685,18,"B","4",NA,17,0,NA,2016,"",NA,NA,NA,"3685_5","drought","alive",1,"Vegetative",0,NA,"5",3,1,1,NA,NA,NA
2022,5,3685,18,"B","5",30,19,3,"14.5",2016,"",NA,NA,NA,"3685_5","drought","alive",1,"Flowering",1,NA,"7",4,1,1,0,142,1
2023,5,3685,18,"B","7",45,18,4,"18",2016,"",NA,NA,NA,"3685_5","drought","alive",1,"Flowering",1,NA,"5",2,1,1,1,NA,NA
2024,5,3685,18,"B","5",32.5,13.5,2,"6",NA,"",NA,NA,NA,"3685_5","drought","alive",1,"Flowering",1,NA,"7",4,1,1,1,42,1
2025,5,3685,18,"B","7",21,18,4,"10.5",NA,"",NA,NA,NA,"3685_5","drought","alive",1,"Flowering",1,NA,"6",4,1,1,1,NA,NA
2026,5,3685,18,"B","6",25,15,4,"10.5",NA,"",NA,NA,NA,"3685_5","drought","alive",1,"Flowering",1,NA,NA,NA,NA,NA,1,58,1
2017,15,3686,16,"H","4",39,20,1,"3.5",2016,"",NA,NA,NA,"3686_15","drought","alive",1,"Flowering",1,NA,"9",3,1,1,NA,NA,NA
2018,15,3686,16,"H","9",22,17.5,3,"3.2",2016,"",NA,NA,NA,"3686_15","drought","alive",1,"Flowering",1,NA,"3",1,1,1,1,NA,NA
2019,15,3686,16,"H","3",21.5,16,1,"2.5",2016,"",NA,NA,NA,"3686_15","drought","alive",1,"Flowering",1,NA,"0",NA,NA,1,1,NA,NA
2020,15,3686,16,"H","0",NA,NA,NA,NA,2016,"no plant",NA,NA,NA,"3686_15","drought","dormant",1,"Dormant",NA,NA,"4",2,1,1,1,NA,NA
2021,15,3686,16,"H","4",21,16,2,"5.5",2016,"",NA,NA,NA,"3686_15","drought","alive",1,"Flowering",1,NA,"5",0,0,1,NA,46,1
2022,15,3686,16,"H","5",NA,27,0,NA,2016,"",NA,NA,NA,"3686_15","drought","alive",1,"Vegetative",0,NA,"6",4,1,1,1,NA,NA
2023,15,3686,16,"H","6",48,20.5,4,"21.5",2016,"",NA,NA,NA,"3686_15","drought","alive",1,"Flowering",1,NA,"4",1,1,1,0,184,1
2024,15,3686,16,"H","4",32,22.5,1,"6",NA,"",NA,NA,NA,"3686_15","drought","alive",1,"Flowering",1,NA,NA,NA,NA,0,1,10,1
2025,15,3686,16,"H",NA,NA,NA,NA,NA,NA,"NPNT",NA,NA,NA,"3686_15","drought","dead",0,"Dead",NA,NA,NA,NA,NA,NA,1,NA,NA
2020,1,3687,5,"I","1",NA,10.1,0,NA,2020,"",NA,NA,NA,"3687_1","irrigated","alive",1,"Vegetative",0,NA,"2",0,0,1,NA,NA,NA
2021,1,3687,5,"I","2",NA,18,0,NA,2020,"",NA,NA,NA,"3687_1","irrigated","alive",1,"Vegetative",0,NA,"1",0,0,1,0,NA,NA
2022,1,3687,5,"I","1",NA,14,0,NA,2020,"",NA,NA,NA,"3687_1","irrigated","alive",1,"Vegetative",0,NA,"2",1,1,1,0,NA,NA
2023,1,3687,5,"I","2",13,14,1,"1",2020,"",NA,NA,NA,"3687_1","irrigated","alive",1,"Flowering",1,NA,"2",1,1,1,0,0,0
2024,1,3687,5,"I","2",14,13,1,NA,2020,"",NA,NA,NA,"3687_1","irrigated","alive",1,"Flowering",1,NA,"1",0,0,1,1,NA,NA
2025,1,3687,5,"I","1",NA,18,0,NA,2020,"",NA,NA,NA,"3687_1","irrigated","alive",1,"Vegetative",0,NA,"0",NA,NA,NA,1,NA,NA
2026,1,3687,5,"I","0",NA,NA,NA,NA,2020,"NP",NA,NA,NA,"3687_1","irrigated",NA,NA,NA,NA,NA,NA,NA,NA,NA,0,NA,NA
2016,1,3687,5,"I","3",19,12,0,NA,2016,"",NA,NA,NA,"3687_1_senior","irrigated","alive",1,"Vegetative",0,NA,"0",NA,NA,0,NA,NA,NA
2017,1,3687,5,"I","0",NA,NA,NA,NA,2016,"No plant/dead?",NA,NA,NA,"3687_1_senior","irrigated","dead",0,"Dead",NA,NA,NA,NA,NA,NA,0,NA,NA
2016,7,3688,7,"H","9",35,5.5,0,NA,2016,"",NA,NA,NA,"3688_7","drought","alive",1,"Vegetative",0,NA,"4",2,1,1,NA,NA,NA
2017,7,3688,7,"H","4",31,18,2,"4.5",2016,"",NA,NA,NA,"3688_7","drought","alive",1,"Flowering",1,NA,"5",2,1,1,0,NA,NA
2018,7,3688,7,"H","5",23.5,10.5,2,"5.7",2016,"",NA,NA,NA,"3688_7","drought","alive",1,"Flowering",1,NA,"3",2,1,1,1,NA,NA
2019,7,3688,7,"H","3",17,12.5,2,"1.5",2016,"",NA,NA,NA,"3688_7","drought","alive",1,"Flowering",1,NA,"2",1,1,1,1,NA,NA
2020,7,3688,7,"H","2",21.5,13.5,1,"1.7",2016,"",NA,NA,NA,"3688_7","drought","alive",1,"Flowering",1,NA,"1",0,0,1,1,NA,NA
2021,7,3688,7,"H","1",NA,15,0,NA,2016,"",NA,NA,NA,"3688_7","drought","alive",1,"Vegetative",0,NA,"2",2,1,1,1,NA,NA
2022,7,3688,7,"H","2",38.5,13.5,2,"6",2016,"",NA,NA,NA,"3688_7","drought","alive",1,"Flowering",1,NA,"0",1,1,1,0,0,0
2023,7,3688,7,"H","0",NA,NA,1,NA,2016,"gone girl! Had a flower last week but is gone now",NA,NA,NA,"3688_7","drought","alive",1,"Flowering",1,NA,"0",NA,NA,0,1,NA,NA
2024,7,3688,7,"H","0",NA,NA,NA,NA,NA,"NP",NA,NA,NA,"3688_7","drought","dead",0,"Dead",NA,NA,NA,NA,NA,NA,1,NA,NA
2016,14,3689,4,"B","4",39.5,10.7,1,"3.5",2016,"",NA,NA,NA,"3689_14","drought","alive",1,"Flowering",1,NA,"3",0,0,1,NA,NA,NA
2017,14,3689,4,"B","3",8,8,0,NA,2016,"",NA,NA,NA,"3689_14","drought","alive",1,"Vegetative",0,NA,"1",0,0,1,1,NA,NA
2018,14,3689,4,"B","1",9,9,0,NA,2016,"",NA,NA,NA,"3689_14","drought","alive",1,"Vegetative",0,NA,"1",0,0,1,0,NA,NA
2019,14,3689,4,"B","1",NA,9.5,0,NA,2016,"",NA,NA,NA,"3689_14","drought","alive",1,"Vegetative",0,NA,"2",0,0,1,0,NA,NA
2020,14,3689,4,"B","2",NA,6.6,0,NA,2016,"",NA,NA,NA,"3689_14","drought","alive",1,"Vegetative",0,NA,"1",0,0,1,0,NA,NA
2021,14,3689,4,"B","1",NA,14,0,NA,2016,"",NA,NA,NA,"3689_14","drought","alive",1,"Vegetative",0,NA,"0",NA,NA,1,0,NA,NA
2022,14,3689,4,"B","0",NA,NA,NA,NA,2016,"NP",NA,NA,NA,"3689_14","drought","dormant",1,"Dormant",NA,NA,"2",1,1,1,0,NA,NA
2023,14,3689,4,"B","2",28,10,1,"2.5",2016,"",NA,NA,NA,"3689_14","drought","alive",1,"Flowering",1,NA,"1",0,0,1,NA,0,0
2024,14,3689,4,"B","1",NA,18.5,0,NA,NA,"",NA,NA,NA,"3689_14","drought","alive",1,"Vegetative",0,NA,"1",0,0,1,1,NA,NA
2025,14,3689,4,"B","1",NA,14,0,NA,NA,"",NA,NA,NA,"3689_14","drought","alive",1,"Vegetative",0,NA,"2",0,0,1,0,NA,NA
2026,14,3689,4,"B","2",NA,14,0,NA,NA,"",NA,NA,NA,"3689_14","drought","alive",1,"Vegetative",0,NA,NA,NA,NA,NA,0,NA,NA
2021,9,3690,12,"R","1",NA,14,0,NA,2021,"",NA,NA,NA,"3690_9","irrigated","alive",1,"Vegetative",0,NA,"0",NA,NA,1,NA,NA,NA
2022,9,3690,12,"R","0",NA,NA,NA,NA,2021,"NP",NA,NA,NA,"3690_9","irrigated","dormant",1,"Dormant",NA,NA,"1",0,0,1,0,NA,NA
2023,9,3690,12,"R","1",NA,12,0,NA,2021,"12H (div)",NA,NA,NA,"3690_9","irrigated","alive",1,"Vegetative",0,NA,"2",0,0,1,NA,NA,NA
2024,9,3690,12,"R","2",NA,15.5,0,NA,NA,"12H (div)",NA,NA,NA,"3690_9","irrigated","alive",1,"Vegetative",0,NA,"1",0,0,1,0,NA,NA
2025,9,3690,12,"R","1",NA,16,0,NA,NA,"12H (div)",NA,NA,NA,"3690_9","irrigated","alive",1,"Vegetative",0,NA,"1",0,0,1,0,NA,NA
2026,9,3690,12,"R","1",NA,12.5,0,NA,NA,"12H (div)",NA,NA,NA,"3690_9","irrigated","alive",1,"Vegetative",0,NA,NA,NA,NA,NA,0,NA,NA
2017,4,3691,2,"H","2",5.5,9.5,0,NA,2017,"",NA,NA,NA,"3691_4","irrigated","alive",1,"Vegetative",0,NA,"0",NA,NA,0,NA,NA,NA
2018,4,3691,2,"H","0",NA,NA,NA,NA,2017,"no plant",NA,NA,NA,"3691_4","irrigated","dead",0,"Dead",NA,NA,NA,NA,NA,NA,0,NA,NA
2016,1,3692,7,"E","19",34.5,10.4,1,"5.5",2016,"",NA,NA,NA,"3692_1","irrigated","alive",1,"Flowering",1,NA,"0",NA,NA,1,NA,NA,NA
2017,1,3692,7,"E","0",NA,NA,NA,NA,2016,"No plant/dead?",NA,NA,NA,"3692_1","irrigated","dormant",1,"Dormant",NA,NA,"2",0,0,1,1,NA,NA
2018,1,3692,7,"E","2",6.5,6.5,0,NA,2016,"",NA,NA,NA,"3692_1","irrigated","alive",1,"Vegetative",0,NA,"1",0,0,1,NA,NA,NA
2019,1,3692,7,"E","1",NA,8.5,0,NA,2016,"",NA,NA,NA,"3692_1","irrigated","alive",1,"Vegetative",0,NA,"0",NA,NA,1,0,NA,NA
2020,1,3692,7,"E","0",NA,NA,NA,NA,2016,"no plant",NA,NA,NA,"3692_1","irrigated","dormant",1,"Dormant",NA,NA,"1",0,0,1,0,NA,NA
2021,1,3692,7,"E","1",NA,8,0,NA,2016,"",NA,NA,NA,"3692_1","irrigated","alive",1,"Vegetative",0,NA,"1",0,0,1,NA,NA,NA
2022,1,3692,7,"E","1",NA,16,0,NA,2016,"",NA,NA,NA,"3692_1","irrigated","alive",1,"Vegetative",0,NA,"2",1,1,1,0,NA,NA
2023,1,3692,7,"E","2",24,9.5,1,"5",2016,"",NA,NA,NA,"3692_1","irrigated","alive",1,"Flowering",1,NA,"1",1,1,1,0,0,0
2024,1,3692,7,"E","1",19,13,1,"3.5",NA,"",NA,NA,NA,"3692_1","irrigated","alive",1,"Flowering",1,NA,"3",1,1,1,1,0,0
2025,1,3692,7,"E","3",31,19,1,"3",NA,"",NA,NA,1,"3692_1","irrigated","alive",1,"Flowering",1,NA,"0",NA,NA,NA,1,22,1
2026,1,3692,7,"E","0",NA,NA,NA,NA,NA,"NP",NA,NA,NA,"3692_1","irrigated",NA,NA,NA,NA,NA,NA,NA,NA,NA,1,NA,NA
2016,15,3693,17,"G","10",39,17,3,"5",2016,"",NA,NA,NA,"3693_15","drought","alive",1,"Flowering",1,NA,"10",4,1,1,NA,NA,NA
2017,15,3693,17,"G","10",38,22,4,"5",2016,"",NA,NA,NA,"3693_15","drought","alive",1,"Flowering",1,NA,"0",NA,NA,0,1,NA,NA
2018,15,3693,17,"G","0",NA,NA,NA,NA,2016,"no plant",NA,NA,NA,"3693_15","drought","dead",0,"Dead",NA,NA,NA,NA,NA,NA,1,NA,NA
2018,13,3694,9,"A","1",7,7,0,NA,2018,"",NA,NA,NA,"3694_13","control","alive",1,"Vegetative",0,NA,"2",2,1,1,NA,NA,NA
2019,13,3694,9,"A","2",16,6,2,"2.5",2018,"",NA,NA,NA,"3694_13","control","alive",1,"Flowering",1,NA,"1",0,0,1,0,NA,NA
2020,13,3694,9,"A","1",NA,7.6,0,NA,2018,"",NA,NA,NA,"3694_13","control","alive",1,"Vegetative",0,NA,"4",0,0,1,1,NA,NA
2021,13,3694,9,"A","4",NA,14,0,NA,2018,"",NA,NA,NA,"3694_13","control","alive",1,"Vegetative",0,NA,"0",NA,NA,1,0,NA,NA
2022,13,3694,9,"A","0",NA,NA,NA,NA,2018,"NP",NA,NA,NA,"3694_13","control","dormant",1,"Dormant",NA,NA,"3",2,1,1,0,NA,NA
2023,13,3694,9,"A","3",3,11,2,"7",2018,"",NA,NA,NA,"3694_13","control","alive",1,"Flowering",1,NA,NA,NA,NA,NA,NA,86,1
2024,13,3694,9,"A",NA,NA,NA,NA,NA,NA,"NPNT",NA,NA,NA,"3694_13","control",NA,NA,NA,NA,NA,NA,NA,NA,1,1,NA,NA
2025,13,3694,9,"A",NA,NA,NA,NA,NA,NA,"NT plants around",NA,NA,NA,"3694_13","control",NA,1,NA,NA,NA,"2",1,1,1,NA,NA,NA
2026,13,3694,9,"A","2",23,15,1,"3",NA,"",NA,NA,NA,"3694_13","control","alive",1,"Flowering",1,NA,NA,NA,NA,NA,NA,0,0
2016,7,3696,13,"D","7",45,6.5,1,"3.2",2016,"Diversity plot",NA,NA,NA,"3696_7","drought","alive",1,"Flowering",1,NA,NA,NA,NA,NA,NA,NA,NA
2017,7,3696,13,"D",NA,NA,NA,NA,NA,2016,"NP/NT",NA,NA,NA,"3696_7","drought",NA,NA,NA,NA,NA,NA,NA,NA,0,1,NA,NA
2018,7,3696,13,"D",NA,NA,NA,NA,NA,2016,"no plant no tag",NA,NA,NA,"3696_7","drought","dead",0,"Dead",NA,NA,NA,NA,NA,NA,NA,NA,NA
2021,5,3697,16,"G","2",7,15,1,"2.5",2021,"",NA,NA,NA,"3697_5","drought","alive",1,"Flowering",1,NA,"3",2,1,1,NA,0,0
2022,5,3697,16,"G","3",23,20,2,"3.5",2021,"one of the umbel is dead",NA,NA,NA,"3697_5","drought","alive",1,"Flowering",1,NA,"6",3,1,1,1,0,0
2023,5,3697,16,"G","6",29,12,3,"7",2021,"1 umbel dead",NA,NA,NA,"3697_5","drought","alive",1,"Flowering",1,NA,"4",2,1,1,1,NA,NA
2024,5,3697,16,"G","4",24.5,14.5,2,"5",2021,"",NA,NA,NA,"3697_5","drought","alive",1,"Flowering",1,NA,"5",3,1,1,1,0,0
2025,5,3697,16,"G","5",12,15,3,"2.5",2021,"",NA,NA,NA,"3697_5","drought","alive",1,"Flowering",1,NA,"5",1,1,1,1,0,0
2026,5,3697,16,"G","5",11.5,14,1,NA,2021,"",NA,NA,NA,"3697_5","drought","alive",1,"Flowering",1,NA,NA,NA,NA,NA,1,0,0
2017,5,3697,16,"G","3",19,11.5,1,"3.5",2017,"",NA,NA,NA,"3697_5_senior","drought","alive",1,"Flowering",1,NA,"3",1,1,1,NA,NA,NA
2018,5,3697,16,"G","3",9,11.5,1,"2",2017,"",NA,NA,NA,"3697_5_senior","drought","alive",1,"Flowering",1,NA,"0",NA,NA,0,1,NA,NA
2019,5,3697,16,"G","0",NA,NA,NA,NA,2017,"no plant",NA,NA,NA,"3697_5_senior","drought","dead",0,"Dead",NA,NA,NA,NA,NA,NA,1,NA,NA
2023,1,3698,5,"J","1",NA,17.5,0,NA,2017,"",NA,NA,NA,"3698_1","irrigated","alive",1,"Vegetative",0,NA,NA,NA,NA,0,NA,NA,NA
2024,1,3698,5,"J",NA,NA,NA,NA,NA,NA,"NPNT",NA,NA,NA,"3698_1","irrigated","dead",0,"Dead",NA,NA,NA,NA,NA,NA,0,NA,NA
2017,2,3698,5,"J","4",16,7.1,2,"3.5",2017,"",NA,NA,NA,"3698_2","control","alive",1,"Flowering",1,NA,"6",3,1,1,NA,NA,NA
2018,2,3698,5,"J","6",11,9.5,3,"3",2017,"",NA,NA,NA,"3698_2","control","alive",1,"Flowering",1,NA,"2",1,1,1,1,NA,NA
2019,2,3698,5,"J","2",9,9.5,1,"2",2017,"",NA,NA,NA,"3698_2","control","alive",1,"Flowering",1,NA,"3",0,0,1,1,NA,NA
2020,2,3698,5,"J","3",NA,11.6,0,NA,2017,"pulled out",NA,NA,NA,"3698_2","control","alive",1,"Vegetative",0,NA,"4",0,0,1,1,NA,NA
2021,2,3698,5,"J","4",NA,13,0,NA,2017,"",NA,NA,NA,"3698_2","control","alive",1,"Vegetative",0,NA,"0",NA,NA,0,0,NA,NA
2022,2,3698,5,"J","0",NA,NA,NA,NA,2017,"NP",NA,NA,NA,"3698_2","control","dead",0,"Dead",NA,NA,NA,NA,NA,NA,0,NA,NA
2016,14,3699,0,"E","4",15,5,0,NA,2016,"",NA,NA,NA,"3699_14","drought","alive",1,"Vegetative",0,NA,"3",0,0,1,NA,NA,NA
2017,14,3699,0,"E","3",13,13,0,NA,2016,"",NA,NA,NA,"3699_14","drought","alive",1,"Vegetative",0,NA,"2",0,0,1,0,NA,NA
2018,14,3699,0,"E","2",18.5,18.5,0,NA,2016,"",NA,NA,NA,"3699_14","drought","alive",1,"Vegetative",0,NA,NA,NA,NA,1,0,NA,NA
2019,14,3699,NA,NA,NA,NA,NA,NA,NA,NA,NA,NA,NA,NA,"3699_14","drought",NA,1,NA,NA,"record missed in data entry; was NA; surv imputed",NA,NA,NA,1,0,NA,NA
2020,14,3699,NA,NA,NA,NA,NA,NA,NA,NA,NA,NA,NA,NA,"3699_14","drought",NA,1,NA,NA,"record missed due to prior data entry mishap; surv imputed","2",0,0,1,NA,NA,NA
2021,14,3699,0,"E","2",NA,21,0,NA,2021,"",NA,NA,NA,"3699_14","drought","alive",1,"Vegetative",0,NA,"3",2,1,1,NA,NA,NA
2022,14,3699,0,"E","3",60,20,2,"13.5",2021,"",NA,NA,NA,"3699_14","drought","alive",1,"Flowering",1,NA,"3",2,1,1,0,194,1
2023,14,3699,0,"E","3",58,21,2,"17",2021,"",NA,NA,NA,"3699_14","drought","alive",1,"Flowering",1,NA,"2",2,1,1,1,238,1
2024,14,3699,0,"E","2",43,13,2,"11",NA,"",NA,NA,NA,"3699_14","drought","alive",1,"Flowering",1,NA,"2",0,0,1,1,82,1
2025,14,3699,0,"E","2",NA,33.5,0,NA,NA,"",NA,NA,NA,"3699_14","drought","alive",1,"Vegetative",0,NA,NA,NA,NA,NA,1,NA,NA
2026,14,3699,0,"E",NA,NA,NA,NA,NA,NA,"NPNT",NA,NA,NA,"3699_14","drought",NA,NA,NA,NA,NA,NA,NA,NA,NA,0,NA,NA
2016,13,3700,15,"D","3",12.5,2.4,1,"1.4",2016,"",NA,NA,NA,"3700_13","control","alive",1,"Flowering",1,NA,"3",3,1,1,NA,NA,NA
2017,13,3700,15,"D","3",19.5,11.5,3,"2",2016,"",NA,NA,NA,"3700_13","control","alive",1,"Flowering",1,NA,"2",1,1,1,1,NA,NA
2018,13,3700,15,"D","2",16,12,1,"2.6",2016,"",NA,NA,NA,"3700_13","control","alive",1,"Flowering",1,NA,"5",3,1,1,1,NA,NA
2019,13,3700,15,"D","5",23,13.5,3,"3",2016,"",NA,NA,NA,"3700_13","control","alive",1,"Flowering",1,NA,"1",0,0,1,1,NA,NA
2020,13,3700,15,"D","1",NA,15.6,0,NA,2016,"",NA,NA,NA,"3700_13","control","alive",1,"Vegetative",0,NA,"0",NA,NA,0,1,NA,NA
2021,13,3700,15,"D","0",NA,NA,NA,NA,2016,"NP",NA,NA,NA,"3700_13","control","dead",0,"Dead",NA,NA,NA,NA,NA,NA,0,NA,NA
2016,13,3701,19,"E","3",15.5,6.5,0,NA,2016,"",NA,NA,NA,"3701_13","control","alive",1,"Vegetative",0,NA,"4",1,1,1,NA,NA,NA
2017,13,3701,19,"E","4",11,10.5,1,"2.5",2016,"",NA,NA,NA,"3701_13","control","alive",1,"Flowering",1,NA,"3",0,0,1,0,NA,NA
2018,13,3701,19,"E","3",9,9,0,NA,2016,"18B",NA,NA,NA,"3701_13","control","alive",1,"Vegetative",0,NA,"2",1,1,1,1,NA,NA
2019,13,3701,19,"E","2",10,9,1,"2.5",2016,"",NA,NA,NA,"3701_13","control","alive",1,"Flowering",1,NA,NA,NA,NA,1,0,NA,NA
2020,13,3701,19,"E",NA,NA,NA,NA,NA,2016,"NS",NA,NA,NA,"3701_13","control",NA,1,NA,NA,NA,"4",0,0,1,1,NA,NA
2021,13,3701,19,"E","4",NA,11,0,NA,2016,"",NA,NA,NA,"3701_13","control","alive",1,"Vegetative",0,NA,"2",1,1,1,NA,NA,NA
2022,13,3701,19,"E","2",30,16.5,1,"4",2016,"",NA,NA,NA,"3701_13","control","alive",1,"Flowering",1,NA,"0",NA,NA,0,0,42,1
2023,13,3701,19,"E","0",NA,NA,NA,NA,2016,"NP",NA,NA,NA,"3701_13","control","dead",0,"Dead",NA,NA,NA,NA,NA,NA,1,NA,NA
2017,2,3703,7,"C","1",5.4,5.4,0,NA,2016,"new tag (old tag = 3844)",NA,NA,NA,"3703_2","control","alive",1,"Vegetative",0,NA,"1",0,0,1,NA,NA,NA
2018,2,3703,7,"C","1",5.5,5.5,0,NA,2016,"",NA,NA,NA,"3703_2","control","alive",1,"Vegetative",0,NA,"1",0,0,1,0,NA,NA
2019,2,3703,7,"C","1",NA,14.5,0,NA,2016,"",NA,NA,NA,"3703_2","control","alive",1,"Vegetative",0,NA,"1",0,0,1,0,NA,NA
2020,2,3703,7,"C","1",NA,13,0,NA,2016,"",NA,NA,NA,"3703_2","control","alive",1,"Vegetative",0,NA,"3",1,1,1,0,NA,NA
2021,2,3703,7,"C","3",25,13,1,"2",2016,"",NA,NA,NA,"3703_2","control","alive",1,"Flowering",1,NA,"2",2,1,1,0,0,0
2022,2,3703,7,"C","2",33,11.5,2,"2",2016,"2 umbels, 1 dead ",NA,NA,NA,"3703_2","control","alive",1,"Flowering",1,NA,"2",1,1,1,1,46,1
2023,2,3703,7,"C","2",27.5,14,1,"2",2016,"",NA,NA,NA,"3703_2","control","alive",1,"Flowering",1,NA,"1",0,0,1,1,6,1
2024,2,3703,7,"C","1",NA,15,0,NA,NA,"",NA,NA,NA,"3703_2","control","alive",1,"Vegetative",0,NA,"0",NA,NA,0,1,NA,NA
2025,2,3703,7,"C","0",NA,NA,NA,NA,NA,"NP",NA,NA,NA,"3703_2","control","dead",0,"Dead",NA,NA,NA,NA,NA,NA,0,NA,NA
2016,13,3705,14,"H","4",26.5,5.2,2,"4.5",2016,"",NA,NA,NA,"3705_13","control","alive",1,"Flowering",1,NA,"3",1,1,1,NA,NA,NA
2017,13,3705,14,"H","3",19,13,1,"3.5",2016,"",NA,NA,NA,"3705_13","control","alive",1,"Flowering",1,NA,"1",0,0,1,1,NA,NA
2018,13,3705,14,"H","1",11,11,0,NA,2016,"",NA,NA,NA,"3705_13","control","alive",1,"Vegetative",0,NA,"5",1,1,1,1,NA,NA
2019,13,3705,14,"H","5",11.5,15,1,"0.75",2016,"",NA,NA,NA,"3705_13","control","alive",1,"Flowering",1,NA,"2",0,0,1,0,NA,NA
2020,13,3705,14,"H","2",NA,15.9,0,NA,2016,"",NA,NA,NA,"3705_13","control","alive",1,"Vegetative",0,NA,"5",0,0,1,1,NA,NA
2021,13,3705,14,"H","5",NA,24,0,NA,2016,"",NA,NA,NA,"3705_13","control","alive",1,"Vegetative",0,NA,"3",1,1,1,0,0,0
2022,13,3705,14,"H","3",25.5,13,1,"2.5",2016,"",NA,NA,NA,"3705_13","control","alive",1,"Flowering",1,NA,"4",3,1,1,0,8,1
2023,13,3705,14,"H","4",34,15,3,"7.5",2016,"",NA,NA,NA,"3705_13","control","alive",1,"Flowering",1,NA,"2",0,0,1,1,NA,NA
2024,13,3705,14,"H","2",NA,15,0,NA,NA,"",NA,NA,NA,"3705_13","control","alive",1,"Vegetative",0,NA,"3",0,0,1,1,NA,NA
2025,13,3705,14,"H","3",NA,22,0,NA,NA,"",NA,NA,NA,"3705_13","control","alive",1,"Vegetative",0,NA,"0",NA,NA,NA,0,NA,NA
2026,13,3705,14,"H","0",NA,NA,NA,NA,NA,"NP",NA,NA,NA,"3705_13","control",NA,NA,NA,NA,NA,NA,NA,NA,NA,0,NA,NA
2017,5,3706,5,"I","5",25.5,13,3,"4",2017,"",NA,NA,NA,"3706_5","drought","alive",1,"Flowering",1,NA,"1",0,0,1,NA,NA,NA
2018,5,3706,5,"I","1",9,6,0,NA,2017,"",NA,NA,NA,"3706_5","drought","alive",1,"Vegetative",0,NA,"2",0,0,1,1,NA,NA
2019,5,3706,5,"I","2",NA,17.5,0,NA,2017,"",NA,NA,NA,"3706_5","drought","alive",1,"Vegetative",0,NA,"1",0,0,1,0,NA,NA
2020,5,3706,5,"I","1",NA,16.5,0,NA,2017,"",NA,NA,NA,"3706_5","drought","alive",1,"Vegetative",0,NA,"1",0,0,1,0,NA,NA
2021,5,3706,5,"I","1",NA,14,0,NA,2017,"",NA,NA,NA,"3706_5","drought","alive",1,"Vegetative",0,NA,"3",0,0,1,0,NA,NA
2022,5,3706,5,"I","3",NA,20,0,NA,2017,"",NA,NA,NA,"3706_5","drought","alive",1,"Vegetative",0,NA,NA,NA,NA,0,0,NA,NA
2023,5,3706,5,"I",NA,NA,NA,NA,NA,2017,"NPNT--definitely no plant!",NA,NA,NA,"3706_5","drought","dead",0,"Dead",NA,NA,NA,NA,NA,NA,0,NA,NA
2017,5,3708,6,"F","6",20.5,12.5,7,"3.5",2017,"",NA,NA,NA,"3708_5","drought","alive",1,"Flowering",1,NA,"2",0,0,1,NA,NA,NA
2018,5,3708,6,"F","2",9.5,9.5,0,NA,2017,"",NA,NA,NA,"3708_5","drought","alive",1,"Vegetative",0,NA,"0",NA,NA,1,1,NA,NA
2019,5,3708,6,"F","0",NA,NA,NA,NA,2017,"no plant",NA,NA,NA,"3708_5","drought","dormant",1,"Dormant",NA,NA,"1",0,0,1,0,NA,NA
2020,5,3708,6,"F","1",NA,7.8,0,NA,2017,"",NA,NA,NA,"3708_5","drought","alive",1,"Vegetative",0,NA,"3",0,0,1,NA,NA,NA
2021,5,3708,6,"F","3",NA,10.5,0,NA,2017,"",NA,NA,NA,"3708_5","drought","alive",1,"Vegetative",0,NA,"0",NA,NA,1,0,NA,NA
2022,5,3708,6,"F","0",NA,NA,NA,NA,2017,"NP",NA,NA,NA,"3708_5","drought","dormant",1,"Dormant",NA,NA,"2",1,1,1,0,NA,NA
2023,5,3708,6,"F","2",19,5,1,NA,2017,"umbel dead",NA,NA,NA,"3708_5","drought","alive",1,"Flowering",1,NA,"0",NA,NA,0,NA,0,0
2024,5,3708,6,"F","0",NA,NA,NA,NA,NA,"NP",NA,NA,NA,"3708_5","drought","dead",0,"Dead",NA,NA,NA,NA,NA,NA,1,NA,NA
2017,13,3709,4,"F","1",5,1.2,1,"0.8",2017,"",NA,NA,NA,"3709_13","control","alive",1,"Flowering",1,NA,NA,NA,NA,0,NA,NA,NA
2018,13,3709,4,"F",NA,NA,NA,NA,NA,2017,"NPNT",NA,NA,NA,"3709_13","control","dead",0,"Dead",NA,NA,NA,NA,NA,NA,1,NA,NA
2021,5,3710,14,"H","1",NA,13,0,NA,2021,"",NA,NA,NA,"3710_5","drought","alive",1,"Vegetative",0,NA,"4",3,1,1,NA,NA,NA
2022,5,3710,14,"H","4",23,9,3,"9",2021,"",NA,NA,NA,"3710_5","drought","alive",1,"Flowering",1,NA,"4",2,1,1,0,106,1
2023,5,3710,14,"H","4",33,10,2,"9",2021,"",NA,NA,NA,"3710_5","drought","alive",1,"Flowering",1,NA,"3",1,1,1,1,NA,NA
2024,5,3710,14,"H","3",14,11.5,1,"2",2021,"",NA,NA,NA,"3710_5","drought","alive",1,"Flowering",1,NA,"1",0,0,1,1,0,0
2025,5,3710,14,"H","1",NA,11.5,0,NA,2021,"",NA,NA,NA,"3710_5","drought","alive",1,"Vegetative",0,NA,"2",1,1,1,1,NA,NA
2026,5,3710,14,"H","2",9,11.5,1,"2",2021,"",NA,NA,NA,"3710_5","drought","alive",1,"Flowering",1,NA,NA,NA,NA,NA,0,0,0
2016,5,3710,14,"H","3",12,4.7,1,"1.5",2016,"",NA,NA,NA,"3710_5_senior","drought","alive",1,"Flowering",1,NA,"2",2,1,1,NA,NA,NA
2017,5,3710,14,"H","2",13,6,2,"1.5",2016,"",NA,NA,NA,"3710_5_senior","drought","alive",1,"Flowering",1,NA,"0",NA,NA,0,1,NA,NA
2018,5,3710,14,"H","0",NA,NA,NA,NA,2016,"no plant",NA,NA,NA,"3710_5_senior","drought","dead",0,"Dead",NA,NA,NA,NA,NA,NA,1,NA,NA
2021,14,3711,2,"G","2",NA,11.5,0,NA,2021,"",NA,NA,NA,"3711_14","drought","alive",1,"Vegetative",0,NA,"2",1,1,1,NA,NA,NA
2022,14,3711,2,"G","2",35,12,1,"3",2021,"",NA,NA,NA,"3711_14","drought","alive",1,"Flowering",1,NA,"3",1,1,1,0,44,1
2023,14,3711,2,"G","3",52,27.5,1,"5",2021,"",NA,NA,NA,"3711_14","drought","alive",1,"Flowering",1,NA,"1",0,0,1,1,130,1
2024,14,3711,2,"G","1",NA,18,0,NA,NA,"moss",NA,NA,NA,"3711_14","drought","alive",1,"Vegetative",0,NA,"1",0,0,1,1,NA,NA
2025,14,3711,2,"G","1",NA,19,0,NA,NA,"",NA,NA,NA,"3711_14","drought","alive",1,"Vegetative",0,NA,"0",NA,NA,NA,0,NA,NA
2026,14,3711,2,"G","0",NA,NA,NA,NA,NA,"NP",NA,NA,NA,"3711_14","drought",NA,NA,NA,NA,NA,NA,NA,NA,NA,0,NA,NA
2019,14,3712,19,"E","1",NA,12,0,NA,2019,"",NA,NA,NA,"3712_14","drought","alive",1,"Vegetative",0,NA,NA,NA,NA,1,NA,NA,NA
2020,14,3712,19,"E",NA,NA,NA,NA,NA,2019,"NS",NA,NA,NA,"3712_14","drought",NA,1,NA,NA,NA,"1",0,0,1,0,NA,NA
2021,14,3712,19,"E","1",NA,11,0,NA,2019,"",NA,NA,NA,"3712_14","drought","alive",1,"Vegetative",0,NA,"0",NA,NA,0,NA,NA,NA
2022,14,3712,19,"E","0",NA,NA,NA,NA,2019,"NP, on edge of plot",NA,NA,NA,"3712_14","drought","dead",0,"Dead",NA,NA,NA,NA,NA,NA,0,NA,NA
2016,5,3713,19,"F","7",18,6.6,1,"2.1",2016,"",NA,NA,NA,"3713_5","drought","alive",1,"Flowering",1,NA,"3",2,1,1,NA,NA,NA
2017,5,3713,19,"F","3",14.5,10,2,"2.5",2016,"",NA,NA,NA,"3713_5","drought","alive",1,"Flowering",1,NA,"1",0,0,1,1,NA,NA
2018,5,3713,19,"F","1",11,11,0,NA,2016,"",NA,NA,NA,"3713_5","drought","alive",1,"Vegetative",0,NA,"1",0,0,1,1,NA,NA
2019,5,3713,19,"F","1",NA,11,0,NA,2016,"",NA,NA,NA,"3713_5","drought","alive",1,"Vegetative",0,NA,NA,NA,NA,1,0,NA,NA
2020,5,3713,19,"F",NA,NA,NA,NA,NA,2016,"NS",NA,NA,NA,"3713_5","drought",NA,1,NA,NA,NA,"2",0,0,1,0,NA,NA
2021,5,3713,19,"F","2",NA,10.5,0,NA,2016,"",NA,NA,NA,"3713_5","drought","alive",1,"Vegetative",0,NA,"1",0,0,1,NA,NA,NA
2022,5,3713,19,"F","1",NA,15,0,NA,2016,"",NA,NA,NA,"3713_5","drought","alive",1,"Vegetative",0,NA,"2",1,1,1,0,NA,NA
2023,5,3713,19,"F","2",24,15,1,"3",2016,"umbel munched off",NA,NA,NA,"3713_5","drought","alive",1,"Flowering",1,NA,"1",0,0,1,0,NA,NA
2024,5,3713,19,"F","1",NA,20.5,0,NA,NA,"",NA,NA,NA,"3713_5","drought","alive",1,"Vegetative",0,NA,"2",1,1,1,1,NA,NA
2025,5,3713,19,"F","2",15,14,1,"2",NA,"",NA,1,NA,"3713_5","drought","alive",1,"Flowering",1,NA,"3",2,1,1,0,NA,NA
2026,5,3713,19,"F","3",20,15,2,"3",NA,"",NA,NA,NA,"3713_5","drought","alive",1,"Flowering",1,NA,NA,NA,NA,NA,1,0,0
2022,5,3714,7,"G","2",NA,19,0,NA,2022,"",NA,NA,NA,"3714_5","drought","alive",1,"Vegetative",0,NA,"4",2,1,1,NA,NA,NA
2023,5,3714,7,"G","4",33,12,2,"10.5",2022,"",NA,NA,NA,"3714_5","drought","alive",1,"Flowering",1,NA,"6",3,1,1,0,40,1
2024,5,3714,7,"G","6",30,11,3,"7.5",2022,"this umbel bud not measured",NA,NA,NA,"3714_5","drought","alive",1,"Flowering",1,NA,"2",1,1,1,1,62,1
2025,5,3714,7,"G","2",20,13,1,"2",2022,"",NA,NA,NA,"3714_5","drought","alive",1,"Flowering",1,NA,"0",NA,NA,NA,1,NA,NA
2026,5,3714,7,"G","0",NA,NA,NA,NA,2022,"NP closer to H/I",NA,NA,NA,"3714_5","drought",NA,NA,NA,NA,NA,NA,NA,NA,NA,1,NA,NA
2017,5,3714,7,"G","1",9.5,9.5,0,NA,2017,"",NA,NA,NA,"3714_5_senior","drought","alive",1,"Vegetative",0,NA,"1",0,0,1,NA,NA,NA
2018,5,3714,7,"G","1",13.5,13.5,0,NA,2017,"",NA,NA,NA,"3714_5_senior","drought","alive",1,"Vegetative",0,NA,NA,NA,NA,0,0,NA,NA
2019,5,3714,7,"G",NA,NA,NA,NA,NA,2017,"NPNT",NA,NA,NA,"3714_5_senior","drought","dead",0,"Dead",NA,NA,NA,NA,NA,NA,0,NA,NA
2021,14,3722,19,"H","1",NA,11.5,0,NA,2021,"",NA,NA,NA,"3722_14","drought","alive",1,"Vegetative",0,NA,"0",NA,NA,0,NA,NA,NA
2022,14,3722,19,"H","0",NA,NA,NA,NA,2021,"NP, dactylis clump",NA,NA,NA,"3722_14","drought","dead",0,"Dead",NA,NA,NA,NA,NA,NA,0,NA,NA
2021,1,3723,15,"D","1",NA,12,0,NA,2021,"",NA,NA,NA,"3723_1","irrigated","alive",1,"Vegetative",0,NA,"0",NA,NA,1,NA,NA,NA
2022,1,3723,15,"D","0",NA,NA,NA,NA,2021,"NP",NA,NA,NA,"3723_1","irrigated","dormant",1,"Dormant",NA,NA,"1",0,0,1,0,NA,NA
2023,1,3723,15,"D","1",NA,11,0,NA,2021,"",NA,NA,NA,"3723_1","irrigated","alive",1,"Vegetative",0,NA,"1",0,0,1,NA,NA,NA
2024,1,3723,15,"D","1",NA,13,0,NA,NA,"",NA,NA,NA,"3723_1","irrigated","alive",1,"Vegetative",0,NA,"0",NA,NA,0,0,NA,NA
2025,1,3723,15,"D","0",NA,NA,NA,NA,NA,"closer to 15D; NP",NA,NA,NA,"3723_1","irrigated","dead",0,"Dead",NA,NA,NA,NA,NA,NA,0,NA,NA
2021,13,3724,14,"C","1",NA,15,0,NA,2021,"",NA,NA,NA,"3724_13","control","alive",1,"Vegetative",0,NA,"2",1,1,1,NA,NA,NA
2022,13,3724,14,"C","2",27,17,1,"2.5",2021,"",NA,NA,NA,"3724_13","control","alive",1,"Flowering",1,NA,"4",2,1,1,0,22,1
2023,13,3724,14,"C","4",34,19,2,"10",2021,"",NA,NA,NA,"3724_13","control","alive",1,"Flowering",1,NA,"1",0,0,1,1,NA,NA
2024,13,3724,14,"C","1",NA,19.5,0,NA,NA,"",NA,NA,NA,"3724_13","control","alive",1,"Vegetative",0,NA,"1",0,0,1,1,NA,NA
2025,13,3724,14,"C","1",NA,18,0,NA,NA,"in dactylis",NA,NA,NA,"3724_13","control","alive",1,"Vegetative",0,NA,"0",NA,NA,NA,0,NA,NA
2026,13,3724,14,"C","0",NA,NA,NA,NA,NA,"NP",NA,NA,NA,"3724_13","control",NA,NA,NA,NA,NA,NA,NA,NA,NA,0,NA,NA
2021,6,3725,15,"G","3",23,16.5,1,"3",2021,"",NA,NA,NA,"3725_6","irrigated","alive",1,"Flowering",1,NA,"5",3,1,1,NA,0,0
2022,6,3725,15,"G","5",36,13,3,"9.5",2021,"",NA,NA,NA,"3725_6","irrigated","alive",1,"Flowering",1,NA,"4",2,1,1,1,104,1
2023,6,3725,15,"G","4",24,16,2,"4.5",2021,"",NA,NA,NA,"3725_6","irrigated","alive",1,"Flowering",1,NA,"0",NA,NA,1,1,0,0
2024,6,3725,15,"G","0",NA,NA,NA,NA,NA,"NP",NA,NA,NA,"3725_6","irrigated","dormant",1,"Dormant",NA,NA,"1",0,0,1,1,NA,NA
2025,6,3725,15,"G","1",NA,22,0,NA,NA,"",NA,NA,NA,"3725_6","irrigated","alive",1,"Vegetative",0,NA,"1",0,0,1,NA,NA,NA
2026,6,3725,15,"G","1",NA,24,0,NA,NA,"",NA,NA,NA,"3725_6","irrigated","alive",1,"Vegetative",0,NA,NA,NA,NA,NA,0,NA,NA
2016,13,3726,0,"E","13",43,6.8,3,"6.6",2016,"Dead",NA,NA,NA,"3726_13","control","alive",1,"Flowering",1,NA,"2",2,1,1,NA,NA,NA
2017,13,3726,0,"E","2",20,17,2,"4",2016,"",NA,NA,NA,"3726_13","control","alive",1,"Flowering",1,NA,"3",1,1,1,1,NA,NA
2018,13,3726,0,"E","3",8,16,1,"1.6",2016,"",NA,NA,NA,"3726_13","control","alive",1,"Flowering",1,NA,"1",0,0,1,1,NA,NA
2019,13,3726,0,"E","1",NA,15,0,NA,2016,"",NA,NA,NA,"3726_13","control","alive",1,"Vegetative",0,NA,NA,NA,NA,1,1,NA,NA
2020,13,3726,0,"E",NA,NA,NA,NA,NA,2016,"npnt",NA,NA,NA,"3726_13","control",NA,1,NA,NA,NA,"3",1,1,1,0,NA,NA
2021,13,3726,0,"E","3",21,15.5,1,"3",2021,"",NA,NA,NA,"3726_13","control","alive",1,"Flowering",1,NA,"2",1,1,1,NA,0,0
2022,13,3726,0,"E","2",34.5,17,1,"5",2021,"",NA,1,NA,"3726_13","control","alive",1,"Flowering",1,NA,"3",1,1,1,1,62,1
2023,13,3726,0,"E","3",38,18,1,"3",2021,"",NA,NA,NA,"3726_13","control","alive",1,"Flowering",1,NA,"2",1,1,1,1,50,1
2024,13,3726,0,"E","2",NA,NA,1,NA,NA,"umbel and leaves eaten off",NA,NA,NA,"3726_13","control","alive",1,"Flowering",1,NA,"2",1,1,1,1,70,1
2025,13,3726,0,"E","2",26,21,1,"3",NA,"",NA,NA,NA,"3726_13","control","alive",1,"Flowering",1,NA,NA,NA,NA,NA,1,NA,NA
2026,13,3726,0,"E",NA,NA,NA,NA,NA,NA,"3039 on datasheet, tag pulled in 2022",1,1,NA,"3726_13","control",NA,NA,NA,NA,NA,NA,NA,NA,NA,1,66,1
2021,13,3727,8,"D","2",NA,14.5,0,NA,2021,"",NA,NA,NA,"3727_13","control","alive",1,"Vegetative",0,NA,"0",NA,NA,0,NA,NA,NA
2022,13,3727,8,"D","0",NA,NA,NA,NA,2021,"NP",NA,NA,NA,"3727_13","control","dead",0,"Dead",NA,NA,NA,NA,NA,NA,0,NA,NA
2021,1,3728,4,"D","1",NA,10,0,NA,2021,"",NA,NA,NA,"3728_1","irrigated","alive",1,"Vegetative",0,NA,"0",NA,NA,1,NA,NA,NA
2022,1,3728,4,"D","0",NA,NA,NA,NA,2021,"NP",NA,NA,NA,"3728_1","irrigated","dormant",1,"Dormant",NA,NA,"2",1,1,1,0,NA,NA
2023,1,3728,4,"D","2",30,16,1,"4",2021,"",NA,NA,NA,"3728_1","irrigated","alive",1,"Flowering",1,NA,"3",1,1,1,NA,0,0
2024,1,3728,4,"D","3",34,16,1,"4.5",NA,"",NA,NA,NA,"3728_1","irrigated","alive",1,"Flowering",1,NA,"2",1,1,1,1,0,0
2025,1,3728,4,"D","2",40,23.5,1,"6.5",NA,"",NA,NA,NA,"3728_1","irrigated","alive",1,"Flowering",1,NA,"2",0,0,1,1,32,1
2026,1,3728,4,"D","2",NA,20.5,0,NA,NA,"under hose",NA,NA,NA,"3728_1","irrigated","alive",1,"Vegetative",0,NA,NA,NA,NA,NA,1,NA,NA
2021,6,3729,19,"F","3",22,10.5,1,"4",2021,"",NA,NA,NA,"3729_6","irrigated","alive",1,"Flowering",1,NA,"2",2,1,1,NA,0,0
2022,6,3729,19,"F","2",57,19.5,2,"12.5",2021,"tagged in 2021, not transferred to 2022 data sheet. ",NA,1,NA,"3729_6","irrigated","alive",1,"Flowering",1,NA,"4",2,1,1,1,134,1
2023,6,3729,19,"F","4",43,27,2,"10",2021,"",NA,NA,NA,"3729_6","irrigated","alive",1,"Flowering",1,NA,"5",3,1,1,1,104,1
2024,6,3729,19,"F","5",40.5,21,3,"11",NA,"",NA,NA,NA,"3729_6","irrigated","alive",1,"Flowering",1,NA,"0",NA,NA,1,1,98,1
2025,6,3729,19,"F","0",NA,NA,NA,NA,NA,"NP",NA,NA,NA,"3729_6","irrigated","dormant",1,"Dormant",NA,NA,"2",1,1,1,1,NA,NA
2026,6,3729,19,"F","2",22.5,26,1,"4.5",NA,"",NA,NA,NA,"3729_6","irrigated","alive",1,"Flowering",1,NA,NA,NA,NA,NA,NA,0,0
2021,4,3730,0,"I","3",35,16,1,"3.5",2021,"",NA,NA,NA,"3730_4","irrigated","alive",1,"Flowering",1,NA,"3",1,1,1,NA,38,1
2022,4,3730,0,"I","3",37,18.5,1,"4.5",2021,"",NA,NA,NA,"3730_4","irrigated","alive",1,"Flowering",1,NA,"2",1,1,1,1,140,1
2023,4,3730,0,"I","2",40,21,1,"8",2021,"",NA,NA,NA,"3730_4","irrigated","alive",1,"Flowering",1,NA,"3",2,1,1,1,14,1
2024,4,3730,0,"I","3",41,17,2,"5.5",NA,"",NA,NA,NA,"3730_4","irrigated","alive",1,"Flowering",1,NA,"3",0,0,1,1,76,1
2025,4,3730,0,"I","3",NA,20,0,NA,NA,"",NA,NA,NA,"3730_4","irrigated","alive",1,"Vegetative",0,NA,"3",2,1,1,1,NA,NA
2026,4,3730,0,"I","3",46,16,2,"5",NA,"",NA,NA,NA,"3730_4","irrigated","alive",1,"Flowering",1,NA,NA,NA,NA,NA,0,106,1
2021,9,3731,11,"L","3",NA,19,0,NA,2021,"maybe 3059?",NA,NA,NA,"3731_9","irrigated","alive",1,"Vegetative",0,NA,"2",0,0,1,NA,NA,NA
2022,9,3731,11,"L","2",NA,18,0,NA,2021,"maybe 3059?",NA,NA,NA,"3731_9","irrigated","alive",1,"Vegetative",0,NA,"2",0,0,1,0,NA,NA
2023,9,3731,11,"L","2",NA,22,0,NA,2021,"maybe 3059? 11B (div)",NA,NA,NA,"3731_9","irrigated","alive",1,"Vegetative",0,NA,"0",NA,NA,0,0,NA,NA
2024,9,3731,11,"L","0",NA,NA,NA,NA,NA,"11B (div); NP",NA,NA,NA,"3731_9","irrigated","dead",0,"Dead",NA,NA,NA,NA,NA,NA,0,NA,NA
2021,4,3732,16,"M","2",30.5,18,1,"3",2021,"",NA,NA,NA,"3732_4","irrigated","alive",1,"Flowering",1,NA,"2",0,0,1,NA,0,0
2022,4,3732,16,"M","2",NA,33.5,0,NA,2021,"",NA,NA,NA,"3732_4","irrigated","alive",1,"Vegetative",0,NA,"0",NA,NA,0,1,NA,NA
2023,4,3732,16,"M","0",NA,NA,NA,NA,2021,"NP. =16C.",NA,NA,NA,"3732_4","irrigated","dead",0,"Dead",NA,NA,NA,NA,NA,NA,0,NA,NA
2021,6,3733,15,"G","3",26,18,1,"4",2021,"",NA,NA,NA,"3733_6","irrigated","alive",1,"Flowering",1,NA,"3",2,1,1,NA,0,0
2022,6,3733,15,"G","3",55,16.5,2,"12",2021,"",NA,NA,NA,"3733_6","irrigated","alive",1,"Flowering",1,NA,"0",NA,NA,0,1,144,1
2023,6,3733,15,"G","0",NA,NA,NA,NA,2021,"NP",NA,NA,NA,"3733_6","irrigated","dead",0,"Dead",NA,NA,NA,NA,NA,NA,1,NA,NA
2021,15,3734,10,"H","1",NA,13,0,NA,2021,"",NA,NA,NA,"3734_15","drought","alive",1,"Vegetative",0,NA,"3",2,1,1,NA,NA,NA
2022,15,3734,10,"H","3",32,16,2,"6.5",2021,"",NA,NA,NA,"3734_15","drought","alive",1,"Flowering",1,NA,NA,1,1,1,0,88,1
2023,15,3734,10,"H",NA,21,NA,1,"3.5",2021,"leaves clipped off",NA,NA,NA,"3734_15","drought","alive",1,"Flowering",1,NA,"3",1,1,1,1,0,0
2024,15,3734,10,"H","3",25,15,1,"3",NA,"",NA,NA,NA,"3734_15","drought","alive",1,"Flowering",1,NA,"1",0,0,1,1,48,1
2025,15,3734,10,"H","1",NA,17,0,NA,NA,"",NA,NA,NA,"3734_15","drought","alive",1,"Vegetative",0,NA,"2",0,0,1,1,NA,NA
2026,15,3734,10,"H","2",NA,18,0,NA,NA,"",NA,NA,NA,"3734_15","drought","alive",1,"Vegetative",0,NA,NA,NA,NA,NA,0,NA,NA
2021,4,3735,16,"M","2",16,15,1,"2.5",2021,"",NA,NA,NA,"3735_4","irrigated","alive",1,"Flowering",1,NA,"6",3,1,1,NA,0,0
2022,4,3735,16,"M","6",54.5,26.5,3,"13.5",2021,"next to 3735",NA,NA,NA,"3735_4","irrigated","alive",1,"Flowering",1,NA,NA,NA,NA,0,1,NA,NA
2023,4,3735,16,"M",NA,NA,NA,NA,NA,2021,"NPNT. Next to 3735. =16C in div.",NA,NA,NA,"3735_4","irrigated","dead",0,"Dead",NA,NA,NA,NA,NA,NA,1,NA,NA
2021,15,3736,14,"B","3",18,16,2,"3",2021,"",NA,NA,NA,"3736_15","drought","alive",1,"Flowering",1,NA,"5",4,1,1,NA,NA,NA
2022,15,3736,14,"B","5",38,23,4,"18.5",2021,"",NA,NA,NA,"3736_15","drought","alive",1,"Flowering",1,NA,"8",6,1,1,1,128,1
2023,15,3736,14,"B","8",41,12,6,"26",2021,"1 umbel dead",NA,NA,NA,"3736_15","drought","alive",1,"Flowering",1,NA,NA,NA,NA,1,1,160,1
2024,15,3736,14,"B",NA,NA,NA,NA,NA,NA,"NPNT",NA,NA,NA,"3736_15","drought",NA,1,NA,NA,NA,"4",1,1,1,1,NA,NA
2025,15,3736,14,"B","4",16.5,14,1,"1",NA,"",NA,NA,NA,"3736_15","drought","alive",1,"Flowering",1,NA,"4",1,1,1,NA,0,0
2026,15,3736,14,"B","4",19,19.5,1,"3.5",NA,"",NA,NA,NA,"3736_15","drought","alive",1,"Flowering",1,NA,NA,NA,NA,NA,1,0,0
2021,15,3737,12,"E","2",NA,9.5,0,NA,2021,"",NA,NA,NA,"3737_15","drought","alive",1,"Vegetative",0,NA,"5",0,0,1,NA,NA,NA
2022,15,3737,12,"E","5",NA,17,0,NA,2021,"",NA,NA,NA,"3737_15","drought","alive",1,"Vegetative",0,NA,"2",2,1,1,0,NA,NA
2023,15,3737,12,"E","2",28,10,2,"8",2021,"",NA,NA,NA,"3737_15","drought","alive",1,"Flowering",1,NA,"4",3,1,1,0,56,1
2024,15,3737,12,"E","4",31,18.5,3,"8",NA,"",NA,NA,NA,"3737_15","drought","alive",1,"Flowering",1,NA,"2",0,0,1,1,24,1
2025,15,3737,12,"E","2",NA,7.5,0,NA,NA,"",NA,NA,NA,"3737_15","drought","alive",1,"Vegetative",0,NA,"0",NA,NA,NA,1,NA,NA
2026,15,3737,12,"E","0",NA,NA,NA,NA,NA,"NP",NA,NA,NA,"3737_15","drought",NA,NA,NA,NA,NA,NA,NA,NA,NA,0,NA,NA
2019,15,3738,17,"H","5",20,16.5,2,"1.5",2019,"",NA,NA,NA,"3738_15","drought","alive",1,"Flowering",1,NA,"9",6,1,1,NA,NA,NA
2020,15,3738,17,"H","9",24.5,13.5,6,"15.4",2019,"clustered stems",NA,NA,NA,"3738_15","drought","alive",1,"Flowering",1,NA,"4",2,1,1,1,NA,NA
2021,15,3738,17,"H","4",17,17,2,"5.5",2019,"",NA,NA,NA,"3738_15","drought","alive",1,"Flowering",1,NA,"4",1,1,1,1,0,0
2022,15,3738,17,"H","4",32,20,1,"5",2019,"",NA,NA,NA,"3738_15","drought","alive",1,"Flowering",1,NA,"5",3,1,1,1,0,0
2023,15,3738,17,"H","5",38,10,3,"13.5",2019,"",NA,NA,NA,"3738_15","drought","alive",1,"Flowering",1,NA,"5",3,1,1,1,102,1
2024,15,3738,17,"H","5",26,21,3,"8",NA,"",NA,NA,NA,"3738_15","drought","alive",1,"Flowering",1,NA,NA,NA,NA,0,1,20,1
2025,15,3738,17,"H",NA,NA,NA,NA,NA,NA,"NPNT",NA,NA,NA,"3738_15","drought","dead",0,"Dead",NA,NA,NA,NA,NA,NA,1,NA,NA
2019,15,3740,13,"J","5",NA,18,0,NA,2019,"",NA,NA,NA,"3740_15","drought","alive",1,"Vegetative",0,NA,"5",0,0,1,NA,NA,NA
2020,15,3740,13,"J","5",NA,16.4,0,NA,2019,"",NA,NA,NA,"3740_15","drought","alive",1,"Vegetative",0,NA,"4",1,1,1,0,NA,NA
2021,15,3740,13,"J","4",19,8,1,"3",2019,"",NA,NA,NA,"3740_15","drought","alive",1,"Flowering",1,NA,"9",7,1,1,0,17,1
2022,15,3740,13,"J","9",46.5,18,7,"20.5",2019,"Maybe 1> plants? Very close together ",NA,NA,NA,"3740_15","drought","alive",1,"Flowering",1,NA,"0",NA,NA,0,1,174,1
2023,15,3740,13,"J","0",NA,NA,NA,NA,2019,"NP",NA,NA,NA,"3740_15","drought","dead",0,"Dead",NA,NA,NA,NA,NA,NA,1,NA,NA
2021,1,3741,5,"I","6",21.5,16,1,"4",2021,"",NA,NA,NA,"3741_1","irrigated","alive",1,"Flowering",1,NA,"6",3,1,1,NA,0,0
2022,1,3741,5,"I","6",37,19.5,3,"16",2021,"",NA,NA,NA,"3741_1","irrigated","alive",1,"Flowering",1,NA,"8",6,1,1,1,212,1
2023,1,3741,5,"I","8",34,18.5,6,"35.5",2021,"",NA,NA,NA,"3741_1","irrigated","alive",1,"Flowering",1,NA,"5",5,1,1,1,308,1
2024,1,3741,5,"I","5",31.5,16,5,"17",NA,"",NA,NA,NA,"3741_1","irrigated","alive",1,"Flowering",1,NA,"5",2,1,1,1,126,1
2025,1,3741,5,"I","5",25,24,2,"0",NA,"both umbles dead",NA,NA,1,"3741_1","irrigated","alive",1,"Flowering",1,NA,"1",2,1,1,1,0,0
2026,1,3741,5,"I","1",NA,NA,2,NA,NA,"it was alive, but everyting eaten off",NA,NA,NA,"3741_1","irrigated","alive",1,"Flowering",1,NA,NA,NA,NA,NA,1,0,0
2021,15,3742,10,"J","2",NA,13,0,NA,2021,"",NA,NA,NA,"3742_15","drought","alive",1,"Vegetative",0,NA,"3",0,0,1,NA,NA,NA
2022,15,3742,10,"J","3",NA,19.5,0,NA,2021,"",NA,NA,NA,"3742_15","drought","alive",1,"Vegetative",0,NA,"0",NA,NA,0,0,NA,NA
2023,15,3742,10,"J","0",NA,NA,NA,NA,2021,"NP",NA,NA,NA,"3742_15","drought","dead",0,"Dead",NA,NA,NA,NA,NA,NA,0,NA,NA
2021,6,3743,18,"A","2",12,17.5,1,NA,2021,"",NA,NA,NA,"3743_6","irrigated","alive",1,"Flowering",1,NA,"3",2,1,1,NA,0,0
2022,6,3743,18,"A","3",44.5,13,2,"6.5",2021,"outside of plot",NA,NA,NA,"3743_6","irrigated","alive",1,"Flowering",1,NA,"1",1,1,1,1,68,1
2023,6,3743,18,"A","1",32,19,1,"4",2021,"",NA,NA,NA,"3743_6","irrigated","alive",1,"Flowering",1,NA,NA,NA,NA,1,1,0,0
2024,6,3743,18,"A",NA,NA,NA,NA,NA,NA,"NPNT",NA,NA,NA,"3743_6","irrigated",NA,1,NA,NA,NA,"2",0,0,1,1,0,0
2025,6,3743,18,"A","2",NA,20.5,0,NA,NA,"",NA,NA,NA,"3743_6","irrigated","alive",1,"Vegetative",0,NA,"1",0,0,1,NA,NA,NA
2026,6,3743,18,"A","1",NA,22,0,NA,NA,"",NA,NA,NA,"3743_6","irrigated","alive",1,"Vegetative",0,NA,NA,NA,NA,NA,0,NA,NA
2021,1,3744,8,"A","2",NA,12,0,NA,2021,"",NA,NA,NA,"3744_1","irrigated","alive",1,"Vegetative",0,NA,"0",NA,NA,1,NA,NA,NA
2022,1,3744,8,"A","0",NA,NA,NA,NA,2021,"NP",NA,NA,NA,"3744_1","irrigated","dormant",1,"Dormant",NA,NA,"2",1,1,1,0,NA,NA
2023,1,3744,8,"A","2",24,20.5,1,"3",2021,"",NA,NA,NA,"3744_1","irrigated","alive",1,"Flowering",1,NA,"0",NA,NA,0,NA,0,0
2024,1,3744,8,"A","0",NA,NA,NA,NA,NA,"NP",NA,NA,NA,"3744_1","irrigated","dead",0,"Dead",NA,NA,NA,NA,NA,NA,1,NA,NA
2021,2,3746,11,"H","1",NA,12,0,NA,2021,"",NA,NA,NA,"3746_2","control","alive",1,"Vegetative",0,NA,"0",NA,NA,0,NA,NA,NA
2022,2,3746,11,"H","0",NA,NA,NA,NA,2021,"NP",NA,NA,NA,"3746_2","control","dead",0,"Dead",NA,NA,NA,NA,NA,NA,0,NA,NA
2020,6,3747,18,"A","2",NA,11.3,0,NA,2020,"",NA,NA,NA,"3747_6","irrigated","alive",1,"Vegetative",0,NA,"2",0,0,1,NA,NA,NA
2021,6,3747,18,"A","2",NA,17.5,0,NA,2020,"",NA,NA,NA,"3747_6","irrigated","alive",1,"Vegetative",0,NA,"0",NA,NA,0,0,NA,NA
2022,6,3747,18,"A","0",NA,NA,NA,NA,2020,"NP",NA,NA,NA,"3747_6","irrigated","dead",0,"Dead",NA,NA,NA,NA,NA,NA,0,NA,NA
2020,2,3749,6,"B","1",NA,8.1,0,NA,2020,"",NA,NA,NA,"3749_2","control","alive",1,"Vegetative",0,NA,"0",NA,NA,1,NA,NA,NA
2021,2,3749,6,"B","0",NA,NA,NA,NA,2020,"NP",NA,NA,NA,"3749_2","control","dormant",1,"Dormant",NA,NA,"1",0,0,1,0,NA,NA
2022,2,3749,6,"B","1",NA,16,0,NA,2020,"",NA,NA,NA,"3749_2","control","alive",1,"Vegetative",0,NA,"0",NA,NA,0,NA,NA,NA
2023,2,3749,6,"B","0",NA,NA,NA,NA,2020,"NP",NA,NA,NA,"3749_2","control","dead",0,"Dead",NA,NA,NA,NA,NA,NA,0,NA,NA
2021,4,3750,12,"P","3",33,14,1,"5.5",2021,"",NA,NA,NA,"3750_4","irrigated","alive",1,"Flowering",1,NA,"2",1,1,1,NA,0,0
2022,4,3750,12,"P","2",55,23,1,"8",2021,"",NA,NA,NA,"3750_4","irrigated","alive",1,"Flowering",1,NA,NA,NA,NA,0,1,NA,NA
2023,4,3750,12,"P",NA,NA,NA,NA,NA,2021,"NPNT. 12F.",NA,NA,NA,"3750_4","irrigated","dead",0,"Dead",NA,NA,NA,NA,NA,NA,1,NA,NA
2020,2,3751,8,"A","1",NA,7.5,0,NA,2020,"",NA,NA,NA,"3751_2","control","alive",1,"Vegetative",0,NA,"2",1,1,1,NA,NA,NA
2021,2,3751,8,"A","2",13,16.5,1,"1",2020,"",NA,NA,NA,"3751_2","control","alive",1,"Flowering",1,NA,"2",2,1,1,0,0,0
2022,2,3751,8,"A","2",33.5,10,2,"9.5",2020,"",NA,NA,NA,"3751_2","control","alive",1,"Flowering",1,NA,"4",1,1,1,1,58,1
2023,2,3751,8,"A","4",22,14,1,"5",2020,"",NA,NA,NA,"3751_2","control","alive",1,"Flowering",1,NA,"2",2,1,1,1,0,0
2024,2,3751,8,"A","2",34,11,2,"6.5",NA,"",NA,NA,NA,"3751_2","control","alive",1,"Flowering",1,NA,"2",0,0,1,1,36,1
2025,2,3751,8,"A","2",NA,23,0,NA,NA,"",NA,NA,NA,"3751_2","control","alive",1,"Vegetative",0,NA,"2",1,1,1,1,NA,NA
2026,2,3751,8,"A","2",21.5,26,1,"2.5",NA,"",NA,NA,NA,"3751_2","control","alive",1,"Flowering",1,NA,NA,NA,NA,NA,0,16,1
2021,14,3752,0,"H","3",NA,12,0,NA,2021,"",NA,NA,NA,"3752_14","drought","alive",1,"Vegetative",0,NA,"3",1,1,1,NA,NA,NA
2022,14,3752,0,"H","3",31,18,1,"5",2021,"",NA,NA,NA,"3752_14","drought","alive",1,"Flowering",1,NA,"3",1,1,1,0,6,1
2023,14,3752,0,"H","3",29,21.5,1,"5",2021,"",NA,NA,NA,"3752_14","drought","alive",1,"Flowering",1,NA,"1",0,0,1,1,56,1
2024,14,3752,0,"H","1",NA,16.5,0,NA,NA,"moss; xcoord is 1 not zero",NA,NA,NA,"3752_14","drought","alive",1,"Vegetative",0,NA,"1",0,0,1,1,NA,NA
2025,14,3752,0,"H","1",NA,35,0,NA,NA,"moss; xcoord is 1 not zero",NA,NA,NA,"3752_14","drought","alive",1,"Vegetative",0,NA,"2",0,0,1,0,NA,NA
2026,14,3752,0,"H","2",NA,26,0,NA,NA,"1H",NA,NA,NA,"3752_14","drought","alive",1,"Vegetative",0,NA,NA,NA,NA,NA,0,NA,NA
2021,6,3753,11,"A","3",28.5,19.5,1,"3",2021,"",NA,NA,NA,"3753_6","irrigated","alive",1,"Flowering",1,NA,"3",0,0,1,NA,72,1
2022,6,3753,11,"A","3",NA,28,0,NA,2021,"",NA,NA,NA,"3753_6","irrigated","alive",1,"Vegetative",0,NA,"4",2,1,1,1,NA,NA
2023,6,3753,11,"A","4",31,16,2,"6.5",2021,"",NA,NA,NA,"3753_6","irrigated","alive",1,"Flowering",1,NA,"5",4,1,1,0,0,0
2024,6,3753,11,"A","5",52,16.5,4,"16",NA,"",NA,NA,NA,"3753_6","irrigated","alive",1,"Flowering",1,NA,"2",0,0,1,1,50,1
2025,6,3753,11,"A","2",NA,15,0,NA,NA,"",NA,NA,NA,"3753_6","irrigated","alive",1,"Vegetative",0,NA,"0",NA,NA,NA,1,NA,NA
2026,6,3753,11,"A","0",NA,NA,NA,NA,NA,"NP",NA,NA,NA,"3753_6","irrigated",NA,NA,NA,NA,NA,NA,NA,NA,NA,0,NA,NA
2021,14,3754,1,"F","1",NA,13,0,NA,2021,"",NA,NA,NA,"3754_14","drought","alive",1,"Vegetative",0,NA,"1",0,0,1,NA,NA,NA
2022,14,3754,1,"F","1",NA,22.5,0,NA,2021,"",NA,NA,NA,"3754_14","drought","alive",1,"Vegetative",0,NA,"2",1,1,1,0,NA,NA
2023,14,3754,1,"F","2",51,22,1,"8",2021,"",NA,NA,NA,"3754_14","drought","alive",1,"Flowering",1,NA,"1",0,0,1,0,104,1
2024,14,3754,1,"F","1",NA,25,0,NA,NA,"in moss",NA,NA,NA,"3754_14","drought","alive",1,"Vegetative",0,NA,"2",1,1,1,1,NA,NA
2025,14,3754,1,"F","2",NA,24,1,NA,NA,"in moss",NA,NA,NA,"3754_14","drought","alive",1,"Flowering",1,NA,"0",NA,NA,NA,0,NA,NA
2026,14,3754,1,"F","0",NA,NA,NA,NA,NA,"NP",NA,NA,NA,"3754_14","drought",NA,NA,NA,NA,NA,NA,NA,NA,NA,1,NA,NA
2021,15,3755,11,"I","2",NA,17,0,NA,2021,"",NA,NA,NA,"3755_15","drought","alive",1,"Vegetative",0,NA,"5",1,1,1,NA,NA,NA
2022,15,3755,11,"I","5",30,17.5,1,"2.5",2021,"",NA,NA,NA,"3755_15","drought","alive",1,"Flowering",1,NA,"0",NA,NA,0,0,0,0
2023,15,3755,11,"I","0",NA,NA,NA,NA,2021,"NP",NA,NA,NA,"3755_15","drought","dead",0,"Dead",NA,NA,NA,NA,NA,NA,1,NA,NA
2021,13,3756,12,"G","2",NA,14,0,NA,2021,"",NA,NA,NA,"3756_13","control","alive",1,"Vegetative",0,NA,"0",NA,NA,1,NA,0,0
2022,13,3756,12,"G","0",NA,NA,NA,NA,2021,"NP",NA,NA,NA,"3756_13","control","dormant",1,"Dormant",NA,NA,"2",1,1,1,0,NA,NA
2023,13,3756,12,"G","2",30,13,1,"4",2021,"",NA,NA,NA,"3756_13","control","alive",1,"Flowering",1,NA,"1",0,0,1,NA,NA,NA
2024,13,3756,12,"G","1",NA,13,0,NA,NA,"",NA,NA,NA,"3756_13","control","alive",1,"Vegetative",0,NA,"2",0,0,1,1,NA,NA
2025,13,3756,12,"G","2",NA,21,0,NA,NA,"",NA,NA,NA,"3756_13","control","alive",1,"Vegetative",0,NA,"2",0,0,1,0,NA,NA
2026,13,3756,12,"G","2",NA,15,0,NA,NA,"",NA,NA,NA,"3756_13","control","alive",1,"Vegetative",0,NA,NA,NA,NA,NA,0,NA,NA
2021,15,3757,13,"G","2",11,16,1,"2.5",2021,"",NA,NA,NA,"3757_15","drought","alive",1,"Flowering",1,NA,"3",2,1,1,NA,0,0
2022,15,3757,13,"G","3",36,13,2,"9",2021,"",NA,NA,NA,"3757_15","drought","alive",1,"Flowering",1,NA,"1",0,0,1,1,106,1
2023,15,3757,13,"G","1",NA,6,0,NA,2021,"",NA,NA,NA,"3757_15","drought","alive",1,"Vegetative",0,NA,"9",5,1,1,1,NA,NA
2024,15,3757,13,"G","9",25.5,19,5,"18",NA,"",NA,NA,NA,"3757_15","drought","alive",1,"Flowering",1,NA,"0",NA,NA,0,0,0,0
2025,15,3757,13,"G","0",NA,NA,NA,NA,NA,"NP",NA,NA,NA,"3757_15","drought","dead",0,"Dead",NA,NA,NA,NA,NA,NA,1,NA,NA
2021,12,3758,19,"H","1",NA,10.5,0,NA,2021,"",NA,NA,NA,"3758_12","irrigated","alive",1,"Vegetative",0,NA,"1",0,0,1,NA,NA,NA
2022,12,3758,19,"H","1",NA,19,0,NA,2021,"",NA,NA,NA,"3758_12","irrigated","alive",1,"Vegetative",0,NA,"2",0,0,1,0,NA,NA
2023,12,3758,19,"H","2",NA,21,0,NA,2021,"",NA,NA,NA,"3758_12","irrigated","alive",1,"Vegetative",0,NA,"2",2,1,1,0,NA,NA
2024,12,3758,19,"H","2",34.5,14,2,"6.5",NA,"second umble still bud",NA,NA,NA,"3758_12","irrigated","alive",1,"Flowering",1,NA,"0",NA,NA,1,0,NA,NA
2025,12,3758,19,"H","0",NA,NA,NA,NA,NA,"NP",NA,NA,NA,"3758_12","irrigated","dormant",1,"Dormant",NA,NA,"1",0,0,1,1,NA,NA
2026,12,3758,19,"H","1",NA,14,0,NA,NA,"",NA,NA,NA,"3758_12","irrigated","alive",1,"Vegetative",0,NA,NA,NA,NA,NA,NA,NA,NA
2021,3,3759,15,"B","2",32,18,1,"7.5",2021,"",NA,NA,NA,"3759_3","control","alive",1,"Flowering",1,NA,"7",4,1,1,NA,10,1
2022,3,3759,15,"B","7",58,20.5,4,"35.5",2021,"",NA,NA,NA,"3759_3","control","alive",1,"Flowering",1,NA,"4",3,1,1,1,359,1
2023,3,3759,15,"B","4",47.5,20.5,3,"18",2021,"",NA,NA,NA,"3759_3","control","alive",1,"Flowering",1,NA,"5",5,1,1,1,80,1
2024,3,3759,15,"B","5",51,20.5,5,"34.5",NA,"",NA,NA,NA,"3759_3","control","alive",1,"Flowering",1,NA,"6",4,1,1,1,228,1
2025,3,3759,15,"B","6",32,13,4,"19.5",NA,"",NA,NA,NA,"3759_3","control","alive",1,"Flowering",1,NA,"0",NA,NA,NA,1,NA,NA
2026,3,3759,15,"B","0",NA,NA,NA,NA,NA,"NP",NA,NA,NA,"3759_3","control",NA,NA,NA,NA,NA,NA,NA,NA,NA,1,NA,NA
2021,15,3760,8,"G","2",8,14,1,NA,2021,"",NA,NA,NA,"3760_15","drought","alive",1,"Flowering",1,NA,"2",0,0,1,NA,0,0
2022,15,3760,8,"G","2",NA,17,0,NA,2021,"",NA,NA,NA,"3760_15","drought","alive",1,"Vegetative",0,NA,"2",0,0,1,1,NA,NA
2023,15,3760,8,"G","2",NA,13,0,NA,2021,"",NA,NA,NA,"3760_15","drought","alive",1,"Vegetative",0,NA,"1",0,0,1,0,NA,NA
2024,15,3760,8,"G","1",NA,20.5,0,NA,NA,"",NA,NA,NA,"3760_15","drought","alive",1,"Vegetative",0,NA,"1",0,0,1,0,NA,NA
2025,15,3760,8,"G","1",NA,17,0,NA,NA,"",NA,NA,NA,"3760_15","drought","alive",1,"Vegetative",0,NA,"1",0,0,1,0,NA,NA
2026,15,3760,8,"G","1",NA,13,0,NA,NA,"",NA,NA,NA,"3760_15","drought","alive",1,"Vegetative",0,NA,NA,NA,NA,NA,0,NA,NA
2021,12,3761,14,"G","2",NA,14,0,NA,2021,"",NA,NA,NA,"3761_12","irrigated","alive",1,"Vegetative",0,NA,"2",0,0,1,NA,NA,NA
2022,12,3761,14,"G","2",NA,14.5,0,NA,2021,"",NA,NA,NA,"3761_12","irrigated","alive",1,"Vegetative",0,NA,"3",2,1,1,0,NA,NA
2023,12,3761,14,"G","3",37,10,2,"8",2021,"",NA,NA,NA,"3761_12","irrigated","alive",1,"Flowering",1,NA,"1",0,0,1,0,66,1
2024,12,3761,14,"G","1",NA,12.5,0,NA,NA,"",NA,NA,NA,"3761_12","irrigated","alive",1,"Vegetative",0,NA,"4",2,1,1,1,NA,NA
2025,12,3761,14,"G","4",29,16,2,"8.5",NA,"",NA,NA,NA,"3761_12","irrigated","alive",1,"Flowering",1,NA,"1",0,0,1,0,NA,NA
2026,12,3761,14,"G","1",NA,12,0,NA,NA,"",NA,NA,NA,"3761_12","irrigated","alive",1,"Vegetative",0,NA,NA,NA,NA,NA,1,NA,NA
2021,1,3763,12,"A","1",NA,18,0,NA,2021,"",NA,NA,NA,"3763_1","irrigated","alive",1,"Vegetative",0,NA,"1",1,1,1,NA,NA,NA
2022,1,3763,12,"A","1",32.5,11.5,1,"4.5",2021,"",NA,NA,NA,"3763_1","irrigated","alive",1,"Flowering",1,NA,"5",3,1,1,0,0,0
2023,1,3763,12,"A","5",41,16.5,3,"14",2021,"",NA,NA,NA,"3763_1","irrigated","alive",1,"Flowering",1,NA,"6",4,1,1,1,NA,NA
2024,1,3763,12,"A","6",42,17,4,"12",NA,"",NA,NA,NA,"3763_1","irrigated","alive",1,"Flowering",1,NA,"1",0,0,1,1,90,1
2025,1,3763,12,"A","1",NA,20,0,NA,NA,"",NA,NA,NA,"3763_1","irrigated","alive",1,"Vegetative",0,NA,"2",0,0,1,1,NA,NA
2026,1,3763,12,"A","2",NA,20,0,NA,NA,"",NA,NA,NA,"3763_1","irrigated","alive",1,"Vegetative",0,NA,NA,NA,NA,NA,0,NA,NA
2021,14,3764,10,"B","1",NA,11.5,0,NA,2021,"",NA,NA,NA,"3764_14","drought","alive",1,"Vegetative",0,NA,"0",NA,NA,0,NA,NA,NA
2022,14,3764,10,"B","0",NA,NA,NA,NA,2021,"NP",NA,NA,NA,"3764_14","drought","dead",0,"Dead",NA,NA,NA,NA,NA,NA,0,NA,NA
2021,15,3765,12,"D","3",NA,7.5,0,NA,2021,"",NA,NA,NA,"3765_15","drought","alive",1,"Vegetative",0,NA,"0",NA,NA,0,NA,NA,NA
2022,15,3765,12,"D","0",NA,NA,NA,NA,2021,"NP",NA,NA,NA,"3765_15","drought","dead",0,"Dead",NA,NA,NA,NA,NA,NA,0,NA,NA
2021,15,3766,19,"D","4",22,19.5,2,"5.5",2021,"",NA,NA,NA,"3766_15","drought","alive",1,"Flowering",1,NA,"5",1,1,1,NA,NA,NA
2022,15,3766,19,"D","5",29,28,1,"2.5",2021,"",NA,NA,NA,"3766_15","drought","alive",1,"Flowering",1,NA,"8",5,1,1,1,36,1
2023,15,3766,19,"D","8",51,24,5,"15",2021,"2 umbels dead",NA,NA,NA,"3766_15","drought","alive",1,"Flowering",1,NA,"4",2,1,1,1,0,0
2024,15,3766,19,"D","4",41,24.5,2,"7.5",NA,"",NA,NA,NA,"3766_15","drought","alive",1,"Flowering",1,NA,NA,NA,NA,0,1,26,1
2025,15,3766,19,"D",NA,NA,NA,NA,NA,NA,"NPNT, vole tunnels",NA,NA,NA,"3766_15","drought","dead",0,"Dead",NA,NA,NA,NA,NA,NA,1,NA,NA
2021,6,3767,17,"G","1",NA,13,0,NA,2021,"",NA,NA,NA,"3767_6","irrigated","alive",1,"Vegetative",0,NA,"1",0,0,1,NA,NA,NA
2022,6,3767,17,"G","1",NA,20,0,NA,2021,"",NA,NA,NA,"3767_6","irrigated","alive",1,"Vegetative",0,NA,"2",1,1,1,0,NA,NA
2023,6,3767,17,"G","2",22,15.5,1,"1.5",2021,"",NA,NA,NA,"3767_6","irrigated","alive",1,"Flowering",1,NA,"1",0,0,1,0,0,0
2024,6,3767,17,"G","1",NA,18,0,NA,NA,"",NA,NA,NA,"3767_6","irrigated","alive",1,"Vegetative",0,NA,"0",NA,NA,0,1,NA,NA
2025,6,3767,17,"G","0",NA,NA,NA,NA,NA,"NP",NA,NA,NA,"3767_6","irrigated","dead",0,"Dead",NA,NA,NA,NA,NA,NA,0,NA,NA
2021,12,3768,18,"G","1",NA,6.5,0,NA,2021,"",NA,NA,NA,"3768_12","irrigated","alive",1,"Vegetative",0,NA,"2",0,0,1,NA,NA,NA
2022,12,3768,18,"G","2",NA,16,0,NA,2021,"",NA,NA,NA,"3768_12","irrigated","alive",1,"Vegetative",0,NA,"2",0,0,1,0,NA,NA
2023,12,3768,18,"G","2",NA,18,0,NA,2021,"",NA,NA,NA,"3768_12","irrigated","alive",1,"Vegetative",0,NA,"1",0,0,1,0,NA,NA
2024,12,3768,18,"G","1",NA,14.5,0,NA,NA,"",NA,NA,NA,"3768_12","irrigated","alive",1,"Vegetative",0,NA,"1",0,0,1,0,0,0
2025,12,3768,18,"G","1",NA,17,0,NA,NA,"",NA,NA,NA,"3768_12","irrigated","alive",1,"Vegetative",0,NA,"2",0,0,1,0,NA,NA
2026,12,3768,18,"G","2",NA,19.5,0,NA,NA,"",NA,NA,NA,"3768_12","irrigated","alive",1,"Vegetative",0,NA,NA,NA,NA,NA,0,NA,NA
2016,13,3769,0,"F",NA,24,NA,1,"5.5",2016,"Dead leaves",NA,NA,NA,"3769_13","control","alive",1,"Flowering",1,NA,"4",1,1,1,NA,NA,NA
2017,13,3769,0,"F","4",23,10.5,1,"3",2016,"",NA,NA,NA,"3769_13","control","alive",1,"Flowering",1,NA,"2",0,0,1,1,NA,NA
2018,13,3769,0,"F","2",13,13,0,NA,2016,"",NA,NA,NA,"3769_13","control","alive",1,"Vegetative",0,NA,"1",0,0,1,1,NA,NA
2019,13,3769,0,"F","1",NA,14.5,0,NA,2016,"",NA,NA,NA,"3769_13","control","alive",1,"Vegetative",0,NA,NA,NA,NA,1,0,NA,NA
2020,13,3769,0,"F",NA,NA,NA,NA,NA,2016,"npnt",NA,NA,NA,"3769_13","control",NA,1,NA,NA,NA,"2",1,1,1,0,NA,NA
2021,13,3769,0,"F","2",19,13.5,1,"2.5",2021,"",NA,NA,NA,"3769_13","control","alive",1,"Flowering",1,NA,"2",1,1,1,NA,0,0
2022,13,3769,0,"F","2",24,12,1,"3.5",2021,"probably replacement for 3558",NA,1,NA,"3769_13","control","alive",1,"Flowering",1,NA,"5",3,1,1,1,0,0
2023,13,3769,0,"F","5",35,10,3,"7.5",2021,"probably replacement tag for 3558 (was pulled)",NA,NA,NA,"3769_13","control","alive",1,"Flowering",1,NA,"3",1,1,1,1,56,1
2024,13,3769,0,"F","3",37.5,11,1,"3",NA,"tag is 3769 not 3558",NA,NA,NA,"3769_13","control","alive",1,"Flowering",1,NA,"3",2,1,1,1,44,1
2025,13,3769,0,"F","3",27,20,2,"2",NA,"one dead umbel",NA,NA,NA,"3769_13","control","alive",1,"Flowering",1,NA,NA,NA,NA,NA,1,NA,NA
2026,13,3769,0,"F",NA,NA,NA,NA,NA,NA,"3558 on datasheet tag pulled in 2022",1,1,NA,"3769_13","control",NA,NA,NA,NA,NA,NA,NA,NA,NA,1,NA,NA
2021,9,3770,12,"L","4",NA,26,0,NA,2021,"maybe 3059?",NA,NA,NA,"3770_9","irrigated","alive",1,"Vegetative",0,NA,"3",1,1,1,NA,NA,NA
2022,9,3770,12,"L","3",42,20.5,1,"4",2021,"maybe 3059? ",NA,NA,NA,"3770_9","irrigated","alive",1,"Flowering",1,NA,"2",0,0,1,0,NA,NA
2023,9,3770,12,"L","2",NA,20,0,NA,2021,"maybe 3059? 12B (div)",NA,NA,NA,"3770_9","irrigated","alive",1,"Vegetative",0,NA,"0",NA,NA,0,1,NA,NA
2024,9,3770,12,"L","0",NA,NA,NA,NA,NA,"12B (div); NP",NA,NA,NA,"3770_9","irrigated","dead",0,"Dead",NA,NA,NA,NA,NA,NA,0,NA,NA
2021,15,3771,8,"J","1",NA,8,0,NA,2021,"",NA,NA,NA,"3771_15","drought","alive",1,"Vegetative",0,NA,"0",NA,NA,0,NA,NA,NA
2022,15,3771,8,"J","0",NA,NA,NA,NA,2021,"NP",NA,NA,NA,"3771_15","drought","dead",0,"Dead",NA,NA,NA,NA,NA,NA,0,NA,NA
2021,1,3772,1,"I","1",19.5,12.5,1,"3",2021,"",NA,NA,NA,"3772_1","irrigated","alive",1,"Flowering",1,NA,"0",NA,NA,0,NA,NA,NA
2022,1,3772,1,"I","0",NA,NA,NA,NA,2021,"NP",NA,NA,NA,"3772_1","irrigated","dead",0,"Dead",NA,NA,NA,NA,NA,NA,1,NA,NA
2021,6,3773,19,"F","2",18,12,1,"3",2021,"",NA,NA,NA,"3773_6","irrigated","alive",1,"Flowering",1,NA,"2",2,1,1,NA,0,0
2022,6,3773,19,"F","2",26.5,18.5,2,"3",2021,"tagged in 2021, not transferred to 2022 data sheet. ",NA,1,NA,"3773_6","irrigated","alive",1,"Flowering",1,NA,"5",3,1,1,1,18,1
2023,6,3773,19,"F","5",40,20,3,"12.5",2021,"phenology not tracked",NA,NA,NA,"3773_6","irrigated","alive",1,"Flowering",1,NA,"2",1,1,1,1,NA,NA
2024,6,3773,19,"F","2",28,14.5,1,"3",NA,"in boundary so not in phen",NA,NA,NA,"3773_6","irrigated","alive",1,"Flowering",1,NA,"4",2,1,1,1,NA,NA
2025,6,3773,19,"F","4",40,23,2,"10",NA,"",NA,NA,NA,"3773_6","irrigated","alive",1,"Flowering",1,NA,"3",2,1,1,1,NA,NA
2026,6,3773,19,"F","3",30,17.5,2,"6.5",NA,"",NA,NA,NA,"3773_6","irrigated","alive",1,"Flowering",1,NA,NA,NA,NA,NA,1,0,0
2021,15,3774,9,"F","2",13.5,17,1,"3.5",2021,"",NA,NA,NA,"3774_15","drought","alive",1,"Flowering",1,NA,"3",1,1,1,NA,0,0
2022,15,3774,9,"F","3",51,18.5,1,"5",2021,"",NA,NA,NA,"3774_15","drought","alive",1,"Flowering",1,NA,"1",0,0,1,1,72,1
2023,15,3774,9,"F","1",NA,26,0,NA,2021,"",NA,NA,NA,"3774_15","drought","alive",1,"Vegetative",0,NA,"5",1,1,1,1,NA,NA
2024,15,3774,9,"F","5",38.5,20,1,"3.5",NA,"spittlebug",NA,NA,NA,"3774_15","drought","alive",1,"Flowering",1,NA,"0",NA,NA,1,0,0,0
2025,15,3774,9,"F","0",NA,NA,NA,NA,NA,"NP",NA,NA,NA,"3774_15","drought","dormant",1,"Dormant",NA,NA,"2",1,1,1,1,NA,NA
2026,15,3774,9,"F","2",21,17,1,"2",NA,"",NA,NA,NA,"3774_15","drought","alive",1,"Flowering",1,NA,NA,NA,NA,NA,NA,4,1
2021,13,3775,11,"G","3",13.5,13,1,"2",2021,"",NA,NA,NA,"3775_13","control","alive",1,"Flowering",1,NA,"4",2,1,1,NA,0,0
2022,13,3775,11,"G","4",26,9.5,2,"7.5",2021,"",NA,NA,NA,"3775_13","control","alive",1,"Flowering",1,NA,"7",3,1,1,1,80,1
2023,13,3775,11,"G","7",38,13,3,"11",2021,"",NA,NA,NA,"3775_13","control","alive",1,"Flowering",1,NA,"3",2,1,1,1,NA,NA
2024,13,3775,11,"G","3",28,11,2,"5",NA,"",NA,NA,NA,"3775_13","control","alive",1,"Flowering",1,NA,"0",NA,NA,0,1,68,1
2025,13,3775,11,"G","0",NA,NA,NA,NA,NA,"",NA,NA,NA,"3775_13","control","dead",0,"Dead",NA,NA,NA,NA,NA,NA,1,NA,NA
2021,14,3776,3,"J","2",NA,15.5,0,NA,2021,"",NA,NA,NA,"3776_14","drought","alive",1,"Vegetative",0,NA,"1",1,1,1,NA,NA,NA
2022,14,3776,3,"J","1",28,19,1,"5",2021,"",NA,NA,NA,"3776_14","drought","alive",1,"Flowering",1,NA,"3",2,1,1,0,6,1
2023,14,3776,3,"J","3",59,17,2,"16",2021,"on edge of plot",NA,NA,NA,"3776_14","drought","alive",1,"Flowering",1,NA,"3",2,1,1,1,NA,NA
2024,14,3776,3,"J","3",30.5,21,2,"6.5",NA,"",NA,NA,NA,"3776_14","drought","alive",1,"Flowering",1,NA,"0",NA,NA,0,1,58,1
2025,14,3776,3,"J","0",NA,NA,NA,NA,NA,"",NA,NA,NA,"3776_14","drought","dead",0,"Dead",NA,NA,NA,NA,NA,NA,1,NA,NA
2021,6,3777,15,"G","2",25.5,11,1,"3",2021,"",NA,NA,NA,"3777_6","irrigated","alive",1,"Flowering",1,NA,"2",2,1,1,NA,0,0
2022,6,3777,15,"G","2",49,13,2,"10",2021,"",NA,NA,NA,"3777_6","irrigated","alive",1,"Flowering",1,NA,"2",1,1,1,1,104,1
2023,6,3777,15,"G","2",35,18,1,"4.5",2021,"",NA,NA,NA,"3777_6","irrigated","alive",1,"Flowering",1,NA,"2",1,1,1,1,14,1
2024,6,3777,15,"G","2",22,12,1,"1.5",NA,"",NA,NA,NA,"3777_6","irrigated","alive",1,"Flowering",1,NA,"1",1,1,1,1,0,0
2025,6,3777,15,"G","1",28,18,1,"4.5",NA,"",NA,NA,NA,"3777_6","irrigated","alive",1,"Flowering",1,NA,"2",2,1,1,1,NA,NA
2026,6,3777,15,"G","2",27,15.5,2,"5",NA,"",NA,NA,NA,"3777_6","irrigated","alive",1,"Flowering",1,NA,NA,NA,NA,NA,1,0,0
2021,13,3778,4,"H","1",NA,10.5,0,NA,2021,"",NA,NA,NA,"3778_13","control","alive",1,"Vegetative",0,NA,"2",0,0,1,NA,NA,NA
2022,13,3778,4,"H","2",NA,14.5,0,NA,2021,"",NA,NA,NA,"3778_13","control","alive",1,"Vegetative",0,NA,"2",1,1,1,0,NA,NA
2023,13,3778,4,"H","2",22,12.5,1,"4.5",2021,"",NA,NA,NA,"3778_13","control","alive",1,"Flowering",1,NA,NA,NA,NA,0,0,28,1
2024,13,3778,4,"H",NA,NA,NA,NA,NA,NA,"NPNT",NA,NA,NA,"3778_13","control","dead",0,"Dead",NA,NA,NA,NA,NA,NA,1,NA,NA
2021,1,3779,14,"B","2",23,13,1,"3",2021,"",NA,NA,NA,"3779_1","irrigated","alive",1,"Flowering",1,NA,"3",2,1,1,NA,0,0
2022,1,3779,14,"B","3",45,20.5,2,"8",2021,"",NA,NA,NA,"3779_1","irrigated","alive",1,"Flowering",1,NA,"0",NA,NA,0,1,82,1
2023,1,3779,14,"B","0",NA,NA,NA,NA,2021,"NP",NA,NA,NA,"3779_1","irrigated","dead",0,"Dead",NA,NA,NA,NA,NA,NA,1,NA,NA
2021,13,3780,7,"J","4",18,12,1,"2",2021,"",NA,NA,NA,"3780_13","control","alive",1,"Flowering",1,NA,"3",2,1,1,NA,0,0
2022,13,3780,7,"J","3",33.5,13,2,"8",2021,"",NA,NA,NA,"3780_13","control","alive",1,"Flowering",1,NA,"7",3,1,1,1,146,1
2023,13,3780,7,"J","7",32,11,3,"13",2021,"not tracking phenology",NA,NA,NA,"3780_13","control","alive",1,"Flowering",1,NA,"2",1,1,1,1,NA,NA
2024,13,3780,7,"J","2",26,9.5,1,"3.5",NA,"",NA,NA,NA,"3780_13","control","alive",1,"Flowering",1,NA,"0",NA,NA,0,1,102,1
2025,13,3780,7,"J","0",NA,NA,NA,NA,NA,"NP",NA,NA,NA,"3780_13","control","dead",0,"Dead",NA,NA,NA,NA,NA,NA,1,NA,NA
2021,13,3781,19,"C","1",NA,19.5,0,NA,2021,"",NA,NA,NA,"3781_13","control","alive",1,"Vegetative",0,NA,"1",0,0,1,NA,NA,NA
2022,13,3781,19,"C","1",NA,12,0,NA,2021,"",NA,NA,NA,"3781_13","control","alive",1,"Vegetative",0,NA,"2",2,1,1,0,NA,NA
2023,13,3781,19,"C","2",25.5,20,2,"9",2021,"",NA,NA,NA,"3781_13","control","alive",1,"Flowering",1,NA,"1",0,0,1,0,NA,NA
2024,13,3781,19,"C","1",NA,11.5,0,NA,NA,"accidentally pulled leaf while measuring",NA,NA,NA,"3781_13","control","alive",1,"Vegetative",0,NA,"1",0,0,1,1,NA,NA
2025,13,3781,19,"C","1",NA,15,0,NA,NA,"",NA,NA,NA,"3781_13","control","alive",1,"Vegetative",0,NA,"2",0,0,1,0,NA,NA
2026,13,3781,19,"C","2",NA,21,0,NA,NA,"",NA,NA,NA,"3781_13","control","alive",1,"Vegetative",0,NA,NA,NA,NA,NA,0,NA,NA
2023,1,3782,0,"J","2",23,23,1,"3",2023,"not new, separate from 3814/found both",NA,NA,NA,"3782_1","irrigated","alive",1,"Flowering",1,NA,"1",0,0,1,NA,0,0
2024,1,3782,0,"J","1",NA,20,0,NA,NA,"",NA,NA,NA,"3782_1","irrigated","alive",1,"Vegetative",0,NA,"1",0,0,1,1,52,1
2025,1,3782,0,"J","1",NA,16,0,NA,NA,"",NA,NA,NA,"3782_1","irrigated","alive",1,"Vegetative",0,NA,"0",NA,NA,NA,0,NA,NA
2026,1,3782,0,"J","0",NA,NA,NA,NA,NA,"NP, maybe senesced",NA,NA,NA,"3782_1","irrigated",NA,NA,NA,NA,NA,NA,NA,NA,NA,0,NA,NA
2020,6,3784,18,"F","1",NA,10.3,0,NA,2020,"",NA,NA,NA,"3784_6","irrigated","alive",1,"Vegetative",0,NA,"0",NA,NA,0,NA,NA,NA
2021,6,3784,18,"F","0",NA,NA,NA,NA,2020,"NP",NA,NA,NA,"3784_6","irrigated","dead",0,"Dead",NA,NA,NA,NA,NA,NA,0,NA,NA
2020,6,3785,15,"G","1",NA,12,0,NA,2020,"",NA,NA,NA,"3785_6","irrigated","alive",1,"Vegetative",0,NA,"1",0,0,1,NA,NA,NA
2021,6,3785,15,"G","1",NA,9.5,0,NA,2020,"",NA,NA,NA,"3785_6","irrigated","alive",1,"Vegetative",0,NA,"0",NA,NA,0,0,NA,NA
2022,6,3785,15,"G","0",NA,NA,NA,NA,2020,"NP",NA,NA,NA,"3785_6","irrigated","dead",0,"Dead",NA,NA,NA,NA,NA,NA,0,NA,NA
2020,4,3786,6,"H","1",NA,7,0,NA,2020,"",NA,NA,NA,"3786_4","irrigated","alive",1,"Vegetative",0,NA,"1",0,0,1,NA,NA,NA
2021,4,3786,6,"H","1",NA,10.5,0,NA,2020,"",NA,NA,NA,"3786_4","irrigated","alive",1,"Vegetative",0,NA,"3",0,0,1,0,NA,NA
2022,4,3786,6,"H","3",NA,19,0,NA,2020,"",NA,NA,NA,"3786_4","irrigated","alive",1,"Vegetative",0,NA,"3",1,1,1,0,NA,NA
2023,4,3786,6,"H","3",41,14,1,"6",2020,"",NA,NA,NA,"3786_4","irrigated","alive",1,"Flowering",1,NA,"3",0,0,1,0,16,1
2024,4,3786,6,"H","3",NA,20,0,NA,NA,"",NA,NA,NA,"3786_4","irrigated","alive",1,"Vegetative",0,NA,"2",0,0,1,1,NA,NA
2025,4,3786,6,"H","2",NA,23.5,0,NA,NA,"",NA,NA,NA,"3786_4","irrigated","alive",1,"Vegetative",0,NA,"4",1,1,1,0,NA,NA
2026,4,3786,6,"H","4",41,16,1,"3.5",NA,"",NA,NA,NA,"3786_4","irrigated","alive",1,"Flowering",1,NA,NA,NA,NA,NA,0,86,1
2020,4,3787,3,"G","1",NA,14.6,0,NA,2020,"",NA,NA,NA,"3787_4","irrigated","alive",1,"Vegetative",0,NA,"2",0,0,1,NA,NA,NA
2021,4,3787,3,"G","2",NA,14.5,0,NA,2020,"",NA,NA,NA,"3787_4","irrigated","alive",1,"Vegetative",0,NA,"3",1,1,1,0,NA,NA
2022,4,3787,3,"G","3",36.5,17,1,"4.5",2020,"",NA,NA,NA,"3787_4","irrigated","alive",1,"Flowering",1,NA,"1",1,1,1,0,86,1
2023,4,3787,3,"G","1",40,18,1,"4",2020,"",NA,NA,NA,"3787_4","irrigated","alive",1,"Flowering",1,NA,"1",0,0,1,1,14,1
2024,4,3787,3,"G","1",NA,12.5,0,NA,NA,"",NA,NA,NA,"3787_4","irrigated","alive",1,"Vegetative",0,NA,"1",0,0,1,1,NA,NA
2025,4,3787,3,"G","1",NA,19,0,NA,NA,"",NA,NA,NA,"3787_4","irrigated","alive",1,"Vegetative",0,NA,"4",1,1,1,0,NA,NA
2026,4,3787,3,"G","4",46,14,1,"6.5",NA,"",NA,NA,NA,"3787_4","irrigated","alive",1,"Flowering",1,NA,NA,NA,NA,NA,0,8,1
2020,5,3788,0,"F","1",NA,11.6,0,NA,2020,"",NA,NA,NA,"3788_5","drought","alive",1,"Vegetative",0,NA,"1",0,0,1,NA,NA,NA
2021,5,3788,0,"F","1",NA,14.5,0,NA,2020,"",NA,NA,NA,"3788_5","drought","alive",1,"Vegetative",0,NA,"4",1,1,1,0,NA,NA
2022,5,3788,0,"F","4",33.5,24,1,"4",2020,"",NA,NA,NA,"3788_5","drought","alive",1,"Flowering",1,NA,"4",2,1,1,0,128,1
2023,5,3788,0,"F","4",35,24,2,"5",2020,"",NA,NA,NA,"3788_5","drought","alive",1,"Flowering",1,NA,"2",1,1,1,1,0,0
2024,5,3788,0,"F","2",20,25,1,"2.5",NA,"leaf senesced",NA,NA,NA,"3788_5","drought","alive",1,"Flowering",1,NA,"3",1,1,1,1,0,0
2025,5,3788,0,"F","3",29,25,1,"5",NA,"",NA,NA,NA,"3788_5","drought","alive",1,"Flowering",1,NA,"4",3,1,1,1,18,1
2026,5,3788,0,"F","4",27,16.5,3,"6",NA,"",NA,NA,NA,"3788_5","drought","alive",1,"Flowering",1,NA,NA,NA,NA,NA,1,96,1
2017,6,3789,13,"A","1",13,13,0,NA,2017,"",NA,NA,NA,"3789_6","irrigated","alive",1,"Vegetative",0,NA,"1",0,0,1,NA,NA,NA
2018,6,3789,13,"A","1",10,10,0,NA,2017,"",NA,NA,NA,"3789_6","irrigated","alive",1,"Vegetative",0,NA,"1",0,0,1,0,NA,NA
2019,6,3789,13,"A","1",NA,19,0,NA,2017,"",NA,NA,NA,"3789_6","irrigated","alive",1,"Vegetative",0,NA,"1",0,0,1,0,NA,NA
2020,6,3789,13,"A","1",NA,15.7,0,NA,2017,"tag missing, new tag=3789",NA,NA,NA,"3789_6","irrigated","alive",1,"Vegetative",0,NA,"1",0,0,1,0,NA,NA
2021,6,3789,13,"A","1",NA,9,0,NA,2017,"",NA,NA,NA,"3789_6","irrigated","alive",1,"Vegetative",0,NA,"2",1,1,1,0,NA,NA
2022,6,3789,13,"A","2",38.5,16,1,"6",2017,"replaced with 3789. 3164 pulled (2021), so tag is 3789",NA,NA,NA,"3789_6","irrigated","alive",1,"Flowering",1,NA,"2",1,1,1,0,0,0
2023,6,3789,13,"A","2",33,19,1,"5.5",2017,"tag=3789. new flower? Not tracked for phenology.",NA,1,NA,"3789_6","irrigated","alive",1,"Flowering",1,NA,"1",1,1,1,1,NA,NA
2024,6,3789,13,"A","1",44.5,15,1,"9",NA,"tag is 3789",NA,NA,NA,"3789_6","irrigated","alive",1,"Flowering",1,NA,"0",NA,NA,1,1,120,1
2025,6,3789,13,"A","0",NA,NA,NA,NA,NA,"NP, tag is 3789",NA,1,NA,"3789_6","irrigated","dormant",1,"Dormant",NA,NA,"2",1,1,1,1,NA,NA
2026,6,3789,13,"A","2",24.5,19,1,"3.5",NA,"tag is 3789",NA,1,NA,"3789_6","irrigated","alive",1,"Flowering",1,NA,NA,NA,NA,NA,NA,0,0
2020,6,3790,5,"I","1",NA,6.1,0,NA,2020,"",NA,NA,NA,"3790_6","irrigated","alive",1,"Vegetative",0,NA,"2",0,0,1,NA,NA,NA
2021,6,3790,5,"I","2",NA,6,0,NA,2020,"",NA,NA,NA,"3790_6","irrigated","alive",1,"Vegetative",0,NA,"0",NA,NA,1,0,NA,NA
2022,6,3790,5,"I","0",NA,NA,NA,NA,2020,"NP",NA,NA,NA,"3790_6","irrigated","dormant",1,"Dormant",NA,NA,"1",0,0,1,0,NA,NA
2023,6,3790,5,"I","1",NA,11.5,0,NA,2020,"",NA,NA,NA,"3790_6","irrigated","alive",1,"Vegetative",0,NA,"3",2,1,1,NA,NA,NA
2024,6,3790,5,"I","3",23,18,2,"5.5",NA,"",NA,NA,NA,"3790_6","irrigated","alive",1,"Flowering",1,NA,"0",NA,NA,0,0,0,0
2025,6,3790,5,"I","0",NA,NA,NA,NA,NA,"NP",NA,NA,NA,"3790_6","irrigated","dead",0,"Dead",NA,NA,NA,NA,NA,NA,1,NA,NA
2020,6,3791,9,"J","2",NA,8.2,0,NA,2020,"",NA,NA,NA,"3791_6","irrigated","alive",1,"Vegetative",0,NA,"4",0,0,1,NA,NA,NA
2021,6,3791,9,"J","4",NA,15,0,NA,2020,"",NA,NA,NA,"3791_6","irrigated","alive",1,"Vegetative",0,NA,"0",NA,NA,1,0,NA,NA
2022,6,3791,9,"J","0",NA,NA,NA,NA,2020,"NP",NA,NA,NA,"3791_6","irrigated","dormant",1,"Dormant",NA,NA,"4",2,1,1,0,NA,NA
2023,6,3791,9,"J","4",27.5,25,2,"2.5",2020,"next to hose. Not in plot so no previous phenology.",NA,NA,NA,"3791_6","irrigated","alive",1,"Flowering",1,NA,"0",NA,NA,0,NA,NA,NA
2024,6,3791,9,"J","0",NA,NA,NA,NA,NA,"NP",NA,NA,NA,"3791_6","irrigated","dead",0,"Dead",NA,NA,NA,NA,NA,NA,1,0,0
2019,3,3793,0,"A","1",NA,16,0,NA,2019,"",NA,NA,NA,"3793_3","control","alive",1,"Vegetative",0,NA,"1",0,0,1,NA,NA,NA
2020,3,3793,0,"A","1",NA,7.8,0,NA,2019,"",NA,NA,NA,"3793_3","control","alive",1,"Vegetative",0,NA,"1",0,0,1,0,NA,NA
2021,3,3793,0,"A","1",NA,15,0,NA,2019,"",NA,NA,NA,"3793_3","control","alive",1,"Vegetative",0,NA,"0",NA,NA,0,0,NA,NA
2022,3,3793,0,"A","0",NA,NA,NA,NA,2019,"NP",NA,NA,NA,"3793_3","control","dead",0,"Dead",NA,NA,NA,NA,NA,NA,0,NA,NA
2020,7,3794,6,"I","1",NA,7.7,0,NA,2020,"",NA,NA,NA,"3794_7","drought","alive",1,"Vegetative",0,NA,"0",NA,NA,0,NA,NA,NA
2021,7,3794,6,"I","0",NA,NA,NA,NA,2020,"NP",NA,NA,NA,"3794_7","drought","dead",0,"Dead",NA,NA,NA,NA,NA,NA,0,NA,NA
2021,2,3795,18,"C","2",NA,16.5,0,NA,2021,"",NA,NA,NA,"3795_2","control","alive",1,"Vegetative",0,NA,"1",0,0,1,NA,NA,NA
2022,2,3795,18,"C","1",NA,16.5,0,NA,2021,"",NA,NA,NA,"3795_2","control","alive",1,"Vegetative",0,NA,"1",0,0,1,0,NA,NA
2023,2,3795,18,"C","1",NA,13,0,NA,2021,"",NA,NA,NA,"3795_2","control","alive",1,"Vegetative",0,NA,"0",NA,NA,0,0,NA,NA
2024,2,3795,18,"C","0",NA,NA,NA,NA,NA,"NP",NA,NA,NA,"3795_2","control","dead",0,"Dead",NA,NA,NA,NA,NA,NA,0,NA,NA
2019,3,3796,6,"E","1",NA,9,0,NA,2019,"",NA,NA,NA,"3796_3","control","alive",1,"Vegetative",0,NA,NA,NA,NA,1,NA,NA,NA
2020,3,3796,6,"E",NA,NA,NA,NA,NA,2019,"NPNT",NA,NA,NA,"3796_3","control",NA,1,NA,NA,NA,"1",0,0,1,0,NA,NA
2021,3,3796,6,"E","1",NA,10,0,NA,2019,"",NA,NA,NA,"3796_3","control","alive",1,"Vegetative",0,NA,"1",1,1,1,NA,NA,NA
2022,3,3796,6,"E","1",26.5,14.5,1,"4",2019,"",NA,NA,NA,"3796_3","control","alive",1,"Flowering",1,NA,"3",1,1,1,0,0,0
2023,3,3796,6,"E","3",33.5,20,1,"4",2019,"",NA,NA,NA,"3796_3","control","alive",1,"Flowering",1,NA,"4",2,1,1,1,0,0
2024,3,3796,6,"E","4",31,17.5,2,"8",NA,"phen green+gold umbels",NA,NA,NA,"3796_3","control","alive",1,"Flowering",1,NA,"2",1,1,1,1,46,1
2025,3,3796,6,"E","2",24,13,1,"2",NA,"",NA,NA,1,"3796_3","control","alive",1,"Flowering",1,NA,"0",NA,NA,NA,1,0,0
2026,3,3796,6,"E","0",NA,NA,NA,NA,NA,"NP",NA,NA,NA,"3796_3","control",NA,NA,NA,NA,NA,NA,NA,NA,NA,1,NA,NA
2019,3,3797,4,"I","1",NA,12,0,NA,2019,"",NA,NA,NA,"3797_3","control","alive",1,"Vegetative",0,NA,"1",0,0,1,NA,NA,NA
2020,3,3797,4,"I","1",NA,12.4,0,NA,2019,"",NA,NA,NA,"3797_3","control","alive",1,"Vegetative",0,NA,"3",1,1,1,0,NA,NA
2021,3,3797,4,"I","3",21.5,17,1,"2",2019,"",NA,NA,NA,"3797_3","control","alive",1,"Flowering",1,NA,"3",2,1,1,0,0,0
2022,3,3797,4,"I","3",39,18,2,"11",2019,"",NA,NA,NA,"3797_3","control","alive",1,"Flowering",1,NA,"3",2,1,1,1,248,1
2023,3,3797,4,"I","3",49,28.5,2,"10.5",2019,"",NA,NA,NA,"3797_3","control","alive",1,"Flowering",1,NA,"3",1,1,1,1,68,1
2024,3,3797,4,"I","3",52,25,1,"8.5",NA,"",NA,NA,NA,"3797_3","control","alive",1,"Flowering",1,NA,"4",2,1,1,1,0,0
2025,3,3797,4,"I","4",35,27,2,"4.5",NA,"",NA,NA,1,"3797_3","control","alive",1,"Flowering",1,NA,"0",NA,NA,NA,1,88,1
2026,3,3797,4,"I","0",NA,NA,NA,NA,NA,"NP",NA,NA,NA,"3797_3","control",NA,NA,NA,NA,NA,NA,NA,NA,NA,1,NA,NA
2019,3,3798,6,"E","1",NA,10,0,NA,2019,"",NA,NA,NA,"3798_3","control","alive",1,"Vegetative",0,NA,"2",0,0,1,NA,NA,NA
2020,3,3798,6,"E","2",NA,8.4,0,NA,2019,"",NA,NA,NA,"3798_3","control","alive",1,"Vegetative",0,NA,"2",0,0,1,0,NA,NA
2021,3,3798,6,"E","2",NA,14,0,NA,2019,"",NA,NA,NA,"3798_3","control","alive",1,"Vegetative",0,NA,"2",1,1,1,0,NA,NA
2022,3,3798,6,"E","2",25.5,11,1,"4",2019,"",NA,NA,NA,"3798_3","control","alive",1,"Flowering",1,NA,"1",0,0,1,0,0,0
2023,3,3798,6,"E","1",NA,7,0,NA,2019,"",NA,NA,NA,"3798_3","control","alive",1,"Vegetative",0,NA,"4",2,1,1,1,NA,NA
2024,3,3798,6,"E","4",35,17,2,"9",NA,"in phenology 3796 two plants; phen white+silver",NA,NA,NA,"3798_3","control","alive",1,"Flowering",1,NA,"1",1,1,1,0,NA,NA
2025,3,3798,6,"E","1",26,10.5,1,"4",NA,"",NA,NA,1,"3798_3","control","alive",1,"Flowering",1,NA,"0",NA,NA,NA,1,22,1
2026,3,3798,6,"E","0",NA,NA,NA,NA,NA,"NP",NA,NA,NA,"3798_3","control",NA,NA,NA,NA,NA,NA,NA,NA,NA,1,NA,NA
2019,3,3799,2,"D","3",NA,14,0,NA,2019,"",NA,NA,NA,"3799_3","control","alive",1,"Vegetative",0,NA,"1",0,0,1,NA,NA,NA
2020,3,3799,2,"D","1",NA,9.9,0,NA,2019,"",NA,NA,NA,"3799_3","control","alive",1,"Vegetative",0,NA,"1",0,0,1,0,NA,NA
2021,3,3799,2,"D","1",NA,15.5,0,NA,2019,"",NA,NA,NA,"3799_3","control","alive",1,"Vegetative",0,NA,"3",1,1,1,0,NA,NA
2022,3,3799,2,"D","3",47,23,1,"5",2019,"",NA,NA,NA,"3799_3","control","alive",1,"Flowering",1,NA,"2",1,1,1,0,170,1
2023,3,3799,2,"D","2",47,26.5,1,"6",2019,"",NA,NA,NA,"3799_3","control","alive",1,"Flowering",1,NA,"2",1,1,1,1,106,1
2024,3,3799,2,"D","2",36.5,20,1,"4.5",NA,"",NA,NA,NA,"3799_3","control","alive",1,"Flowering",1,NA,"2",1,1,1,1,0,0
2025,3,3799,2,"D","2",35,33,1,"5",NA,"in dactylis clump",NA,NA,1,"3799_3","control","alive",1,"Flowering",1,NA,"0",NA,NA,NA,1,24,1
2026,3,3799,2,"D","0",NA,NA,NA,NA,NA,"NP in dactylis",NA,NA,NA,"3799_3","control",NA,NA,NA,NA,NA,NA,NA,NA,NA,1,NA,NA
2016,15,3801,19,"E","1",15,15,0,NA,2016,"",NA,NA,NA,"3801_15","drought","alive",1,"Vegetative",0,NA,"1",0,0,1,NA,NA,NA
2017,15,3801,19,"E","1",16,16,0,NA,2016,"",NA,NA,NA,"3801_15","drought","alive",1,"Vegetative",0,NA,"0",NA,NA,0,0,NA,NA
2018,15,3801,19,"E","0",NA,NA,NA,NA,2016,"no plant",NA,NA,NA,"3801_15","drought","dead",0,"Dead",NA,NA,NA,NA,NA,NA,0,NA,NA
2017,5,3803,8,"A","3",9,9,1,"1.5",2017,"",NA,NA,NA,"3803_5","drought","alive",1,"Flowering",1,NA,"1",0,0,1,NA,NA,NA
2018,5,3803,8,"A","1",7,7,0,NA,2017,"",NA,NA,NA,"3803_5","drought","alive",1,"Vegetative",0,NA,"0",NA,NA,0,1,NA,NA
2019,5,3803,8,"A","0",NA,NA,NA,NA,2017,"no plant",NA,NA,NA,"3803_5","drought","dead",0,"Dead",NA,NA,NA,NA,NA,NA,0,NA,NA
2016,4,3805,0,"J","3",11.4,7.3,NA,NA,2016,"",NA,NA,NA,"3805_4","irrigated","alive",1,NA,NA,NA,"2",1,1,1,NA,NA,NA
2017,4,3805,0,"J","2",15,10.5,1,"2",2016,"",NA,NA,NA,"3805_4","irrigated","alive",1,"Flowering",1,NA,"1",0,0,1,NA,NA,NA
2018,4,3805,0,"J","1",10,10,0,NA,2016,"",NA,NA,NA,"3805_4","irrigated","alive",1,"Vegetative",0,NA,"0",NA,NA,1,1,NA,NA
2019,4,3805,0,"J","0",NA,NA,NA,NA,2016,"no plant",NA,NA,NA,"3805_4","irrigated","dormant",1,"Dormant",NA,NA,"1",0,0,1,0,NA,NA
2020,4,3805,0,"J","1",NA,11.5,0,NA,2016,"",NA,NA,NA,"3805_4","irrigated","alive",1,"Vegetative",0,NA,"0",NA,NA,0,NA,NA,NA
2021,4,3805,0,"J","0",NA,NA,NA,NA,2016,"NP",NA,NA,NA,"3805_4","irrigated","dead",0,"Dead",NA,NA,NA,NA,NA,NA,0,NA,NA
2021,5,3807,11,"H","1",NA,16,0,NA,2021,"",NA,NA,NA,"3807_5","drought","alive",1,"Vegetative",0,NA,"1",0,0,1,NA,NA,NA
2022,5,3807,11,"H","1",NA,15,0,NA,2021,"2021: NPNT, maybe new tag 5023 or 5036. 2022: Found, and is 5023. Need to move data for 5023 in 2021 to this one ",NA,1,NA,"3807_5","drought","alive",1,"Vegetative",0,NA,"3",2,1,1,0,NA,NA
2023,5,3807,11,"H","3",50,15,2,"7.5",2021,"1 umbel dead",NA,NA,NA,"3807_5","drought","alive",1,"Flowering",1,NA,"4",1,1,1,0,NA,NA
2024,5,3807,11,"H","4",32,13,1,"4",2021,"",NA,NA,NA,"3807_5","drought","alive",1,"Flowering",1,NA,"1",1,1,1,1,96,1
2025,5,3807,11,"H","1",18,16.5,1,"3",2021,"",NA,NA,NA,"3807_5","drought","alive",1,"Flowering",1,NA,"2",1,1,1,1,NA,NA
2026,5,3807,11,"H","2",14,14,1,"2.5",2021,"",NA,NA,NA,"3807_5","drought","alive",1,"Flowering",1,NA,NA,NA,NA,NA,1,0,0
2017,5,3807,11,"H","3",24,12.5,2,"2.5",2017,"",NA,NA,NA,"3807_5_senior","drought","alive",1,"Flowering",1,NA,"1",0,0,1,NA,NA,NA
2018,5,3807,11,"H","1",14,14,0,NA,2017,"",NA,NA,NA,"3807_5_senior","drought","alive",1,"Vegetative",0,NA,"0",NA,NA,0,1,NA,NA
2019,5,3807,11,"H","0",NA,NA,NA,NA,2017,"no plant",NA,NA,NA,"3807_5_senior","drought","dead",0,"Dead",NA,NA,NA,NA,NA,NA,0,NA,NA
2017,5,3810,8,"B","2",17.5,8,2,"2.5",2017,"",NA,NA,NA,"3810_5","drought","alive",1,"Flowering",1,NA,"1",0,0,1,NA,NA,NA
2018,5,3810,8,"B","1",12,12,0,NA,2017,"",NA,NA,NA,"3810_5","drought","alive",1,"Vegetative",0,NA,"1",0,0,1,1,NA,NA
2019,5,3810,8,"B","1",NA,12,0,NA,2017,"",NA,NA,NA,"3810_5","drought","alive",1,"Vegetative",0,NA,"2",0,0,1,0,NA,NA
2020,5,3810,8,"B","2",NA,14.2,0,NA,2017,"",NA,NA,NA,"3810_5","drought","alive",1,"Vegetative",0,NA,"2",1,1,1,0,NA,NA
2021,5,3810,8,"B","2",NA,12.5,1,NA,2017,"",NA,NA,NA,"3810_5","drought","alive",1,"Flowering",1,NA,"6",4,1,1,0,0,0
2022,5,3810,8,"B","6",35.5,17,4,"10.5",2017,"",NA,NA,NA,"3810_5","drought","alive",1,"Flowering",1,NA,"5",4,1,1,1,98,1
2023,5,3810,8,"B","5",37,17,4,"15",2017,"",NA,NA,NA,"3810_5","drought","alive",1,"Flowering",1,NA,"3",2,1,1,1,16,1
2024,5,3810,8,"B","3",22,11,2,"4",NA,"",NA,NA,NA,"3810_5","drought","alive",1,"Flowering",1,NA,"4",0,0,1,1,12,1
2025,5,3810,8,"B","4",NA,10,0,NA,NA,"",NA,NA,NA,"3810_5","drought","alive",1,"Vegetative",0,NA,"2",1,1,1,1,NA,NA
2026,5,3810,8,"B","2",10.5,13,1,"2",NA,"",NA,NA,NA,"3810_5","drought","alive",1,"Flowering",1,NA,NA,NA,NA,NA,0,0,0
2017,5,3811,16,"J","3",19,10,2,"2.5",2017,"",NA,NA,NA,"3811_5","drought","alive",1,"Flowering",1,NA,"1",1,1,1,NA,NA,NA
2018,5,3811,16,"J","1",16,11,1,"2.5",2017,"",NA,NA,NA,"3811_5","drought","alive",1,"Flowering",1,NA,"1",0,0,1,1,NA,NA
2019,5,3811,16,"J","1",NA,10.5,0,NA,2017,"dead and dried out",NA,NA,NA,"3811_5","drought","alive",1,"Vegetative",0,NA,NA,NA,NA,1,1,NA,NA
2020,5,3811,16,"J",NA,NA,NA,NA,NA,2017,"NS",NA,NA,NA,"3811_5","drought",NA,1,NA,NA,NA,"0",NA,NA,1,0,NA,NA
2021,5,3811,16,"J","0",NA,NA,NA,NA,2017,"NP",NA,NA,NA,"3811_5","drought","dormant",1,"Dormant",NA,NA,"2",1,1,1,NA,NA,NA
2022,5,3811,16,"J","2",27,13,1,"3",2017,"",NA,NA,NA,"3811_5","drought","alive",1,"Flowering",1,NA,"3",1,1,1,NA,0,0
2023,5,3811,16,"J","3",30,12,1,"4",2017,"stalk out of ground, no seeds",NA,NA,NA,"3811_5","drought","alive",1,"Flowering",1,NA,"5",2,1,1,1,NA,NA
2024,5,3811,16,"J","5",34.5,15.5,2,"7.5",NA,"",NA,NA,NA,"3811_5","drought","alive",1,"Flowering",1,NA,"1",1,1,1,1,64,1
2025,5,3811,16,"J","1",22,14,1,"3",NA,"",NA,NA,NA,"3811_5","drought","alive",1,"Flowering",1,NA,"2",0,0,1,1,NA,NA
2026,5,3811,16,"J","2",NA,21,0,NA,NA,"",NA,NA,NA,"3811_5","drought","alive",1,"Vegetative",0,NA,NA,NA,NA,NA,1,NA,NA
2021,4,3812,1,"D","1",NA,15,0,NA,2021,"",NA,NA,NA,"3812_4","irrigated","alive",1,"Vegetative",0,NA,"1",0,0,1,NA,NA,NA
2022,4,3812,1,"D","1",NA,15,0,NA,2021,"",NA,NA,NA,"3812_4","irrigated","alive",1,"Vegetative",0,NA,"1",0,0,1,0,NA,NA
2023,4,3812,1,"D","1",NA,5,0,NA,2021,"",NA,NA,NA,"3812_4","irrigated","alive",1,"Vegetative",0,NA,"1",0,0,1,0,NA,NA
2024,4,3812,1,"D","1",NA,12,0,NA,2021,"",NA,NA,NA,"3812_4","irrigated","alive",1,"Vegetative",0,NA,"0",NA,NA,0,0,NA,NA
2025,4,3812,1,"D","0",NA,NA,NA,NA,2021,"NP",NA,NA,NA,"3812_4","irrigated","dead",0,"Dead",NA,NA,NA,NA,NA,NA,0,NA,NA
2017,4,3812,1,"D","1",11.5,11.5,0,NA,2017,"",NA,NA,NA,"3812_4_senior","irrigated","alive",1,"Vegetative",0,NA,"1",0,0,1,NA,NA,NA
2018,4,3812,1,"D","1",6.5,6.5,0,NA,2017,"",NA,NA,NA,"3812_4_senior","irrigated","alive",1,"Vegetative",0,NA,"0",NA,NA,0,0,NA,NA
2019,4,3812,1,"D","0",NA,NA,NA,NA,2017,"no plant",NA,NA,NA,"3812_4_senior","irrigated","dead",0,"Dead",NA,NA,NA,NA,NA,NA,0,NA,NA
2021,15,3813,14,"B","2",NA,8.5,0,NA,2021,"",NA,NA,NA,"3813_15","drought","alive",1,"Vegetative",0,NA,"5",1,1,1,NA,NA,NA
2022,15,3813,14,"B","5",42,18,1,"7.5",2021,"Tag says 3813",NA,NA,NA,"3813_15","drought","alive",1,"Flowering",1,NA,"7",5,1,1,0,70,1
2023,15,3813,14,"B","7",41,11,5,"21",2021,"tag says 3813. 1 umbel dead",NA,1,NA,"3813_15","drought","alive",1,"Flowering",1,NA,"5",3,1,1,1,150,1
2024,15,3813,14,"B","5",35,13.5,3,"10.5",NA,"tag is 3813 not 3831",NA,NA,NA,"3813_15","drought","alive",1,"Flowering",1,NA,"2",2,1,1,1,48,1
2025,15,3813,14,"B","2",17,10,2,"3.5",NA,"tag is 3813 not 3831",NA,1,NA,"3813_15","drought","alive",1,"Flowering",1,NA,"3",0,0,1,1,0,0
2026,15,3813,14,"B","3",NA,17.5,0,NA,NA,"",NA,NA,NA,"3813_15","drought","alive",1,"Vegetative",0,NA,NA,NA,NA,NA,1,NA,NA
2017,1,3814,0,"J","3",18.5,6.5,1,"4.5",2017,"",NA,NA,NA,"3814_1","irrigated","alive",1,"Flowering",1,NA,"3",1,1,1,NA,NA,NA
2018,1,3814,0,"J","3",8,11.5,1,"1.4",2017,"",NA,NA,NA,"3814_1","irrigated","alive",1,"Flowering",1,NA,"2",0,0,1,1,NA,NA
2019,1,3814,0,"J","2",NA,10.5,0,NA,2017,"one leaf partially eaten",NA,NA,NA,"3814_1","irrigated","alive",1,"Vegetative",0,NA,"1",0,0,1,1,NA,NA
2020,1,3814,0,"J","1",NA,12.2,0,NA,2017,"new tag: 3782",NA,NA,NA,"3814_1","irrigated","alive",1,"Vegetative",0,NA,"2",2,1,1,0,NA,NA
2021,1,3814,0,"J","2",17,15,2,"3.5",2017,"TAG IS 3782",NA,NA,NA,"3814_1","irrigated","alive",1,"Flowering",1,NA,"1",2,1,1,0,0,0
2022,1,3814,0,"J","1",29,14,2,NA,2017,"Tag is 3782",NA,NA,NA,"3814_1","irrigated","alive",1,"Flowering",1,NA,"3",2,1,1,1,54,1
2022,1,3814,0,"J","1",29,14,2,NA,2017,"Tag is 3782",NA,NA,NA,"3814_1","irrigated","alive",1,"Flowering",1,NA,"3",2,1,1,1,0,0
2023,1,3814,0,"J","3",23,15,2,"4.5",2017,"In 2021, said tag was 3782, but found both tags this year! 3782 entered on new tags sheet, but is NOT new",NA,1,NA,"3814_1","irrigated","alive",1,"Flowering",1,NA,"4",2,1,1,1,0,0
2024,1,3814,0,"J","4",3.5,14,2,"9",NA,"recorded as 3782 in phen",NA,NA,NA,"3814_1","irrigated","alive",1,"Flowering",1,NA,"1",0,0,1,1,NA,NA
2025,1,3814,0,"J","1",NA,19,0,NA,NA,"next to 3782",NA,NA,NA,"3814_1","irrigated","alive",1,"Vegetative",0,NA,"1",0,0,1,1,NA,NA
2026,1,3814,0,"J","1",NA,14,0,NA,NA,"next to 3782",NA,NA,NA,"3814_1","irrigated","alive",1,"Vegetative",0,NA,NA,NA,NA,NA,0,NA,NA
2021,12,3815,13,"H","1",NA,11,0,NA,2021,"new tag for 3423",NA,NA,NA,"3815_12","irrigated","alive",1,"Vegetative",0,NA,"0",NA,NA,1,NA,NA,NA
2022,12,3815,13,"H","0",NA,NA,NA,NA,2021,"NP. was a new tag for 3423 but 3815 and 3423 are different plants, not close to each other. 3815 = also NP",NA,1,NA,"3815_12","irrigated","dormant",1,"Dormant",NA,NA,"1",0,0,1,0,NA,NA
2023,12,3815,13,"H","1",NA,10,0,NA,2021,"",NA,NA,NA,"3815_12","irrigated","alive",1,"Vegetative",0,NA,NA,NA,NA,0,NA,NA,NA
2024,12,3815,13,"H",NA,NA,NA,NA,NA,NA,"NPNT",NA,NA,NA,"3815_12","irrigated","dead",0,"Dead",NA,NA,NA,NA,NA,NA,0,NA,NA
2019,14,3816,6,"G","3",34,15,1,"5.5",2019,"",NA,NA,NA,"3816_14","drought","alive",1,"Flowering",1,NA,"2",0,0,1,NA,NA,NA
2020,14,3816,6,"G","2",NA,20.4,0,NA,2019,"",NA,NA,NA,"3816_14","drought","alive",1,"Vegetative",0,NA,"3",0,0,1,1,NA,NA
2021,14,3816,6,"G","3",NA,26,0,NA,2019,"",NA,NA,NA,"3816_14","drought","alive",1,"Vegetative",0,NA,"2",1,1,1,0,NA,NA
2022,14,3816,6,"G","2",47,20,1,"8",2019,"",NA,NA,NA,"3816_14","drought","alive",1,"Flowering",1,NA,"2",1,1,1,0,26,1
2023,14,3816,6,"G","2",50,16,1,"11.5",2019,"",NA,NA,NA,"3816_14","drought","alive",1,"Flowering",1,NA,"1",0,0,1,1,66,1
2024,14,3816,6,"G","1",NA,24,0,NA,NA,"",NA,NA,NA,"3816_14","drought","alive",1,"Vegetative",0,NA,"1",0,0,1,1,NA,NA
2025,14,3816,6,"G","1",NA,22,0,NA,NA,"",NA,NA,NA,"3816_14","drought","alive",1,"Vegetative",0,NA,"0",NA,NA,NA,0,NA,NA
2026,14,3816,6,"G","0",NA,NA,NA,NA,NA,"NP",NA,NA,NA,"3816_14","drought",NA,NA,NA,NA,NA,NA,NA,NA,NA,0,NA,NA
2016,15,3816,1,"A","3",14,14,0,NA,2016,"",NA,NA,NA,"3816_15","drought","alive",1,"Vegetative",0,NA,NA,NA,NA,NA,NA,NA,NA
2017,5,3817,17,"H","3",18,10.5,2,"3.5",2017,"",NA,NA,NA,"3817_5","drought","alive",1,"Flowering",1,NA,"1",0,0,1,NA,NA,NA
2018,5,3817,17,"H","1",10.5,10.5,0,NA,2017,"",NA,NA,NA,"3817_5","drought","alive",1,"Vegetative",0,NA,"1",0,0,1,1,NA,NA
2019,5,3817,17,"H","1",NA,12.5,0,NA,2017,"",NA,NA,NA,"3817_5","drought","alive",1,"Vegetative",0,NA,NA,NA,NA,1,0,NA,NA
2020,5,3817,17,"H",NA,NA,NA,NA,NA,2017,"NS",NA,NA,NA,"3817_5","drought",NA,1,NA,NA,NA,"1",0,0,1,0,NA,NA
2021,5,3817,17,"H","1",NA,14,0,NA,2017,"",NA,NA,NA,"3817_5","drought","alive",1,"Vegetative",0,NA,"1",0,0,1,NA,NA,NA
2022,5,3817,17,"H","1",NA,21,0,NA,2017,"",NA,NA,NA,"3817_5","drought","alive",1,"Vegetative",0,NA,"5",3,1,1,0,NA,NA
2023,5,3817,17,"H","5",38,20,3,"19",2017,"",NA,NA,NA,"3817_5","drought","alive",1,"Flowering",1,NA,"2",1,1,1,0,NA,NA
2024,5,3817,17,"H","2",22.5,15,1,"3",NA,"",NA,NA,NA,"3817_5","drought","alive",1,"Flowering",1,NA,"2",1,1,1,1,0,0
2025,5,3817,17,"H","2",16,13,1,"3",NA,"umble broken off, no seeds",NA,NA,NA,"3817_5","drought","alive",1,"Flowering",1,NA,"2",0,0,1,1,NA,NA
2026,5,3817,17,"H","2",NA,15,0,NA,NA,"",NA,NA,NA,"3817_5","drought","alive",1,"Vegetative",0,NA,NA,NA,NA,NA,1,NA,NA
2017,15,3818,1,"A","2",23,12,1,"4",2016,"",NA,NA,NA,"3818_15","drought","alive",1,"Flowering",1,NA,"7",2,1,1,NA,NA,NA
2018,15,3818,1,"A","7",14,6.5,2,"1.7",2016,"",NA,NA,NA,"3818_15","drought","alive",1,"Flowering",1,NA,"5",3,1,1,1,NA,NA
2019,15,3818,1,"A","5",27.5,11.5,3,"4.5",2016,"",NA,NA,NA,"3818_15","drought","alive",1,"Flowering",1,NA,"1",0,0,1,1,NA,NA
2020,15,3818,1,"A","1",NA,9.3,0,NA,2016,"",NA,NA,NA,"3818_15","drought","alive",1,"Vegetative",0,NA,"1",0,0,1,1,NA,NA
2021,15,3818,1,"A","1",NA,8.5,0,NA,2016,"",NA,NA,NA,"3818_15","drought","alive",1,"Vegetative",0,NA,"10",5,1,1,0,NA,NA
2022,15,3818,1,"A","10",36,16.5,5,"21",2016,"",NA,NA,NA,"3818_15","drought","alive",1,"Flowering",1,NA,"9",5,1,1,0,282,1
2023,15,3818,1,"A","9",37,17,5,"18",2016,"1 umbel dead",NA,NA,NA,"3818_15","drought","alive",1,"Flowering",1,NA,"6",6,1,1,1,NA,NA
2024,15,3818,1,"A","6",23.5,15,6,"14.5",NA,"one umbel dead unmeasured",NA,NA,NA,"3818_15","drought","alive",1,"Flowering",1,NA,"4",1,1,1,1,76,1
2025,15,3818,1,"A","4",10,8.5,1,"1",NA,"",NA,NA,NA,"3818_15","drought","alive",1,"Flowering",1,NA,"3",1,1,1,1,NA,NA
2026,15,3818,1,"A","3",8.5,12,1,"2",NA,"",NA,NA,NA,"3818_15","drought","alive",1,"Flowering",1,NA,NA,NA,NA,NA,1,0,0
2021,5,3820,3,"C","1",NA,15,0,NA,2021,"",NA,NA,NA,"3820_5","drought","alive",1,"Vegetative",0,NA,"3",1,1,1,NA,NA,NA
2022,5,3820,3,"C","3",26,21,1,"4",2021,"",NA,NA,NA,"3820_5","drought","alive",1,"Flowering",1,NA,"3",2,1,1,0,11,1
2023,5,3820,3,"C","3",30,19,2,"12",2021,"",NA,NA,NA,"3820_5","drought","alive",1,"Flowering",1,NA,"3",2,1,1,1,10,1
2024,5,3820,3,"C","3",29,15,2,"5.5",2021,"",NA,NA,NA,"3820_5","drought","alive",1,"Flowering",1,NA,"2",0,0,1,1,0,0
2025,5,3820,3,"C","2",NA,18,0,NA,2021,"dry",NA,NA,NA,"3820_5","drought","alive",1,"Vegetative",0,NA,"2",1,1,1,1,NA,NA
2026,5,3820,3,"C","2",13,9,1,"2",2021,"",NA,NA,NA,"3820_5","drought","alive",1,"Flowering",1,NA,NA,NA,NA,NA,0,0,0
2017,5,3820,3,"C","3",20,11,2,"2.5",2017,"",NA,NA,NA,"3820_5_senior","drought","alive",1,"Flowering",1,NA,"2",1,1,1,NA,NA,NA
2018,5,3820,3,"C","2",14.5,14.5,1,"1.5",2017,"",NA,NA,NA,"3820_5_senior","drought","alive",1,"Flowering",1,NA,"0",NA,NA,0,1,NA,NA
2019,5,3820,3,"C","0",NA,NA,NA,NA,2017,"no plant",NA,NA,NA,"3820_5_senior","drought","dead",0,"Dead",NA,NA,NA,NA,NA,NA,1,NA,NA
2017,1,3821,4,"A","4",21.5,24,1,"1.5",2017,"",NA,NA,NA,"3821_1","irrigated","alive",1,"Flowering",1,NA,"2",1,1,1,NA,NA,NA
2018,1,3821,4,"A","2",13.5,16,1,"29",2017,"",NA,NA,NA,"3821_1","irrigated","alive",1,"Flowering",1,NA,"2",1,1,1,1,NA,NA
2019,1,3821,4,"A","2",15,12,1,"3.5",2017,"",NA,NA,NA,"3821_1","irrigated","alive",1,"Flowering",1,NA,"3",2,1,1,1,NA,NA
2020,1,3821,4,"A","3",34.5,14.5,2,"6.9",2017,"",NA,NA,NA,"3821_1","irrigated","alive",1,"Flowering",1,NA,"4",2,1,1,1,NA,NA
2021,1,3821,4,"A","4",37,17,2,"8",2017,"",NA,NA,NA,"3821_1","irrigated","alive",1,"Flowering",1,NA,"5",3,1,1,1,136,1
2022,1,3821,4,"A","5",50.5,22,3,"14.5",2017,"",NA,NA,NA,"3821_1","irrigated","alive",1,"Flowering",1,NA,"2",2,1,1,1,50,1
2023,1,3821,4,"A","2",32,17,2,"7",2017,"not on pehnology sheet",NA,NA,NA,"3821_1","irrigated","alive",1,"Flowering",1,NA,"3",2,1,1,1,NA,NA
2024,1,3821,4,"A","3",27,17.5,2,"6",NA,"not in phen because on boundary",NA,NA,NA,"3821_1","irrigated","alive",1,"Flowering",1,NA,NA,NA,NA,1,1,NA,NA
2025,1,3821,4,"A",NA,NA,NA,NA,NA,NA,"NPNT. Note '24: on boundary",NA,NA,NA,"3821_1","irrigated",NA,1,NA,NA,NA,"2",1,1,1,1,NA,NA
2026,1,3821,4,"A","2",21,20,1,NA,NA,"on plot edge. umbel chewed",NA,NA,NA,"3821_1","irrigated","alive",1,"Flowering",1,NA,NA,NA,NA,NA,NA,0,0
2016,13,3823,18,"G","1",4.1,4.1,0,NA,2016,"",NA,NA,NA,"3823_13","control","alive",1,"Vegetative",0,NA,"1",0,0,1,NA,NA,NA
2017,13,3823,18,"G","1",4.5,4.5,0,NA,2016,"",NA,NA,NA,"3823_13","control","alive",1,"Vegetative",0,NA,"1",0,0,1,0,NA,NA
2018,13,3823,18,"G","1",12,10,0,NA,2016,"",NA,NA,NA,"3823_13","control","alive",1,"Vegetative",0,NA,"2",1,1,1,0,NA,NA
2019,13,3823,18,"G","2",9,11,1,"2",2016,"",NA,NA,NA,"3823_13","control","alive",1,"Flowering",1,NA,NA,NA,NA,NA,0,NA,NA
2020,13,3823,18,"G",NA,NA,NA,NA,NA,2016,"NS",NA,NA,NA,"3823_13","control",NA,NA,NA,NA,NA,"0",NA,NA,0,1,NA,NA
2021,13,3823,18,"G","0",NA,NA,NA,NA,2016,"NP",NA,NA,NA,"3823_13","control","dead",0,"Dead",NA,NA,NA,NA,NA,NA,NA,NA,NA
2016,6,3825,12,"C","4",14,4.5,0,NA,2016,"",NA,NA,NA,"3825_6","irrigated","alive",1,"Vegetative",0,NA,"3",0,0,1,NA,NA,NA
2017,6,3825,12,"C","3",21.5,21.5,0,NA,2016,"",NA,NA,NA,"3825_6","irrigated","alive",1,"Vegetative",0,NA,"1",0,0,1,0,NA,NA
2018,6,3825,12,"C","1",16,16,0,NA,2016,"",NA,NA,NA,"3825_6","irrigated","alive",1,"Vegetative",0,NA,"2",1,1,1,0,NA,NA
2019,6,3825,12,"C","2",20,15,1,"4",2016,"",NA,NA,NA,"3825_6","irrigated","alive",1,"Flowering",1,NA,NA,NA,NA,NA,0,NA,NA
2020,6,3825,12,"C",NA,NA,NA,NA,NA,2016,"NPNT",NA,NA,NA,"3825_6","irrigated",NA,NA,NA,NA,NA,NA,NA,NA,0,1,NA,NA
2021,6,3825,12,"C",NA,NA,NA,NA,NA,2016,"NPNT",NA,NA,NA,"3825_6","irrigated","dead",0,"Dead",NA,NA,NA,NA,NA,NA,NA,NA,NA
2016,13,3826,5,"A","1",9,1.1,2,"2.2",2016,"Top eaten, only 1 leaf remaining",NA,NA,NA,"3826_13","control","alive",1,"Flowering",1,NA,"4",2,1,1,NA,NA,NA
2017,13,3826,5,"A","4",15,11.5,2,"2.5",2016,"",NA,NA,NA,"3826_13","control","alive",1,"Flowering",1,NA,"1",0,0,1,1,NA,NA
2018,13,3826,5,"A","1",10,10,0,NA,2016,"",NA,NA,NA,"3826_13","control","alive",1,"Vegetative",0,NA,"1",0,0,1,1,NA,NA
2019,13,3826,5,"A","1",NA,10,0,NA,2016,"",NA,NA,NA,"3826_13","control","alive",1,"Vegetative",0,NA,"2",0,0,1,0,NA,NA
2020,13,3826,5,"A","2",NA,10.8,0,NA,2016,"",NA,NA,NA,"3826_13","control","alive",1,"Vegetative",0,NA,"4",1,1,1,0,NA,NA
2021,13,3826,5,"A","4",14,12,1,"2",2016,"",NA,NA,NA,"3826_13","control","alive",1,"Flowering",1,NA,"3",2,1,1,0,4,1
2022,13,3826,5,"A","3",37,15,2,"9",2016,"",NA,NA,NA,"3826_13","control","alive",1,"Flowering",1,NA,"5",3,1,1,1,164,1
2023,13,3826,5,"A","5",25.5,12,3,"7",2016,"1 umbel dead",NA,NA,NA,"3826_13","control","alive",1,"Flowering",1,NA,"6",2,1,1,1,54,1
2024,13,3826,5,"A","6",21.5,9.5,2,"5",NA,"",NA,NA,NA,"3826_13","control","alive",1,"Flowering",1,NA,"2",1,1,1,1,32,1
2025,13,3826,5,"A","2",10,13.5,1,"2",NA,"",NA,NA,NA,"3826_13","control","alive",1,"Flowering",1,NA,"3",1,1,1,1,0,0
2026,13,3826,5,"A","3",16,14.5,1,"2",NA,"",NA,NA,NA,"3826_13","control","alive",1,"Flowering",1,NA,NA,NA,NA,NA,1,0,0
2017,5,3827,11,"C","4",13,12,2,"3",2017,"",NA,NA,NA,"3827_5","drought","alive",1,"Flowering",1,NA,"0",NA,NA,0,NA,NA,NA
2018,5,3827,11,"C","0",NA,NA,NA,NA,2017,"no plant",NA,NA,NA,"3827_5","drought","dead",0,"Dead",NA,NA,NA,NA,NA,NA,1,NA,NA
2019,14,3829,19,"D","1",NA,8,0,NA,2019,"",NA,NA,NA,"3829_14","drought","alive",1,"Vegetative",0,NA,NA,NA,NA,1,NA,NA,NA
2020,14,3829,19,"D",NA,NA,NA,NA,NA,2019,"NS",NA,NA,NA,"3829_14","drought",NA,1,NA,NA,NA,"1",0,0,1,0,NA,NA
2021,14,3829,19,"D","1",NA,12,0,NA,2019,"",NA,NA,NA,"3829_14","drought","alive",1,"Vegetative",0,NA,"2",1,1,1,NA,NA,NA
2022,14,3829,19,"D","2",28,15,1,"5.5",2019,"outside of plot",NA,NA,NA,"3829_14","drought","alive",1,"Flowering",1,NA,"1",0,0,1,0,48,1
2023,14,3829,19,"D","1",NA,13,0,NA,2019,"outside of plot",NA,NA,NA,"3829_14","drought","alive",1,"Vegetative",0,NA,"3",1,1,1,1,NA,NA
2024,14,3829,19,"D","3",18,14.5,1,"1.5",NA,"not in phen b/c outside plot",NA,NA,NA,"3829_14","drought","alive",1,"Flowering",1,NA,"1",0,0,1,0,NA,NA
2025,14,3829,19,"D","1",NA,18.5,0,NA,NA,"outside plot",NA,NA,NA,"3829_14","drought","alive",1,"Vegetative",0,NA,"2",0,0,1,1,NA,NA
2026,14,3829,19,"D","2",NA,18,0,NA,NA,"",NA,NA,NA,"3829_14","drought","alive",1,"Vegetative",0,NA,NA,NA,NA,NA,0,NA,NA
2016,13,3830,18,"C","3",10.5,5,0,NA,2016,"",NA,NA,NA,"3830_13","control","alive",1,"Vegetative",0,NA,"1",0,0,1,NA,NA,NA
2017,13,3830,18,"C","1",11,11,0,NA,2016,"",NA,NA,NA,"3830_13","control","alive",1,"Vegetative",0,NA,"0",NA,NA,1,0,NA,NA
2018,13,3830,18,"C","0",NA,NA,NA,NA,2016,"no plant",NA,NA,NA,"3830_13","control","dormant",1,"Dormant",NA,NA,"2",0,0,1,0,NA,NA
2019,13,3830,18,"C","2",NA,12.5,0,NA,2016,"",NA,NA,NA,"3830_13","control","alive",1,"Vegetative",0,NA,NA,NA,NA,1,NA,NA,NA
2020,13,3830,18,"C",NA,NA,NA,NA,NA,2016,"NS",NA,NA,NA,"3830_13","control",NA,1,NA,NA,NA,"1",0,0,1,0,NA,NA
2021,13,3830,18,"C","1",NA,7.5,0,NA,2016,"",NA,NA,NA,"3830_13","control","alive",1,"Vegetative",0,NA,"0",NA,NA,0,NA,NA,NA
2022,13,3830,18,"C","0",NA,NA,NA,NA,2016,"NP",NA,NA,NA,"3830_13","control","dead",0,"Dead",NA,NA,NA,NA,NA,NA,0,NA,NA
2017,3,3831,4,"B","1",23,10,1,"3",2017,"",NA,NA,NA,"3831_3","control","alive",1,"Flowering",1,NA,"2",0,0,1,NA,NA,NA
2018,3,3831,4,"B","2",18,18,0,NA,2017,"",NA,NA,NA,"3831_3","control","alive",1,"Vegetative",0,NA,"2",1,1,1,1,NA,NA
2019,3,3831,4,"B","2",31,20,1,"4",2017,"",NA,NA,NA,"3831_3","control","alive",1,"Flowering",1,NA,"1",1,1,1,0,NA,NA
2020,3,3831,4,"B","1",14.5,15.6,1,"2.6",2017,"",NA,NA,NA,"3831_3","control","alive",1,"Flowering",1,NA,"2",0,0,1,1,NA,NA
2021,3,3831,4,"B","2",NA,22,0,NA,2017,"",NA,NA,NA,"3831_3","control","alive",1,"Vegetative",0,NA,"2",0,0,1,1,NA,NA
2022,3,3831,4,"B","2",NA,29.5,0,NA,2017,"",NA,NA,NA,"3831_3","control","alive",1,"Vegetative",0,NA,"3",2,1,1,0,NA,NA
2023,3,3831,4,"B","3",42.5,20,2,"9",2017,"",NA,NA,NA,"3831_3","control","alive",1,"Flowering",1,NA,"2",1,1,1,0,0,0
2024,3,3831,4,"B","2",30,21,1,"4",NA,"",NA,NA,NA,"3831_3","control","alive",1,"Flowering",1,NA,"1",1,1,1,1,2,1
2025,3,3831,4,"B","1",20,25,1,"3",NA,"",NA,NA,1,"3831_3","control","alive",1,"Flowering",1,NA,"0",NA,NA,NA,1,0,0
2026,3,3831,4,"B","0",NA,NA,NA,NA,NA,"NP",NA,NA,NA,"3831_3","control",NA,NA,NA,NA,NA,NA,NA,NA,NA,1,NA,NA
2016,15,3832,8,"H","4",18,10.7,1,"1",2016,"",NA,NA,NA,"3832_15","drought","alive",1,"Flowering",1,NA,"5",2,1,1,NA,NA,NA
2017,15,3832,8,"H","5",24,13.5,2,"2.5",2016,"",NA,NA,NA,"3832_15","drought","alive",1,"Flowering",1,NA,"2",0,0,1,1,NA,NA
2018,15,3832,8,"H","2",13,13,0,NA,2016,"",NA,NA,NA,"3832_15","drought","alive",1,"Vegetative",0,NA,"1",1,1,1,1,NA,NA
2019,15,3832,8,"H","1",13,11,1,"2",2016,"",NA,NA,NA,"3832_15","drought","alive",1,"Flowering",1,NA,"0",NA,NA,0,0,NA,NA
2020,15,3832,8,"H","0",NA,NA,NA,NA,2016,"no plant",NA,NA,NA,"3832_15","drought","dead",0,"Dead",NA,NA,NA,NA,NA,NA,1,NA,NA
2016,5,3833,16,"B","3",11.5,7,0,NA,2016,"",NA,NA,NA,"3833_5","drought","alive",1,"Vegetative",0,NA,"2",1,1,1,NA,NA,NA
2017,5,3833,16,"B","2",23,10,1,"3",2016,"",NA,NA,NA,"3833_5","drought","alive",1,"Flowering",1,NA,"1",0,0,1,0,NA,NA
2018,5,3833,16,"B","1",8.5,8.5,0,NA,2016,"",NA,NA,NA,"3833_5","drought","alive",1,"Vegetative",0,NA,"1",0,0,1,1,NA,NA
2019,5,3833,16,"B","1",NA,10.5,0,NA,2016,"",NA,NA,NA,"3833_5","drought","alive",1,"Vegetative",0,NA,NA,NA,NA,1,0,NA,NA
2020,5,3833,16,"B",NA,NA,NA,NA,NA,2016,"NS",NA,NA,NA,"3833_5","drought",NA,1,NA,NA,NA,"3",1,1,1,0,NA,NA
2021,5,3833,16,"B","3",18,14,1,"4",2016,"",NA,NA,NA,"3833_5","drought","alive",1,"Flowering",1,NA,"4",2,1,1,NA,17,1
2022,5,3833,16,"B","4",22,18,2,"7",2016,"",NA,NA,NA,"3833_5","drought","alive",1,"Flowering",1,NA,"2",1,1,1,1,80,1
2023,5,3833,16,"B","2",36,17,1,"7",2016,"",NA,NA,NA,"3833_5","drought","alive",1,"Flowering",1,NA,"4",2,1,1,1,NA,NA
2024,5,3833,16,"B","4",28,13.5,2,"7",NA,"",NA,NA,NA,"3833_5","drought","alive",1,"Flowering",1,NA,"2",1,1,1,1,38,1
2025,5,3833,16,"B","2",8.5,13,1,"2.5",NA,"",NA,NA,NA,"3833_5","drought","alive",1,"Flowering",1,NA,"4",3,1,1,1,NA,NA
2026,5,3833,16,"B","4",21,18,3,"8",NA,"",NA,NA,NA,"3833_5","drought","alive",1,"Flowering",1,NA,NA,NA,NA,NA,1,22,1
2022,12,3834,15,"C","1",NA,16,0,NA,2022,"",NA,NA,NA,"3834_12","irrigated","alive",1,"Vegetative",0,NA,"0",NA,NA,0,NA,NA,NA
2023,12,3834,15,"C","0",NA,NA,NA,NA,2022,"NP",NA,NA,NA,"3834_12","irrigated","dead",0,"Dead",NA,NA,NA,NA,NA,NA,0,NA,NA
2016,12,3834,15,"C","4",34,7.5,1,"6.2",2016,"",NA,NA,NA,"3834_12_senior","irrigated","alive",1,"Flowering",1,NA,"2",0,0,1,NA,NA,NA
2017,12,3834,15,"C","2",7.5,7.5,0,NA,2016,"",NA,NA,NA,"3834_12_senior","irrigated","alive",1,"Vegetative",0,NA,"2",0,0,1,1,NA,NA
2018,12,3834,15,"C","2",12.5,12.5,0,NA,2016,"",NA,NA,NA,"3834_12_senior","irrigated","alive",1,"Vegetative",0,NA,"0",NA,NA,0,0,NA,NA
2019,12,3834,15,"C","0",NA,NA,NA,NA,2016,"no plant",NA,NA,NA,"3834_12_senior","irrigated","dead",0,"Dead",NA,NA,NA,NA,NA,NA,0,NA,NA
2016,5,3836,9,"C","3",18.5,4.7,1,"1.8",2016,"",NA,NA,NA,"3836_5","drought","alive",1,"Flowering",1,NA,"3",1,1,1,NA,NA,NA
2017,5,3836,9,"C","3",18,11,1,"1.5",2016,"",NA,NA,NA,"3836_5","drought","alive",1,"Flowering",1,NA,"2",0,0,1,1,NA,NA
2018,5,3836,9,"C","2",8,8,0,NA,2016,"",NA,NA,NA,"3836_5","drought","alive",1,"Vegetative",0,NA,"0",NA,NA,1,1,NA,NA
2019,5,3836,9,"C","0",NA,NA,NA,NA,2016,"no plant",NA,NA,NA,"3836_5","drought","dormant",1,"Dormant",NA,NA,"1",0,0,1,0,NA,NA
2020,5,3836,9,"C","1",NA,9.8,0,NA,2016,"",NA,NA,NA,"3836_5","drought","alive",1,"Vegetative",0,NA,"0",NA,NA,1,NA,NA,NA
2021,5,3836,9,"C","0",NA,NA,NA,NA,2016,"NP",NA,NA,NA,"3836_5","drought","dormant",1,"Dormant",NA,NA,"1",0,0,1,0,NA,NA
2022,5,3836,9,"C","1",NA,14,0,NA,2016,"",NA,NA,NA,"3836_5","drought","alive",1,"Vegetative",0,NA,"3",2,1,1,NA,NA,NA
2023,5,3836,9,"C","3",39,15,2,"3.5",2016,"",NA,NA,NA,"3836_5","drought","alive",1,"Flowering",1,NA,"4",2,1,1,0,NA,NA
2024,5,3836,9,"C","4",23,13,2,"6.5",NA,"",NA,NA,NA,"3836_5","drought","alive",1,"Flowering",1,NA,"2",1,1,1,1,0,0
2025,5,3836,9,"C","2",11,12,1,"3",NA,"",NA,NA,NA,"3836_5","drought","alive",1,"Flowering",1,NA,"2",1,1,1,1,NA,NA
2026,5,3836,9,"C","2",14,14,1,"2",NA,"",NA,NA,NA,"3836_5","drought","alive",1,"Flowering",1,NA,NA,NA,NA,NA,1,0,0
2021,14,3838,14,"G","2",NA,23,0,NA,2021,"",NA,NA,NA,"3838_14","drought","alive",1,"Vegetative",0,NA,"3",1,1,1,NA,NA,NA
2022,14,3838,14,"G","3",4,18,1,"4",2021,"",NA,NA,NA,"3838_14","drought","alive",1,"Flowering",1,NA,"3",2,1,1,0,0,0
2023,14,3838,14,"G","3",64.5,20,2,"9",2021,"",NA,NA,NA,"3838_14","drought","alive",1,"Flowering",1,NA,"2",1,1,1,1,NA,NA
2024,14,3838,14,"G","2",30.5,17.5,1,"3.5",NA,"",NA,NA,NA,"3838_14","drought","alive",1,"Flowering",1,NA,"0",NA,NA,0,1,0,0
2025,14,3838,14,"G","0",NA,NA,NA,NA,NA,"NP",NA,NA,NA,"3838_14","drought","dead",0,"Dead",NA,NA,NA,NA,NA,NA,1,NA,NA
2019,14,3840,17,"F","1",NA,8,0,NA,2019,"",NA,NA,NA,"3840_14","drought","alive",1,"Vegetative",0,NA,NA,NA,NA,1,NA,NA,NA
2020,14,3840,17,"F",NA,NA,NA,NA,NA,2019,"NS",NA,NA,NA,"3840_14","drought",NA,1,NA,NA,NA,"0",NA,NA,1,0,NA,NA
2021,14,3840,17,"F","0",NA,NA,NA,NA,2019,"NP",NA,NA,NA,"3840_14","drought","dormant",1,"Dormant",NA,NA,"2",0,0,1,NA,NA,NA
2022,14,3840,17,"F","2",NA,12.5,0,NA,2019,"",NA,NA,NA,"3840_14","drought","alive",1,"Vegetative",0,NA,"1",0,0,1,NA,NA,NA
2023,14,3840,17,"F","1",NA,15,0,NA,2019,"",NA,NA,NA,"3840_14","drought","alive",1,"Vegetative",0,NA,"2",1,1,1,0,NA,NA
2024,14,3840,17,"F","2",38.5,17.5,1,"4.5",NA,"",NA,NA,NA,"3840_14","drought","alive",1,"Flowering",1,NA,"0",NA,NA,0,0,32,1
2025,14,3840,17,"F","0",NA,NA,NA,NA,NA,"NP tag in 18F",NA,NA,NA,"3840_14","drought","dead",0,"Dead",NA,NA,NA,NA,NA,NA,1,NA,NA
2016,2,3841,1,"C","8",19.5,9.2,1,"3.8",2016,"",NA,NA,NA,"3841_2","control","alive",1,"Flowering",1,NA,"4",2,1,1,NA,NA,NA
2017,2,3841,1,"C","4",10.5,11.5,2,"2.5",2016,"",NA,NA,NA,"3841_2","control","alive",1,"Flowering",1,NA,"2",1,1,1,1,NA,NA
2018,2,3841,1,"C","2",12,10.5,1,"3",2016,"",NA,NA,NA,"3841_2","control","alive",1,"Flowering",1,NA,"3",1,1,1,1,NA,NA
2019,2,3841,1,"C","3",9.5,11,1,"1.5",2016,"",NA,NA,NA,"3841_2","control","alive",1,"Flowering",1,NA,"3",2,1,1,1,NA,NA
2020,2,3841,1,"C","3",30,7.4,2,"5.6",2016,"",NA,NA,NA,"3841_2","control","alive",1,"Flowering",1,NA,"5",1,1,1,1,NA,NA
2021,2,3841,1,"C","5",18.5,12.5,1,"2",2016,"",NA,NA,NA,"3841_2","control","alive",1,"Flowering",1,NA,"0",NA,NA,0,1,0,0
2022,2,3841,1,"C","0",NA,NA,NA,NA,2016,"NP",NA,NA,NA,"3841_2","control","dead",0,"Dead",NA,NA,NA,NA,NA,NA,1,NA,NA
2016,15,3843,11,"J","4",28,13.5,1,"3",2016,"",NA,NA,NA,"3843_15","drought","alive",1,"Flowering",1,NA,"7",3,1,1,NA,NA,NA
2017,15,3843,11,"J","7",28.5,15,3,"2.5",2016,"",NA,NA,NA,"3843_15","drought","alive",1,"Flowering",1,NA,"3",0,0,1,1,NA,NA
2018,15,3843,11,"J","3",18.5,18.5,0,"1",2016,"",NA,NA,NA,"3843_15","drought","alive",1,"Vegetative",0,NA,"0",NA,NA,0,1,NA,NA
2019,15,3843,11,"J","0",NA,NA,NA,NA,2016,"no plant",NA,NA,NA,"3843_15","drought","dead",0,"Dead",NA,NA,NA,NA,NA,NA,0,NA,NA
2016,2,3844,8,"C","12",14,7.5,0,NA,2016,"",NA,NA,NA,"3844_2","control","alive",1,"Vegetative",0,NA,NA,NA,NA,1,NA,NA,NA
2017,2,3844,NA,NA,NA,NA,NA,NA,NA,NA,NA,NA,NA,NA,"3844_2","control",NA,1,NA,NA,"plant missed in demo due to tag mishaps; surv imputed","4",0,0,1,0,NA,NA
2018,2,3844,8,"C","4",13,13,0,NA,NA,"found plant with unlisted tag ",NA,NA,NA,"3844_2","control","alive",1,"Vegetative",0,NA,"1",0,0,1,NA,NA,NA
2019,2,3844,8,"C","1",NA,10.5,0,NA,NA,"",NA,NA,NA,"3844_2","control","alive",1,"Vegetative",0,NA,"0",NA,NA,0,0,NA,NA
2020,2,3844,8,"C","0",NA,NA,NA,NA,NA,"no plant",NA,NA,NA,"3844_2","control","dead",0,"Dead",NA,NA,NA,NA,NA,NA,0,NA,NA
2016,1,3845,7,"G","3",18,6,2,"3.4",2016,"",NA,NA,NA,"3845_1","irrigated","alive",1,"Flowering",1,NA,"1",0,0,1,NA,NA,NA
2017,1,3845,7,"G","1",10,10,0,NA,2016,"",NA,NA,NA,"3845_1","irrigated","alive",1,"Vegetative",0,NA,"2",0,0,1,1,NA,NA
2018,1,3845,7,"G","2",15.5,15.5,0,NA,2016,"",NA,NA,NA,"3845_1","irrigated","alive",1,"Vegetative",0,NA,"2",1,1,1,0,NA,NA
2019,1,3845,7,"G","2",10,10,1,"2",2016,"",NA,NA,NA,"3845_1","irrigated","alive",1,"Flowering",1,NA,"0",NA,NA,1,0,NA,NA
2020,1,3845,7,"G","0",NA,NA,NA,NA,2016,"no plant",NA,NA,NA,"3845_1","irrigated","dormant",1,"Dormant",NA,NA,"1",0,0,1,1,NA,NA
2021,1,3845,7,"G","1",NA,16,0,NA,2016,"",NA,NA,NA,"3845_1","irrigated","alive",1,"Vegetative",0,NA,"2",1,1,1,NA,NA,NA
2022,1,3845,7,"G","2",26,12.5,1,"2.5",2016,"",NA,NA,NA,"3845_1","irrigated","alive",1,"Flowering",1,NA,"1",0,0,1,0,14,1
2023,1,3845,7,"G","1",NA,20,0,NA,2016,"",NA,NA,NA,"3845_1","irrigated","alive",1,"Vegetative",0,NA,"0",NA,NA,0,1,NA,NA
2024,1,3845,7,"G","0",NA,NA,NA,NA,NA,"NP; moss",NA,NA,NA,"3845_1","irrigated","dead",0,"Dead",NA,NA,NA,NA,NA,NA,0,NA,NA
2021,3,3846,6,"D","1",NA,8,0,NA,2021,"",NA,NA,NA,"3846_3","control","alive",1,"Vegetative",0,NA,"2",1,1,1,NA,NA,NA
2022,3,3846,6,"D","2",32,16,1,"4",2021,"",NA,NA,NA,"3846_3","control","alive",1,"Flowering",1,NA,"4",2,1,1,0,0,0
2023,3,3846,6,"D","4",46,23,2,"12.5",2021,"",NA,NA,NA,"3846_3","control","alive",1,"Flowering",1,NA,"3",2,1,1,1,128,1
2024,3,3846,6,"D","3",39,22,2,"8.5",NA,"",NA,NA,NA,"3846_3","control","alive",1,"Flowering",1,NA,"1",1,1,1,1,88,1
2025,3,3846,6,"D","1",16,17,1,"3",NA,"",NA,NA,1,"3846_3","control","alive",1,"Flowering",1,NA,"2",1,1,1,1,0,0
2026,3,3846,6,"D","2",18,16,1,"4",NA,"",NA,NA,NA,"3846_3","control","alive",1,"Flowering",1,NA,NA,NA,NA,NA,1,0,0
2016,2,3847,4,"E","1",7,7,0,NA,2016,"",NA,NA,NA,"3847_2","control","alive",1,"Vegetative",0,NA,"0",NA,NA,1,NA,NA,NA
2017,2,3847,4,"E","0",NA,NA,NA,NA,2016,"No plant/dead?",NA,NA,NA,"3847_2","control","dormant",1,"Dormant",NA,NA,"1",0,0,1,0,NA,NA
2018,2,3847,4,"E","1",9,9,0,NA,2016,"",NA,NA,NA,"3847_2","control","alive",1,"Vegetative",0,NA,"0",NA,NA,1,NA,NA,NA
2019,2,3847,4,"E","0",NA,NA,NA,NA,2016,"no plant",NA,NA,NA,"3847_2","control","dormant",1,"Dormant",NA,NA,"1",0,0,1,0,NA,NA
2020,2,3847,4,"E","1",NA,7.6,0,NA,2016,"",NA,NA,NA,"3847_2","control","alive",1,"Vegetative",0,NA,"1",0,0,1,NA,NA,NA
2021,2,3847,4,"E","1",NA,11,0,NA,2016,"",NA,NA,NA,"3847_2","control","alive",1,"Vegetative",0,NA,"0",NA,NA,0,0,NA,NA
2022,2,3847,4,"E","0",NA,NA,NA,NA,2016,"NP",NA,NA,NA,"3847_2","control","dead",0,"Dead",NA,NA,NA,NA,NA,NA,0,NA,NA
2016,15,3848,10,"J","4",27,13,1,"2",2016,"",NA,NA,NA,"3848_15","drought","alive",1,"Flowering",1,NA,"7",2,1,1,NA,NA,NA
2017,15,3848,10,"J","7",25,15,2,"3",2016,"",NA,NA,NA,"3848_15","drought","alive",1,"Flowering",1,NA,"2",1,1,1,1,NA,NA
2018,15,3848,10,"J","2",17,16.5,1,"2.8",2016,"",NA,NA,NA,"3848_15","drought","alive",1,"Flowering",1,NA,"2",0,0,1,1,NA,NA
2019,15,3848,10,"J","2",NA,13,0,NA,2016,"",NA,NA,NA,"3848_15","drought","alive",1,"Vegetative",0,NA,NA,NA,NA,1,1,NA,NA
2020,15,3848,10,"J",NA,NA,NA,NA,NA,2016,"NS",NA,NA,NA,"3848_15","drought",NA,1,NA,NA,NA,"6",0,0,1,0,NA,NA
2021,15,3848,10,"J","6",NA,13,0,NA,2016,"",NA,NA,NA,"3848_15","drought","alive",1,"Vegetative",0,NA,"3",2,1,1,NA,NA,NA
2022,15,3848,10,"J","3",28,20,2,"7",2016,"",NA,NA,NA,"3848_15","drought","alive",1,"Flowering",1,NA,"0",NA,NA,0,0,2,1
2023,15,3848,10,"J","0",NA,NA,NA,NA,2016,"NP",NA,NA,NA,"3848_15","drought","dead",0,"Dead",NA,NA,NA,NA,NA,NA,1,NA,NA
2021,1,3850,17,"E","2",NA,13.5,0,NA,2021,"",NA,NA,NA,"3850_1","irrigated","alive",1,"Vegetative",0,NA,"1",0,0,1,NA,NA,NA
2022,1,3850,17,"E","1",NA,19.5,0,NA,2021,"",NA,NA,NA,"3850_1","irrigated","alive",1,"Vegetative",0,NA,"2",1,1,1,0,NA,NA
2023,1,3850,17,"E","2",27.5,14,1,"4",2021,"",NA,NA,NA,"3850_1","irrigated","alive",1,"Flowering",1,NA,"0",NA,NA,0,0,NA,NA
2024,1,3850,17,"E","0",NA,NA,NA,NA,NA,"NP",NA,NA,NA,"3850_1","irrigated","dead",0,"Dead",NA,NA,NA,NA,NA,NA,1,NA,NA
2016,13,3853,16,"A","3",10.5,7.5,0,NA,2016,"",NA,NA,NA,"3853_13","control","alive",1,"Vegetative",0,NA,"6",3,1,1,NA,NA,NA
2017,13,3853,16,"A","6",22,15,3,"2.5",2016,"",NA,NA,NA,"3853_13","control","alive",1,"Flowering",1,NA,"5",0,0,1,0,NA,NA
2018,13,3853,16,"A","5",12.5,12.5,0,NA,2016,"",NA,NA,NA,"3853_13","control","alive",1,"Vegetative",0,NA,"10",1,1,1,1,NA,NA
2019,13,3853,16,"A","10",22,20.5,1,"4",2016,"",NA,NA,NA,"3853_13","control","alive",1,"Flowering",1,NA,"2",0,0,1,0,NA,NA
2020,13,3853,16,"A","2",NA,11.3,0,NA,2016,"",NA,NA,NA,"3853_13","control","alive",1,"Vegetative",0,NA,"7",1,1,1,1,NA,NA
2021,13,3853,16,"A","7",26,19,1,"3",2016,"",NA,NA,NA,"3853_13","control","alive",1,"Flowering",1,NA,"6",4,1,1,0,0,0
2022,13,3853,16,"A","6",29,12,4,"13",2016,"",NA,NA,NA,"3853_13","control","alive",1,"Flowering",1,NA,"8",5,1,1,1,204,1
2023,13,3853,16,"A","8",35,15,5,"16",2016,"",NA,NA,NA,"3853_13","control","alive",1,"Flowering",1,NA,"1",0,0,1,1,NA,NA
2024,13,3853,16,"A","1",NA,9.5,0,NA,NA,"accidentally pulled leaf",NA,NA,NA,"3853_13","control","alive",1,"Vegetative",0,NA,"3",0,0,1,1,NA,NA
2025,13,3853,16,"A","3",NA,23.5,0,NA,NA,"",NA,NA,NA,"3853_13","control","alive",1,"Vegetative",0,NA,"0",NA,NA,NA,0,NA,NA
2026,13,3853,16,"A","0",NA,NA,NA,NA,NA,"NP",NA,NA,NA,"3853_13","control",NA,NA,NA,NA,NA,NA,NA,NA,NA,0,NA,NA
2016,2,3858,6,"B","3",13,10.1,0,NA,2016,"",NA,NA,NA,"3858_2","control","alive",1,"Vegetative",0,NA,"3",0,0,1,NA,NA,NA
2017,2,3858,6,"B","3",11.5,8.3,0,NA,2016,"",NA,NA,NA,"3858_2","control","alive",1,"Vegetative",0,NA,"3",1,1,1,0,NA,NA
2018,2,3858,6,"B","3",5.5,13,1,"0.5",2016,"",NA,NA,NA,"3858_2","control","alive",1,"Flowering",1,NA,"1",0,0,1,0,NA,NA
2019,2,3858,6,"B","1",NA,13,0,NA,2016,"",NA,NA,NA,"3858_2","control","alive",1,"Vegetative",0,NA,"1",0,0,1,1,NA,NA
2020,2,3858,6,"B","1",NA,11.8,0,NA,2016,"",NA,NA,NA,"3858_2","control","alive",1,"Vegetative",0,NA,"2",0,0,1,0,NA,NA
2021,2,3858,6,"B","2",NA,19,0,NA,2016,"",NA,NA,NA,"3858_2","control","alive",1,"Vegetative",0,NA,"1",0,0,1,0,NA,NA
2022,2,3858,6,"B","1",NA,20,0,NA,2016,"",NA,NA,NA,"3858_2","control","alive",1,"Vegetative",0,NA,"2",1,1,1,0,NA,NA
2023,2,3858,6,"B","2",31,13.5,1,"3.5",2016,"dead umbel?",NA,1,NA,"3858_2","control","alive",1,"Flowering",1,NA,"1",1,1,1,0,0,0
2024,2,3858,6,"B","1",27.5,11,1,"1.5",NA,"accidentally pulled when measuring",NA,NA,NA,"3858_2","control","alive",1,"Flowering",1,NA,"0",NA,NA,0,1,0,0
2025,2,3858,6,"B","0",NA,NA,NA,NA,NA,"NP",NA,NA,NA,"3858_2","control","dead",0,"Dead",NA,NA,NA,NA,NA,NA,1,NA,NA
2016,1,3860,3,"D","3",34,8.2,3,"5.8",2016,"",NA,NA,NA,"3860_1","irrigated","alive",1,"Flowering",1,NA,"4",1,1,1,NA,NA,NA
2017,1,3860,3,"D","4",18,12.5,1,"4",2016,"",NA,NA,NA,"3860_1","irrigated","alive",1,"Flowering",1,NA,"2",0,0,1,1,NA,NA
2018,1,3860,3,"D","2",12.5,12.5,0,NA,2016,"",NA,NA,NA,"3860_1","irrigated","alive",1,"Vegetative",0,NA,"1",0,0,1,1,NA,NA
2019,1,3860,3,"D","1",NA,8,0,NA,2016,"",NA,NA,NA,"3860_1","irrigated","alive",1,"Vegetative",0,NA,"2",0,0,1,0,NA,NA
2020,1,3860,3,"D","2",NA,12.5,0,NA,2016,"",NA,NA,NA,"3860_1","irrigated","alive",1,"Vegetative",0,NA,"1",0,0,1,0,NA,NA
2021,1,3860,3,"D","1",NA,13,0,NA,2016,"",NA,NA,NA,"3860_1","irrigated","alive",1,"Vegetative",0,NA,"7",0,0,1,0,NA,NA
2022,1,3860,3,"D","7",NA,21,0,NA,2016,"",NA,NA,NA,"3860_1","irrigated","alive",1,"Vegetative",0,NA,"2",1,1,1,0,NA,NA
2023,1,3860,3,"D","2",35,18,1,"9",2016,"",NA,NA,NA,"3860_1","irrigated","alive",1,"Flowering",1,NA,NA,NA,NA,1,0,36,1
2024,1,3860,3,"D",NA,NA,NA,NA,NA,NA,"NPNT",NA,NA,NA,"3860_1","irrigated",NA,1,NA,NA,NA,"1",0,0,1,1,NA,NA
2025,1,3860,3,"D","1",NA,23,0,NA,NA,"",NA,NA,NA,"3860_1","irrigated","alive",1,"Vegetative",0,NA,"1",0,0,1,NA,NA,NA
2026,1,3860,3,"D","1",NA,23,0,NA,NA,"",NA,NA,NA,"3860_1","irrigated","alive",1,"Vegetative",0,NA,NA,NA,NA,NA,0,NA,NA
2016,2,3861,7,"A","4",12.5,6.8,1,"1.1",2016,"",NA,NA,NA,"3861_2","control","alive",1,"Flowering",1,NA,"4",0,0,1,NA,NA,NA
2017,2,3861,7,"A","4",7.3,5.2,0,NA,2016,"Could be 2 plants",NA,NA,NA,"3861_2","control","alive",1,"Vegetative",0,NA,"2",0,0,1,1,NA,NA
2018,2,3861,7,"A","2",8,8,0,NA,2016,"",NA,NA,NA,"3861_2","control","alive",1,"Vegetative",0,NA,"1",0,0,1,0,NA,NA
2019,2,3861,7,"A","1",NA,6,0,NA,2016,"",NA,NA,NA,"3861_2","control","alive",1,"Vegetative",0,NA,"1",0,0,1,0,NA,NA
2020,2,3861,7,"A","1",NA,6.7,0,NA,2016,"",NA,NA,NA,"3861_2","control","alive",1,"Vegetative",0,NA,"1",0,0,1,0,NA,NA
2021,2,3861,7,"A","1",NA,8,0,NA,2016,"",NA,NA,NA,"3861_2","control","alive",1,"Vegetative",0,NA,"2",0,0,1,0,NA,NA
2022,2,3861,7,"A","2",NA,10,0,NA,2016,"",NA,NA,NA,"3861_2","control","alive",1,"Vegetative",0,NA,"1",0,0,1,0,NA,NA
2023,2,3861,7,"A","1",NA,10.5,0,NA,2016,"",NA,NA,NA,"3861_2","control","alive",1,"Vegetative",0,NA,"1",0,0,1,0,NA,NA
2024,2,3861,7,"A","1",NA,10,0,NA,NA,"wilting",NA,NA,NA,"3861_2","control","alive",1,"Vegetative",0,NA,"2",0,0,1,0,NA,NA
2025,2,3861,7,"A","2",NA,13.5,0,NA,NA,"",NA,NA,NA,"3861_2","control","alive",1,"Vegetative",0,NA,"2",0,0,1,0,NA,NA
2026,2,3861,7,"A","2",NA,14,0,NA,NA,"",NA,NA,NA,"3861_2","control","alive",1,"Vegetative",0,NA,NA,NA,NA,NA,0,NA,NA
2016,15,3863,8,"I","4",24.5,7.5,2,"2.1",2016,"",NA,NA,NA,"3863_15","drought","alive",1,"Flowering",1,NA,"7",3,1,1,NA,NA,NA
2017,15,3863,8,"I","7",22,9.5,3,"3",2016,"",NA,NA,NA,"3863_15","drought","alive",1,"Flowering",1,NA,"6",1,1,1,1,NA,NA
2018,15,3863,8,"I","6",18.5,16,1,"2.3",2016,"",NA,NA,NA,"3863_15","drought","alive",1,"Flowering",1,NA,"2",1,1,1,1,NA,NA
2019,15,3863,8,"I","2",19.5,8.5,1,"2.5",2016,"",NA,NA,NA,"3863_15","drought","alive",1,"Flowering",1,NA,"2",1,1,1,1,NA,NA
2020,15,3863,8,"I","2",12.5,13.7,1,"1.4",2016,"",NA,NA,NA,"3863_15","drought","alive",1,"Flowering",1,NA,"2",1,1,1,1,NA,NA
2021,15,3863,8,"I","2",11,15,1,"3",2016,"",NA,NA,NA,"3863_15","drought","alive",1,"Flowering",1,NA,"3",2,1,1,1,0,0
2022,15,3863,8,"I","3",27,15,2,"6.5",2016,"",NA,NA,NA,"3863_15","drought","alive",1,"Flowering",1,NA,"5",3,1,1,1,50,1
2023,15,3863,8,"I","5",35,13,3,"11.5",2016,"",NA,NA,NA,"3863_15","drought","alive",1,"Flowering",1,NA,"5",3,1,1,1,NA,NA
2024,15,3863,8,"I","5",34.5,17,3,"7.5",NA,"",NA,NA,NA,"3863_15","drought","alive",1,"Flowering",1,NA,"0",NA,NA,0,1,94,1
2025,15,3863,8,"I","0",NA,NA,NA,NA,NA,"NP",NA,NA,NA,"3863_15","drought","dead",0,"Dead",NA,NA,NA,NA,NA,NA,1,NA,NA
2016,2,3864,8,"G","1",7,7,0,NA,2016,"",NA,NA,NA,"3864_2","control","alive",1,"Vegetative",0,NA,"1",0,0,1,NA,NA,NA
2017,2,3864,8,"G","1",8,8,0,NA,2016,"",NA,NA,NA,"3864_2","control","alive",1,"Vegetative",0,NA,"1",0,0,1,0,NA,NA
2018,2,3864,8,"G","1",8,8,0,NA,2016,"",NA,NA,NA,"3864_2","control","alive",1,"Vegetative",0,NA,"1",0,0,1,0,NA,NA
2019,2,3864,8,"G","1",NA,11,0,NA,2016,"",NA,NA,NA,"3864_2","control","alive",1,"Vegetative",0,NA,"1",0,0,1,0,NA,NA
2020,2,3864,8,"G","1",NA,9.9,0,NA,2016,"",NA,NA,NA,"3864_2","control","alive",1,"Vegetative",0,NA,"0",NA,NA,0,0,NA,NA
2021,2,3864,8,"G","0",NA,NA,NA,NA,2016,"NP",NA,NA,NA,"3864_2","control","dead",0,"Dead",NA,NA,NA,NA,NA,NA,0,NA,NA
2016,2,3865,9,"F","3",13.5,7,0,NA,2016,"",NA,NA,NA,"3865_2","control","alive",1,"Vegetative",0,NA,"3",0,0,1,NA,NA,NA
2017,2,3865,9,"F","3",10,7,0,NA,2016,"",NA,NA,NA,"3865_2","control","alive",1,"Vegetative",0,NA,"2",0,0,1,0,NA,NA
2018,2,3865,9,"F","2",12.5,12.5,0,NA,2016,"",NA,NA,NA,"3865_2","control","alive",1,"Vegetative",0,NA,"1",0,0,1,0,NA,NA
2019,2,3865,9,"F","1",NA,11,0,NA,2016,"",NA,NA,NA,"3865_2","control","alive",1,"Vegetative",0,NA,"0",NA,NA,1,0,NA,NA
2020,2,3865,9,"F","0",NA,NA,NA,NA,2016,"no plant",NA,NA,NA,"3865_2","control","dormant",1,"Dormant",NA,NA,"3",0,0,1,0,NA,NA
2021,2,3865,9,"F","3",NA,12,0,NA,2016,"",NA,NA,NA,"3865_2","control","alive",1,"Vegetative",0,NA,"3",1,1,1,NA,NA,NA
2022,2,3865,9,"F","3",22.5,24,1,"4.5",2016,"",NA,NA,NA,"3865_2","control","alive",1,"Flowering",1,NA,"0",NA,NA,0,0,0,0
2023,2,3865,9,"F","0",NA,NA,NA,NA,2016,"NP",NA,NA,NA,"3865_2","control","dead",0,"Dead",NA,NA,NA,NA,NA,NA,1,NA,NA
2017,7,3886,10,"B","5",43,17,2,"5",2016,"",NA,NA,NA,"3866_7","drought","alive",1,"Flowering",1,NA,"3",2,1,1,NA,NA,NA
2018,7,3886,10,"B","3",24.5,12,2,"4.8",2016,"tag says '3886'",NA,NA,NA,"3866_7","drought","alive",1,"Flowering",1,NA,"1",1,1,1,1,NA,NA
2019,7,3886,10,"B","1",24.5,10.5,1,"5",2016,"",NA,NA,NA,"3866_7","drought","alive",1,"Flowering",1,NA,"0",NA,NA,1,1,NA,NA
2020,7,3886,10,"B","0",NA,NA,NA,NA,2016,"no plant",NA,NA,NA,"3866_7","drought","dormant",1,"Dormant",NA,NA,"2",1,1,1,1,NA,NA
2021,7,3886,10,"B","2",12.5,15,1,"3",2016,"",NA,NA,NA,"3866_7","drought","alive",1,"Flowering",1,NA,"3",2,1,1,NA,0,0
2022,7,3886,10,"B","3",55,14,2,"7",2016,"Tag says 3886, typo? No other 10B/C tag",NA,1,NA,"3866_7","drought","alive",1,"Flowering",1,NA,"3",1,1,1,1,90,1
2023,7,3886,10,"B","3",38,26,1,"6",2016,"",NA,NA,NA,"3866_7","drought","alive",1,"Flowering",1,NA,"5",3,1,1,1,NA,NA
2024,7,3886,10,"B","5",50.5,25,3,"15",NA,"",NA,NA,NA,"3866_7","drought","alive",1,"Flowering",1,NA,"2",1,1,1,1,188,1
2025,7,3886,10,"B","2",34,21,1,"6.5",NA,"tag says 3886",NA,1,NA,"3866_7","drought","alive",1,"Flowering",1,NA,"0",NA,NA,NA,1,NA,NA
2026,7,3886,10,"B","0",NA,NA,NA,NA,NA,"NP",NA,NA,NA,"3866_7","drought",NA,NA,NA,NA,NA,NA,NA,NA,NA,1,NA,NA
2016,15,3868,15,"A","4",39.5,10.5,2,"5.5",2016,"",NA,NA,NA,"3868_15","drought","alive",1,"Flowering",1,NA,"5",2,1,1,NA,NA,NA
2017,15,3868,15,"A","5",35.5,14.5,2,"3",2016,"",NA,NA,NA,"3868_15","drought","alive",1,"Flowering",1,NA,"4",1,1,1,1,NA,NA
2018,15,3868,15,"A","4",17,16,1,"3.6",2016,"",NA,NA,NA,"3868_15","drought","alive",1,"Flowering",1,NA,"2",1,1,1,1,NA,NA
2019,15,3868,15,"A","2",12.5,8,1,"2.5",2016,"",NA,NA,NA,"3868_15","drought","alive",1,"Flowering",1,NA,NA,NA,NA,1,1,NA,NA
2020,15,3868,15,"A",NA,NA,NA,NA,NA,2016,"NS",NA,NA,NA,"3868_15","drought",NA,1,NA,NA,NA,"7",2,1,1,1,NA,NA
2021,15,3868,15,"A","7",12,19.5,2,"1",2016,"",NA,NA,NA,"3868_15","drought","alive",1,"Flowering",1,NA,"8",5,1,1,NA,NA,NA
2022,15,3868,15,"A","8",41,20,5,"20",2016,"",NA,NA,NA,"3868_15","drought","alive",1,"Flowering",1,NA,"6",3,1,1,1,338,1
2023,15,3868,15,"A","6",51,17,3,"18",2016,"not tracking phenology",NA,NA,NA,"3868_15","drought","alive",1,"Flowering",1,NA,"7",4,1,1,1,NA,NA
2024,15,3868,15,"A","7",43,19,4,"11.5",NA,"",NA,NA,NA,"3868_15","drought","alive",1,"Flowering",1,NA,"1",0,0,1,1,NA,NA
2025,15,3868,15,"A","1",NA,14,0,NA,NA,"",NA,NA,NA,"3868_15","drought","alive",1,"Vegetative",0,NA,"1",0,0,1,1,NA,NA
2026,15,3868,15,"A","1",NA,15,0,NA,NA,"",NA,NA,NA,"3868_15","drought","alive",1,"Vegetative",0,NA,NA,NA,NA,NA,0,NA,NA
2016,5,3869,18,"E","4",20,5.7,2,"2.7",2016,"",NA,NA,NA,"3869_5","drought","alive",1,"Flowering",1,NA,"4",2,1,1,NA,NA,NA
2017,5,3869,18,"E","4",23,14.5,2,"3.5",2016,"",NA,NA,NA,"3869_5","drought","alive",1,"Flowering",1,NA,"1",0,0,1,1,NA,NA
2018,5,3869,18,"E","1",17,17,0,NA,2016,"",NA,NA,NA,"3869_5","drought","alive",1,"Vegetative",0,NA,NA,NA,NA,NA,1,NA,NA
2019,5,3869,18,"E",NA,NA,NA,NA,NA,2016,"NPNT",NA,NA,NA,"3869_5","drought",NA,NA,NA,NA,NA,NA,NA,NA,1,0,NA,NA
2020,5,3869,18,"E",NA,NA,NA,NA,NA,2016,"NS",NA,NA,NA,"3869_5","drought",NA,1,NA,NA,NA,"1",0,0,1,NA,NA,NA
2021,5,3869,18,"E","1",NA,15,0,NA,2016,"",NA,NA,NA,"3869_5","drought","alive",1,"Vegetative",0,NA,"2",1,1,1,NA,NA,NA
2022,5,3869,18,"E","2",22,15,1,"4",2016,"",NA,NA,NA,"3869_5","drought","alive",1,"Flowering",1,NA,"2",2,1,1,0,22,1
2023,5,3869,18,"E","2",31,18,2,"8",2016,"",NA,NA,NA,"3869_5","drought","alive",1,"Flowering",1,NA,"3",2,1,1,1,NA,NA
2024,5,3869,18,"E","3",21.5,10.5,2,"5.5",NA,"",NA,NA,NA,"3869_5","drought","alive",1,"Flowering",1,NA,"1",1,1,1,1,0,0
2025,5,3869,18,"E","1",12,17.5,1,"2.5",NA,"",NA,NA,NA,"3869_5","drought","alive",1,"Flowering",1,NA,"1",2,1,1,1,NA,NA
2026,5,3869,18,"E","1",16,NA,2,NA,NA,"leaves/buds eaten",NA,NA,NA,"3869_5","drought","alive",1,"Flowering",1,NA,NA,NA,NA,NA,1,0,0
2016,1,3871,8,"J","9",18,9.5,1,"2.8",2016,"",NA,NA,NA,"3871_1","irrigated","alive",1,"Flowering",1,NA,NA,NA,NA,1,NA,NA,NA
2017,1,3871,8,"J",NA,NA,NA,NA,NA,2016,"NP/NT",NA,NA,NA,"3871_1","irrigated",NA,1,NA,NA,NA,"4",1,1,1,1,NA,NA
2018,1,3871,8,"J","4",10.5,16.5,1,"1.2",2016,"",NA,NA,NA,"3871_1","irrigated","alive",1,"Flowering",1,NA,"1",0,0,1,NA,NA,NA
2019,1,3871,8,"J","1",NA,11,0,NA,2016,"",NA,NA,NA,"3871_1","irrigated","alive",1,"Vegetative",0,NA,NA,NA,NA,0,1,NA,NA
2020,1,3871,8,"J",NA,NA,NA,NA,NA,2016,"NPNT",NA,NA,NA,"3871_1","irrigated","dead",0,"Dead",NA,NA,NA,NA,NA,NA,0,NA,NA
2016,7,3874,8,"C","6",30,7,1,"2.1",2016,"",NA,NA,NA,"3874_7","drought","alive",1,"Flowering",1,NA,"4",1,1,1,NA,NA,NA
2017,7,3874,8,"C","4",38,22,1,"4",2016,"",NA,NA,NA,"3874_7","drought","alive",1,"Flowering",1,NA,"3",1,1,1,1,NA,NA
2018,7,3874,8,"C","3",33,18,1,"2.8",2016,"",NA,NA,NA,"3874_7","drought","alive",1,"Flowering",1,NA,"2",1,1,1,1,NA,NA
2019,7,3874,8,"C","2",33,21.5,1,"3",2016,"",NA,NA,NA,"3874_7","drought","alive",1,"Flowering",1,NA,"2",1,1,1,1,NA,NA
2020,7,3874,8,"C","2",22.3,10.2,1,"2.6",2016,"",NA,NA,NA,"3874_7","drought","alive",1,"Flowering",1,NA,"3",1,1,1,1,NA,NA
2021,7,3874,8,"C","3",8,16,1,NA,2016,"",NA,NA,NA,"3874_7","drought","alive",1,"Flowering",1,NA,"4",1,1,1,1,0,0
2022,7,3874,8,"C","4",53,25.5,1,"4.5",2016,"",NA,NA,NA,"3874_7","drought","alive",1,"Flowering",1,NA,"3",2,1,1,1,64,1
2023,7,3874,8,"C","3",41,20,2,"3.5",2016,"",NA,NA,NA,"3874_7","drought","alive",1,"Flowering",1,NA,"3",0,0,1,1,78,1
2024,7,3874,8,"C","3",47,28.5,0,"3.5",NA,"",NA,NA,NA,"3874_7","drought","alive",1,"Vegetative",0,NA,"0",NA,NA,0,1,0,0
2025,7,3874,8,"C","0",NA,NA,NA,NA,NA,"NP",NA,NA,NA,"3874_7","drought","dead",0,"Dead",NA,NA,NA,NA,NA,NA,0,NA,NA
2016,1,3875,9,"B","7",24,13.2,3,"3.9",2016,"",NA,NA,NA,"3875_1","irrigated","alive",1,"Flowering",1,NA,"2",0,0,1,NA,NA,NA
2017,1,3875,9,"B","2",16,16,0,NA,2016,"",NA,NA,NA,"3875_1","irrigated","alive",1,"Vegetative",0,NA,"1",0,0,1,1,NA,NA
2018,1,3875,9,"B","1",8,8,0,NA,2016,"",NA,NA,NA,"3875_1","irrigated","alive",1,"Vegetative",0,NA,"1",0,0,1,0,NA,NA
2019,1,3875,9,"B","1",NA,14,0,NA,2016,"",NA,NA,NA,"3875_1","irrigated","alive",1,"Vegetative",0,NA,"1",0,0,1,0,NA,NA
2020,1,3875,9,"B","1",NA,15,0,NA,2016,"",NA,NA,NA,"3875_1","irrigated","alive",1,"Vegetative",0,NA,"0",NA,NA,0,0,NA,NA
2021,1,3875,9,"B","0",NA,NA,NA,NA,2016,"NP",NA,NA,NA,"3875_1","irrigated","dead",0,"Dead",NA,NA,NA,NA,NA,NA,0,NA,NA
2016,12,3876,11,"H","6",10.9,7.2,0,NA,2016,"",NA,NA,NA,"3876_12","irrigated","alive",1,"Vegetative",0,NA,"1",0,0,1,NA,NA,NA
2017,12,3876,11,"H","1",8,8,0,NA,2016,"",NA,NA,NA,"3876_12","irrigated","alive",1,"Vegetative",0,NA,"1",0,0,1,0,NA,NA
2018,12,3876,11,"H","1",12,12,0,NA,2016,"",NA,NA,NA,"3876_12","irrigated","alive",1,"Vegetative",0,NA,"4",2,1,1,0,NA,NA
2019,12,3876,11,"H","4",22.5,14,2,"3",2016,"",NA,NA,NA,"3876_12","irrigated","alive",1,"Flowering",1,NA,"0",NA,NA,1,0,NA,NA
2020,12,3876,11,"H","0",NA,NA,NA,NA,2016,"no plant",NA,NA,NA,"3876_12","irrigated","dormant",1,"Dormant",NA,NA,"1",0,0,1,1,NA,NA
2021,12,3876,11,"H","1",NA,14,0,NA,2016,"",NA,NA,NA,"3876_12","irrigated","alive",1,"Vegetative",0,NA,"1",0,0,1,NA,NA,NA
2022,12,3876,11,"H","1",NA,10.5,0,NA,2016,"",NA,NA,NA,"3876_12","irrigated","alive",1,"Vegetative",0,NA,"0",NA,NA,1,0,NA,NA
2023,12,3876,11,"H","0",NA,NA,NA,NA,2016,"NP",NA,NA,NA,"3876_12","irrigated","dormant",1,"Dormant",NA,NA,"2",0,0,1,0,NA,NA
2024,12,3876,11,"H","2",NA,19.5,0,NA,NA,"moss",NA,NA,NA,"3876_12","irrigated","alive",1,"Vegetative",0,NA,"3",2,1,1,NA,NA,NA
2025,12,3876,11,"H","3",28,17,2,"5",NA,"",NA,NA,NA,"3876_12","irrigated","alive",1,"Flowering",1,NA,"0",NA,NA,NA,0,NA,NA
2026,12,3876,11,"H","0",NA,NA,NA,NA,NA,"NP",NA,NA,NA,"3876_12","irrigated",NA,NA,NA,NA,NA,NA,NA,NA,NA,1,NA,NA
2016,5,3877,3,"J","3",16,4,0,NA,2016,"",NA,NA,NA,"3877_5","drought","alive",1,"Vegetative",0,NA,"2",0,0,1,NA,NA,NA
2017,5,3877,3,"J","2",13,13,0,NA,2016,"",NA,NA,NA,"3877_5","drought","alive",1,"Vegetative",0,NA,"1",0,0,1,0,NA,NA
2018,5,3877,3,"J","1",8,8,0,NA,2016,"",NA,NA,NA,"3877_5","drought","alive",1,"Vegetative",0,NA,"1",0,0,1,0,NA,NA
2019,5,3877,3,"J","1",NA,11.5,0,NA,2016,"",NA,NA,NA,"3877_5","drought","alive",1,"Vegetative",0,NA,"1",0,0,1,0,NA,NA
2020,5,3877,3,"J","1",NA,11.4,0,NA,2016,"",NA,NA,NA,"3877_5","drought","alive",1,"Vegetative",0,NA,"1",0,0,1,0,NA,NA
2021,5,3877,3,"J","1",NA,13,0,NA,2016,"",NA,NA,NA,"3877_5","drought","alive",1,"Vegetative",0,NA,"3",1,1,1,0,NA,NA
2022,5,3877,3,"J","3",18.5,21,1,"3",2016,"",NA,NA,NA,"3877_5","drought","alive",1,"Flowering",1,NA,"1",1,1,1,0,36,1
2023,5,3877,3,"J","1",32,15.5,1,"3.5",2016,"",NA,NA,NA,"3877_5","drought","alive",1,"Flowering",1,NA,"1",1,1,1,1,0,0
2024,5,3877,3,"J","1",18,10,1,"3.5",NA,"",NA,NA,NA,"3877_5","drought","alive",1,"Flowering",1,NA,"3",0,0,1,1,0,0
2025,5,3877,3,"J","3",NA,17,0,NA,NA,"",NA,NA,NA,"3877_5","drought","alive",1,"Vegetative",0,NA,"0",NA,NA,NA,1,NA,NA
2026,5,3877,3,"J","0",NA,NA,NA,NA,NA,"NP",NA,NA,NA,"3877_5","drought",NA,NA,NA,NA,NA,NA,NA,NA,NA,0,NA,NA
2016,1,3878,9,"E","6",32,12.2,1,"4.5",2016,"",NA,NA,NA,"3878_1","irrigated","alive",1,"Flowering",1,NA,NA,NA,NA,NA,NA,NA,NA
2017,1,3878,9,"E",NA,NA,NA,NA,NA,2016,"NP/NT",NA,NA,NA,"3878_1","irrigated",NA,NA,NA,NA,NA,NA,NA,NA,0,1,NA,NA
2018,1,3878,9,"E",NA,NA,NA,NA,NA,2016,"NP/NT",NA,NA,NA,"3878_1","irrigated","dead",0,"Dead",NA,NA,NA,NA,NA,NA,NA,NA,NA
2016,1,3879,3,"D","4",32.5,17,1,"5.5",2016,"",NA,NA,NA,"3879_1","irrigated","alive",1,"Flowering",1,NA,"3",1,1,1,NA,NA,NA
2017,1,3879,3,"D","3",18.5,14.5,1,"3",2016,"",NA,NA,NA,"3879_1","irrigated","alive",1,"Flowering",1,NA,"3",1,1,1,1,NA,NA
2018,1,3879,3,"D","3",15,12.5,1,"2.2",2016,"",NA,NA,NA,"3879_1","irrigated","alive",1,"Flowering",1,NA,"1",1,1,1,1,NA,NA
2019,1,3879,3,"D","1",15,10,1,"3",2016,"",NA,NA,NA,"3879_1","irrigated","alive",1,"Flowering",1,NA,"1",0,0,1,1,NA,NA
2020,1,3879,3,"D","1",NA,13.7,0,NA,2016,"",NA,NA,NA,"3879_1","irrigated","alive",1,"Vegetative",0,NA,"1",0,0,1,1,NA,NA
2021,1,3879,3,"D","1",NA,18,0,NA,2016,"",NA,NA,NA,"3879_1","irrigated","alive",1,"Vegetative",0,NA,"2",1,1,1,0,NA,NA
2022,1,3879,3,"D","2",40,15,1,"5.5",2016,"",NA,NA,NA,"3879_1","irrigated","alive",1,"Flowering",1,NA,"2",1,1,1,0,0,0
2023,1,3879,3,"D","2",36,22,1,"7",2016,"",NA,NA,NA,"3879_1","irrigated","alive",1,"Flowering",1,NA,"8",3,1,1,1,42,1
2024,1,3879,3,"D","8",26,17.5,3,"7.5",NA,"",NA,NA,NA,"3879_1","irrigated","alive",1,"Flowering",1,NA,"2",2,1,1,1,2,1
2025,1,3879,3,"D","2",25,21,2,"1.5",NA,"one if the umbles dead",NA,NA,1,"3879_1","irrigated","alive",1,"Flowering",1,NA,"3",1,1,1,1,4,1
2026,1,3879,3,"D","3",34,18,1,"5",NA,"",NA,NA,NA,"3879_1","irrigated","alive",1,"Flowering",1,NA,NA,NA,NA,NA,1,0,0
2018,15,3881,5,"E","3",19,17,1,"2.7",NA,"",NA,NA,NA,"3881_15","drought","alive",1,"Flowering",1,NA,"2",2,1,1,NA,NA,NA
2019,15,3881,5,"E","2",12,12,2,"1",NA,"",NA,NA,NA,"3881_15","drought","alive",1,"Flowering",1,NA,"0",NA,NA,1,1,NA,NA
2020,15,3881,5,"E","0",NA,NA,NA,NA,NA,"no plant",NA,NA,NA,"3881_15","drought","dormant",1,"Dormant",NA,NA,"3",0,0,1,1,NA,NA
2021,15,3881,5,"E","3",NA,15.5,0,NA,NA,"",NA,NA,NA,"3881_15","drought","alive",1,"Vegetative",0,NA,"2",0,0,1,NA,NA,NA
2022,15,3881,5,"E","2",NA,23.5,0,NA,NA,"",NA,NA,NA,"3881_15","drought","alive",1,"Vegetative",0,NA,"3",2,1,1,0,NA,NA
2023,15,3881,5,"E","3",34,12,2,"7",NA,"",NA,NA,NA,"3881_15","drought","alive",1,"Flowering",1,NA,"3",2,1,1,0,NA,NA
2024,15,3881,5,"E","3",23,17.5,2,"4.5",NA,"spittlebug",NA,NA,NA,"3881_15","drought","alive",1,"Flowering",1,NA,"1",0,0,1,1,54,1
2025,15,3881,5,"E","1",NA,21.5,0,NA,NA,"vole tunnel",NA,NA,NA,"3881_15","drought","alive",1,"Vegetative",0,NA,"0",NA,NA,NA,1,NA,NA
2026,15,3881,5,"E","0",NA,NA,NA,NA,NA,"NP",NA,NA,NA,"3881_15","drought",NA,NA,NA,NA,NA,NA,NA,NA,NA,0,NA,NA
2017,15,3882,2,"I","3",26,15.5,1,"3",2016,"",NA,NA,NA,"3882_15","drought","alive",1,"Flowering",1,NA,"4",0,0,1,NA,NA,NA
2018,15,3882,2,"I","4",20,20,0,NA,2016,"",NA,NA,NA,"3882_15","drought","alive",1,"Vegetative",0,NA,"1",0,0,1,1,NA,NA
2019,15,3882,2,"I","1",NA,15,0,NA,2016,"",NA,NA,NA,"3882_15","drought","alive",1,"Vegetative",0,NA,"2",0,0,1,0,NA,NA
2020,15,3882,2,"I","2",NA,10.5,0,NA,2016,"1 eaten leaf",NA,NA,NA,"3882_15","drought","alive",1,"Vegetative",0,NA,"2",1,1,1,0,NA,NA
2021,15,3882,2,"I","2",19.5,14,1,"3",2016,"",NA,NA,NA,"3882_15","drought","alive",1,"Flowering",1,NA,"4",2,1,1,0,0,0
2022,15,3882,2,"I","4",43,25,2,"8.5",2016,"",NA,NA,NA,"3882_15","drought","alive",1,"Flowering",1,NA,"5",4,1,1,1,138,1
2023,15,3882,2,"I","5",41,20,4,"18.5",2016,"",NA,NA,NA,"3882_15","drought","alive",1,"Flowering",1,NA,"5",2,1,1,1,NA,NA
2024,15,3882,2,"I","5",2,19.5,2,"6",NA,"",NA,NA,NA,"3882_15","drought","alive",1,"Flowering",1,NA,"0",NA,NA,0,1,NA,NA
2025,15,3882,2,"I","0",NA,NA,NA,NA,NA,"NP tag pulled vole digging",1,NA,NA,"3882_15","drought","dead",0,"Dead",NA,NA,NA,NA,NA,NA,1,NA,NA
2016,14,3885,9,"D","3",17,6.5,0,NA,2016,"",NA,NA,NA,"3885_14","drought","alive",1,"Vegetative",0,NA,"3",2,1,1,NA,NA,NA
2017,14,3885,9,"D","3",34.5,22,2,"2.5",2016,"",NA,NA,NA,"3885_14","drought","alive",1,"Flowering",1,NA,"1",0,0,1,0,NA,NA
2018,14,3885,9,"D","1",13,13,0,NA,2016,"",NA,NA,NA,"3885_14","drought","alive",1,"Vegetative",0,NA,"1",0,0,1,1,NA,NA
2019,14,3885,9,"D","1",NA,22.5,0,NA,2016,"",NA,NA,NA,"3885_14","drought","alive",1,"Vegetative",0,NA,NA,NA,NA,1,0,NA,NA
2020,14,3885,9,"D",NA,NA,NA,NA,NA,2016,"npnt",NA,NA,NA,"3885_14","drought",NA,1,NA,NA,NA,"2",0,0,1,0,NA,NA
2021,14,3885,9,"D","2",NA,21,0,NA,2016,"",NA,NA,NA,"3885_14","drought","alive",1,"Vegetative",0,NA,"2",1,1,1,NA,NA,NA
2022,14,3885,9,"D","2",47,21,1,"5",2016,"",NA,NA,NA,"3885_14","drought","alive",1,"Flowering",1,NA,"2",1,1,1,0,76,1
2023,14,3885,9,"D","2",47.5,32,1,"7.5",2016,"stalk broken",NA,NA,NA,"3885_14","drought","alive",1,"Flowering",1,NA,"1",0,0,1,1,NA,NA
2024,14,3885,9,"D","1",NA,25,0,NA,NA,"very close to Dactylis",NA,NA,NA,"3885_14","drought","alive",1,"Vegetative",0,NA,"0",NA,NA,0,1,NA,NA
2025,14,3885,9,"D","0",NA,NA,NA,NA,NA,"NP",NA,NA,NA,"3885_14","drought","dead",0,"Dead",NA,NA,NA,NA,NA,NA,0,NA,NA
2016,7,3886,10,"B","8",38.5,6.5,1,"10",2016,"",NA,NA,NA,"3886_7","drought","alive",1,"Flowering",1,NA,NA,NA,NA,NA,NA,NA,NA
2017,6,3887,16,"D","2",22,14.5,1,"2.5",2017,"",NA,NA,NA,"3887_6","irrigated","alive",1,"Flowering",1,NA,"3",2,1,1,NA,NA,NA
2018,6,3887,16,"D","3",18,11,2,"3.7",2017,"",NA,NA,NA,"3887_6","irrigated","alive",1,"Flowering",1,NA,"3",2,1,1,1,NA,NA
2019,6,3887,16,"D","3",21.5,10,2,"3.5",2017,"",NA,NA,NA,"3887_6","irrigated","alive",1,"Flowering",1,NA,"5",2,1,1,1,NA,NA
2020,6,3887,16,"D","5",24,8.6,2,"4.8",2017,"",NA,NA,NA,"3887_6","irrigated","alive",1,"Flowering",1,NA,"3",2,1,1,1,NA,NA
2021,6,3887,16,"D","3",30,14,2,"5",2017,"",NA,NA,NA,"3887_6","irrigated","alive",1,"Flowering",1,NA,"4",3,1,1,1,0,0
2022,6,3887,16,"D","4",60,10,3,"14",2017,"",NA,NA,NA,"3887_6","irrigated","alive",1,"Flowering",1,NA,"4",3,1,1,1,230,1
2023,6,3887,16,"D","4",44,17,3,"11",2017,"",NA,NA,NA,"3887_6","irrigated","alive",1,"Flowering",1,NA,"5",2,1,1,1,138,1
2024,6,3887,16,"D","5",37,7.5,2,"4",NA,"longest leaf senesced; measured second longest",NA,NA,NA,"3887_6","irrigated","alive",1,"Flowering",1,NA,"3",1,1,1,1,94,1
2025,6,3887,16,"D","3",17,17,1,"2",NA,"",NA,NA,NA,"3887_6","irrigated","alive",1,"Flowering",1,NA,"3",1,1,1,1,0,0
2026,6,3887,16,"D","3",25.5,13,1,"2.5",NA,"",NA,NA,NA,"3887_6","irrigated","alive",1,"Flowering",1,NA,NA,NA,NA,NA,1,0,0
2022,5,3888,17,"I","1",21,12,1,"3.5",2022,"Yes plant in 2022",NA,NA,NA,"3888_5","drought","alive",1,"Flowering",1,NA,"5",3,1,1,NA,0,0
2023,5,3888,17,"I","5",42,17,3,"13",2022,"1 dead umbel",NA,NA,NA,"3888_5","drought","alive",1,"Flowering",1,NA,"3",2,1,1,1,NA,NA
2024,5,3888,17,"I","3",32.5,15,2,"6",2022,"small umbel is dead",NA,NA,NA,"3888_5","drought","alive",1,"Flowering",1,NA,"3",2,1,1,1,16,1
2025,5,3888,17,"I","3",15,15,2,"0",2022,"",NA,NA,NA,"3888_5","drought","alive",1,"Flowering",1,NA,"1",0,0,1,1,NA,NA
2026,5,3888,17,"I","1",NA,17,0,NA,2022,"",NA,NA,NA,"3888_5","drought","alive",1,"Vegetative",0,NA,NA,NA,NA,NA,1,NA,NA
2017,5,3888,17,"I","2",16,10.5,2,"3",2017,"",NA,NA,NA,"3888_5_senior","drought","alive",1,"Flowering",1,NA,"2",1,1,1,NA,NA,NA
2018,5,3888,17,"I","2",10,9,1,"1.7",2017,"",NA,NA,NA,"3888_5_senior","drought","alive",1,"Flowering",1,NA,"0",NA,NA,0,1,NA,NA
2019,5,3888,17,"I","0",NA,NA,NA,NA,2017,"no plant",NA,NA,NA,"3888_5_senior","drought","dead",0,"Dead",NA,NA,NA,NA,NA,NA,1,NA,NA
2017,2,3891,0,"J","2",16.5,16.5,0,NA,2017,"",NA,NA,NA,"3891_2","control","alive",1,"Vegetative",0,NA,"1",0,0,1,NA,NA,NA
2018,2,3891,0,"J","1",17.5,17.5,0,NA,2017,"",NA,NA,NA,"3891_2","control","alive",1,"Vegetative",0,NA,"1",1,1,1,0,NA,NA
2019,2,3891,0,"J","1",18,12,1,"3",2017,"",NA,NA,NA,"3891_2","control","alive",1,"Flowering",1,NA,"1",0,0,1,0,NA,NA
2020,2,3891,0,"J","1",NA,10.5,0,NA,2017,"",NA,NA,NA,"3891_2","control","alive",1,"Vegetative",0,NA,"3",0,0,1,1,NA,NA
2021,2,3891,0,"J","3",NA,13,0,NA,2017,"",NA,NA,NA,"3891_2","control","alive",1,"Vegetative",0,NA,"1",1,1,1,0,NA,NA
2022,2,3891,0,"J","1",22,12.5,1,"4",2017,"",NA,NA,NA,"3891_2","control","alive",1,"Flowering",1,NA,"1",1,1,1,0,2,1
2023,2,3891,0,"J","1",30,14,1,"6",2017,"didn't track phenology",NA,NA,NA,"3891_2","control","alive",1,"Flowering",1,NA,"1",1,1,1,1,NA,NA
2024,2,3891,0,"J","1",30,17.5,1,"5",NA,"",NA,NA,NA,"3891_2","control","alive",1,"Flowering",1,NA,"0",NA,NA,1,1,10,1
2025,2,3891,0,"J","0",NA,NA,NA,NA,NA,"NP",NA,NA,NA,"3891_2","control","dormant",1,"Dormant",NA,NA,"3",NA,NA,1,1,NA,NA
2026,2,3891,0,"J","3",NA,19.5,NA,NA,NA,"",NA,NA,NA,"3891_2","control","alive",1,NA,NA,NA,NA,NA,NA,NA,NA,NA,NA
2021,15,3892,0,"B","3",22.5,13.5,1,"1.5",2021,"",NA,NA,NA,"3892_15","drought","alive",1,"Flowering",1,NA,"6",3,1,1,NA,2,1
2022,15,3892,0,"B","6",42,21,3,"12",2021,"",NA,NA,NA,"3892_15","drought","alive",1,"Flowering",1,NA,"8",3,1,1,1,102,1
2023,15,3892,0,"B","8",50,17,3,"15",2021,"",NA,NA,NA,"3892_15","drought","alive",1,"Flowering",1,NA,"4",3,1,1,1,NA,NA
2024,15,3892,0,"B","4",44.5,20,3,"13.5",NA,"spittlebug",NA,NA,NA,"3892_15","drought","alive",1,"Flowering",1,NA,"0",NA,NA,0,1,112,1
2025,15,3892,0,"B","0",NA,NA,NA,NA,NA,"NP",NA,NA,NA,"3892_15","drought","dead",0,"Dead",NA,NA,NA,NA,NA,NA,1,NA,NA
2016,15,3894,12,"G","3",16,4.5,1,"1.5",2016,"Dehydrated",NA,NA,NA,"3894_15","drought","alive",1,"Flowering",1,NA,"5",2,1,1,NA,NA,NA
2017,15,3894,12,"G","5",26.5,18,2,"2",2016,"",NA,NA,NA,"3894_15","drought","alive",1,"Flowering",1,NA,NA,NA,NA,0,1,NA,NA
2018,15,3894,12,"G",NA,NA,NA,NA,NA,2016,"no plant no tag",NA,NA,NA,"3894_15","drought","dead",0,"Dead",NA,NA,NA,NA,NA,NA,1,NA,NA
2021,5,3896,10,"F","2",NA,16,1,NA,2021,"",NA,NA,NA,"3896_5","drought","alive",1,"Flowering",1,NA,"3",2,1,1,NA,0,0
2022,5,3896,10,"F","3",23,12,2,"6.5",2021,"",NA,NA,NA,"3896_5","drought","alive",1,"Flowering",1,NA,"3",2,1,1,1,44,1
2023,5,3896,10,"F","3",33,14.5,2,"4",2021,"1 umbel dead",NA,NA,NA,"3896_5","drought","alive",1,"Flowering",1,NA,NA,NA,NA,1,1,NA,NA
2024,5,3896,10,"F",NA,NA,NA,NA,NA,2021,"NPNT",NA,NA,NA,"3896_5","drought",NA,1,NA,NA,NA,"2",1,1,1,1,NA,NA
2025,5,3896,10,"F","2",9.5,9,1,"2",2021,"",NA,NA,NA,"3896_5","drought","alive",1,"Flowering",1,NA,"3",1,1,1,NA,NA,NA
2026,5,3896,10,"F","3",3.5,11,1,"1",2021,"",NA,NA,NA,"3896_5","drought","alive",1,"Flowering",1,NA,NA,NA,NA,NA,1,0,0
2017,5,3896,10,"F","3",24,8,1,"2",2017,"",NA,NA,NA,"3896_5_senior","drought","alive",1,"Flowering",1,NA,"1",0,0,1,NA,NA,NA
2018,5,3896,10,"F","1",12,12,0,NA,2017,"",NA,NA,NA,"3896_5_senior","drought","alive",1,"Vegetative",0,NA,"0",NA,NA,0,1,NA,NA
2019,5,3896,10,"F","0",NA,NA,NA,NA,2017,"no plant",NA,NA,NA,"3896_5_senior","drought","dead",0,"Dead",NA,NA,NA,NA,NA,NA,0,NA,NA
2021,15,3900,11,"F","3",NA,14,0,NA,2021,"",NA,NA,NA,"3900_15","drought","alive",1,"Vegetative",0,NA,"4",2,1,1,NA,NA,NA
2022,15,3900,11,"F","4",29,15,2,"8.5",2021,"",NA,NA,NA,"3900_15","drought","alive",1,"Flowering",1,NA,"0",NA,NA,0,0,168,1
2023,15,3900,11,"F","0",NA,NA,NA,NA,2021,"NP",NA,NA,NA,"3900_15","drought","dead",0,"Dead",NA,NA,NA,NA,NA,NA,1,NA,NA
2016,15,3900,11,"F","3",13,6,0,NA,2016,"",NA,NA,NA,"3900_15_senior","drought","alive",1,"Vegetative",0,NA,"5",1,1,1,NA,NA,NA
2017,15,3900,11,"F","5",12,10.5,1,"2.2",2016,"",NA,NA,NA,"3900_15_senior","drought","alive",1,"Flowering",1,NA,"3",0,0,1,0,NA,NA
2018,15,3900,11,"F","3",11,11,0,NA,2016,"",NA,NA,NA,"3900_15_senior","drought","alive",1,"Vegetative",0,NA,"0",NA,NA,0,1,NA,NA
2019,15,3900,11,"F","0",NA,NA,NA,NA,2016,"",NA,NA,NA,"3900_15_senior","drought","dead",0,"Dead",NA,NA,NA,NA,NA,NA,0,NA,NA
2021,1,3902,15,"J","1",NA,12,0,NA,2021,"",NA,NA,NA,"3902_1","irrigated","alive",1,"Vegetative",0,NA,"1",0,0,1,NA,NA,NA
2022,1,3902,15,"J","1",NA,20.5,0,NA,2021,"",NA,NA,NA,"3902_1","irrigated","alive",1,"Vegetative",0,NA,"2",1,1,1,0,NA,NA
2023,1,3902,15,"J","2",29,7,1,"8",2021,"",NA,NA,NA,"3902_1","irrigated","alive",1,"Flowering",1,NA,"1",0,0,1,0,NA,NA
2024,1,3902,15,"J","1",NA,20.5,0,NA,NA,"accidentally pulled when measuring",NA,NA,NA,"3902_1","irrigated","alive",1,"Vegetative",0,NA,"0",NA,NA,0,1,NA,NA
2025,1,3902,15,"J","0",NA,NA,NA,NA,NA,"NP",NA,NA,NA,"3902_1","irrigated","dead",0,"Dead",NA,NA,NA,NA,NA,NA,0,NA,NA
2021,2,3905,1,"D","2",NA,11,0,NA,2021,"",NA,NA,NA,"3905_2","control","alive",1,"Vegetative",0,NA,"2",0,0,1,NA,NA,NA
2022,2,3905,1,"D","2",NA,13.5,0,NA,2021,"",NA,NA,NA,"3905_2","control","alive",1,"Vegetative",0,NA,"0",NA,NA,0,0,NA,NA
2023,2,3905,1,"D","0",NA,NA,NA,NA,2021,"NP",NA,NA,NA,"3905_2","control","dead",0,"Dead",NA,NA,NA,NA,NA,NA,0,NA,NA
2017,3,3906,1,"C","1",15.5,7,1,"1.5",2017,"",NA,NA,NA,"3906_3","control","alive",1,"Flowering",1,NA,"3",0,0,1,NA,NA,NA
2018,3,3906,1,"C","3",14,14,0,NA,2017,"",NA,NA,NA,"3906_3","control","alive",1,"Vegetative",0,NA,"2",1,1,1,1,NA,NA
2019,3,3906,1,"C","2",15,11,1,"2.5",2017,"",NA,NA,NA,"3906_3","control","alive",1,"Flowering",1,NA,"2",0,0,1,0,NA,NA
2020,3,3906,1,"C","2",NA,12.2,0,NA,2017,"",NA,NA,NA,"3906_3","control","alive",1,"Vegetative",0,NA,"2",0,0,1,1,NA,NA
2021,3,3906,1,"C","2",NA,20.5,0,NA,2017,"",NA,NA,NA,"3906_3","control","alive",1,"Vegetative",0,NA,"2",1,1,1,0,NA,NA
2022,3,3906,1,"C","2",38,17,1,"4",2017,"",NA,NA,NA,"3906_3","control","alive",1,"Flowering",1,NA,"2",1,1,1,0,24,1
2023,3,3906,1,"C","2",39,22.5,1,"5.5",2017,"",NA,NA,NA,"3906_3","control","alive",1,"Flowering",1,NA,"0",NA,NA,0,1,0,0
2024,3,3906,1,"C","0",NA,NA,NA,NA,NA,"NP",NA,NA,NA,"3906_3","control","dead",0,"Dead",NA,NA,NA,NA,NA,NA,1,0,0
2017,5,3907,16,"B","2",22.5,11.5,1,"3.5",2017,"",NA,NA,NA,"3907_5","drought","alive",1,"Flowering",1,NA,"0",NA,NA,0,NA,NA,NA
2018,5,3907,16,"B","0",NA,NA,NA,NA,2017,"no plant",NA,NA,NA,"3907_5","drought","dead",0,"Dead",NA,NA,NA,NA,NA,NA,1,NA,NA
2022,2,3908,8,"B","2",NA,19.5,0,NA,2022,"",NA,NA,NA,"3908_2","control","alive",1,"Vegetative",0,NA,"1",0,0,1,NA,NA,NA
2023,2,3908,8,"B","1",NA,13,0,NA,2022,"",NA,NA,NA,"3908_2","control","alive",1,"Vegetative",0,NA,"0",NA,NA,0,0,NA,NA
2024,2,3908,8,"B","0",NA,NA,NA,NA,2022,"NP",NA,NA,NA,"3908_2","control","dead",0,"Dead",NA,NA,NA,NA,NA,NA,0,NA,NA
2016,2,3908,8,"B","6",11,6.5,0,NA,2016,"",NA,NA,NA,"3908_2_senior","control","alive",1,"Vegetative",0,NA,"0",NA,NA,0,NA,NA,NA
2017,2,3908,8,"B","0",NA,NA,NA,NA,2016,"No plant/dead?",NA,NA,NA,"3908_2_senior","control","dead",0,"Dead",NA,NA,NA,NA,NA,NA,0,NA,NA
2016,14,3913,5,"E","10",35.5,7.3,2,"3.1",2016,"",NA,NA,NA,"3913_14","drought","alive",1,"Flowering",1,NA,"3",0,0,1,NA,NA,NA
2017,14,3913,5,"E","3",20,20,0,NA,2016,"",NA,NA,NA,"3913_14","drought","alive",1,"Vegetative",0,NA,"5",2,1,1,1,NA,NA
2018,14,3913,5,"E","5",28,13.5,2,"3",2016,"",NA,NA,NA,"3913_14","drought","alive",1,"Flowering",1,NA,"2",1,1,1,0,NA,NA
2019,14,3913,5,"E","2",27,15.5,1,"2.5",2016,"",NA,NA,NA,"3913_14","drought","alive",1,"Flowering",1,NA,NA,NA,NA,1,1,NA,NA
2020,14,3913,5,"E",NA,NA,NA,NA,NA,2016,"npnt",NA,NA,NA,"3913_14","drought",NA,1,NA,NA,NA,"3",0,0,1,1,NA,NA
2021,14,3913,5,"E","3",NA,22,0,NA,2016,"",NA,NA,NA,"3913_14","drought","alive",1,"Vegetative",0,NA,"4",2,1,1,NA,NA,NA
2022,14,3913,5,"E","4",53,20,2,"9.5",2016,"",NA,NA,NA,"3913_14","drought","alive",1,"Flowering",1,NA,"4",3,1,1,0,56,1
2023,14,3913,5,"E","4",49,16,3,"12.5",2016,"",NA,NA,NA,"3913_14","drought","alive",1,"Flowering",1,NA,"0",NA,NA,1,1,162,1
2024,14,3913,5,"E","0",NA,NA,NA,NA,NA,"NP",NA,NA,NA,"3913_14","drought","dormant",1,"Dormant",NA,NA,"1",0,0,1,1,NA,NA
2025,14,3913,5,"E","1",NA,26,0,NA,NA,"",NA,NA,NA,"3913_14","drought","alive",1,"Vegetative",0,NA,"1",0,0,1,NA,NA,NA
2026,14,3913,5,"E","1",NA,17.5,0,NA,NA,"",NA,NA,NA,"3913_14","drought","alive",1,"Vegetative",0,NA,NA,NA,NA,NA,0,NA,NA
2017,6,3916,7,"C","1",26.5,26.5,0,NA,2016,"",NA,NA,NA,"3916_6","irrigated","alive",1,"Vegetative",0,NA,"2",1,1,1,NA,NA,NA
2018,6,3916,7,"C","2",25,20,1,"3.2",2016,"",NA,NA,NA,"3916_6","irrigated","alive",1,"Flowering",1,NA,"3",1,1,1,0,NA,NA
2019,6,3916,7,"C","3",22,21,1,"4",2016,"already seeded",NA,NA,NA,"3916_6","irrigated","alive",1,"Flowering",1,NA,"3",0,0,1,1,NA,NA
2020,6,3916,7,"C","3",NA,14.5,0,NA,2016,"3918 = correct tag",NA,NA,NA,"3916_6","irrigated","alive",1,"Vegetative",0,NA,"4",1,1,1,1,NA,NA
2021,6,3916,7,"C","4",40.5,21,1,"4",2016,"",NA,NA,NA,"3916_6","irrigated","alive",1,"Flowering",1,NA,"0",NA,NA,0,0,38,1
2022,6,3916,7,"C","0",NA,NA,NA,NA,2016,"NP. 3918 = correct tag",NA,NA,NA,"3916_6","irrigated","dead",0,"Dead",NA,NA,NA,NA,NA,NA,1,NA,NA
2016,6,3918,7,"C","7",28.6,3.6,1,"1.2",2016,"",NA,NA,NA,"3918_6","irrigated","alive",1,"Flowering",1,NA,NA,NA,NA,NA,NA,NA,NA
2019,3,3919,0,"B","3",NA,16,0,NA,2019,"",NA,NA,NA,"3919_3","control","alive",1,"Vegetative",0,NA,"0",NA,NA,1,NA,NA,NA
2020,3,3919,0,"B","0",NA,NA,NA,NA,2019,"no plant",NA,NA,NA,"3919_3","control","dormant",1,"Dormant",NA,NA,"1",0,0,1,0,NA,NA
2021,3,3919,0,"B","1",NA,16,0,NA,2019,"",NA,NA,NA,"3919_3","control","alive",1,"Vegetative",0,NA,"1",0,0,1,NA,NA,NA
2022,3,3919,0,"B","1",NA,16,0,NA,2019,"",NA,NA,NA,"3919_3","control","alive",1,"Vegetative",0,NA,"2",1,1,1,0,NA,NA
2023,3,3919,0,"B","2",33.5,27,1,"4.5",2019,"",NA,NA,NA,"3919_3","control","alive",1,"Flowering",1,NA,"3",1,1,1,0,32,1
2024,3,3919,0,"B","3",30.5,19,1,"2",NA,"",NA,NA,NA,"3919_3","control","alive",1,"Flowering",1,NA,"1",0,0,1,1,4,1
2025,3,3919,0,"B","1",NA,26,0,NA,NA,"",NA,NA,NA,"3919_3","control","alive",1,"Vegetative",0,NA,"0",NA,NA,NA,1,NA,NA
2026,3,3919,0,"B","0",NA,NA,NA,NA,NA,"NP",NA,NA,NA,"3919_3","control",NA,NA,NA,NA,NA,NA,NA,NA,NA,0,NA,NA
2016,14,3926,5,"D","3",32,8.4,2,"4",2016,"",NA,NA,NA,"3926_14","drought","alive",1,"Flowering",1,NA,"2",0,0,1,NA,NA,NA
2017,14,3926,5,"D","2",20,20,0,NA,2016,"",NA,NA,NA,"3926_14","drought","alive",1,"Vegetative",0,NA,"4",1,1,1,1,NA,NA
2018,14,3926,5,"D","4",21.5,17.5,1,"3",2016,"",NA,NA,NA,"3926_14","drought","alive",1,"Flowering",1,NA,"7",3,1,1,0,NA,NA
2019,14,3926,5,"D","7",29.5,13.5,3,"4.5",2016,"",NA,NA,NA,"3926_14","drought","alive",1,"Flowering",1,NA,"1",0,0,1,1,NA,NA
2020,14,3926,5,"D","1",NA,13.3,0,NA,2016,"",NA,NA,NA,"3926_14","drought","alive",1,"Vegetative",0,NA,"2",0,0,1,1,NA,NA
2021,14,3926,5,"D","2",NA,18,0,NA,2016,"",NA,NA,NA,"3926_14","drought","alive",1,"Vegetative",0,NA,"3",1,1,1,0,NA,NA
2022,14,3926,5,"D","3",38,18,1,"5",2016,"",NA,NA,NA,"3926_14","drought","alive",1,"Flowering",1,NA,"6",4,1,1,0,0,0
2023,14,3926,5,"D","6",35,17,4,"13",2016,"",NA,NA,NA,"3926_14","drought","alive",1,"Flowering",1,NA,"2",0,0,1,1,198,1
2024,14,3926,5,"D","2",NA,21.5,0,NA,NA,"phen records for this tag are actually plant 3671",NA,NA,NA,"3926_14","drought","alive",1,"Vegetative",0,NA,"1",0,0,1,1,10,1
2025,14,3926,5,"D","1",NA,22,0,NA,NA,"",NA,NA,NA,"3926_14","drought","alive",1,"Vegetative",0,NA,"0",NA,NA,NA,0,NA,NA
2026,14,3926,5,"D","0",NA,NA,NA,NA,NA,"NP",NA,NA,NA,"3926_14","drought",NA,NA,NA,NA,NA,NA,NA,NA,NA,0,NA,NA
2017,14,3928,17,"B","1",10.5,10.5,0,NA,2016,"",NA,NA,NA,"3928_14","drought","alive",1,"Vegetative",0,NA,"2",0,0,1,NA,NA,NA
2018,14,3928,17,"B","2",12,12,0,NA,2016,"",NA,NA,NA,"3928_14","drought","alive",1,"Vegetative",0,NA,"1",0,0,1,0,NA,NA
2019,14,3928,17,"B","1",NA,12,0,NA,2016,"",NA,NA,NA,"3928_14","drought","alive",1,"Vegetative",0,NA,NA,NA,NA,1,0,NA,NA
2020,14,3928,17,"B",NA,NA,NA,NA,NA,2016,"NS",NA,NA,NA,"3928_14","drought",NA,1,NA,NA,NA,"2",0,0,1,0,NA,NA
2021,14,3928,17,"B","2",NA,14,0,NA,2016,"",NA,NA,NA,"3928_14","drought","alive",1,"Vegetative",0,NA,"0",NA,NA,1,NA,NA,NA
2022,14,3928,17,"B","0",NA,NA,NA,NA,2016,"NP",NA,NA,NA,"3928_14","drought","dormant",1,"Dormant",NA,NA,"1",0,0,1,0,NA,NA
2023,14,3928,17,"B","1",NA,20,0,NA,2016,"",NA,NA,NA,"3928_14","drought","alive",1,"Vegetative",0,NA,"0",NA,NA,1,NA,NA,NA
2024,14,3928,17,"B","0",NA,NA,NA,NA,NA,"NP",NA,NA,NA,"3928_14","drought","dormant",1,"Dormant",NA,NA,"1",0,0,1,0,NA,NA
2025,14,3928,17,"B","1",NA,19,0,NA,NA,"in 19B",NA,NA,NA,"3928_14","drought","alive",1,"Vegetative",0,NA,"2",0,0,1,NA,NA,NA
2026,14,3928,17,"B","2",NA,19,0,NA,NA,"",NA,NA,NA,"3928_14","drought","alive",1,"Vegetative",0,NA,NA,NA,NA,NA,0,NA,NA
2021,10,3929,7,"C","1",NA,10,0,NA,2021,"",NA,NA,NA,"3929_10","drought","alive",1,"Vegetative",0,NA,"2",0,0,1,NA,NA,NA
2022,10,3929,7,"C","2",NA,17,0,NA,2021,"",NA,NA,NA,"3929_10","drought","alive",1,"Vegetative",0,NA,"3",2,1,1,0,NA,NA
2023,10,3929,7,"C","3",42,19,2,"9",2021,"",NA,NA,NA,"3929_10","drought","alive",1,"Flowering",1,NA,"2",1,1,1,0,90,1
2024,10,3929,7,"C","2",34.5,18.5,1,"4.5",NA,"black spots on leaves; was 7559 in phen",NA,NA,NA,"3929_10","drought","alive",1,"Flowering",1,NA,"2",1,1,1,1,NA,NA
2025,10,3929,7,"C","2",35,16,1,"5.5",NA,"",NA,NA,NA,"3929_10","drought","alive",1,"Flowering",1,NA,"0",NA,NA,NA,1,28,1
2026,10,3929,7,"C","0",NA,NA,NA,NA,NA,"NP",NA,NA,NA,"3929_10","drought",NA,NA,NA,NA,NA,NA,NA,NA,NA,1,NA,NA
2016,1,3930,8,"G","3",16,12.2,0,NA,2016,"",NA,NA,NA,"3930_1","irrigated","alive",1,"Vegetative",0,NA,"3",0,0,1,NA,NA,NA
2017,1,3930,8,"G","3",19,16,0,NA,2016,"",NA,NA,NA,"3930_1","irrigated","alive",1,"Vegetative",0,NA,"4",2,1,1,0,NA,NA
2018,1,3930,8,"G","4",22,17.5,2,"4.7",2016,"",NA,NA,NA,"3930_1","irrigated","alive",1,"Flowering",1,NA,"2",0,0,1,0,NA,NA
2019,1,3930,8,"G","2",NA,13,0,NA,2016,"",NA,NA,NA,"3930_1","irrigated","alive",1,"Vegetative",0,NA,"1",0,0,1,1,NA,NA
2020,1,3930,8,"G","1",NA,15.6,0,NA,2016,"",NA,NA,NA,"3930_1","irrigated","alive",1,"Vegetative",0,NA,"3",0,0,1,0,NA,NA
2021,1,3930,8,"G","3",NA,21,0,NA,2016,"",NA,NA,NA,"3930_1","irrigated","alive",1,"Vegetative",0,NA,"5",3,1,1,0,NA,NA
2022,1,3930,8,"G","5",46,17,3,"15.5",2016,"",NA,NA,NA,"3930_1","irrigated","alive",1,"Flowering",1,NA,"3",2,1,1,0,126,1
2023,1,3930,8,"G","3",49,18,2,"11",2016,"",NA,NA,NA,"3930_1","irrigated","alive",1,"Flowering",1,NA,"1",0,0,1,1,140,1
2024,1,3930,8,"G","1",NA,20.5,0,NA,NA,"",NA,NA,NA,"3930_1","irrigated","alive",1,"Vegetative",0,NA,"2",0,0,1,1,NA,NA
2025,1,3930,8,"G","2",NA,26,0,NA,NA,"",NA,NA,NA,"3930_1","irrigated","alive",1,"Vegetative",0,NA,"0",NA,NA,NA,0,NA,NA
2026,1,3930,8,"G","0",NA,NA,NA,NA,NA,"NP",NA,NA,NA,"3930_1","irrigated",NA,NA,NA,NA,NA,NA,NA,NA,NA,0,NA,NA
2016,15,3932,13,"H","3",23.5,8.2,0,NA,2016,"",NA,NA,NA,"3932_15","drought","alive",1,"Vegetative",0,NA,"2",0,0,1,NA,NA,NA
2017,15,3932,13,"H","2",19,19,0,NA,2016,"",NA,NA,NA,"3932_15","drought","alive",1,"Vegetative",0,NA,NA,NA,NA,0,0,NA,NA
2018,15,3932,13,"H",NA,NA,NA,NA,NA,2016,"no plant no tag",NA,NA,NA,"3932_15","drought","dead",0,"Dead",NA,NA,NA,NA,NA,NA,0,NA,NA
2017,2,3934,3,"H","1",7.5,7.5,0,NA,2017,"",NA,NA,NA,"3934_2","control","alive",1,"Vegetative",0,NA,"1",0,0,1,NA,NA,NA
2018,2,3934,3,"H","1",8,8,0,NA,2017,"",NA,NA,NA,"3934_2","control","alive",1,"Vegetative",0,NA,"0",NA,NA,0,0,NA,NA
2019,2,3934,3,"H","0",NA,NA,NA,NA,2017,"no plant",NA,NA,NA,"3934_2","control","dead",0,"Dead",NA,NA,NA,NA,NA,NA,0,NA,NA
2016,1,3935,4,"I","3",17,9.5,0,NA,2016,"",NA,NA,NA,"3935_1","irrigated","alive",1,"Vegetative",0,NA,"2",0,0,1,NA,NA,NA
2017,1,3935,4,"I","2",15,15,0,NA,2016,"",NA,NA,NA,"3935_1","irrigated","alive",1,"Vegetative",0,NA,"1",0,0,1,0,NA,NA
2018,1,3935,4,"I","1",15.5,15.5,0,NA,2016,"",NA,NA,NA,"3935_1","irrigated","alive",1,"Vegetative",0,NA,"0",0,NA,1,0,NA,NA
2019,1,3935,4,"I","0",0,0,0,"0",2016,"NP",NA,NA,NA,"3935_1","irrigated","dormant",1,"Dormant",NA,NA,"1",0,0,1,0,NA,NA
2020,1,3935,4,"I","1",NA,12.1,0,NA,2016,"",NA,NA,NA,"3935_1","irrigated","alive",1,"Vegetative",0,NA,"2",0,0,1,NA,NA,NA
2021,1,3935,4,"I","2",NA,18,0,NA,2016,"",NA,NA,NA,"3935_1","irrigated","alive",1,"Vegetative",0,NA,"4",2,1,1,0,NA,NA
2022,1,3935,4,"I","4",45,17,2,"8",2016,"",NA,NA,NA,"3935_1","irrigated","alive",1,"Flowering",1,NA,"4",2,1,1,0,84,1
2023,1,3935,4,"I","4",34,22,2,"12",2016,"",NA,NA,NA,"3935_1","irrigated","alive",1,"Flowering",1,NA,"1",1,1,1,1,78,1
2024,1,3935,4,"I","1",27,NA,1,"3",NA,"found pulled without leaf",NA,NA,NA,"3935_1","irrigated","alive",1,"Flowering",1,NA,"1",1,1,1,1,0,0
2025,1,3935,4,"I","1",30,22.5,1,"6",NA,"",NA,NA,1,"3935_1","irrigated","alive",1,"Flowering",1,NA,"3",1,1,1,1,0,0
2026,1,3935,4,"I","3",26,24.5,1,"5",NA,"",NA,NA,NA,"3935_1","irrigated","alive",1,"Flowering",1,NA,NA,NA,NA,NA,1,0,0
2021,12,3938,17,"F","1",NA,9,0,NA,2021,"",NA,NA,NA,"3938_12","irrigated","alive",1,"Vegetative",0,NA,"1",0,0,1,NA,NA,NA
2022,12,3938,17,"F","1",NA,11.5,0,NA,2021,"",NA,NA,NA,"3938_12","irrigated","alive",1,"Vegetative",0,NA,"1",0,0,1,0,NA,NA
2023,12,3938,17,"F","1",NA,11,0,NA,2021,"",NA,NA,NA,"3938_12","irrigated","alive",1,"Vegetative",0,NA,"2",0,0,1,0,NA,NA
2024,12,3938,17,"F","2",NA,13.5,0,NA,NA,"moss",NA,NA,NA,"3938_12","irrigated","alive",1,"Vegetative",0,NA,"2",1,1,1,0,NA,NA
2025,12,3938,17,"F","2",25,16.5,1,"3.5",NA,"moss",NA,NA,NA,"3938_12","irrigated","alive",1,"Flowering",1,NA,"3",0,0,1,0,NA,NA
2026,12,3938,17,"F","3",NA,15,0,NA,NA,"",NA,NA,NA,"3938_12","irrigated","alive",1,"Vegetative",0,NA,NA,NA,NA,NA,1,NA,NA
2016,15,3940,5,"I","3",30,12,1,"1.2",2016,"",NA,NA,NA,"3940_15","drought","alive",1,"Flowering",1,NA,"5",3,1,1,NA,NA,NA
2017,15,3940,5,"I","5",27,17,3,"4",2016,"",NA,NA,NA,"3940_15","drought","alive",1,"Flowering",1,NA,"2",1,1,1,1,NA,NA
2018,15,3940,5,"I","2",16,12,1,"1.2",2016,"",NA,NA,NA,"3940_15","drought","alive",1,"Flowering",1,NA,"1",0,0,1,1,NA,NA
2019,15,3940,5,"I","1",NA,15,0,NA,2016,"",NA,NA,NA,"3940_15","drought","alive",1,"Vegetative",0,NA,"1",0,0,1,1,NA,NA
2020,15,3940,5,"I","1",NA,10.3,0,NA,2016,"pulled out",NA,NA,NA,"3940_15","drought","alive",1,"Vegetative",0,NA,"2",0,0,1,0,NA,NA
2021,15,3940,5,"I","2",NA,20,0,NA,2016,"",NA,NA,NA,"3940_15","drought","alive",1,"Vegetative",0,NA,"1",0,0,1,0,NA,NA
2022,15,3940,5,"I","1",NA,12.5,0,NA,2016,"",NA,NA,NA,"3940_15","drought","alive",1,"Vegetative",0,NA,"0",NA,NA,1,0,NA,NA
2023,15,3940,5,"I","0",NA,NA,NA,NA,2016,"NP",NA,NA,NA,"3940_15","drought","dormant",1,"Dormant",NA,NA,"1",0,0,1,0,NA,NA
2024,15,3940,5,"I","1",NA,30,0,NA,NA,"",NA,NA,NA,"3940_15","drought","alive",1,"Vegetative",0,NA,"0",NA,NA,0,NA,NA,NA
2025,15,3940,5,"I","0",NA,NA,NA,NA,NA,"NP",NA,NA,NA,"3940_15","drought","dead",0,"Dead",NA,NA,NA,NA,NA,NA,0,NA,NA
2017,5,3941,7,"B","5",15,7,4,"2",2017,"",NA,NA,NA,"3941_5","drought","alive",1,"Flowering",1,NA,"1",0,0,1,NA,NA,NA
2018,5,3941,7,"B","1",10.5,10.5,0,NA,2017,"",NA,NA,NA,"3941_5","drought","alive",1,"Vegetative",0,NA,"1",0,0,1,1,NA,NA
2019,5,3941,7,"B","1",NA,11,0,NA,2017,"",NA,NA,NA,"3941_5","drought","alive",1,"Vegetative",0,NA,"1",0,0,1,0,NA,NA
2020,5,3941,7,"B","1",NA,8.8,0,NA,2017,"",NA,NA,NA,"3941_5","drought","alive",1,"Vegetative",0,NA,NA,NA,NA,1,0,NA,NA
2021,5,3941,7,"B",NA,NA,NA,NA,NA,2017,"NPNT",NA,NA,NA,"3941_5","drought",NA,1,NA,NA,NA,"5",0,0,1,0,NA,NA
2022,5,3941,7,"B","5",NA,22,0,NA,2017,"",NA,NA,NA,"3941_5","drought","alive",1,"Vegetative",0,NA,"16",8,1,1,NA,NA,NA
2023,5,3941,7,"B","16",37,13.5,8,"36",2017,"",NA,NA,NA,"3941_5","drought","alive",1,"Flowering",1,NA,"3",1,1,1,0,104,1
2024,5,3941,7,"B","3",27.5,12,1,"2.5",NA,"",NA,NA,NA,"3941_5","drought","alive",1,"Flowering",1,NA,"8",2,1,1,1,16,1
2025,5,3941,7,"B","8",11,12,2,"2",NA,"one umbel dead",NA,NA,NA,"3941_5","drought","alive",1,"Flowering",1,NA,"9",3,1,1,1,NA,NA
2026,5,3941,7,"B","9",17,9.5,3,"5",NA,"",NA,NA,NA,"3941_5","drought","alive",1,"Flowering",1,NA,NA,NA,NA,NA,1,0,0
2022,13,3953,17,"A","0",NA,NA,NA,NA,2021,"NP. tagged in 2021 as a replacement for 3438 but actually it’s in a different spot. NP",NA,1,NA,"3953_13","control","dormant",1,"Dormant",NA,NA,"3",0,0,1,NA,NA,NA
2023,13,3953,17,"A","3",NA,17,0,NA,2021,"",NA,NA,NA,"3953_13","control","alive",1,"Vegetative",0,NA,"1",0,0,1,NA,NA,NA
2024,13,3953,17,"A","1",NA,13,0,NA,NA,"",NA,NA,NA,"3953_13","control","alive",1,"Vegetative",0,NA,"1",0,0,1,0,NA,NA
2025,13,3953,17,"A","1",NA,18.5,0,NA,NA,"",NA,NA,NA,"3953_13","control","alive",1,"Vegetative",0,NA,"0",NA,NA,NA,0,NA,NA
2026,13,3953,17,"A","0",NA,NA,NA,NA,NA,"NP",NA,NA,NA,"3953_13","control",NA,NA,NA,NA,NA,NA,NA,NA,NA,0,NA,NA
2021,6,3955,18,"G","3",NA,18,0,NA,2021,"",NA,NA,NA,"3955_6","irrigated","alive",1,"Vegetative",0,NA,"5",1,1,1,NA,NA,NA
2022,6,3955,18,"G","5",26.5,18,1,"2",2021,"",NA,NA,NA,"3955_6","irrigated","alive",1,"Flowering",1,NA,"4",2,1,1,0,24,1
2023,6,3955,18,"G","4",15,20,2,"3.5",2021,"",NA,NA,NA,"3955_6","irrigated","alive",1,"Flowering",1,NA,"1",NA,NA,1,1,0,0
2024,6,3955,18,"G","1",NA,7,NA,NA,NA,"missing umbel(s)",NA,NA,NA,"3955_6","irrigated","alive",1,NA,NA,NA,"2",0,0,1,1,0,0
2025,6,3955,18,"G","2",NA,16.5,0,NA,NA,"",NA,NA,NA,"3955_6","irrigated","alive",1,"Vegetative",0,NA,"2",1,1,1,NA,NA,NA
2026,6,3955,18,"G","2",41,22.5,1,"5.5",NA,"",NA,NA,NA,"3955_6","irrigated","alive",1,"Flowering",1,NA,NA,NA,NA,NA,0,40,1
2021,2,3964,3,"H","1",NA,8,0,NA,2021,"maybe old tag 3934 that was NPNT",NA,NA,NA,"3964_2","control","alive",1,"Vegetative",0,NA,"0",NA,NA,0,NA,NA,NA
2022,2,3964,3,"H","0",NA,NA,NA,NA,2021," NP. Separate from 3934",NA,NA,NA,"3964_2","control","dead",0,"Dead",NA,NA,NA,NA,NA,NA,0,NA,NA
2021,2,3965,11,"A","3",31,15,2,"5.5",2021,"",NA,NA,NA,"3965_2","control","alive",1,"Flowering",1,NA,"1",0,0,1,NA,0,0
2022,2,3965,11,"A","1",NA,23,0,NA,2021,"",NA,NA,NA,"3965_2","control","alive",1,"Vegetative",0,NA,"1",0,0,1,1,NA,NA
2023,2,3965,11,"A","1",NA,17,0,NA,2021,"",NA,NA,NA,"3965_2","control","alive",1,"Vegetative",0,NA,"0",NA,NA,1,0,NA,NA
2024,2,3965,11,"A","0",NA,NA,NA,NA,NA,"NP",NA,NA,NA,"3965_2","control","dormant",1,"Dormant",NA,NA,"1",0,0,1,0,NA,NA
2025,2,3965,11,"A","1",NA,18,0,NA,NA,"",NA,NA,NA,"3965_2","control","alive",1,"Vegetative",0,NA,"0",NA,NA,NA,NA,NA,NA
2026,2,3965,11,"A","0",NA,NA,NA,NA,NA,"NP",NA,NA,NA,"3965_2","control",NA,NA,NA,NA,NA,NA,NA,NA,NA,0,NA,NA
2021,13,3978,2,"F","5",18,14,2,"4.5",2021,"",NA,NA,NA,"3978_13","control","alive",1,"Flowering",1,NA,"5",4,1,1,NA,54,1
2022,13,3978,2,"F","5",38,11,4,"19",2021,"",NA,NA,NA,"3978_13","control","alive",1,"Flowering",1,NA,"7",4,1,1,1,272,1
2023,13,3978,2,"F","7",36,13.5,4,"16",2021,"",NA,NA,NA,"3978_13","control","alive",1,"Flowering",1,NA,"8",4,1,1,1,176,1
2024,13,3978,2,"F","8",28,9,4,"10",NA,"",NA,NA,NA,"3978_13","control","alive",1,"Flowering",1,NA,"6",4,1,1,1,100,1
2025,13,3978,2,"F","6",30,24,4,"8.5",NA,"one dead umbel",NA,NA,NA,"3978_13","control","alive",1,"Flowering",1,NA,"0",NA,NA,NA,1,156,1
2026,13,3978,2,"F","0",NA,NA,NA,NA,NA,"NP",NA,NA,NA,"3978_13","control",NA,NA,NA,NA,NA,NA,NA,NA,NA,1,NA,NA
2016,13,3980,0,"F","6",21,7.3,2,"2.1",2016,"Leaves gone",NA,NA,NA,"3980_13","control","alive",1,"Flowering",1,NA,"6",3,1,1,NA,NA,NA
2017,13,3980,0,"F","6",23.5,15,3,"3.5",2016,"",NA,NA,NA,"3980_13","control","alive",1,"Flowering",1,NA,"4",2,1,1,1,NA,NA
2018,13,3980,0,"F","4",13,10,2,"4",2016,"",NA,NA,NA,"3980_13","control","alive",1,"Flowering",1,NA,"3",1,1,1,1,NA,NA
2019,13,3980,0,"F","3",23,14,1,"4.5",2016,"",NA,NA,NA,"3980_13","control","alive",1,"Flowering",1,NA,"2",0,0,1,1,NA,NA
2020,13,3980,0,"F","2",NA,12.5,0,NA,2016,"could be 2 plants",NA,NA,NA,"3980_13","control","alive",1,"Vegetative",0,NA,"2",0,0,1,1,NA,NA
2021,13,3980,0,"F","2",NA,18,0,NA,2016,"",NA,NA,NA,"3980_13","control","alive",1,"Vegetative",0,NA,"4",2,1,1,0,NA,NA
2022,13,3980,0,"F","4",39,22.5,2,"8",2016,"",NA,NA,NA,"3980_13","control","alive",1,"Flowering",1,NA,"4",2,1,1,0,84,1
2023,13,3980,0,"F","4",38,12,2,"8",2016,"",NA,NA,NA,"3980_13","control","alive",1,"Flowering",1,NA,"4",2,1,1,1,86,1
2024,13,3980,0,"F","4",36.5,13,2,"6.5",NA,"",NA,NA,NA,"3980_13","control","alive",1,"Flowering",1,NA,"3",1,1,1,1,70,1
2025,13,3980,0,"F","3",23,23.5,1,"3",NA,"next to 3726",NA,NA,NA,"3980_13","control","alive",1,"Flowering",1,NA,"0",NA,NA,NA,1,NA,NA
2026,13,3980,0,"F","0",NA,NA,NA,NA,NA,"NP",NA,NA,NA,"3980_13","control",NA,NA,NA,NA,NA,NA,NA,NA,NA,1,NA,NA
2021,7,3981,0,"D","1",NA,16.5,0,NA,2021,"",NA,NA,NA,"3981_7","drought","alive",1,"Vegetative",0,NA,"2",2,1,1,NA,NA,NA
2022,7,3981,0,"D","2",43,17.5,2,"7",2021,"",NA,NA,NA,"3981_7","drought","alive",1,"Flowering",1,NA,"1",1,1,1,0,0,0
2023,7,3981,0,"D","1",38,14,1,"6",2021,"",NA,NA,NA,"3981_7","drought","alive",1,"Flowering",1,NA,"4",2,1,1,1,0,0
2024,7,3981,0,"D","4",26.5,20,2,"3",2021,"one measured umbel dead",NA,NA,NA,"3981_7","drought","alive",1,"Flowering",1,NA,"0",NA,NA,0,1,0,0
2025,7,3981,0,"D","0",NA,NA,NA,NA,2021,"NP, digging",NA,NA,NA,"3981_7","drought","dead",0,"Dead",NA,NA,NA,NA,NA,NA,1,NA,NA
2017,7,3981,0,"D","2",21,16,0,NA,2017,"",NA,NA,NA,"3981_7_senior","drought","alive",1,"Vegetative",0,NA,"2",0,0,1,NA,NA,NA
2018,7,3981,0,"D","2",19,19,0,NA,2017,"",NA,NA,NA,"3981_7_senior","drought","alive",1,"Vegetative",0,NA,"0",NA,NA,0,0,NA,NA
2019,7,3981,0,"D","0",NA,NA,NA,NA,2017,"no plant",NA,NA,NA,"3981_7_senior","drought","dead",0,"Dead",NA,NA,NA,NA,NA,NA,0,NA,NA
2017,1,3982,8,"B","1",8,8,0,NA,2017,"",NA,NA,NA,"3982_1","irrigated","alive",1,"Vegetative",0,NA,"0",NA,NA,1,NA,NA,NA
2018,1,3982,8,"B","0",NA,NA,NA,NA,2017,"no plant",NA,NA,NA,"3982_1","irrigated","dormant",1,"Dormant",NA,NA,"1",0,0,1,0,NA,NA
2019,1,3982,8,"B","1",NA,8.5,0,NA,2017,"yes plant",NA,NA,NA,"3982_1","irrigated","alive",1,"Vegetative",0,NA,"0",NA,NA,0,NA,NA,NA
2020,1,3982,8,"B","0",NA,NA,NA,NA,2017,"no plant",NA,NA,NA,"3982_1","irrigated","dead",0,"Dead",NA,NA,NA,NA,NA,NA,0,NA,NA
2017,4,3983,7,"I","5",30.5,12,1,"3.5",2016,"Yellow leaves",NA,NA,NA,"3983_4","irrigated","alive",1,"Flowering",1,NA,"3",1,1,1,NA,NA,NA
2018,4,3983,7,"I","3",20,17,1,"2.7",2016,"",NA,NA,NA,"3983_4","irrigated","alive",1,"Flowering",1,NA,"0",NA,NA,1,1,NA,NA
2019,4,3983,7,"I","0",NA,NA,NA,NA,2016,"no plant",NA,NA,NA,"3983_4","irrigated","dormant",1,"Dormant",NA,NA,"1",0,0,1,1,NA,NA
2020,4,3983,7,"I","1",NA,16.3,0,NA,2016,"",NA,NA,NA,"3983_4","irrigated","alive",1,"Vegetative",0,NA,"2",0,0,1,NA,NA,NA
2021,4,3983,7,"I","2",NA,14,0,NA,2016,"",NA,NA,NA,"3983_4","irrigated","alive",1,"Vegetative",0,NA,"1",0,0,1,0,NA,NA
2022,4,3983,7,"I","1",NA,13,0,NA,2016,"",NA,NA,NA,"3983_4","irrigated","alive",1,"Vegetative",0,NA,"0",NA,NA,1,0,NA,NA
2023,4,3983,7,"I","0",NA,NA,NA,NA,2016,"NP",NA,NA,NA,"3983_4","irrigated","dormant",1,"Dormant",NA,NA,"1",0,0,1,0,NA,NA
2024,4,3983,7,"I","1",NA,13,0,NA,NA,"",NA,NA,NA,"3983_4","irrigated","alive",1,"Vegetative",0,NA,"1",0,0,1,NA,NA,NA
2025,4,3983,7,"I","1",NA,16.5,0,NA,NA,"",NA,NA,NA,"3983_4","irrigated","alive",1,"Vegetative",0,NA,"0",NA,NA,NA,0,NA,NA
2026,4,3983,7,"I","0",NA,NA,NA,NA,NA,"NP",NA,NA,NA,"3983_4","irrigated",NA,NA,NA,NA,NA,NA,NA,NA,NA,0,NA,NA
2022,5,3984,15,"H","1",NA,18,0,NA,2022,"",NA,NA,NA,"3984_5","drought","alive",1,"Vegetative",0,NA,NA,NA,NA,1,NA,NA,NA
2023,5,3984,15,"H",NA,NA,NA,NA,NA,2022,"NPNT",NA,NA,NA,"3984_5","drought",NA,1,NA,NA,NA,"3",1,1,1,0,NA,NA
2024,5,3984,15,"H","3",21.5,13.5,1,"1.5",2022,"",NA,NA,NA,"3984_5","drought","alive",1,"Flowering",1,NA,"3",0,0,1,NA,0,0
2025,5,3984,15,"H","3",NA,14,0,NA,2022,"",NA,NA,NA,"3984_5","drought","alive",1,"Vegetative",0,NA,"1",0,0,1,1,NA,NA
2026,5,3984,15,"H","1",NA,16.5,0,NA,2022,"",NA,NA,NA,"3984_5","drought","alive",1,"Vegetative",0,NA,NA,NA,NA,NA,0,NA,NA
2016,5,3984,15,"H","3",7,1.5,1,"0.8",2016,"",NA,NA,NA,"3984_5_senior","drought","alive",1,"Flowering",1,NA,"3",1,1,1,NA,NA,NA
2017,5,3984,15,"H","3",15,10,1,"2.5",2016,"",NA,NA,NA,"3984_5_senior","drought","alive",1,"Flowering",1,NA,"2",0,0,1,1,NA,NA
2018,5,3984,15,"H","2",9,9,0,NA,2016,"",NA,NA,NA,"3984_5_senior","drought","alive",1,"Vegetative",0,NA,"0",NA,NA,0,1,NA,NA
2019,5,3984,15,"H","0",NA,NA,NA,NA,2016,"no plant",NA,NA,NA,"3984_5_senior","drought","dead",0,"Dead",NA,NA,NA,NA,NA,NA,0,NA,NA
2022,5,3987,3,"H","2",26,14,1,"4",2022,"",NA,1,NA,"3987_5","drought","alive",1,"Flowering",1,NA,"3",2,1,1,NA,6,1
2023,5,3987,3,"H","3",42,13,2,"11",2022,"",NA,NA,NA,"3987_5","drought","alive",1,"Flowering",1,NA,"1",0,0,1,1,17,1
2024,5,3987,3,"H","1",NA,2.5,0,NA,2022,"",NA,NA,NA,"3987_5","drought","alive",1,"Vegetative",0,NA,"2",0,0,1,1,NA,NA
2025,5,3987,3,"H","2",NA,14.5,0,NA,2022,"",NA,NA,NA,"3987_5","drought","alive",1,"Vegetative",0,NA,"2",1,1,1,0,NA,NA
2026,5,3987,3,"H","2",21.5,16,1,"3.5",2022,"",NA,NA,NA,"3987_5","drought","alive",1,"Flowering",1,NA,NA,NA,NA,NA,0,2,1
2016,5,3987,3,"H","3",25,8,1,"4.4",2016,"",NA,NA,NA,"3987_5_senior","drought","alive",1,"Flowering",1,NA,"3",2,1,1,NA,NA,NA
2017,5,3987,3,"H","3",29.5,14.5,2,"3",2016,"",NA,NA,NA,"3987_5_senior","drought","alive",1,"Flowering",1,NA,"2",0,0,1,1,NA,NA
2018,5,3987,3,"H","2",11.5,11.5,0,NA,2016,"",NA,NA,NA,"3987_5_senior","drought","alive",1,"Vegetative",0,NA,"1",0,0,1,1,NA,NA
2019,5,3987,3,"H","1",NA,6,0,NA,2016,"",NA,NA,NA,"3987_5_senior","drought","alive",1,"Vegetative",0,NA,"0",NA,NA,0,0,NA,NA
2020,5,3987,3,"H","0",NA,NA,NA,NA,2016,"no plant",NA,NA,NA,"3987_5_senior","drought","dead",0,"Dead",NA,NA,NA,NA,NA,NA,0,NA,NA
2016,5,3988,14,"C","19",24,5.2,2,"2.3",2016,"knocked over ",NA,NA,NA,"3988_5","drought","alive",1,"Flowering",1,NA,"4",0,0,1,NA,NA,NA
2017,5,3988,14,"C","4",8,8,0,NA,2016,"",NA,NA,NA,"3988_5","drought","alive",1,"Vegetative",0,NA,"4",1,1,1,1,NA,NA
2018,5,3988,14,"C","4",14,11,1,"2",2016,"",NA,NA,NA,"3988_5","drought","alive",1,"Flowering",1,NA,"1",0,0,1,0,NA,NA
2019,5,3988,14,"C","1",NA,13,0,NA,2016,"",NA,NA,NA,"3988_5","drought","alive",1,"Vegetative",0,NA,NA,NA,NA,1,1,NA,NA
2020,5,3988,14,"C",NA,NA,NA,NA,NA,2016,"NS",NA,NA,NA,"3988_5","drought",NA,1,NA,NA,NA,"1",0,0,1,0,NA,NA
2021,5,3988,14,"C","1",NA,11,0,NA,2016,"",NA,NA,NA,"3988_5","drought","alive",1,"Vegetative",0,NA,"6",2,1,1,NA,NA,NA
2022,5,3988,14,"C","6",32,19,2,"7.5",2016,"",NA,NA,NA,"3988_5","drought","alive",1,"Flowering",1,NA,"0",NA,NA,0,0,2,1
2023,5,3988,14,"C","0",NA,NA,NA,NA,2016,"NP",NA,NA,NA,"3988_5","drought","dead",0,"Dead",NA,NA,NA,NA,NA,NA,1,NA,NA
2017,13,3989,17,"A","1",15.5,13,1,"2",2017,"",NA,NA,NA,"3989_13","control","alive",1,"Flowering",1,NA,"3",0,0,1,NA,NA,NA
2018,13,3989,17,"A","3",8,8,0,NA,2017,"",NA,NA,NA,"3989_13","control","alive",1,"Vegetative",0,NA,"2",1,1,1,1,NA,NA
2019,13,3989,17,"A","2",15.5,13,1,"2.5",2017,"",NA,NA,NA,"3989_13","control","alive",1,"Flowering",1,NA,NA,NA,NA,1,0,NA,NA
2020,13,3989,17,"A",NA,NA,NA,NA,NA,2017,"NS",NA,NA,NA,"3989_13","control",NA,1,NA,NA,NA,"1",0,0,1,1,NA,NA
2021,13,3989,17,"A","1",NA,14,0,NA,2017,"",NA,NA,NA,"3989_13","control","alive",1,"Vegetative",0,NA,"4",1,1,1,NA,NA,NA
2022,13,3989,17,"A","4",27,12,1,"3",2017,"duplicate, 2021 - tag changed to 3989 ",NA,NA,NA,"3989_13","control","alive",1,"Flowering",1,NA,"2",0,0,1,0,76,1
2023,13,3989,17,"A","2",NA,14,0,NA,2017,"tag is 3989",NA,1,NA,"3989_13","control","alive",1,"Vegetative",0,NA,"1",0,0,1,1,NA,NA
2024,13,3989,17,"A","1",NA,13,0,NA,NA,"",NA,NA,NA,"3989_13","control","alive",1,"Vegetative",0,NA,"0",NA,NA,0,0,NA,NA
2025,13,3989,17,"A","0",NA,NA,NA,NA,NA,"tag is 3989, NP",NA,1,NA,"3989_13","control","dead",0,"Dead",NA,NA,NA,NA,NA,NA,0,NA,NA
2016,7,3994,9,"J","5",50.5,6.5,1,"6",2016,"",NA,NA,NA,"3994_7","drought","alive",1,"Flowering",1,NA,"6",2,1,1,NA,NA,NA
2017,7,3994,9,"J","6",38,14,2,"4.2",2016,"",NA,NA,NA,"3994_7","drought","alive",1,"Flowering",1,NA,"4",2,1,1,1,NA,NA
2018,7,3994,9,"J","4",24,12,2,"4",2016,"",NA,NA,NA,"3994_7","drought","alive",1,"Flowering",1,NA,"6",3,1,1,1,NA,NA
2019,7,3994,9,"J","6",9,17,3,"6",2016,"",NA,NA,NA,"3994_7","drought","alive",1,"Flowering",1,NA,"5",2,1,1,1,NA,NA
2020,7,3994,9,"J","5",32.5,15.7,2,"5.1",2016,"",NA,NA,NA,"3994_7","drought","alive",1,"Flowering",1,NA,"3",2,1,1,1,NA,NA
2021,7,3994,9,"J","3",26,14.5,2,"6",2016,"",NA,NA,NA,"3994_7","drought","alive",1,"Flowering",1,NA,"6",5,1,1,1,0,0
2022,7,3994,9,"J","6",56,29,5,"26",2016,"",NA,NA,NA,"3994_7","drought","alive",1,"Flowering",1,NA,"3",3,1,1,1,284,1
2023,7,3994,9,"J","3",56.5,23,3,"13.5",2016,"",NA,NA,NA,"3994_7","drought","alive",1,"Flowering",1,NA,"8",3,1,1,1,62,1
2024,7,3994,9,"J","8",48.5,21.5,3,"11.5",NA,"",NA,NA,NA,"3994_7","drought","alive",1,"Flowering",1,NA,"1",0,0,1,1,128,1
2025,7,3994,9,"J","1",NA,38,0,NA,NA,"",NA,NA,NA,"3994_7","drought","alive",1,"Vegetative",0,NA,"0",NA,NA,NA,1,NA,NA
2026,7,3994,9,"J","0",NA,NA,NA,NA,NA,"NP",NA,NA,NA,"3994_7","drought",NA,NA,NA,NA,NA,NA,NA,NA,NA,0,NA,NA
2021,13,3997,12,"G","4",14,15,1,NA,2021,"",NA,NA,NA,"3997_13","control","alive",1,"Flowering",1,NA,"2",0,0,1,NA,NA,NA
2022,13,3997,12,"G","2",NA,15,0,NA,2021,"",NA,NA,NA,"3997_13","control","alive",1,"Vegetative",0,NA,"4",3,1,1,1,NA,NA
2023,13,3997,12,"G","4",35,19,3,"10",2021,"",NA,NA,NA,"3997_13","control","alive",1,"Flowering",1,NA,"2",0,0,1,0,NA,NA
2024,13,3997,12,"G","2",NA,16.5,0,NA,NA,"",NA,NA,NA,"3997_13","control","alive",1,"Vegetative",0,NA,"2",0,0,1,1,NA,NA
2025,13,3997,12,"G","2",NA,18.5,0,NA,NA,"",NA,NA,NA,"3997_13","control","alive",1,"Vegetative",0,NA,"1",0,0,1,0,NA,NA
2026,13,3997,12,"G","1",NA,19,0,NA,NA,"",NA,NA,NA,"3997_13","control","alive",1,"Vegetative",0,NA,NA,NA,NA,NA,0,NA,NA
2016,5,3998,3,"H","10",27.5,8.8,0,NA,2016,"",NA,NA,NA,"3998_5","drought","alive",1,"Vegetative",0,NA,"3",0,0,1,NA,NA,NA
2017,5,3998,3,"H","3",14.5,14.5,0,NA,2016,"",NA,NA,NA,"3998_5","drought","alive",1,"Vegetative",0,NA,"1",0,0,1,0,NA,NA
2018,5,3998,3,"H","1",14.5,14.5,0,NA,2016,"",NA,NA,NA,"3998_5","drought","alive",1,"Vegetative",0,NA,"1",0,0,1,0,NA,NA
2019,5,3998,3,"H","1",NA,14.5,0,NA,2016,"",NA,NA,NA,"3998_5","drought","alive",1,"Vegetative",0,NA,NA,NA,NA,NA,0,NA,NA
2020,5,3998,3,"H",NA,NA,NA,NA,NA,2016,"NPNT",NA,NA,NA,"3998_5","drought",NA,NA,NA,NA,NA,NA,NA,NA,1,0,NA,NA
2021,5,3998,3,"H",NA,NA,NA,NA,NA,2016,"NPNT",NA,NA,NA,"3998_5","drought",NA,1,NA,NA,NA,"1",0,0,1,NA,NA,NA
2022,5,3998,3,"H","1",NA,22,0,NA,2016,"",NA,NA,NA,"3998_5","drought","alive",1,"Vegetative",0,NA,"1",0,0,1,NA,NA,NA
2023,5,3998,3,"H","1",NA,23,0,NA,2016,"",NA,NA,NA,"3998_5","drought","alive",1,"Vegetative",0,NA,"0",NA,NA,1,0,NA,NA
2024,5,3998,3,"H","0",NA,NA,NA,NA,NA,"NP",NA,NA,NA,"3998_5","drought","dormant",1,"Dormant",NA,NA,"1",0,0,1,0,NA,NA
2025,5,3998,3,"H","1",NA,17.5,0,NA,NA,"",NA,NA,NA,"3998_5","drought","alive",1,"Vegetative",0,NA,"0",NA,NA,NA,NA,NA,NA
2026,5,3998,3,"H","0",NA,NA,NA,NA,NA,"NP",NA,NA,NA,"3998_5","drought",NA,NA,NA,NA,NA,NA,NA,NA,NA,0,NA,NA
2021,5,5017,6,"H","2",NA,14,0,NA,2021,"",NA,NA,NA,"5017_5","drought","alive",1,"Vegetative",0,NA,"1",0,0,1,NA,NA,NA
2022,5,5017,6,"H","1",NA,12.5,0,NA,2021,"besides 3484",NA,NA,NA,"5017_5","drought","alive",1,"Vegetative",0,NA,"2",1,1,1,0,NA,NA
2023,5,5017,6,"H","2",30,16,1,"4.5",2021,"beside 3484",NA,NA,NA,"5017_5","drought","alive",1,"Flowering",1,NA,"2",1,1,1,0,0,0
2024,5,5017,6,"H","2",15.5,17,1,"1",NA,"",NA,NA,NA,"5017_5","drought","alive",1,"Flowering",1,NA,"2",0,0,1,1,0,0
2025,5,5017,6,"H","2",NA,20,0,NA,NA,"",NA,NA,NA,"5017_5","drought","alive",1,"Vegetative",0,NA,"2",0,0,1,1,NA,NA
2026,5,5017,6,"H","2",NA,21,0,NA,NA,"",NA,NA,NA,"5017_5","drought","alive",1,"Vegetative",0,NA,NA,NA,NA,NA,0,NA,NA
2021,5,5021,5,"F","2",11,10,1,"3",2021,"",NA,NA,NA,"5021_5","drought","alive",1,"Flowering",1,NA,"5",3,1,1,NA,0,0
2022,5,5021,5,"F","5",24,12.5,3,"10",2021,"",NA,NA,NA,"5021_5","drought","alive",1,"Flowering",1,NA,"3",2,1,1,1,18,1
2023,5,5021,5,"F","3",37,12,2,"5",2021,"1 umbel dead",NA,NA,NA,"5021_5","drought","alive",1,"Flowering",1,NA,"3",1,1,1,1,0,0
2024,5,5021,5,"F","3",15,8,1,"1.5",NA,"",NA,NA,NA,"5021_5","drought","alive",1,"Flowering",1,NA,"2",2,1,1,1,0,0
2025,5,5021,5,"F","2",7,10,2,"0",NA,"both umbels dead",NA,NA,NA,"5021_5","drought","alive",1,"Flowering",1,NA,"3",2,1,1,1,NA,NA
2026,5,5021,5,"F","3",18,0,2,"4.5",NA,"",NA,NA,NA,"5021_5","drought","alive",1,"Flowering",1,NA,NA,NA,NA,NA,1,0,0
2021,5,5026,3,"D","1",NA,12,0,NA,2021,"",NA,NA,NA,"5026_5","drought","alive",1,"Vegetative",0,NA,"2",2,1,1,NA,NA,NA
2022,5,5026,3,"D","2",27,14,2,"7",2021,"",NA,NA,NA,"5026_5","drought","alive",1,"Flowering",1,NA,"3",2,1,1,0,100,1
2023,5,5026,3,"D","3",26,17,2,"0",2021,"1 umbel dead, other eaten",NA,NA,NA,"5026_5","drought","alive",1,"Flowering",1,NA,"3",2,1,1,1,0,0
2024,5,5026,3,"D","3",22,10,2,"3",NA,"",NA,NA,NA,"5026_5","drought","alive",1,"Flowering",1,NA,"0",NA,NA,1,1,0,0
2025,5,5026,3,"D","0",NA,NA,NA,NA,NA,"NP (was there for phenology but now plant is gone)",NA,NA,NA,"5026_5","drought","dormant",1,"Dormant",NA,NA,"2",0,0,1,1,0,0
2026,5,5026,3,"D","2",NA,19,0,NA,NA,"",NA,NA,NA,"5026_5","drought","alive",1,"Vegetative",0,NA,NA,NA,NA,NA,NA,NA,NA
2021,5,5027,1,"H","1",NA,19,0,NA,2021,"",NA,NA,NA,"5027_5","drought","alive",1,"Vegetative",0,NA,"2",0,0,1,NA,NA,NA
2022,5,5027,1,"H","2",NA,26,0,NA,2021,"",NA,NA,NA,"5027_5","drought","alive",1,"Vegetative",0,NA,"2",1,1,1,0,NA,NA
2023,5,5027,1,"H","2",34,15,1,"4",2021,"",NA,NA,NA,"5027_5","drought","alive",1,"Flowering",1,NA,"1",NA,NA,1,0,0,0
2024,5,5027,1,"H","1",NA,NA,NA,NA,NA,"alive but no measurement",NA,NA,NA,"5027_5","drought","alive",1,NA,NA,NA,"1",0,0,1,1,NA,NA
2025,5,5027,1,"H","1",NA,20,0,NA,NA,"",NA,NA,NA,"5027_5","drought","alive",1,"Vegetative",0,NA,"0",NA,NA,NA,NA,NA,NA
2026,5,5027,1,"H","0",NA,NA,NA,NA,NA,"NP",NA,NA,NA,"5027_5","drought",NA,NA,NA,NA,NA,NA,NA,NA,NA,0,NA,NA
2021,5,5029,2,"H","1",NA,12,0,NA,2021,"",NA,NA,NA,"5029_5","drought","alive",1,"Vegetative",0,NA,"1",0,0,1,NA,NA,NA
2022,5,5029,2,"H","1",NA,10,0,NA,2021,"next to 3998",NA,NA,NA,"5029_5","drought","alive",1,"Vegetative",0,NA,"1",0,0,1,0,NA,NA
2023,5,5029,2,"H","1",NA,13,0,NA,2021,"next to 3998",NA,NA,NA,"5029_5","drought","alive",1,"Vegetative",0,NA,"0",NA,NA,0,0,NA,NA
2024,5,5029,2,"H","0",NA,NA,NA,NA,NA,"NP",NA,NA,NA,"5029_5","drought","dead",0,"Dead",NA,NA,NA,NA,NA,NA,0,NA,NA
2021,7,5032,16,"D","2",NA,16,0,NA,2021,"",NA,NA,NA,"5032_7","drought","alive",1,"Vegetative",0,NA,"4",2,1,1,NA,NA,NA
2022,7,5032,16,"D","4",48,22,2,"4",2021,"",NA,NA,NA,"5032_7","drought","alive",1,"Flowering",1,NA,"4",3,1,1,0,0,0
2023,7,5032,16,"D","4",45,26,3,"4",2021,"2 umbels dead",NA,NA,NA,"5032_7","drought","alive",1,"Flowering",1,NA,"11",8,1,1,1,0,0
2024,7,5032,16,"D","11",60,26,8,"31.5",NA,"",NA,NA,NA,"5032_7","drought","alive",1,"Flowering",1,NA,"7",3,1,1,1,0,0
2025,7,5032,16,"D","7",52,19,3,"10",NA,"",NA,NA,NA,"5032_7","drought","alive",1,"Flowering",1,NA,"0",NA,NA,NA,1,NA,NA
2026,7,5032,16,"D","0",NA,NA,NA,NA,NA,"NP",NA,NA,NA,"5032_7","drought",NA,NA,NA,NA,NA,NA,NA,NA,NA,1,NA,NA
2021,5,5033,10,"I","2",NA,8,0,NA,2021,"",NA,NA,NA,"5033_5","drought","alive",1,"Vegetative",0,NA,"0",NA,NA,0,NA,NA,NA
2022,5,5033,10,"I","0",NA,NA,NA,NA,2021,"NP ",NA,NA,NA,"5033_5","drought","dead",0,"Dead",NA,NA,NA,NA,NA,NA,0,NA,NA
2021,5,5034,10,"H","1",NA,17,0,NA,2021,"",NA,NA,NA,"5034_5","drought","alive",1,"Vegetative",0,NA,"2",0,0,1,NA,NA,NA
2022,5,5034,10,"H","2",NA,17,0,NA,2021,"",NA,NA,NA,"5034_5","drought","alive",1,"Vegetative",0,NA,"0",NA,NA,1,0,NA,NA
2023,5,5034,10,"H","0",NA,NA,NA,NA,2021,"NP",NA,NA,NA,"5034_5","drought","dormant",1,"Dormant",NA,NA,"3",3,1,1,0,NA,NA
2024,5,5034,10,"H","3",17.5,12.5,3,"4",NA,"",NA,NA,NA,"5034_5","drought","alive",1,"Flowering",1,NA,"1",1,1,1,NA,8,1
2025,5,5034,10,"H","1",12.5,15,1,"2",NA,"",NA,NA,NA,"5034_5","drought","alive",1,"Flowering",1,NA,"2",0,0,1,1,NA,NA
2026,5,5034,10,"H","2",NA,16,0,NA,NA,"",NA,NA,NA,"5034_5","drought","alive",1,"Vegetative",0,NA,NA,NA,NA,NA,1,NA,NA
2021,5,5035,13,"G","1",NA,12,0,NA,2021,"",NA,NA,NA,"5035_5","drought","alive",1,"Vegetative",0,NA,"0",NA,NA,0,NA,NA,NA
2022,5,5035,13,"G","0",NA,NA,NA,NA,2021,"NP",NA,NA,NA,"5035_5","drought","dead",0,"Dead",NA,NA,NA,NA,NA,NA,0,NA,NA
2021,5,5036,11,"H","1",NA,8,1,NA,2021,"",NA,NA,NA,"5036_5","drought","alive",1,"Flowering",1,NA,"3",2,1,1,NA,0,0
2022,5,5036,11,"H","3",21,12,2,"6.5",2021,"definitely not 3807",NA,NA,NA,"5036_5","drought","alive",1,"Flowering",1,NA,"4",2,1,1,1,40,1
2023,5,5036,11,"H","4",30,12,2,"11",2021,"definitely not 3807",NA,NA,NA,"5036_5","drought","alive",1,"Flowering",1,NA,"2",1,1,1,1,NA,NA
2024,5,5036,11,"H","2",18.5,12.5,1,"3",NA,"",NA,NA,NA,"5036_5","drought","alive",1,"Flowering",1,NA,"1",0,0,1,1,30,1
2025,5,5036,11,"H","1",NA,14,0,NA,NA,"",NA,NA,NA,"5036_5","drought","alive",1,"Vegetative",0,NA,"1",0,0,1,1,NA,NA
2026,5,5036,11,"H","1",NA,12,0,NA,NA,"",NA,NA,NA,"5036_5","drought","alive",1,"Vegetative",0,NA,NA,NA,NA,NA,0,NA,NA
2021,7,5037,17,"E","2",NA,14,0,NA,2021,"",NA,NA,NA,"5037_7","drought","alive",1,"Vegetative",0,NA,"2",1,1,1,NA,NA,NA
2022,7,5037,17,"E","2",37,23,1,"3",2021,"",NA,NA,NA,"5037_7","drought","alive",1,"Flowering",1,NA,"2",1,1,1,0,0,0
2023,7,5037,17,"E","2",28,23,1,NA,2021,"umbel dead. Not tracking phenology.",NA,NA,NA,"5037_7","drought","alive",1,"Flowering",1,NA,"2",1,1,1,1,NA,NA
2024,7,5037,17,"E","2",45,18.5,1,"3.5",NA,"",NA,NA,NA,"5037_7","drought","alive",1,"Flowering",1,NA,"0",NA,NA,0,1,0,0
2025,7,5037,17,"E","0",NA,NA,NA,NA,NA,"NP",NA,NA,NA,"5037_7","drought","dead",0,"Dead",NA,NA,NA,NA,NA,NA,1,NA,NA
2021,7,5038,17,"J","1",NA,12.5,0,NA,2021,"",NA,NA,NA,"5038_7","drought","alive",1,"Vegetative",0,NA,NA,NA,NA,1,NA,NA,NA
2022,7,5038,17,"J",NA,NA,NA,NA,NA,2021,"NPNT",NA,NA,NA,"5038_7","drought",NA,1,NA,NA,NA,"4",1,1,1,0,NA,NA
2023,7,5038,17,"J","4",51,24,1,"2",2021,"",NA,NA,NA,"5038_7","drought","alive",1,"Flowering",1,NA,NA,NA,NA,1,NA,NA,NA
2024,7,5038,17,"J",NA,NA,NA,NA,NA,NA,"NPNT",NA,NA,NA,"5038_7","drought",NA,1,NA,NA,NA,"4",2,1,1,1,NA,NA
2025,7,5038,17,"J","4",44,18,2,"3",NA,"one umbel dead",NA,NA,NA,"5038_7","drought","alive",1,"Flowering",1,NA,"0",NA,NA,NA,NA,NA,NA
2026,7,5038,17,"J","0",NA,NA,NA,NA,NA,"NP",NA,NA,NA,"5038_7","drought",NA,NA,NA,NA,NA,NA,NA,NA,NA,1,NA,NA
2021,7,5040,16,"D","2",NA,14.5,0,NA,2021,"",NA,NA,NA,"5040_7","drought","alive",1,"Vegetative",0,NA,"1",1,1,1,NA,NA,NA
2022,7,5040,16,"D","1",22,23.5,1,NA,2021,"dead umbel",NA,NA,NA,"5040_7","drought","alive",1,"Flowering",1,NA,"0",NA,NA,1,0,0,0
2023,7,5040,16,"D","0",NA,NA,NA,NA,2021,"NP",NA,NA,NA,"5040_7","drought","dormant",1,"Dormant",NA,NA,"2",1,1,1,1,NA,NA
2024,7,5040,16,"D","2",29.5,23.5,1,"2",NA,"",NA,NA,NA,"5040_7","drought","alive",1,"Flowering",1,NA,"1",0,0,1,NA,38,1
2025,7,5040,16,"D","1",NA,21.5,0,NA,NA,"",NA,NA,NA,"5040_7","drought","alive",1,"Vegetative",0,NA,"0",NA,NA,NA,1,NA,NA
2026,7,5040,16,"D","0",NA,NA,NA,NA,NA,"NP",NA,NA,NA,"5040_7","drought",NA,NA,NA,NA,NA,NA,NA,NA,NA,0,NA,NA
2021,7,5041,13,"G","1",NA,15,0,NA,2021,"next to 3150",NA,NA,NA,"5041_7","drought","alive",1,"Vegetative",0,NA,"1",0,0,1,NA,NA,NA
2022,7,5041,13,"G","1",NA,19,0,NA,2021,"next to 3150",NA,NA,NA,"5041_7","drought","alive",1,"Vegetative",0,NA,"1",1,1,1,0,NA,NA
2023,7,5041,13,"G","1",37,20,1,"5",2021,"next to 3150",NA,NA,NA,"5041_7","drought","alive",1,"Flowering",1,NA,"3",2,1,1,0,NA,NA
2024,7,5041,13,"G","3",45,28.5,2,"7",NA,"",NA,NA,NA,"5041_7","drought","alive",1,"Flowering",1,NA,"2",1,1,1,1,0,0
2025,7,5041,13,"G","2",35,NA,1,"4",NA,"leaves eaten",NA,NA,NA,"5041_7","drought","alive",1,"Flowering",1,NA,"0",NA,NA,NA,1,NA,NA
2026,7,5041,13,"G","0",NA,NA,NA,NA,NA,"NP",NA,NA,NA,"5041_7","drought",NA,NA,NA,NA,NA,NA,NA,NA,NA,1,NA,NA
2021,5,5042,19,"G","1",NA,8.5,0,NA,2021,"",NA,NA,NA,"5042_5","drought","alive",1,"Vegetative",0,NA,"2",1,1,1,NA,NA,NA
2022,5,5042,19,"G","2",19,14.5,1,"3.5",2021,"",NA,NA,NA,"5042_5","drought","alive",1,"Flowering",1,NA,"3",2,1,1,0,10,1
2023,5,5042,19,"G","3",23,9,2,"1",2021,"1 umbel dead",NA,NA,NA,"5042_5","drought","alive",1,"Flowering",1,NA,"5",3,1,1,1,NA,NA
2024,5,5042,19,"G","5",31,14,3,"11",NA,"",NA,NA,NA,"5042_5","drought","alive",1,"Flowering",1,NA,"2",1,1,1,1,74,1
2025,5,5042,19,"G","2",12,8,1,"2",NA,"",NA,NA,NA,"5042_5","drought","alive",1,"Flowering",1,NA,"3",2,1,1,1,NA,NA
2026,5,5042,19,"G","3",18,8.5,2,"1.5",NA,"",NA,NA,NA,"5042_5","drought","alive",1,"Flowering",1,NA,NA,NA,NA,NA,1,0,0
2021,5,5043,15,"F","1",NA,14,0,NA,2021,"",NA,NA,NA,"5043_5","drought","alive",1,"Vegetative",0,NA,"2",0,0,1,NA,NA,NA
2022,5,5043,15,"F","2",NA,20,0,NA,2021,"",NA,NA,NA,"5043_5","drought","alive",1,"Vegetative",0,NA,"2",2,1,1,0,NA,NA
2023,5,5043,15,"F","2",28,5.5,2,"7.5",2021,"",NA,NA,NA,"5043_5","drought","alive",1,"Flowering",1,NA,"2",1,1,1,0,NA,NA
2024,5,5043,15,"F","2",32,11,1,"2.5",NA,"",NA,NA,NA,"5043_5","drought","alive",1,"Flowering",1,NA,"2",0,0,1,1,22,1
2025,5,5043,15,"F","2",NA,11,0,NA,NA,"",NA,NA,NA,"5043_5","drought","alive",1,"Vegetative",0,NA,"1",0,0,1,1,NA,NA
2026,5,5043,15,"F","1",NA,11,0,NA,NA,"",NA,NA,NA,"5043_5","drought","alive",1,"Vegetative",0,NA,NA,NA,NA,NA,0,NA,NA
2021,5,5044,13,"B","2",NA,12,0,NA,2021,"",NA,NA,NA,"5044_5","drought","alive",1,"Vegetative",0,NA,"4",2,1,1,NA,NA,NA
2022,5,5044,13,"B","4",20,9,2,"5",2021,"",NA,NA,NA,"5044_5","drought","alive",1,"Flowering",1,NA,"7",5,1,1,0,0,0
2023,5,5044,13,"B","7",38,15,5,"28",2021,"",NA,NA,NA,"5044_5","drought","alive",1,"Flowering",1,NA,NA,NA,NA,0,1,NA,NA
2024,5,5044,13,"B",NA,NA,NA,NA,NA,NA,"is 3661 fix/merge old records; tag pulled",1,NA,NA,"5044_5","drought","dead",0,"Dead",NA,NA,NA,NA,NA,NA,1,NA,NA
2021,5,5045,12,"B","3",21,14.5,1,"3",2021,"",NA,NA,NA,"5045_5","drought","alive",1,"Flowering",1,NA,"4",1,1,1,NA,36,1
2022,5,5045,12,"B","4",31.5,24,1,"2",2021,"",NA,NA,NA,"5045_5","drought","alive",1,"Flowering",1,NA,"5",3,1,1,1,66,1
2023,5,5045,12,"B","5",33,19,3,"9.5",2021,"last umbel won't make seeds-- shrivelled",NA,NA,NA,"5045_5","drought","alive",1,"Flowering",1,NA,"3",1,1,1,1,NA,NA
2024,5,5045,12,"B","3",22,17,1,"4",NA,"uncounted pod check phen",NA,NA,NA,"5045_5","drought","alive",1,"Flowering",1,NA,"2",0,0,1,1,0,0
2025,5,5045,12,"B","2",NA,13,0,NA,NA,"",NA,NA,NA,"5045_5","drought","alive",1,"Vegetative",0,NA,"1",0,0,1,1,NA,NA
2026,5,5045,12,"B","1",NA,23.5,0,NA,NA,"",NA,NA,NA,"5045_5","drought","alive",1,"Vegetative",0,NA,NA,NA,NA,NA,0,NA,NA
2021,7,5047,9,"B","1",12.5,15,1,"3",2021,"",NA,NA,NA,"5047_7","drought","alive",1,"Flowering",1,NA,"5",2,1,1,NA,0,0
2022,7,5047,9,"B","5",46,21.5,2,"8.5",2021,"",NA,NA,NA,"5047_7","drought","alive",1,"Flowering",1,NA,"3",2,1,1,1,44,1
2023,7,5047,9,"B","3",38,20,2,"13",2021,"",NA,NA,NA,"5047_7","drought","alive",1,"Flowering",1,NA,"5",3,1,1,1,34,1
2024,7,5047,9,"B","5",49,26.5,3,"15",NA,"",NA,NA,NA,"5047_7","drought","alive",1,"Flowering",1,NA,"2",1,1,1,1,2,1
2025,7,5047,9,"B","2",19,19,1,NA,NA,"umbel dead",NA,NA,NA,"5047_7","drought","alive",1,"Flowering",1,NA,"7",0,0,1,1,NA,NA
2026,7,5047,9,"B","7",NA,22,0,NA,NA,"",NA,NA,NA,"5047_7","drought","alive",1,"Vegetative",0,NA,NA,NA,NA,NA,1,NA,NA
2021,7,5048,11,"E","1",NA,13.5,0,NA,2021,"",NA,NA,NA,"5048_7","drought","alive",1,"Vegetative",0,NA,"2",1,1,1,NA,NA,NA
2022,7,5048,11,"E","2",41,21,1,"3.5",2021,"",NA,NA,NA,"5048_7","drought","alive",1,"Flowering",1,NA,"1",1,1,1,0,2,1
2023,7,5048,11,"E","1",35,20,1,"3",2021,"",NA,NA,NA,"5048_7","drought","alive",1,"Flowering",1,NA,"6",3,1,1,1,NA,NA
2024,7,5048,11,"E","6",47.5,26,3,"13",NA,"",NA,NA,NA,"5048_7","drought","alive",1,"Flowering",1,NA,"3",1,1,1,1,208,1
2025,7,5048,11,"E","3",26,23,1,"4",NA,"",NA,NA,NA,"5048_7","drought","alive",1,"Flowering",1,NA,"0",NA,NA,NA,1,NA,NA
2026,7,5048,11,"E","0",NA,NA,NA,NA,NA,"NP",NA,NA,NA,"5048_7","drought",NA,NA,NA,NA,NA,NA,NA,NA,NA,1,NA,NA
2021,7,5049,2,"D","1",NA,14,1,NA,2021,"",NA,NA,NA,"5049_7","drought","alive",1,"Flowering",1,NA,"3",1,1,1,NA,0,0
2022,7,5049,2,"D","3",44,26,1,"5",2021,"",NA,NA,NA,"5049_7","drought","alive",1,"Flowering",1,NA,"5",4,1,1,1,80,1
2023,7,5049,2,"D","5",27,17,4,"1",2021,"1 stalk broken (2 umbels broken)",NA,NA,NA,"5049_7","drought","alive",1,"Flowering",1,NA,"5",3,1,1,1,NA,NA
2024,7,5049,2,"D","5",35,24.5,3,"9.5",NA,"first measured umbel is dead and shriveled",NA,NA,NA,"5049_7","drought","alive",1,"Flowering",1,NA,"0",NA,NA,0,1,60,1
2025,7,5049,2,"D","0",NA,NA,NA,NA,NA,"NP",NA,NA,NA,"5049_7","drought","dead",0,"Dead",NA,NA,NA,NA,NA,NA,1,NA,NA
2021,7,5050,1,"A","1",NA,12.5,0,NA,2021,"",NA,NA,NA,"5050_7","drought","alive",1,"Vegetative",0,NA,"2",1,1,1,NA,NA,NA
2022,7,5050,1,"A","2",38,22,1,"4",2021,"",NA,NA,NA,"5050_7","drought","alive",1,"Flowering",1,NA,NA,1,1,1,0,32,1
2023,7,5050,1,"A",NA,36,NA,1,"6",2021,"leaves eaten off. Did not track phenology.",NA,NA,NA,"5050_7","drought","alive",1,"Flowering",1,NA,"2",1,1,1,1,NA,NA
2024,7,5050,1,"A","2",28,24,1,"3.5",NA,"",NA,NA,NA,"5050_7","drought","alive",1,"Flowering",1,NA,NA,NA,NA,0,1,0,0
2025,7,5050,1,"A",NA,NA,NA,NA,NA,NA,"NPNT",NA,NA,NA,"5050_7","drought","dead",0,"Dead",NA,NA,NA,NA,NA,NA,1,NA,NA
2017,7,5051,1,"F","2",27,18,1,"2",2017,"",NA,NA,NA,"5051_7","drought","alive",1,"Flowering",1,NA,"3",1,1,1,NA,NA,NA
2018,7,5051,1,"F","3",17,18,1,"2.8",2017,"",NA,NA,NA,"5051_7","drought","alive",1,"Flowering",1,NA,"2",1,1,1,1,NA,NA
2019,7,5051,1,"F","2",1.7,15.5,1,"2.5",2017,"",NA,NA,NA,"5051_7","drought","alive",1,"Flowering",1,NA,"0",NA,NA,1,1,NA,NA
2020,7,5051,1,"F","0",NA,NA,NA,NA,2017,"no plant",NA,NA,NA,"5051_7","drought","dormant",1,"Dormant",NA,NA,"1",0,0,1,1,NA,NA
2021,7,5051,1,"F","1",NA,13.5,0,NA,2021,"new tag for 3915 in 1F",NA,NA,NA,"5051_7","drought","alive",1,"Vegetative",0,NA,"3",2,1,1,NA,NA,NA
2022,7,5051,1,"F","3",47.5,22,2,"8",2021,"new tag for 3915, in 1F",NA,1,NA,"5051_7","drought","alive",1,"Flowering",1,NA,"0",NA,NA,0,0,118,1
2023,7,5051,1,"F","0",NA,NA,NA,NA,2021,"new tag for 3915. NP.",NA,1,NA,"5051_7","drought","dead",0,"Dead",NA,NA,NA,NA,NA,NA,1,NA,NA
2021,7,5052,3,"J","2",NA,16,0,NA,2021,"",NA,NA,NA,"5052_7","drought","alive",1,"Vegetative",0,NA,"2",0,0,1,NA,NA,NA
2022,7,5052,3,"J","2",NA,28,0,NA,2021,"",NA,NA,NA,"5052_7","drought","alive",1,"Vegetative",0,NA,"3",2,1,1,0,NA,NA
2023,7,5052,3,"J","3",34,24,2,"2.5",2021,"1 umbel dead",NA,NA,NA,"5052_7","drought","alive",1,"Flowering",1,NA,"4",4,1,1,0,16,1
2024,7,5052,3,"J","4",31.5,20,4,"7.5",NA,"one umbel gone and unmeasured",NA,NA,NA,"5052_7","drought","alive",1,"Flowering",1,NA,NA,1,1,1,1,0,0
2025,7,5052,3,"J",NA,29,NA,1,NA,NA,"everything eaten except for stalk",NA,NA,NA,"5052_7","drought","alive",1,"Flowering",1,NA,NA,NA,NA,NA,1,NA,NA
2026,7,5052,3,"J",NA,NA,NA,NA,NA,NA,"NPNT",NA,NA,NA,"5052_7","drought",NA,NA,NA,NA,NA,NA,NA,NA,NA,1,NA,NA
2021,7,5053,4,"J","1",NA,15.5,0,NA,2021,"",NA,NA,NA,"5053_7","drought","alive",1,"Vegetative",0,NA,"2",1,1,1,NA,NA,NA
2022,7,5053,4,"J","2",35,17,1,"4",2021,"",NA,NA,NA,"5053_7","drought","alive",1,"Flowering",1,NA,"4",2,1,1,0,0,0
2023,7,5053,4,"J","4",39,14,2,"2.5",2021,"1 umbel dead",NA,NA,NA,"5053_7","drought","alive",1,"Flowering",1,NA,NA,NA,NA,0,1,36,1
2024,7,5053,4,"J",NA,NA,NA,NA,NA,NA,"NPNT",NA,NA,NA,"5053_7","drought","dead",0,"Dead",NA,NA,NA,NA,NA,NA,1,NA,NA
2021,7,5054,11,"J","1",NA,17,0,NA,2021,"",NA,NA,NA,"5054_7","drought","alive",1,"Vegetative",0,NA,"2",1,1,1,NA,NA,NA
2022,7,5054,11,"J","2",47.5,29,1,"4.5",2021,"",NA,NA,NA,"5054_7","drought","alive",1,"Flowering",1,NA,"4",2,1,1,0,36,1
2023,7,5054,11,"J","4",58,33,2,"7.5",2021,"stalks are same height",NA,NA,NA,"5054_7","drought","alive",1,"Flowering",1,NA,"1",1,1,1,1,NA,NA
2024,7,5054,11,"J","1",32,28,1,"3",NA,"",NA,NA,NA,"5054_7","drought","alive",1,"Flowering",1,NA,"0",NA,NA,0,1,102,1
2025,7,5054,11,"J","0",NA,NA,NA,NA,NA,"NP",NA,NA,NA,"5054_7","drought","dead",0,"Dead",NA,NA,NA,NA,NA,NA,1,NA,NA
2025,7,5055,12,"J","2",38,28,1,"3",2025,"",NA,NA,NA,"5055_7","drought","alive",1,"Flowering",1,NA,"0",NA,NA,NA,NA,NA,NA
2026,7,5055,12,"J","0",NA,NA,NA,NA,2025,"NP",NA,NA,NA,"5055_7","drought",NA,NA,NA,NA,NA,NA,NA,NA,NA,1,NA,NA
2021,7,5055,12,"J","1",NA,21,0,NA,2021,"",NA,NA,NA,"5055_7_senior","drought","alive",1,"Vegetative",0,NA,NA,NA,NA,0,NA,NA,NA
2022,7,5055,12,"J",NA,NA,NA,NA,NA,2021,"NPNT",NA,NA,NA,"5055_7_senior","drought","dead",0,"Dead",NA,NA,NA,NA,NA,NA,0,NA,NA
2021,7,5056,14,"J","1",NA,24,0,NA,2021,"",NA,NA,NA,"5056_7","drought","alive",1,"Vegetative",0,NA,"2",2,1,1,NA,NA,NA
2022,7,5056,14,"J","2",51,20,2,"11",2021,"",NA,NA,NA,"5056_7","drought","alive",1,"Flowering",1,NA,"2",2,1,1,0,0,0
2023,7,5056,14,"J","2",34,28,2,"7",2021,"",NA,NA,NA,"5056_7","drought","alive",1,"Flowering",1,NA,"4",2,1,1,1,NA,NA
2024,7,5056,14,"J","4",57.5,25.5,2,"8.5",NA,"",NA,NA,NA,"5056_7","drought","alive",1,"Flowering",1,NA,"2",2,1,1,1,0,0
2025,7,5056,14,"J","2",42,25,2,"7",NA,"",NA,NA,NA,"5056_7","drought","alive",1,"Flowering",1,NA,"0",NA,NA,NA,1,NA,NA
2026,7,5056,14,"J","0",NA,NA,NA,NA,NA,"NP",NA,NA,NA,"5056_7","drought",NA,NA,NA,NA,NA,NA,NA,NA,NA,1,NA,NA
2016,15,6157,0,"J","8",30,14,2,"1.8",2016,"",NA,NA,NA,"6157_15","drought","alive",1,"Flowering",1,NA,NA,NA,NA,NA,NA,NA,NA
2026,13,7401,19,"F","1",NA,14,0,NA,2026,"",NA,NA,NA,"7401_13","control","alive",1,"Vegetative",0,NA,NA,NA,NA,NA,NA,NA,NA
2026,13,7402,19,"F","4",NA,19.5,0,NA,2026,"",NA,NA,NA,"7402_13","control","alive",1,"Vegetative",0,NA,NA,NA,NA,NA,NA,NA,NA
2026,13,7403,7,"B","1",NA,9.5,0,NA,2026,"",NA,NA,NA,"7403_13","control","alive",1,"Vegetative",0,NA,NA,NA,NA,NA,NA,NA,NA
2026,13,7404,4,"A","1",NA,17.5,0,NA,2026,"",NA,NA,NA,"7404_13","control","alive",1,"Vegetative",0,NA,NA,NA,NA,NA,NA,NA,NA
2026,13,7405,15,"H","1",NA,6,0,NA,2026,"",NA,NA,NA,"7405_13","control","alive",1,"Vegetative",0,NA,NA,NA,NA,NA,NA,NA,NA
2026,13,7406,11,"G","1",NA,7,0,NA,2026,"",NA,NA,NA,"7406_13","control","alive",1,"Vegetative",0,NA,NA,NA,NA,NA,NA,NA,NA
2026,13,7407,11,"G","1",NA,17.5,0,NA,2026,"",NA,NA,NA,"7407_13","control","alive",1,"Vegetative",0,NA,NA,NA,NA,NA,NA,NA,NA
2026,13,7408,11,"G","1",NA,20.5,0,NA,2026,"",NA,NA,NA,"7408_13","control","alive",1,"Vegetative",0,NA,NA,NA,NA,NA,NA,NA,NA
2026,13,7409,10,"G","2",NA,7.5,0,NA,2026,"",NA,NA,NA,"7409_13","control","alive",1,"Vegetative",0,NA,NA,NA,NA,NA,NA,NA,NA
2026,13,7410,9,"I","1",NA,8.5,0,NA,2026,"",NA,NA,NA,"7410_13","control","alive",1,"Vegetative",0,NA,NA,NA,NA,NA,NA,NA,NA
2026,13,7411,8,"H","2",NA,15,0,NA,2026,"",NA,NA,NA,"7411_13","control","alive",1,"Vegetative",0,NA,NA,NA,NA,NA,NA,NA,NA
2026,13,7412,9,"F","2",NA,12,0,NA,2026,"",NA,NA,NA,"7412_13","control","alive",1,"Vegetative",0,NA,NA,NA,NA,NA,NA,NA,NA
2026,13,7413,2,"E","2",NA,19,0,NA,2026,"",NA,NA,NA,"7413_13","control","alive",1,"Vegetative",0,NA,NA,NA,NA,NA,NA,NA,NA
2026,13,7414,2,"C","1",NA,21,0,NA,2026,"",NA,NA,NA,"7414_13","control","alive",1,"Vegetative",0,NA,NA,NA,NA,NA,NA,NA,NA
2026,13,7415,11,"A","2",NA,14,0,NA,2026,"",NA,NA,NA,"7415_13","control","alive",1,"Vegetative",0,NA,NA,NA,NA,NA,NA,NA,NA
2026,14,7416,5,"B","1",NA,13,0,NA,2026,"",NA,NA,NA,"7416_14","drought","alive",1,"Vegetative",0,NA,NA,NA,NA,NA,NA,NA,NA
2026,13,7417,12,"A","2",NA,21,0,NA,2026,"could be 3333",NA,NA,NA,"7417_13","control","alive",1,"Vegetative",0,NA,NA,NA,NA,NA,NA,NA,NA
2026,14,7418,1,"G","1",NA,5,0,NA,2026,"",NA,NA,NA,"7418_14","drought","alive",1,"Vegetative",0,NA,NA,NA,NA,NA,NA,NA,NA
2026,13,7419,11,"B","1",NA,10,0,NA,2026,"",NA,NA,NA,"7419_13","control","alive",1,"Vegetative",0,NA,NA,NA,NA,NA,NA,NA,NA
2026,13,7420,13,"A","1",NA,17,0,NA,2026,"",NA,NA,NA,"7420_13","control","alive",1,"Vegetative",0,NA,NA,NA,NA,NA,NA,NA,NA
2026,13,7421,13,"B","1",NA,11,0,NA,2026,"",NA,NA,NA,"7421_13","control","alive",1,"Vegetative",0,NA,NA,NA,NA,NA,NA,NA,NA
2026,13,7422,13,"B","1",NA,17,0,NA,2026,"",NA,NA,NA,"7422_13","control","alive",1,"Vegetative",0,NA,NA,NA,NA,NA,NA,NA,NA
2026,13,7423,10,"A","1",NA,11,0,NA,2026,"",NA,NA,NA,"7423_13","control","alive",1,"Vegetative",0,NA,NA,NA,NA,NA,NA,NA,NA
2026,12,7424,4,"A","1",NA,16,0,NA,2026,"",NA,NA,NA,"7424_12","irrigated","alive",1,"Vegetative",0,NA,NA,NA,NA,NA,NA,NA,NA
2026,12,7425,4,"B","1",NA,13,0,NA,2026,"",NA,NA,NA,"7425_12","irrigated","alive",1,"Vegetative",0,NA,NA,NA,NA,NA,NA,NA,NA
2026,12,7426,9,"I","1",NA,10,0,NA,2026,"",NA,NA,NA,"7426_12","irrigated","alive",1,"Vegetative",0,NA,NA,NA,NA,NA,NA,NA,NA
2026,12,7427,9,"I","1",NA,12,0,NA,2026,"",NA,NA,NA,"7427_12","irrigated","alive",1,"Vegetative",0,NA,NA,NA,NA,NA,NA,NA,NA
2026,12,7428,7,"I","1",NA,12,0,NA,2026,"",NA,NA,NA,"7428_12","irrigated","alive",1,"Vegetative",0,NA,NA,NA,NA,NA,NA,NA,NA
2026,12,7429,8,"I","1",NA,10.5,0,NA,2026,"",NA,NA,NA,"7429_12","irrigated","alive",1,"Vegetative",0,NA,NA,NA,NA,NA,NA,NA,NA
2026,12,7430,6,"H","2",NA,7,0,NA,2026,"",NA,NA,NA,"7430_12","irrigated","alive",1,"Vegetative",0,NA,NA,NA,NA,NA,NA,NA,NA
2026,12,7431,6,"F","1",NA,11,0,NA,2026,"",NA,NA,NA,"7431_12","irrigated","alive",1,"Vegetative",0,NA,NA,NA,NA,NA,NA,NA,NA
2026,12,7432,6,"G","1",NA,10,0,NA,2026,"",NA,NA,NA,"7432_12","irrigated","alive",1,"Vegetative",0,NA,NA,NA,NA,NA,NA,NA,NA
2026,12,7433,7,"H","2",NA,17.5,0,NA,2026,"",NA,NA,NA,"7433_12","irrigated","alive",1,"Vegetative",0,NA,NA,NA,NA,NA,NA,NA,NA
2026,7,7434,19,"B","3",NA,26.5,0,NA,2026,"",NA,NA,NA,"7434_7","drought","alive",1,"Vegetative",0,NA,NA,NA,NA,NA,NA,NA,NA
2026,12,7435,19,"A","1",NA,17,0,NA,2026,"",NA,NA,NA,"7435_12","irrigated","alive",1,"Vegetative",0,NA,NA,NA,NA,NA,NA,NA,NA
2026,4,7436,9,"I","1",NA,8,0,NA,2026,"",NA,NA,NA,"7436_4","irrigated","alive",1,"Vegetative",0,NA,NA,NA,NA,NA,NA,NA,NA
2026,4,7437,8,"J","2",NA,8,0,NA,2026,"",NA,NA,NA,"7437_4","irrigated","alive",1,"Vegetative",0,NA,NA,NA,NA,NA,NA,NA,NA
2026,4,7438,3,"A","4",NA,17,0,NA,2026,"could be 4 plants",NA,NA,NA,"7438_4","irrigated","alive",1,"Vegetative",0,NA,NA,NA,NA,NA,NA,NA,NA
2026,6,7440,15,"G","1",NA,28,0,NA,2026,"",NA,NA,NA,"7440_6","irrigated","alive",1,"Vegetative",0,NA,NA,NA,NA,NA,NA,NA,NA
2026,12,7441,13,"B","1",NA,14,0,NA,2026,"",NA,NA,NA,"7441_12","irrigated","alive",1,"Vegetative",0,NA,NA,NA,NA,NA,NA,NA,NA
2026,4,7442,4,"G","4",NA,9,0,NA,2026,"maybe 4 plants next to each other",NA,NA,NA,"7442_4","irrigated","alive",1,"Vegetative",0,NA,NA,NA,NA,NA,NA,NA,NA
2026,4,7443,5,"G","1",NA,9.5,0,NA,2026,"",NA,NA,NA,"7443_4","irrigated","alive",1,"Vegetative",0,NA,NA,NA,NA,NA,NA,NA,NA
2026,4,7444,4,"G","2",NA,12,0,NA,2026,"could be 2 plants",NA,NA,NA,"7444_4","irrigated","alive",1,"Vegetative",0,NA,NA,NA,NA,NA,NA,NA,NA
2026,4,7445,2,"G","1",NA,13,0,NA,2026,"",NA,NA,NA,"7445_4","irrigated","alive",1,"Vegetative",0,NA,NA,NA,NA,NA,NA,NA,NA
2026,4,7446,2,"F","1",NA,14,0,NA,2026,"",NA,NA,NA,"7446_4","irrigated","alive",1,"Vegetative",0,NA,NA,NA,NA,NA,NA,NA,NA
2026,4,7447,4,"C","1",NA,10,0,NA,2026,"",NA,NA,NA,"7447_4","irrigated","alive",1,"Vegetative",0,NA,NA,NA,NA,NA,NA,NA,NA
2026,1,7448,4,"H","1",NA,11,0,NA,2026,"",NA,NA,NA,"7448_1","irrigated","alive",1,"Vegetative",0,NA,NA,NA,NA,NA,NA,NA,NA
2026,1,7449,4,"H","2",NA,10.5,0,NA,2026,"",NA,NA,NA,"7449_1","irrigated","alive",1,"Vegetative",0,NA,NA,NA,NA,NA,NA,NA,NA
2026,1,7450,5,"H","1",NA,13.5,0,NA,2026,"",NA,NA,NA,"7450_1","irrigated","alive",1,"Vegetative",0,NA,NA,NA,NA,NA,NA,NA,NA
2026,1,7451,5,"E","1",NA,8,0,NA,2026,"",NA,NA,NA,"7451_1","irrigated","alive",1,"Vegetative",0,NA,NA,NA,NA,NA,NA,NA,NA
2026,4,7452,19,"G","2",NA,9.5,0,NA,2026,"",NA,NA,NA,"7452_4","irrigated","alive",1,"Vegetative",0,NA,NA,NA,NA,NA,NA,NA,NA
2026,1,7453,5,"G","1",NA,7,0,NA,2026,"",NA,NA,NA,"7453_1","irrigated","alive",1,"Vegetative",0,NA,NA,NA,NA,NA,NA,NA,NA
2026,1,7454,9,"F","1",NA,7.5,0,NA,2026,"",NA,NA,NA,"7454_1","irrigated","alive",1,"Vegetative",0,NA,NA,NA,NA,NA,NA,NA,NA
2026,1,7456,5,"H","1",NA,14,0,NA,2026,"",NA,NA,NA,"7456_1","irrigated","alive",1,"Vegetative",0,NA,NA,NA,NA,NA,NA,NA,NA
2026,1,7457,0,"I","1",NA,16,0,NA,2026,"",NA,NA,NA,"7457_1","irrigated","alive",1,"Vegetative",0,NA,NA,NA,NA,NA,NA,NA,NA
2026,1,7458,4,"F","2",NA,9.5,0,NA,2026,"",NA,NA,NA,"7458_1","irrigated","alive",1,"Vegetative",0,NA,NA,NA,NA,NA,NA,NA,NA
2026,10,7459,8,"C","2",NA,10,0,NA,2026,"",NA,NA,NA,"7459_10","drought","alive",1,"Vegetative",0,NA,NA,NA,NA,NA,NA,NA,NA
2026,10,7460,8,"B","2",NA,25,0,NA,2026,"",NA,NA,NA,"7460_10","drought","alive",1,"Vegetative",0,NA,NA,NA,NA,NA,NA,NA,NA
2026,13,7461,3,"B","2",NA,15,0,NA,2026,"",NA,NA,NA,"7461_13","control","alive",1,"Vegetative",0,NA,NA,NA,NA,NA,NA,NA,NA
2026,10,7462,8,"A","1",NA,20,0,NA,2026,"",NA,NA,NA,"7462_10","drought","alive",1,"Vegetative",0,NA,NA,NA,NA,NA,NA,NA,NA
2026,10,7463,6,"A","1",NA,10,0,NA,2026,"",NA,NA,NA,"7463_10","drought","alive",1,"Vegetative",0,NA,NA,NA,NA,NA,NA,NA,NA
2026,15,7464,8,"G","1",NA,10.5,0,NA,2026,"",NA,NA,NA,"7464_15","drought","alive",1,"Vegetative",0,NA,NA,NA,NA,NA,NA,NA,NA
2026,15,7465,3,"H","1",NA,6.5,0,NA,2026,"",NA,NA,NA,"7465_15","drought","alive",1,"Vegetative",0,NA,NA,NA,NA,NA,NA,NA,NA
2026,15,7466,9,"C","1",NA,10.5,0,NA,2026,"",NA,NA,NA,"7466_15","drought","alive",1,"Vegetative",0,NA,NA,NA,NA,NA,NA,NA,NA
2026,15,7467,5,"C","1",NA,9,0,NA,2026,"",NA,NA,NA,"7467_15","drought","alive",1,"Vegetative",0,NA,NA,NA,NA,NA,NA,NA,NA
2026,15,7468,5,"E","1",NA,11,0,NA,2026,"",NA,NA,NA,"7468_15","drought","alive",1,"Vegetative",0,NA,NA,NA,NA,NA,NA,NA,NA
2026,15,7469,7,"D","1",NA,12,0,NA,2026,"",NA,NA,NA,"7469_15","drought","alive",1,"Vegetative",0,NA,NA,NA,NA,NA,NA,NA,NA
2026,15,7470,6,"C","1",NA,10,0,NA,2026,"",NA,NA,NA,"7470_15","drought","alive",1,"Vegetative",0,NA,NA,NA,NA,NA,NA,NA,NA
2026,15,7471,8,"B","1",NA,14,0,NA,2026,"",NA,NA,NA,"7471_15","drought","alive",1,"Vegetative",0,NA,NA,NA,NA,NA,NA,NA,NA
2026,15,7472,5,"D","1",NA,9.5,0,NA,2026,"",NA,NA,NA,"7472_15","drought","alive",1,"Vegetative",0,NA,NA,NA,NA,NA,NA,NA,NA
2026,15,7473,5,"E","1",NA,13.5,0,NA,2026,"",NA,NA,NA,"7473_15","drought","alive",1,"Vegetative",0,NA,NA,NA,NA,NA,NA,NA,NA
2026,15,7474,3,"B","1",NA,13.5,0,NA,2026,"",NA,NA,NA,"7474_15","drought","alive",1,"Vegetative",0,NA,NA,NA,NA,NA,NA,NA,NA
2026,2,7475,11,"H","1",NA,14,0,NA,2026,"",NA,NA,NA,"7475_2","control","alive",1,"Vegetative",0,NA,NA,NA,NA,NA,NA,NA,NA
2026,2,7476,11,"G","1",NA,11,0,NA,2026,"",NA,NA,NA,"7476_2","control","alive",1,"Vegetative",0,NA,NA,NA,NA,NA,NA,NA,NA
2026,15,7477,6,"D","1",NA,12.5,0,NA,2026,"",NA,NA,NA,"7477_15","drought","alive",1,"Vegetative",0,NA,NA,NA,NA,NA,NA,NA,NA
2026,2,7478,2,"C","1",NA,3,0,NA,2026,"",NA,NA,NA,"7478_2","control","alive",1,"Vegetative",0,NA,NA,NA,NA,NA,NA,NA,NA
2026,2,7479,0,"C","1",NA,9.5,0,NA,2026,"",NA,NA,NA,"7479_2","control","alive",1,"Vegetative",0,NA,NA,NA,NA,NA,NA,NA,NA
2026,2,7480,18,"A","1",NA,5.5,0,NA,2026,"",NA,NA,NA,"7480_2","control","alive",1,"Vegetative",0,NA,NA,NA,NA,NA,NA,NA,NA
2026,3,7481,16,"A","2",NA,16,0,NA,2026,"",NA,NA,NA,"7481_3","control","alive",1,"Vegetative",0,NA,NA,NA,NA,NA,NA,NA,NA
2026,3,7482,18,"B","1",NA,20,0,NA,2026,"",NA,NA,NA,"7482_3","control","alive",1,"Vegetative",0,NA,NA,NA,NA,NA,NA,NA,NA
2026,5,7483,7,"A","1",NA,9.5,0,NA,2026,"",NA,NA,NA,"7483_5","drought","alive",1,"Vegetative",0,NA,NA,NA,NA,NA,NA,NA,NA
2026,5,7484,0,"E","1",NA,10.5,0,NA,2026,"",NA,NA,NA,"7484_5","drought","alive",1,"Vegetative",0,NA,NA,NA,NA,NA,NA,NA,NA
2026,5,7485,5,"B","1",NA,8,0,NA,2026,"",NA,NA,NA,"7485_5","drought","alive",1,"Vegetative",0,NA,NA,NA,NA,NA,NA,NA,NA
2026,5,7486,5,"A","1",NA,16.5,0,NA,2026,"",NA,NA,NA,"7486_5","drought","alive",1,"Vegetative",0,NA,NA,NA,NA,NA,NA,NA,NA
2026,5,7487,1,"B","1",NA,11,0,NA,2026,"",NA,NA,NA,"7487_5","drought","alive",1,"Vegetative",0,NA,NA,NA,NA,NA,NA,NA,NA
2026,5,7488,9,"I","1",NA,13,0,NA,2026,"",NA,NA,NA,"7488_5","drought","alive",1,"Vegetative",0,NA,NA,NA,NA,NA,NA,NA,NA
2026,5,7489,4,"G","1",NA,4,0,NA,2026,"",NA,NA,NA,"7489_5","drought","alive",1,"Vegetative",0,NA,NA,NA,NA,NA,NA,NA,NA
2026,5,7490,2,"F","1",NA,14.5,0,NA,2026,"",NA,NA,NA,"7490_5","drought","alive",1,"Vegetative",0,NA,NA,NA,NA,NA,NA,NA,NA
2026,1,7491,4,"C","1",NA,6,0,NA,2026,"",NA,NA,NA,"7491_1","irrigated","alive",1,"Vegetative",0,NA,NA,NA,NA,NA,NA,NA,NA
2026,1,7492,0,"H","1",NA,20.5,0,NA,2026,"",NA,NA,NA,"7492_1","irrigated","alive",1,"Vegetative",0,NA,NA,NA,NA,NA,NA,NA,NA
2026,5,7493,3,"F","1",NA,9.5,0,NA,2026,"",NA,NA,NA,"7493_5","drought","alive",1,"Vegetative",0,NA,NA,NA,NA,NA,NA,NA,NA
2026,5,7494,2,"F","1",NA,6.5,0,NA,2026,"",NA,NA,NA,"7494_5","drought","alive",1,"Vegetative",0,NA,NA,NA,NA,NA,NA,NA,NA
2026,5,7495,2,"E","1",NA,10.5,0,NA,2026,"",NA,NA,NA,"7495_5","drought","alive",1,"Vegetative",0,NA,NA,NA,NA,NA,NA,NA,NA
2022,5,7501,3,"C","2",NA,19,0,NA,2022,"",NA,NA,NA,"7501_5","drought","alive",1,"Vegetative",0,NA,"0",NA,NA,1,NA,NA,NA
2023,5,7501,3,"C","0",NA,NA,NA,NA,2022,"NP",NA,NA,NA,"7501_5","drought","dormant",1,"Dormant",NA,NA,"3",1,1,1,0,NA,NA
2024,5,7501,3,"C","3",25,17,1,"2.5",NA,"",NA,NA,NA,"7501_5","drought","alive",1,"Flowering",1,NA,"2",0,0,1,NA,0,0
2025,5,7501,3,"C","2",NA,17.5,0,NA,NA,"",NA,NA,NA,"7501_5","drought","alive",1,"Vegetative",0,NA,"2",1,1,1,1,NA,NA
2026,5,7501,3,"C","2",26,17,1,"4.5",NA,"",NA,NA,NA,"7501_5","drought","alive",1,"Flowering",1,NA,NA,NA,NA,NA,0,14,1
2023,3,7502,5,"F","1",NA,14,0,NA,2023,"",NA,NA,NA,"7502_3","control","alive",1,"Vegetative",0,NA,"0",NA,NA,0,NA,NA,NA
2024,3,7502,5,"F","0",NA,NA,NA,NA,NA,"NP",NA,NA,NA,"7502_3","control","dead",0,"Dead",NA,NA,NA,NA,NA,NA,0,NA,NA
2022,1,7505,16,"D","1",NA,21,0,NA,2022,"",NA,NA,NA,"7505_1","irrigated","alive",1,"Vegetative",0,NA,"0",NA,NA,0,NA,NA,NA
2023,1,7505,16,"D","0",NA,NA,NA,NA,2022,"NP",NA,NA,NA,"7505_1","irrigated","dead",0,"Dead",NA,NA,NA,NA,NA,NA,0,NA,NA
2022,12,7507,16,"F","2",NA,14,0,NA,2022,"",NA,NA,NA,"7507_12","irrigated","alive",1,"Vegetative",0,NA,"1",0,0,1,NA,NA,NA
2023,12,7507,16,"F","1",NA,11,0,NA,2022,"",NA,NA,NA,"7507_12","irrigated","alive",1,"Vegetative",0,NA,"0",NA,NA,1,0,NA,NA
2024,12,7507,16,"F","0",NA,NA,NA,NA,NA,"NP",NA,NA,NA,"7507_12","irrigated","dormant",1,"Dormant",NA,NA,"1",0,0,1,0,NA,NA
2025,12,7507,16,"F","1",NA,15,0,NA,NA,"",NA,NA,NA,"7507_12","irrigated","alive",1,"Vegetative",0,NA,"1",0,0,1,NA,NA,NA
2026,12,7507,16,"F","1",NA,13,0,NA,NA,"",NA,NA,NA,"7507_12","irrigated","alive",1,"Vegetative",0,NA,NA,NA,NA,NA,0,NA,NA
2022,4,7509,18,"I","1",NA,13,0,NA,2022,"",NA,NA,NA,"7509_4","irrigated","alive",1,"Vegetative",0,NA,"0",NA,NA,0,NA,NA,NA
2023,4,7509,18,"I","0",NA,NA,NA,NA,2022,"NP",NA,NA,NA,"7509_4","irrigated","dead",0,"Dead",NA,NA,NA,NA,NA,NA,0,NA,NA
2022,4,7510,17,"G","1",NA,14,0,NA,2022,"",NA,NA,NA,"7510_4","irrigated","alive",1,"Vegetative",0,NA,"2",0,0,1,NA,NA,NA
2023,4,7510,17,"G","2",NA,20,0,NA,2022,"",NA,NA,NA,"7510_4","irrigated","alive",1,"Vegetative",0,NA,"1",0,0,1,0,NA,NA
2024,4,7510,17,"G","1",NA,19,0,NA,NA,"",NA,NA,NA,"7510_4","irrigated","alive",1,"Vegetative",0,NA,"0",NA,NA,0,0,NA,NA
2025,4,7510,17,"G","0",NA,NA,NA,NA,NA,"NP",NA,NA,NA,"7510_4","irrigated","dead",0,"Dead",NA,NA,NA,NA,NA,NA,0,NA,NA
2022,12,7511,18,"F","1",NA,13,0,NA,2022,"may be 3417?",NA,NA,NA,"7511_12","irrigated","alive",1,"Vegetative",0,NA,"2",0,0,1,NA,NA,NA
2023,12,7511,18,"F","2",NA,11,0,NA,2022,"",NA,NA,NA,"7511_12","irrigated","alive",1,"Vegetative",0,NA,"2",0,0,1,0,NA,NA
2024,12,7511,18,"F","2",NA,12.5,0,NA,NA,"",NA,NA,NA,"7511_12","irrigated","alive",1,"Vegetative",0,NA,"2",0,0,1,0,NA,NA
2025,12,7511,18,"F","2",NA,21,0,NA,NA,"",NA,NA,NA,"7511_12","irrigated","alive",1,"Vegetative",0,NA,"1",0,0,1,0,NA,NA
2026,12,7511,18,"F","1",NA,17.5,0,NA,NA,"",NA,NA,NA,"7511_12","irrigated","alive",1,"Vegetative",0,NA,NA,NA,NA,NA,0,NA,NA
2022,5,7512,2,"G","2",NA,19.5,0,NA,2022,"",NA,NA,NA,"7512_5","drought","alive",1,"Vegetative",0,NA,"1",1,1,1,NA,NA,NA
2023,5,7512,2,"G","1",24,19,1,NA,2022,"dead umbel",NA,NA,NA,"7512_5","drought","alive",1,"Flowering",1,NA,"1",0,0,1,0,0,0
2024,5,7512,2,"G","1",NA,22,0,NA,NA,"",NA,NA,NA,"7512_5","drought","alive",1,"Vegetative",0,NA,"1",0,0,1,1,NA,NA
2025,5,7512,2,"G","1",NA,12,0,NA,NA,"",NA,NA,NA,"7512_5","drought","alive",1,"Vegetative",0,NA,"0",NA,NA,NA,0,NA,NA
2026,5,7512,2,"G","0",NA,NA,NA,NA,NA,"NP",NA,NA,NA,"7512_5","drought",NA,NA,NA,NA,NA,NA,NA,NA,NA,0,NA,NA
2022,10,7513,4,"C","1",NA,18,0,NA,2022,"",NA,NA,NA,"7513_10","drought","alive",1,"Vegetative",0,NA,"1",0,0,1,NA,NA,NA
2023,10,7513,4,"C","1",NA,20,0,NA,2022,"",NA,NA,NA,"7513_10","drought","alive",1,"Vegetative",0,NA,"2",1,1,1,0,NA,NA
2024,10,7513,4,"C","2",28.5,17,1,"2.5",NA,"",NA,NA,NA,"7513_10","drought","alive",1,"Flowering",1,NA,"1",0,0,1,0,0,0
2025,10,7513,4,"C","1",NA,22,0,NA,NA,"",NA,NA,NA,"7513_10","drought","alive",1,"Vegetative",0,NA,"0",NA,NA,NA,1,NA,NA
2026,10,7513,4,"C","0",NA,NA,NA,NA,NA,"NP",NA,NA,NA,"7513_10","drought",NA,NA,NA,NA,NA,NA,NA,NA,NA,0,NA,NA
2022,13,7514,17,"G","1",NA,15,0,NA,2022,"",NA,NA,NA,"7514_13","control","alive",1,"Vegetative",0,NA,"1",1,1,1,NA,NA,NA
2023,13,7514,17,"G","1",30.5,15,1,"5.5",2022,"",NA,NA,NA,"7514_13","control","alive",1,"Flowering",1,NA,"1",0,0,1,0,NA,NA
2024,13,7514,17,"G","1",NA,16,0,NA,NA,"",NA,NA,NA,"7514_13","control","alive",1,"Vegetative",0,NA,"1",0,0,1,1,NA,NA
2025,13,7514,17,"G","1",NA,18.5,0,NA,NA,"",NA,NA,NA,"7514_13","control","alive",1,"Vegetative",0,NA,"0",NA,NA,NA,0,NA,NA
2026,13,7514,17,"G","0",NA,NA,NA,NA,NA,"NP",NA,NA,NA,"7514_13","control",NA,NA,NA,NA,NA,NA,NA,NA,NA,0,NA,NA
2023,1,7515,9,"B","1",NA,7,0,NA,2023,"",NA,NA,NA,"7515_1","irrigated","alive",1,"Vegetative",0,NA,"0",NA,NA,0,NA,NA,NA
2024,1,7515,9,"B","0",NA,NA,NA,NA,NA,"NP",NA,NA,NA,"7515_1","irrigated","dead",0,"Dead",NA,NA,NA,NA,NA,NA,0,NA,NA
2023,14,7516,1,"E","1",NA,12,0,NA,2023,"next to 3431",NA,NA,NA,"7516_14","drought","alive",1,"Vegetative",0,NA,NA,NA,NA,1,NA,NA,NA
2024,14,7516,1,"F",NA,NA,NA,NA,NA,NA,"NPNT; moss",NA,NA,NA,"7516_14","drought",NA,1,NA,NA,NA,"1",0,0,1,0,4,1
2025,14,7516,1,"E","1",NA,18.5,0,NA,NA,"next to 3134, change in 2024 data the data for this tag to 3134",NA,1,NA,"7516_14","drought","alive",1,"Vegetative",0,NA,"0",NA,NA,NA,NA,NA,NA
2026,14,7516,1,"E","0",NA,NA,NA,NA,NA,"NP",NA,NA,NA,"7516_14","drought",NA,NA,NA,NA,NA,NA,NA,NA,NA,0,NA,NA
2023,1,7517,5,"F","1",NA,7,0,NA,2023,"",NA,NA,NA,"7517_1","irrigated","alive",1,"Vegetative",0,NA,"2",0,0,1,NA,NA,NA
2024,1,7517,5,"F","2",NA,7,0,NA,NA,"",NA,NA,NA,"7517_1","irrigated","alive",1,"Vegetative",0,NA,"1",0,0,1,0,NA,NA
2025,1,7517,5,"F","1",NA,9,0,NA,NA,"5F is a big clump of antho. ",NA,NA,NA,"7517_1","irrigated","alive",1,"Vegetative",0,NA,"1",0,0,1,0,NA,NA
2026,1,7517,5,"F","1",NA,13,0,NA,NA,"",NA,NA,NA,"7517_1","irrigated","alive",1,"Vegetative",0,NA,NA,NA,NA,NA,0,NA,NA
2022,14,7518,5,"D","1",NA,19,0,NA,2022,"",NA,NA,NA,"7518_14","drought","alive",1,"Vegetative",0,NA,"1",0,0,1,NA,NA,NA
2023,14,7518,5,"D","1",NA,9.5,0,NA,2022,"",NA,NA,NA,"7518_14","drought","alive",1,"Vegetative",0,NA,"0",NA,NA,0,0,NA,NA
2024,14,7518,5,"D","0",NA,NA,NA,NA,NA,"NP; moss",NA,NA,NA,"7518_14","drought","dead",0,"Dead",NA,NA,NA,NA,NA,NA,0,NA,NA
2022,5,7519,3,"D","1",NA,24,0,NA,2022,"",NA,NA,NA,"7519_5","drought","alive",1,"Vegetative",0,NA,"2",1,1,1,NA,NA,NA
2023,5,7519,3,"D","2",30,17,1,"4",2022,"",NA,NA,NA,"7519_5","drought","alive",1,"Flowering",1,NA,"2",2,1,1,0,0,0
2024,5,7519,3,"D","2",31,14,2,"6",NA,"",NA,NA,NA,"7519_5","drought","alive",1,"Flowering",1,NA,"2",1,1,1,1,72,1
2025,5,7519,3,"D","2",19.5,15,1,"3",NA,"",NA,NA,NA,"7519_5","drought","alive",1,"Flowering",1,NA,"2",1,1,1,1,26,1
2026,5,7519,3,"D","2",17.5,11,1,"2.5",NA,"",NA,NA,NA,"7519_5","drought","alive",1,"Flowering",1,NA,NA,NA,NA,NA,1,36,1
2022,7,7520,18,"I","1",NA,18,0,NA,2022,"",NA,NA,NA,"7520_7","drought","alive",1,"Vegetative",0,NA,"0",NA,NA,0,NA,NA,NA
2023,7,7520,18,"I","0",NA,NA,NA,NA,2022,"NP",NA,NA,NA,"7520_7","drought","dead",0,"Dead",NA,NA,NA,NA,NA,NA,0,NA,NA
2022,15,7521,15,"E","3",31.5,21,1,"3.5",2022,"",NA,NA,NA,"7521_15","drought","alive",1,"Flowering",1,NA,"1",1,1,1,NA,54,1
2023,15,7521,15,"E","1",38,15,1,"9",2022,"",NA,NA,NA,"7521_15","drought","alive",1,"Flowering",1,NA,"2",2,1,1,1,82,1
2024,15,7521,15,"E","2",21.5,7.5,2,"2",NA,"missed in phen; basal leaf senesced measured shorter leaf",NA,NA,NA,"7521_15","drought","alive",1,"Flowering",1,NA,"1",0,0,1,1,NA,NA
2025,15,7521,15,"E","1",NA,19,0,NA,NA,"",NA,NA,NA,"7521_15","drought","alive",1,"Vegetative",0,NA,"2",0,0,1,1,NA,NA
2026,15,7521,15,"E","2",NA,22,0,NA,NA,"",NA,NA,NA,"7521_15","drought","alive",1,"Vegetative",0,NA,NA,NA,NA,NA,0,NA,NA
2022,5,7522,3,"F","4",24,21,1,"2.5",2022,"",NA,NA,NA,"7522_5","drought","alive",1,"Flowering",1,NA,"4",2,1,1,NA,60,1
2023,5,7522,3,"F","4",38,14,2,"8",2022,"",NA,NA,NA,"7522_5","drought","alive",1,"Flowering",1,NA,"5",2,1,1,1,56,1
2024,5,7522,3,"F","5",39,25,2,"5",NA,"",NA,NA,NA,"7522_5","drought","alive",1,"Flowering",1,NA,"2",1,1,1,1,0,0
2025,5,7522,3,"F","2",32,18,1,"5",NA,"",NA,NA,NA,"7522_5","drought","alive",1,"Flowering",1,NA,"4",2,1,1,1,52,1
2026,5,7522,3,"F","4",20,17,2,"5.5",NA,"",NA,NA,NA,"7522_5","drought","alive",1,"Flowering",1,NA,NA,NA,NA,NA,1,2,1
2023,3,7523,1,"B","1",NA,13,0,NA,2023,"",NA,NA,NA,"7523_3","control","alive",1,"Vegetative",0,NA,"0",NA,NA,0,NA,NA,NA
2024,3,7523,1,"B","0",NA,NA,NA,NA,NA,"NP",NA,NA,NA,"7523_3","control","dead",0,"Dead",NA,NA,NA,NA,NA,NA,0,NA,NA
2022,5,7524,6,"H","2",NA,16,0,NA,2022,"",NA,NA,NA,"7524_5","drought","alive",1,"Vegetative",0,NA,"2",1,1,1,NA,NA,NA
2023,5,7524,6,"H","2",20,11,1,NA,2022,"umbel dead",NA,NA,NA,"7524_5","drought","alive",1,"Flowering",1,NA,"2",0,0,1,0,0,0
2024,5,7524,6,"H","2",NA,14,0,NA,NA,"",NA,NA,NA,"7524_5","drought","alive",1,"Vegetative",0,NA,"1",0,0,1,1,NA,NA
2025,5,7524,6,"H","1",NA,12,0,NA,NA,"",NA,NA,NA,"7524_5","drought","alive",1,"Vegetative",0,NA,"1",0,0,1,0,NA,NA
2026,5,7524,6,"H","1",NA,15,0,NA,NA,"",NA,NA,NA,"7524_5","drought","alive",1,"Vegetative",0,NA,NA,NA,NA,NA,0,NA,NA
2022,5,7525,6,"F","1",NA,19.5,0,NA,2022,"",NA,NA,NA,"7525_5","drought","alive",1,"Vegetative",0,NA,"0",NA,NA,0,NA,NA,NA
2023,5,7525,6,"F","0",NA,NA,NA,NA,2022,"NP",NA,NA,NA,"7525_5","drought","dead",0,"Dead",NA,NA,NA,NA,NA,NA,0,NA,NA
2022,5,7526,19,"E","1",22,9,1,"4",2022,"",NA,NA,NA,"7526_5","drought","alive",1,"Flowering",1,NA,"1",1,1,1,NA,0,0
2023,5,7526,19,"E","1",25,9,1,"4",2022,"",NA,NA,NA,"7526_5","drought","alive",1,"Flowering",1,NA,"1",1,1,1,1,NA,NA
2024,5,7526,19,"E","1",18.5,9,1,"2.5",NA,"",NA,NA,NA,"7526_5","drought","alive",1,"Flowering",1,NA,"3",0,0,1,1,0,0
2025,5,7526,19,"E","3",NA,7,0,NA,NA,"",NA,NA,NA,"7526_5","drought","alive",1,"Vegetative",0,NA,"2",1,1,1,1,NA,NA
2026,5,7526,19,"E","2",19,9,1,"3",NA,"",NA,NA,NA,"7526_5","drought","alive",1,"Flowering",1,NA,NA,NA,NA,NA,0,0,0
2022,13,7527,3,"F","1",NA,13,0,NA,2022,"in rocks",NA,NA,NA,"7527_13","control","alive",1,"Vegetative",0,NA,"3",2,1,1,NA,NA,NA
2023,13,7527,3,"F","3",29,14,2,"7",2022,"in rocks",NA,NA,NA,"7527_13","control","alive",1,"Flowering",1,NA,"6",5,1,1,0,90,1
2024,13,7527,3,"F","6",28.5,11.5,5,"15.5",NA,"",NA,NA,NA,"7527_13","control","alive",1,"Flowering",1,NA,"2",2,1,1,1,102,1
2025,13,7527,3,"F","2",19,16,2,"3",NA,"one dead umbel",NA,NA,NA,"7527_13","control","alive",1,"Flowering",1,NA,"3",2,1,1,1,NA,NA
2026,13,7527,3,"F","3",26,17,2,"3",NA,"",NA,NA,NA,"7527_13","control","alive",1,"Flowering",1,NA,NA,NA,NA,NA,1,62,1
2022,14,7528,5,"B","1",NA,18.5,0,NA,2022,"next to 3380",NA,NA,NA,"7528_14","drought","alive",1,"Vegetative",0,NA,"2",1,1,1,NA,NA,NA
2023,14,7528,5,"B","2",28,12,1,"2.5",2022,"next to 3380",NA,NA,NA,"7528_14","drought","alive",1,"Flowering",1,NA,"1",0,0,1,0,8,1
2024,14,7528,5,"B","1",NA,15.5,0,NA,NA,"next to 3689",NA,NA,NA,"7528_14","drought","alive",1,"Vegetative",0,NA,"1",0,0,1,1,NA,NA
2025,14,7528,5,"B","1",NA,18,0,NA,NA,"",NA,NA,NA,"7528_14","drought","alive",1,"Vegetative",0,NA,"2",0,0,1,0,NA,NA
2026,14,7528,5,"B","2",NA,17.5,0,NA,NA,"",NA,NA,NA,"7528_14","drought","alive",1,"Vegetative",0,NA,NA,NA,NA,NA,0,NA,NA
2022,7,7529,11,"A","2",NA,13,0,NA,2022,"",NA,NA,NA,"7529_7","drought","alive",1,"Vegetative",0,NA,"2",0,0,1,NA,NA,NA
2023,7,7529,11,"A","2",NA,19,0,NA,2022,"",NA,NA,NA,"7529_7","drought","alive",1,"Vegetative",0,NA,"0",NA,NA,1,0,NA,NA
2024,7,7529,11,"A","0",NA,NA,NA,NA,NA,"NP",NA,NA,NA,"7529_7","drought","dormant",1,"Dormant",NA,NA,"1",0,0,1,0,NA,NA
2025,7,7529,11,"A","1",NA,18,0,NA,NA,"",NA,NA,NA,"7529_7","drought","alive",1,"Vegetative",0,NA,"0",NA,NA,NA,NA,NA,NA
2026,7,7529,11,"A","0",NA,NA,NA,NA,NA,"NP",NA,NA,NA,"7529_7","drought",NA,NA,NA,NA,NA,NA,NA,NA,NA,0,NA,NA
2022,12,7530,12,"E","1",NA,15.5,0,NA,2022,"",NA,NA,NA,"7530_12","irrigated","alive",1,"Vegetative",0,NA,"2",1,1,1,NA,NA,NA
2023,12,7530,12,"E","2",29,18,1,"5",2022,"",NA,NA,NA,"7530_12","irrigated","alive",1,"Flowering",1,NA,"2",1,1,1,0,22,1
2024,12,7530,12,"E","2",15,14.5,1,"3.5",NA,"moss",NA,NA,NA,"7530_12","irrigated","alive",1,"Flowering",1,NA,"1",0,0,1,1,0,0
2025,12,7530,12,"E","1",NA,17,0,NA,NA,"moss",NA,NA,NA,"7530_12","irrigated","alive",1,"Vegetative",0,NA,"2",0,0,1,1,NA,NA
2026,12,7530,12,"E","2",NA,14,0,NA,NA,"",NA,NA,NA,"7530_12","irrigated","alive",1,"Vegetative",0,NA,NA,NA,NA,NA,0,NA,NA
2022,4,7531,17,"H","2",NA,16.5,0,NA,2022,"",NA,NA,NA,"7531_4","irrigated","alive",1,"Vegetative",0,NA,"1",0,0,1,NA,NA,NA
2023,4,7531,17,"H","1",NA,23,0,NA,2022,"",NA,NA,NA,"7531_4","irrigated","alive",1,"Vegetative",0,NA,"1",0,0,1,0,NA,NA
2024,4,7531,17,"H","1",NA,19,0,NA,NA,"",NA,NA,NA,"7531_4","irrigated","alive",1,"Vegetative",0,NA,"0",NA,NA,0,0,NA,NA
2025,4,7531,17,"H","0",NA,NA,NA,NA,NA,"NP",NA,NA,NA,"7531_4","irrigated","dead",0,"Dead",NA,NA,NA,NA,NA,NA,0,NA,NA
2022,13,7532,12,"H","2",33,10,2,"5.5",2022,"",NA,NA,NA,"7532_13","control","alive",1,"Flowering",1,NA,"1",1,1,1,NA,68,1
2023,13,7532,12,"H","1",33,11,1,"5",2022,"",NA,NA,NA,"7532_13","control","alive",1,"Flowering",1,NA,"1",0,0,1,1,NA,NA
2024,13,7532,12,"H","1",NA,15.5,0,NA,NA,"in moss",NA,NA,NA,"7532_13","control","alive",1,"Vegetative",0,NA,"2",0,0,1,1,NA,NA
2025,13,7532,12,"H","2",NA,20,0,NA,NA,"in moss",NA,NA,NA,"7532_13","control","alive",1,"Vegetative",0,NA,"2",0,0,1,0,NA,NA
2026,13,7532,12,"H","2",NA,18,0,NA,NA,"",NA,NA,NA,"7532_13","control","alive",1,"Vegetative",0,NA,NA,NA,NA,NA,0,NA,NA
2022,1,7533,2,"F","1",NA,21,0,NA,2022,"",NA,NA,NA,"7533_1","irrigated","alive",1,"Vegetative",0,NA,"2",1,1,1,NA,NA,NA
2023,1,7533,2,"F","2",30,17,1,"7",2022,"",NA,NA,NA,"7533_1","irrigated","alive",1,"Flowering",1,NA,"2",0,0,1,0,30,1
2024,1,7533,2,"F","2",NA,16,0,NA,NA,"",NA,NA,NA,"7533_1","irrigated","alive",1,"Vegetative",0,NA,"2",0,0,1,1,NA,NA
2025,1,7533,2,"F","2",NA,16,0,NA,NA,"",NA,NA,NA,"7533_1","irrigated","alive",1,"Vegetative",0,NA,"3",1,1,1,0,NA,NA
2026,1,7533,2,"F","3",24,20.5,1,"6",NA,"",NA,NA,NA,"7533_1","irrigated","alive",1,"Flowering",1,NA,NA,NA,NA,NA,0,0,0
2023,1,7534,4,"F","1",NA,8.5,0,NA,2023,"",NA,NA,NA,"7534_1","irrigated","alive",1,"Vegetative",0,NA,"1",0,0,1,NA,NA,NA
2024,1,7534,4,"F","1",NA,9,0,NA,NA,"accidentally pulled leaf",NA,NA,NA,"7534_1","irrigated","alive",1,"Vegetative",0,NA,"1",0,0,1,0,NA,NA
2025,1,7534,4,"F","1",NA,10,0,NA,NA,"",NA,NA,NA,"7534_1","irrigated","alive",1,"Vegetative",0,NA,"1",0,0,1,0,NA,NA
2026,1,7534,4,"F","1",NA,12,0,NA,NA,"",NA,NA,NA,"7534_1","irrigated","alive",1,"Vegetative",0,NA,NA,NA,NA,NA,0,NA,NA
2022,1,7535,7,"I","1",NA,7,0,NA,2022,"",NA,NA,NA,"7535_1","irrigated","alive",1,"Vegetative",0,NA,"0",NA,NA,0,NA,NA,NA
2023,1,7535,7,"I","0",NA,NA,NA,NA,2022,"NP",NA,NA,NA,"7535_1","irrigated","dead",0,"Dead",NA,NA,NA,NA,NA,NA,0,NA,NA
2022,1,7536,10,"J","1",41,10,1,"5",2022,"",NA,NA,NA,"7536_1","irrigated","alive",1,"Flowering",1,NA,"1",1,1,1,NA,68,1
2023,1,7536,10,"J","1",27,11,1,"5.5",2022,"",NA,NA,NA,"7536_1","irrigated","alive",1,"Flowering",1,NA,"2",1,1,1,1,NA,NA
2024,1,7536,10,"J","2",36.5,12.5,1,"3.5",NA,"",NA,NA,NA,"7536_1","irrigated","alive",1,"Flowering",1,NA,"0",NA,NA,0,1,4,1
2025,1,7536,10,"J","0",NA,NA,NA,NA,NA,"NP",NA,NA,NA,"7536_1","irrigated","dead",0,"Dead",NA,NA,NA,NA,NA,NA,1,NA,NA
2016,13,7537,4,"C","4",14,3.4,1,"2.1",2016,"",NA,NA,NA,"7537_13","control","alive",1,"Flowering",1,NA,"6",3,1,1,NA,NA,NA
2017,13,7537,4,"C","6",14.5,10,3,"2.7",2016,"",NA,NA,NA,"7537_13","control","alive",1,"Flowering",1,NA,"1",0,0,1,1,NA,NA
2018,13,7537,4,"C","1",10.5,10.5,0,NA,2016,"",NA,NA,NA,"7537_13","control","alive",1,"Vegetative",0,NA,"4",2,1,1,1,NA,NA
2019,13,7537,4,"C","4",17,14,2,"5",2016,"",NA,NA,NA,"7537_13","control","alive",1,"Flowering",1,NA,"1",0,0,1,0,NA,NA
2020,13,7537,4,"C","1",NA,9.3,0,NA,2016,"new tag = 3428",NA,NA,NA,"7537_13","control","alive",1,"Vegetative",0,NA,"2",1,1,1,1,NA,NA
2021,13,7537,4,"C","2",16,15,1,"2.5",2016,"note from last year: new tag = 3428",NA,NA,NA,"7537_13","control","alive",1,"Flowering",1,NA,"6",3,1,1,0,NA,NA
2022,13,7537,4,"C","6",34,10,3,"14",2016,"2021: given new tag 3428. 2022: 3428 is a duplicate, so given new replacement tag. New tag is 7537 ",NA,1,NA,"7537_13","control","alive",1,"Flowering",1,NA,"4",3,1,1,1,80,1
2023,13,7537,4,"C","4",25,10,3,"5.5",2016,"new tag is 7537. 1 dead umbel.",NA,1,NA,"7537_13","control","alive",1,"Flowering",1,NA,"3",2,1,1,1,42,1
2024,13,7537,4,"C","3",30,7,2,"6.5",NA,"",NA,NA,NA,"7537_13","control","alive",1,"Flowering",1,NA,"1",0,0,1,1,82,1
2025,13,7537,4,"C","1",NA,12,0,NA,NA,"",NA,NA,NA,"7537_13","control","alive",1,"Vegetative",0,NA,"1",0,0,1,1,NA,NA
2026,13,7537,4,"C","1",NA,21,0,NA,NA,"",NA,NA,NA,"7537_13","control","alive",1,"Vegetative",0,NA,NA,NA,NA,NA,0,NA,NA
2022,7,7538,16,"F","1",NA,24,0,NA,2022,"",NA,NA,NA,"7538_7","drought","alive",1,"Vegetative",0,NA,"0",NA,NA,1,NA,NA,NA
2023,7,7538,16,"F","0",NA,NA,NA,NA,2022,"NP",NA,NA,NA,"7538_7","drought","dormant",1,"Dormant",NA,NA,"1",1,1,1,0,NA,NA
2024,7,7538,16,"F","1",41,23,1,"3.5",NA,"",NA,NA,NA,"7538_7","drought","alive",1,"Flowering",1,NA,"0",NA,NA,0,NA,0,0
2025,7,7538,16,"F","0",NA,NA,NA,NA,NA,"NP",NA,NA,NA,"7538_7","drought","dead",0,"Dead",NA,NA,NA,NA,NA,NA,1,NA,NA
2022,3,7539,15,"C","2",NA,15,0,NA,2022,"",NA,NA,NA,"7539_3","control","alive",1,"Vegetative",0,NA,"3",1,1,1,NA,NA,NA
2023,3,7539,15,"C","3",28,16.5,1,"3.5",2022,"",NA,NA,NA,"7539_3","control","alive",1,"Flowering",1,NA,"4",2,1,1,0,0,0
2024,3,7539,15,"C","4",36.5,19,2,"11.5",NA,"",NA,NA,NA,"7539_3","control","alive",1,"Flowering",1,NA,"2",1,1,1,1,88,1
2025,3,7539,15,"C","2",19,14,1,NA,NA,"umbel dead",NA,NA,NA,"7539_3","control","alive",1,"Flowering",1,NA,"0",NA,NA,NA,1,NA,NA
2026,3,7539,15,"C","0",NA,NA,NA,NA,NA,"16B NP",NA,NA,NA,"7539_3","control",NA,NA,NA,NA,NA,NA,NA,NA,NA,1,NA,NA
2022,12,7540,8,"C","1",NA,11.5,0,NA,2022,"",NA,NA,NA,"7540_12","irrigated","alive",1,"Vegetative",0,NA,"2",0,0,1,NA,NA,NA
2023,12,7540,8,"C","2",NA,18,0,NA,2022,"",NA,NA,NA,"7540_12","irrigated","alive",1,"Vegetative",0,NA,NA,NA,NA,1,0,NA,NA
2024,12,7540,8,"C",NA,NA,NA,NA,NA,NA,"NPNT; Dactylis",NA,NA,NA,"7540_12","irrigated",NA,1,NA,NA,NA,"1",0,0,1,0,NA,NA
2025,12,7540,8,"C","1",NA,21,0,NA,NA,"",NA,NA,NA,"7540_12","irrigated","alive",1,"Vegetative",0,NA,"1",0,0,1,NA,NA,NA
2026,12,7540,8,"C","1",NA,19,0,NA,NA,"dactylis",NA,NA,NA,"7540_12","irrigated","alive",1,"Vegetative",0,NA,NA,NA,NA,NA,0,NA,NA
2022,12,7541,16,"F","2",NA,11.5,0,NA,2022,"",NA,NA,NA,"7541_12","irrigated","alive",1,"Vegetative",0,NA,"1",0,0,1,NA,NA,NA
2023,12,7541,16,"F","1",NA,10,0,NA,2022,"",NA,NA,NA,"7541_12","irrigated","alive",1,"Vegetative",0,NA,"1",0,0,1,0,NA,NA
2024,12,7541,16,"F","1",NA,14.5,0,NA,NA,"",NA,NA,NA,"7541_12","irrigated","alive",1,"Vegetative",0,NA,"2",0,0,1,0,NA,NA
2025,12,7541,16,"F","2",NA,14,0,NA,NA,"",NA,NA,NA,"7541_12","irrigated","alive",1,"Vegetative",0,NA,NA,NA,NA,NA,0,NA,NA
2026,12,7541,16,"F",NA,NA,NA,NA,NA,NA,"NPNT",NA,NA,NA,"7541_12","irrigated",NA,NA,NA,NA,NA,NA,NA,NA,NA,0,NA,NA
2022,5,7542,8,"D","1",NA,19,0,NA,2022,"",NA,NA,NA,"7542_5","drought","alive",1,"Vegetative",0,NA,"2",1,1,1,NA,NA,NA
2023,5,7542,8,"D","2",21,8,1,"2",2022,"",NA,NA,NA,"7542_5","drought","alive",1,"Flowering",1,NA,"1",0,0,1,0,0,0
2024,5,7542,8,"D","1",NA,10,0,NA,NA,"",NA,NA,NA,"7542_5","drought","alive",1,"Vegetative",0,NA,"2",0,0,1,1,NA,NA
2025,5,7542,8,"D","2",NA,11,0,NA,NA,"",NA,NA,NA,"7542_5","drought","alive",1,"Vegetative",0,NA,"1",0,0,1,0,NA,NA
2026,5,7542,8,"D","1",NA,8,0,NA,NA,"",NA,NA,NA,"7542_5","drought","alive",1,"Vegetative",0,NA,NA,NA,NA,NA,0,NA,NA
2022,5,7543,6,"E","1",NA,17.5,0,NA,2022,"",NA,NA,NA,"7543_5","drought","alive",1,"Vegetative",0,NA,"2",1,1,1,NA,NA,NA
2023,5,7543,6,"E","2",25,16,1,"3.5",2022,"not going to make seeds--got pulled out accidentally",NA,NA,NA,"7543_5","drought","alive",1,"Flowering",1,NA,"1",0,0,1,0,NA,NA
2024,5,7543,6,"E","1",NA,12,0,NA,NA,"leaf senesced",NA,NA,NA,"7543_5","drought","alive",1,"Vegetative",0,NA,"3",0,0,1,1,NA,NA
2025,5,7543,6,"E","3",NA,16,0,NA,NA,"",NA,NA,NA,"7543_5","drought","alive",1,"Vegetative",0,NA,"1",0,0,1,0,NA,NA
2026,5,7543,6,"E","1",NA,15.5,0,NA,NA,"",NA,NA,NA,"7543_5","drought","alive",1,"Vegetative",0,NA,NA,NA,NA,NA,0,NA,NA
2022,7,7544,6,"G","2",30,16,1,"2",2022,"",NA,NA,NA,"7544_7","drought","alive",1,"Flowering",1,NA,"1",1,1,1,NA,0,0
2023,7,7544,6,"G","1",40,16.5,1,"6.5",2022,"",NA,NA,NA,"7544_7","drought","alive",1,"Flowering",1,NA,"4",2,1,1,1,36,1
2024,7,7544,6,"G","4",64.5,16.5,2,"9.5",NA,"",NA,NA,NA,"7544_7","drought","alive",1,"Flowering",1,NA,"2",2,1,1,1,102,1
2025,7,7544,6,"G","2",53,18,2,"6.5",NA,"one umbel dead",NA,NA,NA,"7544_7","drought","alive",1,"Flowering",1,NA,NA,NA,NA,NA,1,98,1
2026,7,7544,6,"G",NA,NA,NA,NA,NA,NA,"NPNT",NA,NA,NA,"7544_7","drought",NA,NA,NA,NA,NA,NA,NA,NA,NA,1,NA,NA
2022,4,7545,9,"J","2",33,14,1,"5.5",2022,"",NA,NA,NA,"7545_4","irrigated","alive",1,"Flowering",1,NA,"2",0,0,1,NA,94,1
2023,4,7545,9,"J","2",NA,23,0,NA,2022,"",NA,NA,NA,"7545_4","irrigated","alive",1,"Vegetative",0,NA,"3",1,1,1,1,NA,NA
2024,4,7545,9,"J","3",27,18.5,1,"3",NA,"",NA,NA,NA,"7545_4","irrigated","alive",1,"Flowering",1,NA,"2",0,0,1,0,NA,NA
2025,4,7545,9,"J","2",NA,16,0,NA,NA,"",NA,NA,NA,"7545_4","irrigated","alive",1,"Vegetative",0,NA,"1",0,0,1,1,NA,NA
2026,4,7545,9,"J","1",NA,14,0,NA,NA,"",NA,NA,NA,"7545_4","irrigated","alive",1,"Vegetative",0,NA,NA,NA,NA,NA,0,NA,NA
2022,5,7546,14,"G","2",24,14,2,"5",2022,"",NA,1,NA,"7546_5","drought","alive",1,"Flowering",1,NA,"2",1,1,1,NA,8,1
2023,5,7546,14,"G","2",30,10,1,"6",2022,"",NA,NA,NA,"7546_5","drought","alive",1,"Flowering",1,NA,"3",1,1,1,1,NA,NA
2024,5,7546,14,"G","3",23,7.5,1,"3",NA,"measured senesced leaf",NA,NA,NA,"7546_5","drought","alive",1,"Flowering",1,NA,"1",1,1,1,1,NA,NA
2025,5,7546,14,"G","1",10,9,1,NA,NA,"dead umbel",NA,NA,NA,"7546_5","drought","alive",1,"Flowering",1,NA,"1",0,0,1,1,NA,NA
2026,5,7546,14,"G","1",NA,9.5,0,NA,NA,"",NA,NA,NA,"7546_5","drought","alive",1,"Vegetative",0,NA,NA,NA,NA,NA,1,NA,NA
2022,3,7548,9,"G","3",NA,28.5,0,NA,2022,"",NA,NA,NA,"7548_3","control","alive",1,"Vegetative",0,NA,"5",3,1,1,NA,NA,NA
2023,3,7548,9,"G","5",58.5,22.5,3,"22",2022,"",NA,NA,NA,"7548_3","control","alive",1,"Flowering",1,NA,"6",3,1,1,0,212,1
2024,3,7548,9,"G","6",50,23,3,"18",NA,"",NA,NA,NA,"7548_3","control","alive",1,"Flowering",1,NA,"4",2,1,1,1,226,1
2025,3,7548,9,"G","4",40,28,2,"9",NA,"",NA,NA,NA,"7548_3","control","alive",1,"Flowering",1,NA,"0",NA,NA,NA,1,36,1
2026,3,7548,9,"G","0",NA,NA,NA,NA,NA,"NP closer to 8H",NA,NA,NA,"7548_3","control",NA,NA,NA,NA,NA,NA,NA,NA,NA,1,NA,NA
2023,4,7549,1,"B","1",NA,6,0,NA,2023,"",NA,NA,NA,"7549_4","irrigated","alive",1,"Vegetative",0,NA,"1",0,0,1,NA,NA,NA
2024,4,7549,1,"B","1",NA,7,0,NA,NA,"",NA,NA,NA,"7549_4","irrigated","alive",1,"Vegetative",0,NA,"1",0,0,1,0,NA,NA
2025,4,7549,1,"B","1",NA,5.5,0,NA,NA,"",NA,NA,NA,"7549_4","irrigated","alive",1,"Vegetative",0,NA,"0",NA,NA,NA,0,NA,NA
2026,4,7549,1,"B","0",NA,NA,NA,NA,NA,"NP in 2C clump",NA,NA,NA,"7549_4","irrigated",NA,NA,NA,NA,NA,NA,NA,NA,NA,0,NA,NA
2022,4,7550,0,"H","4",46,19,2,"9.5",2022,"on plot edge",NA,NA,NA,"7550_4","irrigated","alive",1,"Flowering",1,NA,"3",2,1,1,NA,30,1
2023,4,7550,0,"H","3",35,18,2,"13",2022,"on plot edge",NA,NA,NA,"7550_4","irrigated","alive",1,"Flowering",1,NA,"1",1,1,1,1,90,1
2024,4,7550,0,"H","1",33.5,19,1,"6",NA,"",NA,NA,NA,"7550_4","irrigated","alive",1,"Flowering",1,NA,"1",0,0,1,1,30,1
2025,4,7550,0,"H","1",NA,19,0,NA,NA,"",NA,NA,NA,"7550_4","irrigated","alive",1,"Vegetative",0,NA,"2",1,1,1,1,NA,NA
2026,4,7550,0,"H","2",31,18.5,1,"4",NA,"",NA,NA,NA,"7550_4","irrigated","alive",1,"Flowering",1,NA,NA,NA,NA,NA,0,0,0
2023,9,7551,16,"F","1",NA,6,0,NA,2023,"",NA,NA,NA,"7551_9","irrigated","alive",1,"Vegetative",0,NA,NA,NA,NA,0,NA,NA,NA
2024,9,7551,16,"F",NA,NA,NA,NA,NA,NA,"NPNT; moss",NA,NA,NA,"7551_9","irrigated","dead",0,"Dead",NA,NA,NA,NA,NA,NA,0,NA,NA
2022,3,7552,15,"C","2",NA,21.5,0,NA,2022,"",NA,NA,NA,"7552_3","control","alive",1,"Vegetative",0,NA,"5",3,1,1,NA,NA,NA
2023,3,7552,15,"C","5",35,22,3,"19",2022,"",NA,NA,NA,"7552_3","control","alive",1,"Flowering",1,NA,"7",3,1,1,0,0,0
2024,3,7552,15,"C","7",55,25,3,"20",NA,"dead?",NA,NA,NA,"7552_3","control","alive",1,"Flowering",1,NA,"2",0,0,1,1,328,1
2025,3,7552,15,"C","2",NA,25,0,NA,NA,"",NA,NA,NA,"7552_3","control","alive",1,"Vegetative",0,NA,"0",NA,NA,NA,1,NA,NA
2026,3,7552,15,"C","0",NA,NA,NA,NA,NA,"NP",NA,NA,NA,"7552_3","control",NA,NA,NA,NA,NA,NA,NA,NA,NA,0,NA,NA
2023,5,7553,4,"E","2",36,12,1,"6",2023,"",NA,NA,NA,"7553_5","drought","alive",1,"Flowering",1,NA,"2",1,1,1,NA,26,1
2024,5,7553,4,"E","2",29,16,1,"5",NA,"",NA,NA,NA,"7553_5","drought","alive",1,"Flowering",1,NA,"2",0,0,1,1,18,1
2025,5,7553,4,"E","2",NA,13,0,NA,NA,"",NA,NA,NA,"7553_5","drought","alive",1,"Vegetative",0,NA,"2",0,0,1,1,NA,NA
2026,5,7553,4,"E","2",NA,8.5,0,NA,NA,"",NA,NA,NA,"7553_5","drought","alive",1,"Vegetative",0,NA,NA,NA,NA,NA,0,NA,NA
2024,3,7554,4,"I","1",NA,6.5,0,NA,NA,"",NA,NA,NA,"7554_3","control","alive",1,"Vegetative",0,NA,"1",0,0,1,NA,NA,NA
2025,3,7554,4,"I","1",NA,10.5,0,NA,NA,"",NA,NA,NA,"7554_3","control","alive",1,"Vegetative",0,NA,"0",NA,NA,NA,0,NA,NA
2026,3,7554,4,"I","0",NA,NA,NA,NA,NA,"NP",NA,NA,NA,"7554_3","control",NA,NA,NA,NA,NA,NA,NA,NA,NA,0,NA,NA
2022,5,7555,18,"B","2",17,13,1,"4",2022,"",NA,NA,NA,"7555_5","drought","alive",1,"Flowering",1,NA,"2",2,1,1,NA,10,1
2023,5,7555,18,"B","2",34,13,2,"11.5",2022,"",NA,NA,NA,"7555_5","drought","alive",1,"Flowering",1,NA,"4",2,1,1,1,NA,NA
2024,5,7555,18,"B","4",18.5,10,2,"6",NA,"",NA,NA,NA,"7555_5","drought","alive",1,"Flowering",1,NA,"3",1,1,1,1,0,0
2025,5,7555,18,"B","3",14,11,1,"3",NA,"",NA,NA,NA,"7555_5","drought","alive",1,"Flowering",1,NA,"2",1,1,1,1,NA,NA
2026,5,7555,18,"B","2",24,16.5,1,"3",NA,"",NA,NA,NA,"7555_5","drought","alive",1,"Flowering",1,NA,NA,NA,NA,NA,1,30,1
2022,10,7556,6,"D","1",NA,12,0,NA,2022,"",NA,NA,NA,"7556_10","drought","alive",1,"Vegetative",0,NA,"1",0,0,1,NA,NA,NA
2023,10,7556,6,"D","1",NA,22,0,NA,2022,"",NA,NA,NA,"7556_10","drought","alive",1,"Vegetative",0,NA,"0",NA,NA,1,0,NA,NA
2024,10,7556,6,"D","0",NA,NA,NA,NA,NA,"NP",NA,NA,NA,"7556_10","drought","dormant",1,"Dormant",NA,NA,"1",0,0,1,0,NA,NA
2025,10,7556,6,"D","1",NA,21,0,NA,NA,"",NA,NA,NA,"7556_10","drought","alive",1,"Vegetative",0,NA,"0",NA,NA,NA,NA,NA,NA
2026,10,7556,6,"D","0",NA,NA,NA,NA,NA,"NP",NA,NA,NA,"7556_10","drought",NA,NA,NA,NA,NA,NA,NA,NA,NA,0,NA,NA
2022,14,7557,7,"G","2",35,20,2,"7.5",2022,"",NA,NA,NA,"7557_14","drought","alive",1,"Flowering",1,NA,"3",1,1,1,NA,90,1
2023,14,7557,7,"G","3",52,19,1,"9",2022,"",NA,NA,NA,"7557_14","drought","alive",1,"Flowering",1,NA,"1",0,0,1,1,112,1
2024,14,7557,7,"G","1",NA,21.5,0,NA,NA,"",NA,NA,NA,"7557_14","drought","alive",1,"Vegetative",0,NA,"1",0,0,1,1,NA,NA
2025,14,7557,7,"G","1",NA,19,0,NA,NA,"",NA,NA,NA,"7557_14","drought","alive",1,"Vegetative",0,NA,"0",NA,NA,NA,0,NA,NA
2026,14,7557,7,"G","0",NA,NA,NA,NA,NA,"NP",NA,NA,NA,"7557_14","drought",NA,NA,NA,NA,NA,NA,NA,NA,NA,0,NA,NA
2024,4,7558,2,"C","1",NA,6.5,0,NA,NA,"",NA,NA,NA,"7558_4","irrigated","alive",1,"Vegetative",0,NA,"2",0,0,1,NA,NA,NA
2025,4,7558,2,"C","2",NA,10.5,0,NA,NA,"",NA,NA,NA,"7558_4","irrigated","alive",1,"Vegetative",0,NA,"1",0,0,1,0,NA,NA
2026,4,7558,2,"C","1",NA,10,0,NA,NA,"",NA,NA,NA,"7558_4","irrigated","alive",1,"Vegetative",0,NA,NA,NA,NA,NA,0,NA,NA
2023,10,7559,7,"C","2",NA,8,0,NA,2023,"",NA,NA,NA,"7559_10","drought","alive",1,"Vegetative",0,NA,"0",NA,NA,0,NA,NA,NA
2024,10,7559,7,"C","0",NA,NA,NA,NA,NA,"NP",NA,NA,NA,"7559_10","drought","dead",0,"Dead",NA,NA,NA,NA,NA,NA,0,14,1
2022,2,7560,17,"J","1",NA,12,0,NA,2022,"",NA,NA,NA,"7560_2","control","alive",1,"Vegetative",0,NA,"2",1,1,1,NA,NA,NA
2023,2,7560,17,"J","2",22,13,1,"4",2022,"",NA,NA,NA,"7560_2","control","alive",1,"Flowering",1,NA,"0",NA,NA,0,0,28,1
2024,2,7560,17,"J","0",NA,NA,NA,NA,NA,"NP",NA,NA,NA,"7560_2","control","dead",0,"Dead",NA,NA,NA,NA,NA,NA,1,NA,NA
2023,5,7561,5,"I","1",NA,7,0,NA,2023,"",NA,NA,NA,"7561_5","drought","alive",1,"Vegetative",0,NA,"0",NA,NA,0,NA,NA,NA
2024,5,7561,5,"I","0",NA,NA,NA,NA,NA,"NP",NA,NA,NA,"7561_5","drought","dead",0,"Dead",NA,NA,NA,NA,NA,NA,0,NA,NA
2022,1,7562,10,"F","1",22,11.5,1,"3",2022,"",NA,NA,NA,"7562_1","irrigated","alive",1,"Flowering",1,NA,"1",1,1,1,NA,0,0
2023,1,7562,10,"F","1",29,17.5,1,"4",2022,"",NA,NA,NA,"7562_1","irrigated","alive",1,"Flowering",1,NA,"3",1,1,1,1,NA,NA
2024,1,7562,10,"F","3",22.5,11.5,1,"2",NA,"",NA,NA,NA,"7562_1","irrigated","alive",1,"Flowering",1,NA,"1",0,0,1,1,0,0
2025,1,7562,10,"F","1",NA,15,0,NA,NA,"",NA,NA,NA,"7562_1","irrigated","alive",1,"Vegetative",0,NA,"0",NA,NA,NA,1,NA,NA
2026,1,7562,10,"F","0",NA,NA,NA,NA,NA,"NP",NA,NA,NA,"7562_1","irrigated",NA,NA,NA,NA,NA,NA,NA,NA,NA,0,NA,NA
2022,2,7563,7,"A","1",NA,11.5,0,NA,2022,"",NA,NA,NA,"7563_2","control","alive",1,"Vegetative",0,NA,"1",0,0,1,NA,NA,NA
2023,2,7563,7,"A","1",NA,7,0,NA,2022,"",NA,NA,NA,"7563_2","control","alive",1,"Vegetative",0,NA,"1",0,0,1,0,NA,NA
2024,2,7563,7,"A","1",NA,10.5,0,NA,NA,"",NA,NA,NA,"7563_2","control","alive",1,"Vegetative",0,NA,"1",0,0,1,0,NA,NA
2025,2,7563,7,"A","1",NA,12,0,NA,NA,"",NA,NA,NA,"7563_2","control","alive",1,"Vegetative",0,NA,"0",NA,NA,NA,0,NA,NA
2026,2,7563,7,"A","0",NA,NA,NA,NA,NA,"NP",NA,NA,NA,"7563_2","control",NA,NA,NA,NA,NA,NA,NA,NA,NA,0,NA,NA
2023,5,7564,3,"B","2",27,18,1,"6",2023,"green pick",NA,NA,NA,"7564_5","drought","alive",1,"Flowering",1,NA,"3",2,1,1,NA,0,0
2024,5,7564,3,"B","3",33,16,2,"7",NA,"bsp?",NA,NA,NA,"7564_5","drought","alive",1,"Flowering",1,NA,"2",1,1,1,1,38,1
2025,5,7564,3,"B","2",18,18,1,"3",NA,"",NA,NA,NA,"7564_5","drought","alive",1,"Flowering",1,NA,"2",0,0,1,1,0,0
2026,5,7564,3,"B","2",NA,18,0,NA,NA,"",NA,NA,NA,"7564_5","drought","alive",1,"Vegetative",0,NA,NA,NA,NA,NA,1,NA,NA
2023,3,7565,18,"E","2",29,16,1,"4",2023,"",NA,NA,NA,"7565_3","control","alive",1,"Flowering",1,NA,"2",2,1,1,NA,34,1
2024,3,7565,18,"E","2",39,19,2,"9",NA,"",NA,NA,NA,"7565_3","control","alive",1,"Flowering",1,NA,"2",1,1,1,1,152,1
2025,3,7565,18,"E","2",21,22,1,"2.5",NA,"",NA,NA,NA,"7565_3","control","alive",1,"Flowering",1,NA,"4",2,1,1,1,NA,NA
2026,3,7565,18,"E","4",27,17,2,"6.5",NA,"",NA,NA,NA,"7565_3","control","alive",1,"Flowering",1,NA,NA,NA,NA,NA,1,0,0
2022,14,7566,0,"D","2",NA,19.5,0,NA,2022,"",NA,NA,NA,"7566_14","drought","alive",1,"Vegetative",0,NA,"3",0,0,1,NA,NA,NA
2023,14,7566,0,"D","3",NA,27,0,NA,2022,"",NA,NA,NA,"7566_14","drought","alive",1,"Vegetative",0,NA,"1",0,0,1,0,NA,NA
2024,14,7566,0,"D","1",NA,20,0,NA,NA,"next to another small untagged plant; in moss",NA,NA,NA,"7566_14","drought","alive",1,"Vegetative",0,NA,"1",0,0,1,0,NA,NA
2025,14,7566,0,"D","1",NA,26.5,0,NA,NA,"",NA,NA,NA,"7566_14","drought","alive",1,"Vegetative",0,NA,"0",NA,NA,NA,0,NA,NA
2026,14,7566,0,"D","0",NA,NA,NA,NA,NA,"NP",NA,NA,NA,"7566_14","drought",NA,NA,NA,NA,NA,NA,NA,NA,NA,0,NA,NA
2023,1,7567,5,"F","1",NA,7,0,NA,2023,"",NA,NA,NA,"7567_1","irrigated","alive",1,"Vegetative",0,NA,"0",NA,NA,0,NA,NA,NA
2024,1,7567,5,"F","0",NA,NA,NA,NA,NA,"NP",NA,NA,NA,"7567_1","irrigated","dead",0,"Dead",NA,NA,NA,NA,NA,NA,0,NA,NA
2023,2,7568,1,"C","1",NA,7,0,NA,2023,"",NA,NA,NA,"7568_2","control","alive",1,"Vegetative",0,NA,"0",NA,NA,1,NA,NA,NA
2024,2,7568,1,"C","0",NA,NA,NA,NA,NA,"NP",NA,NA,NA,"7568_2","control","dormant",1,"Dormant",NA,NA,"1",0,0,1,0,NA,NA
2025,2,7568,1,"C","1",NA,15,0,NA,NA,"",NA,NA,NA,"7568_2","control","alive",1,"Vegetative",0,NA,"1",NA,NA,1,NA,NA,NA
2026,2,7568,1,"C","1",NA,13.5,NA,NA,NA,"",NA,NA,NA,"7568_2","control","alive",1,NA,NA,NA,NA,NA,NA,NA,0,NA,NA
2022,2,7569,14,"I","2",NA,14,0,NA,2022,"",NA,NA,NA,"7569_2","control","alive",1,"Vegetative",0,NA,"1",0,0,1,NA,NA,NA
2023,2,7569,14,"I","1",NA,11,0,NA,2022,"",NA,NA,NA,"7569_2","control","alive",1,"Vegetative",0,NA,"0",NA,NA,1,0,NA,NA
2024,2,7569,14,"I","0",NA,NA,NA,NA,NA,"NP",NA,NA,NA,"7569_2","control","dormant",1,"Dormant",NA,NA,"1",0,0,1,0,NA,NA
2025,2,7569,14,"I","1",NA,10,0,NA,NA,"",NA,NA,NA,"7569_2","control","alive",1,"Vegetative",0,NA,"1",0,0,1,NA,NA,NA
2026,2,7569,14,"I","1",NA,14,0,NA,NA,"",NA,NA,NA,"7569_2","control","alive",1,"Vegetative",0,NA,NA,NA,NA,NA,0,NA,NA
2023,5,7570,1,"H","2",14,13,1,NA,2023,"umbel dead",NA,NA,NA,"7570_5","drought","alive",1,"Flowering",1,NA,"1",0,0,1,NA,0,0
2024,5,7570,1,"H","1",NA,17.5,0,NA,NA,"",NA,NA,NA,"7570_5","drought","alive",1,"Vegetative",0,NA,"1",0,0,1,1,NA,NA
2025,5,7570,1,"H","1",NA,17,0,NA,NA,"",NA,NA,NA,"7570_5","drought","alive",1,"Vegetative",0,NA,"0",NA,NA,NA,0,NA,NA
2026,5,7570,1,"H","0",NA,NA,NA,NA,NA,"NP",NA,NA,NA,"7570_5","drought",NA,NA,NA,NA,NA,NA,NA,NA,NA,0,NA,NA
2022,13,7571,9,"G","2",NA,14,0,NA,2022,"",NA,NA,NA,"7571_13","control","alive",1,"Vegetative",0,NA,"3",2,1,1,NA,NA,NA
2023,13,7571,9,"G","3",30,12.5,2,"10",2022,"",NA,NA,NA,"7571_13","control","alive",1,"Flowering",1,NA,"0",NA,NA,1,0,158,1
2024,13,7571,9,"G","0",NA,NA,NA,NA,NA,"NP",NA,NA,NA,"7571_13","control","dormant",1,"Dormant",NA,NA,"2",0,0,1,1,0,0
2025,13,7571,9,"G","2",NA,14,0,NA,NA,"",NA,NA,NA,"7571_13","control","alive",1,"Vegetative",0,NA,"2",0,0,1,NA,NA,NA
2026,13,7571,9,"G","2",NA,14.5,0,NA,NA,"",NA,NA,NA,"7571_13","control","alive",1,"Vegetative",0,NA,NA,NA,NA,NA,0,NA,NA
2022,15,7572,1,"J","1",NA,23,0,NA,2022,"",NA,NA,NA,"7572_15","drought","alive",1,"Vegetative",0,NA,"0",NA,NA,1,NA,NA,NA
2023,15,7572,1,"J","0",NA,NA,NA,NA,2022,"NP",NA,NA,NA,"7572_15","drought","dormant",1,"Dormant",NA,NA,"2",0,0,1,0,NA,NA
2024,15,7572,1,"J","2",NA,9.5,0,NA,NA,"accidentally broke leaves",NA,NA,NA,"7572_15","drought","alive",1,"Vegetative",0,NA,"1",0,0,1,NA,NA,NA
2025,15,7572,1,"J","1",NA,17,0,NA,NA,"",NA,NA,NA,"7572_15","drought","alive",1,"Vegetative",0,NA,"0",NA,NA,NA,0,NA,NA
2026,15,7572,1,"J","0",NA,NA,NA,NA,NA,"NP",NA,NA,NA,"7572_15","drought",NA,NA,NA,NA,NA,NA,NA,NA,NA,0,NA,NA
2022,3,7573,3,"A","4",42,17,1,"5",2022,"",NA,NA,NA,"7573_3","control","alive",1,"Flowering",1,NA,"4",2,1,1,NA,14,1
2023,3,7573,3,"A","4",47.5,17.5,2,"9",2022,"",NA,NA,NA,"7573_3","control","alive",1,"Flowering",1,NA,"3",2,1,1,1,80,1
2024,3,7573,3,"A","3",44,19,2,"5",NA,"",NA,NA,NA,"7573_3","control","alive",1,"Flowering",1,NA,"3",1,1,1,1,42,1
2025,3,7573,3,"A","3",26,23,1,"2",NA,"",NA,NA,1,"7573_3","control","alive",1,"Flowering",1,NA,"0",NA,NA,NA,1,34,1
2026,3,7573,3,"A","0",NA,NA,NA,NA,NA,"NP",NA,NA,NA,"7573_3","control",NA,NA,NA,NA,NA,NA,NA,NA,NA,1,NA,NA
2022,14,7574,2,"A","2",NA,27,0,NA,2022,"",NA,NA,NA,"7574_14","drought","alive",1,"Vegetative",0,NA,"0",NA,NA,0,NA,NA,NA
2023,14,7574,2,"A","0",NA,NA,NA,NA,2022,"NP. Tag pulled.",1,NA,NA,"7574_14","drought","dead",0,"Dead",NA,NA,NA,NA,NA,NA,0,NA,NA
2022,14,7575,5,"B","2",23.5,15.5,1,"2",2022,"",NA,NA,NA,"7575_14","drought","alive",1,"Flowering",1,NA,"1",0,0,1,NA,0,0
2023,14,7575,5,"B","1",NA,19,0,NA,2022,"",NA,NA,NA,"7575_14","drought","alive",1,"Vegetative",0,NA,"1",0,0,1,1,NA,NA
2024,14,7575,5,"B","1",NA,15.5,0,NA,NA,"moss; possibly is 3486?",NA,NA,NA,"7575_14","drought","alive",1,"Vegetative",0,NA,"1",0,0,1,0,NA,NA
2025,14,7575,5,"B","1",NA,16.5,0,NA,NA,"",NA,NA,NA,"7575_14","drought","alive",1,"Vegetative",0,NA,"1",0,0,1,0,NA,NA
2026,14,7575,5,"B","1",NA,19,0,NA,NA,"",NA,NA,NA,"7575_14","drought","alive",1,"Vegetative",0,NA,NA,NA,NA,NA,0,NA,NA
2022,14,7576,12,"A","2",24.5,16,1,"4",2022,"on edge of plot",NA,NA,NA,"7576_14","drought","alive",1,"Flowering",1,NA,"3",2,1,1,NA,2,1
2023,14,7576,12,"A","3",36.5,14,2,"7",2022,"on edge of plot",NA,NA,NA,"7576_14","drought","alive",1,"Flowering",1,NA,"0",NA,NA,0,1,NA,NA
2024,14,7576,12,"A","0",NA,NA,NA,NA,NA,"NP",NA,NA,NA,"7576_14","drought","dead",0,"Dead",NA,NA,NA,NA,NA,NA,1,NA,NA
2022,14,7577,3,"B","3",NA,17,0,NA,2022,"",NA,NA,NA,"7577_14","drought","alive",1,"Vegetative",0,NA,"1",0,0,1,NA,NA,NA
2023,14,7577,3,"B","1",NA,23,0,NA,2022,"",NA,NA,NA,"7577_14","drought","alive",1,"Vegetative",0,NA,"1",0,0,1,0,NA,NA
2024,14,7577,3,"B","1",NA,17,0,NA,NA,"",NA,NA,NA,"7577_14","drought","alive",1,"Vegetative",0,NA,"1",0,0,1,0,NA,NA
2025,14,7577,3,"B","1",NA,23.5,0,NA,NA,"",NA,NA,NA,"7577_14","drought","alive",1,"Vegetative",0,NA,"3",0,0,1,0,NA,NA
2026,14,7577,3,"B","3",NA,15,0,NA,NA,"",NA,NA,NA,"7577_14","drought","alive",1,"Vegetative",0,NA,NA,NA,NA,NA,0,NA,NA
2022,12,7578,11,"B","1",NA,20,0,NA,2022,"",NA,NA,NA,"7578_12","irrigated","alive",1,"Vegetative",0,NA,"6",4,1,1,NA,NA,NA
2023,12,7578,11,"B","6",46,17.5,4,"19",2022,"",NA,NA,NA,"7578_12","irrigated","alive",1,"Flowering",1,NA,"3",1,1,1,0,160,1
2024,12,7578,11,"B","3",32,19,1,"6.5",NA,"",NA,NA,NA,"7578_12","irrigated","alive",1,"Flowering",1,NA,"2",0,0,1,1,48,1
2025,12,7578,11,"B","2",NA,19.5,0,NA,NA,"",NA,NA,NA,"7578_12","irrigated","alive",1,"Vegetative",0,NA,"0",NA,NA,NA,1,NA,NA
2026,12,7578,11,"B","0",NA,NA,NA,NA,NA,"NP",NA,NA,NA,"7578_12","irrigated",NA,NA,NA,NA,NA,NA,NA,NA,NA,0,NA,NA
2023,7,7579,5,"C","1",42,21,1,"6",2023,"",NA,NA,NA,"7579_7","drought","alive",1,"Flowering",1,NA,"2",1,1,1,NA,94,1
2024,7,7579,5,"C","2",43.5,27.5,1,"4.5",NA,"",NA,NA,NA,"7579_7","drought","alive",1,"Flowering",1,NA,"2",1,1,1,1,0,0
2025,7,7579,5,"C","2",39,25,1,"4",NA,"",NA,NA,NA,"7579_7","drought","alive",1,"Flowering",1,NA,"0",NA,NA,NA,1,0,0
2026,7,7579,5,"C","0",NA,NA,NA,NA,NA,"NP",NA,NA,NA,"7579_7","drought",NA,NA,NA,NA,NA,NA,NA,NA,NA,1,NA,NA
2022,5,7580,3,"J","2",NA,19,0,NA,2022,"",NA,NA,NA,"7580_5","drought","alive",1,"Vegetative",0,NA,"3",2,1,1,NA,NA,NA
2023,5,7580,3,"J","3",27,16.5,2,"1.5",2022,"phenology not tracked",NA,NA,NA,"7580_5","drought","alive",1,"Flowering",1,NA,"2",1,1,1,0,NA,NA
2024,5,7580,3,"J","2",14,8,1,"2",NA,"",NA,NA,NA,"7580_5","drought","alive",1,"Flowering",1,NA,"2",0,0,1,1,0,0
2025,5,7580,3,"J","2",NA,13,0,NA,NA,"",NA,NA,NA,"7580_5","drought","alive",1,"Vegetative",0,NA,"0",NA,NA,NA,1,NA,NA
2026,5,7580,3,"J","0",NA,NA,NA,NA,NA,"NP",NA,NA,NA,"7580_5","drought",NA,NA,NA,NA,NA,NA,NA,NA,NA,0,NA,NA
2022,5,7581,4,"J","1",NA,24,0,NA,2022,"",NA,NA,NA,"7581_5","drought","alive",1,"Vegetative",0,NA,"0",NA,NA,0,NA,NA,NA
2023,5,7581,4,"J","0",NA,NA,NA,NA,2022,"NP",NA,NA,NA,"7581_5","drought","dead",0,"Dead",NA,NA,NA,NA,NA,NA,0,NA,NA
2024,4,7582,2,"C","1",NA,6.5,0,NA,NA,"",NA,NA,NA,"7582_4","irrigated","alive",1,"Vegetative",0,NA,"2",0,0,1,NA,NA,NA
2025,4,7582,2,"C","2",NA,11,0,NA,NA,"",NA,NA,NA,"7582_4","irrigated","alive",1,"Vegetative",0,NA,"2",0,0,1,0,NA,NA
2026,4,7582,2,"C","2",NA,17,0,NA,NA,"",NA,NA,NA,"7582_4","irrigated","alive",1,"Vegetative",0,NA,NA,NA,NA,NA,0,NA,NA
2023,1,7583,5,"F","1",NA,7,0,NA,2023,"",NA,NA,NA,"7583_1","irrigated","alive",1,"Vegetative",0,NA,"1",0,0,1,NA,NA,NA
2024,1,7583,5,"F","1",NA,10,0,NA,NA,"",NA,NA,NA,"7583_1","irrigated","alive",1,"Vegetative",0,NA,"0",NA,NA,1,0,NA,NA
2025,1,7583,5,"F","0",NA,NA,NA,NA,NA,"NP, on hose",NA,NA,NA,"7583_1","irrigated","dormant",1,"Dormant",NA,NA,"1",0,0,1,0,NA,NA
2026,1,7583,5,"F","1",NA,9,0,NA,NA,"",NA,NA,NA,"7583_1","irrigated","alive",1,"Vegetative",0,NA,NA,NA,NA,NA,NA,NA,NA
2024,3,7584,7,"B","1",NA,14,0,NA,NA,"",NA,NA,NA,"7584_3","control","alive",1,"Vegetative",0,NA,"1",0,0,1,NA,NA,NA
2025,3,7584,7,"B","1",NA,11,0,NA,NA,"",NA,NA,NA,"7584_3","control","alive",1,"Vegetative",0,NA,"0",NA,NA,NA,0,NA,NA
2026,3,7584,7,"B","0",NA,NA,NA,NA,NA,"NP",NA,NA,NA,"7584_3","control",NA,NA,NA,NA,NA,NA,NA,NA,NA,0,NA,NA
2023,4,7585,1,"E","1",NA,6,0,NA,2023,"",NA,NA,NA,"7585_4","irrigated","alive",1,"Vegetative",0,NA,"2",0,0,1,NA,NA,NA
2024,4,7585,1,"E","2",NA,11,0,NA,NA,"",NA,NA,NA,"7585_4","irrigated","alive",1,"Vegetative",0,NA,"2",0,0,1,0,NA,NA
2025,4,7585,1,"E","2",NA,17.5,0,NA,NA,"",NA,NA,NA,"7585_4","irrigated","alive",1,"Vegetative",0,NA,"2",0,0,1,0,NA,NA
2026,4,7585,1,"E","2",NA,16,0,NA,NA,"",NA,NA,NA,"7585_4","irrigated","alive",1,"Vegetative",0,NA,NA,NA,NA,NA,0,NA,NA
2022,10,7586,7,"C","1",NA,12,0,NA,2022,"",NA,NA,NA,"7586_10","drought","alive",1,"Vegetative",0,NA,"1",0,0,1,NA,NA,NA
2023,10,7586,7,"C","1",NA,6,0,NA,2022,"",NA,NA,NA,"7586_10","drought","alive",1,"Vegetative",0,NA,"0",NA,NA,0,0,NA,NA
2024,10,7586,7,"C","0",NA,NA,NA,NA,NA,"NP; brome",NA,NA,NA,"7586_10","drought","dead",0,"Dead",NA,NA,NA,NA,NA,NA,0,NA,NA
2024,3,7588,4,"B","1",NA,12,0,NA,NA,"",NA,NA,NA,"7588_3","control","alive",1,"Vegetative",0,NA,"1",0,0,1,NA,NA,NA
2025,3,7588,4,"B","1",NA,12,0,NA,NA,"",NA,NA,NA,"7588_3","control","alive",1,"Vegetative",0,NA,"2",0,0,1,0,NA,NA
2026,3,7588,4,"B","2",NA,15.5,0,NA,NA,"",NA,NA,NA,"7588_3","control","alive",1,"Vegetative",0,NA,NA,NA,NA,NA,0,NA,NA
2022,13,7589,6,"I","2",NA,13,0,NA,2022,"",NA,NA,NA,"7589_13","control","alive",1,"Vegetative",0,NA,"2",2,1,1,NA,NA,NA
2023,13,7589,6,"I","2",30,13,2,"3",2022,"1 umbel dead",NA,NA,NA,"7589_13","control","alive",1,"Flowering",1,NA,"2",1,1,1,0,0,0
2024,13,7589,6,"I","2",25.5,12,1,"2.5",NA,"",NA,NA,NA,"7589_13","control","alive",1,"Flowering",1,NA,"1",0,0,1,1,28,1
2025,13,7589,6,"I","1",NA,16.5,0,NA,NA,"",NA,NA,NA,"7589_13","control","alive",1,"Vegetative",0,NA,"3",0,0,1,1,NA,NA
2026,13,7589,6,"I","3",NA,23,0,NA,NA,"",NA,NA,NA,"7589_13","control","alive",1,"Vegetative",0,NA,NA,NA,NA,NA,0,NA,NA
2022,4,7590,17,"H","2",NA,15,0,NA,2022,"",NA,NA,NA,"7590_4","irrigated","alive",1,"Vegetative",0,NA,"1",0,0,1,NA,NA,NA
2023,4,7590,17,"H","1",NA,13,0,NA,2022,"",NA,NA,NA,"7590_4","irrigated","alive",1,"Vegetative",0,NA,"1",0,0,1,0,NA,NA
2024,4,7590,17,"H","1",NA,23.5,0,NA,NA,"",NA,NA,NA,"7590_4","irrigated","alive",1,"Vegetative",0,NA,"0",NA,NA,0,0,NA,NA
2025,4,7590,17,"H","0",NA,NA,NA,NA,NA,"NP",NA,NA,NA,"7590_4","irrigated","dead",0,"Dead",NA,NA,NA,NA,NA,NA,0,NA,NA
2022,4,7591,9,"J","2",35,18,2,"7",2022,"",NA,NA,NA,"7591_4","irrigated","alive",1,"Flowering",1,NA,"3",2,1,1,NA,40,1
2023,4,7591,9,"J","3",44,18,2,"8.5",2022,"",NA,NA,NA,"7591_4","irrigated","alive",1,"Flowering",1,NA,"3",2,1,1,1,50,1
2024,4,7591,9,"J","3",32,18,2,"7.5",NA,"",NA,NA,NA,"7591_4","irrigated","alive",1,"Flowering",1,NA,"3",0,0,1,1,142,1
2025,4,7591,9,"J","3",NA,16.5,0,NA,2025,"could be the NT in a hole 7591 (look for it in 2026!)",NA,NA,NA,"7591_4","irrigated","alive",1,"Vegetative",0,NA,"4",1,1,1,1,NA,NA
2026,4,7591,9,"J","4",31,11.5,1,"3.5",NA,"",NA,NA,NA,"7591_4","irrigated","alive",1,"Flowering",1,NA,NA,NA,NA,NA,0,44,1
2022,13,7592,7,"J","4",32,12,2,"7.5",2022,"",NA,NA,NA,"7592_13","control","alive",1,"Flowering",1,NA,"2",3,1,1,NA,114,1
2023,13,7592,7,"J","2",40,12,3,"18",2022,"",NA,NA,NA,"7592_13","control","alive",1,"Flowering",1,NA,"4",3,1,1,1,134,1
2024,13,7592,7,"J","4",34,16,3,"11",NA,"spittlebug",NA,NA,NA,"7592_13","control","alive",1,"Flowering",1,NA,"0",NA,NA,0,1,70,1
2025,13,7592,7,"J","0",NA,NA,NA,NA,NA,"NP",NA,NA,NA,"7592_13","control","dead",0,"Dead",NA,NA,NA,NA,NA,NA,1,NA,NA
2022,15,7593,7,"A","3",27,17,1,"5",2022,"",NA,NA,NA,"7593_15","drought","alive",1,"Flowering",1,NA,"2",2,1,1,NA,0,0
2023,15,7593,7,"A","2",38,16.5,2,"10",2022,"",NA,NA,NA,"7593_15","drought","alive",1,"Flowering",1,NA,"5",2,1,1,1,NA,NA
2024,15,7593,7,"A","5",35,21.5,2,"4.5",NA,"",NA,NA,NA,"7593_15","drought","alive",1,"Flowering",1,NA,"2",0,0,1,1,92,1
2025,15,7593,7,"A","2",NA,16.5,0,NA,NA,"",NA,NA,NA,"7593_15","drought","alive",1,"Vegetative",0,NA,"2",1,1,1,1,NA,NA
2026,15,7593,7,"A","2",18,17,1,"2.5",NA,"",NA,NA,NA,"7593_15","drought","alive",1,"Flowering",1,NA,NA,NA,NA,NA,0,0,0
2022,14,7594,10,"B","2",NA,16,0,NA,2022,"",NA,NA,NA,"7594_14","drought","alive",1,"Vegetative",0,NA,"1",0,0,1,NA,NA,NA
2023,14,7594,10,"B","1",NA,16,0,NA,2022,"",NA,NA,NA,"7594_14","drought","alive",1,"Vegetative",0,NA,"1",0,0,1,0,NA,NA
2024,14,7594,10,"B","1",NA,17.5,0,NA,NA,"",NA,NA,NA,"7594_14","drought","alive",1,"Vegetative",0,NA,"1",0,0,1,0,NA,NA
2025,14,7594,10,"B","1",NA,13,0,NA,NA,"",NA,NA,NA,"7594_14","drought","alive",1,"Vegetative",0,NA,"2",0,0,1,0,NA,NA
2026,14,7594,10,"B","2",NA,16.5,0,NA,NA,"",NA,NA,NA,"7594_14","drought","alive",1,"Vegetative",0,NA,NA,NA,NA,NA,0,NA,NA
2022,14,7595,10,"A","1",NA,14,0,NA,2022,"",NA,NA,NA,"7595_14","drought","alive",1,"Vegetative",0,NA,"1",0,0,1,NA,NA,NA
2023,14,7595,10,"A","1",NA,8.5,0,NA,2022,"",NA,NA,NA,"7595_14","drought","alive",1,"Vegetative",0,NA,"0",NA,NA,1,0,NA,NA
2024,14,7595,10,"A","0",NA,NA,NA,NA,NA,"NP",NA,NA,NA,"7595_14","drought","dormant",1,"Dormant",NA,NA,"1",0,0,1,0,NA,NA
2025,14,7595,10,"A","1",NA,13,0,NA,NA,"",NA,NA,NA,"7595_14","drought","alive",1,"Vegetative",0,NA,"1",0,0,1,NA,NA,NA
2026,14,7595,10,"A","1",NA,17,0,NA,NA,"",NA,NA,NA,"7595_14","drought","alive",1,"Vegetative",0,NA,NA,NA,NA,NA,0,NA,NA
2022,5,7596,4,"G","1",NA,18,0,NA,2022,"",NA,NA,NA,"7596_5","drought","alive",1,"Vegetative",0,NA,"2",1,1,1,NA,NA,NA
2023,5,7596,4,"G","2",28,15,1,"2.5",2022,"",NA,NA,NA,"7596_5","drought","alive",1,"Flowering",1,NA,"0",NA,NA,1,0,0,0
2024,5,7596,4,"G","0",NA,NA,NA,NA,NA,"NP",NA,NA,NA,"7596_5","drought","dormant",1,"Dormant",NA,NA,"3",0,0,1,1,NA,NA
2025,5,7596,4,"G","3",NA,11,0,NA,NA,"",NA,NA,NA,"7596_5","drought","alive",1,"Vegetative",0,NA,"3",0,0,1,NA,NA,NA
2026,5,7596,4,"G","3",NA,3,0,NA,NA,"",NA,NA,NA,"7596_5","drought","alive",1,"Vegetative",0,NA,NA,NA,NA,NA,0,NA,NA
2022,5,7597,7,"F","2",NA,16,0,NA,2022,"",NA,NA,NA,"7597_5","drought","alive",1,"Vegetative",0,NA,"2",1,1,1,NA,NA,NA
2023,5,7597,7,"F","2",30,13,1,"4.5",2022,"",NA,NA,NA,"7597_5","drought","alive",1,"Flowering",1,NA,"2",1,1,1,0,0,0
2024,5,7597,7,"F","2",21,14,1,"4",NA,"",NA,NA,NA,"7597_5","drought","alive",1,"Flowering",1,NA,"2",1,1,1,1,74,1
2025,5,7597,7,"F","2",12,7,1,"2.5",NA,"",NA,NA,NA,"7597_5","drought","alive",1,"Flowering",1,NA,"1",0,0,1,1,NA,NA
2026,5,7597,7,"F","1",NA,14,0,NA,NA,"",NA,NA,NA,"7597_5","drought","alive",1,"Vegetative",0,NA,NA,NA,NA,NA,1,NA,NA
2022,15,7598,6,"A","3",NA,22,0,NA,2022,"",NA,NA,NA,"7598_15","drought","alive",1,"Vegetative",0,NA,"3",2,1,1,NA,NA,NA
2023,15,7598,6,"A","3",46,12,2,"11",2022,"",NA,NA,NA,"7598_15","drought","alive",1,"Flowering",1,NA,"4",2,1,1,0,NA,NA
2024,15,7598,6,"A","4",31.5,18.5,2,"6",NA,"",NA,NA,NA,"7598_15","drought","alive",1,"Flowering",1,NA,"4",1,1,1,1,58,1
2025,15,7598,6,"A","4",14,13.5,1,"2.5",NA,"",NA,NA,NA,"7598_15","drought","alive",1,"Flowering",1,NA,"1",0,0,1,1,NA,NA
2026,15,7598,6,"A","1",NA,17,0,NA,NA,"",NA,NA,NA,"7598_15","drought","alive",1,"Vegetative",0,NA,NA,NA,NA,NA,1,NA,NA
2022,1,7599,0,"G","1",NA,20.5,0,NA,2022,"",NA,NA,NA,"7599_1","irrigated","alive",1,"Vegetative",0,NA,"1",1,1,1,NA,NA,NA
2023,1,7599,0,"G","1",31,16,1,"5",2022,"",NA,NA,NA,"7599_1","irrigated","alive",1,"Flowering",1,NA,"1",0,0,1,0,42,1
2024,1,7599,0,"G","1",NA,20.5,0,NA,NA,"",NA,NA,NA,"7599_1","irrigated","alive",1,"Vegetative",0,NA,"1",0,0,1,1,NA,NA
2025,1,7599,0,"G","1",NA,27.5,0,NA,NA,"",NA,NA,NA,"7599_1","irrigated","alive",1,"Vegetative",0,NA,"2",1,1,1,0,NA,NA
2026,1,7599,0,"G","2",1,20.5,1,"35.5",NA,"5.5",NA,NA,NA,"7599_1","irrigated","alive",1,"Flowering",1,NA,NA,NA,NA,NA,0,44,1
2025,5,7601,4,"I","1",NA,11,0,NA,2025,"",NA,NA,NA,"7601_5","drought","alive",1,"Vegetative",0,NA,"0",NA,NA,NA,NA,NA,NA
2026,5,7601,4,"I","0",NA,NA,NA,NA,2025,"NP",NA,NA,NA,"7601_5","drought",NA,NA,NA,NA,NA,NA,NA,NA,NA,0,NA,NA
2025,15,7602,8,"D","1",NA,12,0,NA,2025,"",NA,NA,NA,"7602_15","drought","alive",1,"Vegetative",0,NA,"1",1,1,1,NA,NA,NA
2026,15,7602,8,"D","1",11.5,8.5,1,"2",2025,"",NA,NA,NA,"7602_15","drought","alive",1,"Flowering",1,NA,NA,NA,NA,NA,0,0,0
2025,15,7603,7,"C","1",NA,19,0,NA,2025,"",NA,NA,NA,"7603_15","drought","alive",1,"Vegetative",0,NA,"0",NA,NA,NA,NA,NA,NA
2026,15,7603,7,"C","0",NA,NA,NA,NA,2025,"NP",NA,NA,NA,"7603_15","drought",NA,NA,NA,NA,NA,NA,NA,NA,NA,0,NA,NA
2025,15,7604,5,"E","3",NA,17.5,0,NA,2025,"",NA,NA,NA,"7604_15","drought","alive",1,"Vegetative",0,NA,"2",0,0,1,NA,NA,NA
2026,15,7604,5,"E","2",NA,10,0,NA,2025,"",NA,NA,NA,"7604_15","drought","alive",1,"Vegetative",0,NA,NA,NA,NA,NA,0,NA,NA
2025,15,7605,5,"D","1",NA,14,0,NA,2025,"",NA,NA,NA,"7605_15","drought","alive",1,"Vegetative",0,NA,"1",0,0,1,NA,NA,NA
2026,15,7605,5,"D","1",NA,9.5,0,NA,2025,"",NA,NA,NA,"7605_15","drought","alive",1,"Vegetative",0,NA,NA,NA,NA,NA,0,NA,NA
2025,15,7606,4,"E","1",NA,12.5,0,NA,2025,"",NA,NA,NA,"7606_15","drought","alive",1,"Vegetative",0,NA,"1",0,0,1,NA,NA,NA
2026,15,7606,4,"E","1",NA,11,0,NA,2025,"",NA,NA,NA,"7606_15","drought","alive",1,"Vegetative",0,NA,NA,NA,NA,NA,0,NA,NA
2025,15,7607,5,"E","1",NA,12,0,NA,2025,"",NA,NA,NA,"7607_15","drought","alive",1,"Vegetative",0,NA,"2",0,0,1,NA,NA,NA
2026,15,7607,5,"E","2",NA,9.5,0,NA,2025,"",NA,NA,NA,"7607_15","drought","alive",1,"Vegetative",0,NA,NA,NA,NA,NA,0,NA,NA
2025,12,7608,18,"H","1",NA,11,0,NA,2025,"",NA,NA,NA,"7608_12","irrigated","alive",1,"Vegetative",0,NA,"1",0,0,1,NA,NA,NA
2026,12,7608,18,"H","1",NA,12,0,NA,2025,"",NA,NA,NA,"7608_12","irrigated","alive",1,"Vegetative",0,NA,NA,NA,NA,NA,0,NA,NA
2025,5,7609,5,"G","1",NA,6,0,NA,2025,"",NA,NA,NA,"7609_5","drought","alive",1,"Vegetative",0,NA,"1",0,0,1,NA,NA,NA
2026,5,7609,5,"G","1",NA,6.5,0,NA,2025,"",NA,NA,NA,"7609_5","drought","alive",1,"Vegetative",0,NA,NA,NA,NA,NA,0,NA,NA
2024,1,7610,5,"E","1",NA,9.5,0,NA,NA,"measured shriveled leaf",NA,NA,NA,"7610_1","irrigated","alive",1,"Vegetative",0,NA,"1",0,0,1,NA,NA,NA
2025,1,7610,5,"E","1",NA,8,0,NA,NA,"",NA,NA,NA,"7610_1","irrigated","alive",1,"Vegetative",0,NA,"0",NA,NA,NA,0,NA,NA
2026,1,7610,5,"E","0",NA,NA,NA,NA,NA,"hole, NP",NA,NA,NA,"7610_1","irrigated",NA,NA,NA,NA,NA,NA,NA,NA,NA,0,NA,NA
2024,13,7611,12,"D","1",NA,5,0,NA,NA,"",NA,NA,NA,"7611_13","control","alive",1,"Vegetative",0,NA,"1",0,0,1,NA,NA,NA
2025,13,7611,12,"D","1",NA,8,0,NA,NA,"",NA,NA,NA,"7611_13","control","alive",1,"Vegetative",0,NA,"0",NA,NA,NA,0,NA,NA
2026,13,7611,12,"D","0",NA,NA,NA,NA,NA,"NP",NA,NA,NA,"7611_13","control",NA,NA,NA,NA,NA,NA,NA,NA,NA,0,NA,NA
2024,13,7612,14,"B","1",NA,8.5,0,NA,NA,"",NA,NA,NA,"7612_13","control","alive",1,"Vegetative",0,NA,"1",0,0,1,NA,NA,NA
2025,13,7612,14,"B","1",NA,12.5,0,NA,NA,"",NA,NA,NA,"7612_13","control","alive",1,"Vegetative",0,NA,"0",NA,NA,NA,0,NA,NA
2026,13,7612,14,"B","0",NA,NA,NA,NA,NA,"NP",NA,NA,NA,"7612_13","control",NA,NA,NA,NA,NA,NA,NA,NA,NA,0,NA,NA
2024,14,7613,1,"E","1",NA,7.5,0,NA,NA,"",NA,NA,NA,"7613_14","drought","alive",1,"Vegetative",0,NA,"0",NA,NA,0,NA,NA,NA
2025,14,7613,1,"E","0",NA,NA,NA,NA,NA,"NP",NA,NA,NA,"7613_14","drought","dead",0,"Dead",NA,NA,NA,NA,NA,NA,0,NA,NA
2024,12,7614,18,"G","1",NA,12,0,NA,NA,"moss; between 3216 and 3132",NA,NA,NA,"7614_12","irrigated","alive",1,"Vegetative",0,NA,"0",NA,NA,0,NA,NA,NA
2025,12,7614,18,"G","0",NA,NA,NA,NA,NA,"NP",NA,NA,NA,"7614_12","irrigated","dead",0,"Dead",NA,NA,NA,NA,NA,NA,0,NA,NA
2024,14,7615,1,"I","1",NA,13.5,0,NA,NA,"",NA,NA,NA,"7615_14","drought","alive",1,"Vegetative",0,NA,"1",0,0,1,NA,NA,NA
2025,14,7615,1,"I","1",NA,19,0,NA,NA,"",NA,NA,NA,"7615_14","drought","alive",1,"Vegetative",0,NA,"1",0,0,1,0,NA,NA
2026,14,7615,1,"I","1",NA,14,0,NA,NA,"",NA,NA,NA,"7615_14","drought","alive",1,"Vegetative",0,NA,NA,NA,NA,NA,0,NA,NA
2024,12,7616,11,"B","2",24,14.5,1,"2",NA,"BSP in phen",NA,NA,NA,"7616_12","irrigated","alive",1,"Flowering",1,NA,"1",0,0,1,NA,14,1
2025,12,7616,11,"B","1",NA,13,0,NA,NA,"",NA,NA,NA,"7616_12","irrigated","alive",1,"Vegetative",0,NA,"1",0,0,1,1,NA,NA
2026,12,7616,11,"B","1",NA,9.5,0,NA,NA,"",NA,NA,NA,"7616_12","irrigated","alive",1,"Vegetative",0,NA,NA,NA,NA,NA,0,NA,NA
2024,1,7617,6,"J","2",26,17,1,"3",NA,"YSP in phen",NA,NA,NA,"7617_1","irrigated","alive",1,"Flowering",1,NA,"1",0,0,1,NA,0,0
2025,1,7617,6,"J","1",NA,14,0,NA,NA,"",NA,NA,NA,"7617_1","irrigated","alive",1,"Vegetative",0,NA,"0",NA,NA,NA,1,NA,NA
2026,1,7617,6,"J","0",NA,NA,NA,NA,NA,"NP",NA,NA,NA,"7617_1","irrigated",NA,NA,NA,NA,NA,NA,NA,NA,NA,0,NA,NA
2024,1,7618,2,"A","1",NA,6.5,0,NA,NA,"",NA,NA,NA,"7618_1","irrigated","alive",1,"Vegetative",0,NA,"2",0,0,1,NA,NA,NA
2025,1,7618,2,"A","2",NA,16,0,NA,NA,"",NA,NA,NA,"7618_1","irrigated","alive",1,"Vegetative",0,NA,"2",0,0,1,0,NA,NA
2026,1,7618,2,"A","2",NA,17.5,0,NA,NA,"",NA,NA,NA,"7618_1","irrigated","alive",1,"Vegetative",0,NA,NA,NA,NA,NA,0,NA,NA
2024,12,7619,16,"E","2",NA,11.5,0,NA,NA,"5cm from hose in moss",NA,NA,NA,"7619_12","irrigated","alive",1,"Vegetative",0,NA,"5",1,1,1,NA,NA,NA
2025,12,7619,16,"E","5",24,20.5,1,"2.5",NA,"5cm from hose in moss",NA,NA,NA,"7619_12","irrigated","alive",1,"Flowering",1,NA,"0",NA,NA,NA,0,NA,NA
2026,12,7619,16,"E","0",NA,NA,NA,NA,NA,"NP",NA,NA,NA,"7619_12","irrigated",NA,NA,NA,NA,NA,NA,NA,NA,NA,1,NA,NA
2024,13,7620,12,"F","1",NA,10,0,NA,NA,"not new recruit",NA,NA,NA,"7620_13","control","alive",1,"Vegetative",0,NA,"1",0,0,1,NA,NA,NA
2025,13,7620,12,"F","1",NA,11,0,NA,NA,"",NA,NA,NA,"7620_13","control","alive",1,"Vegetative",0,NA,"3",0,0,1,0,NA,NA
2026,13,7620,12,"F","3",NA,13,0,NA,NA,"",NA,NA,NA,"7620_13","control","alive",1,"Vegetative",0,NA,NA,NA,NA,NA,0,NA,NA
2024,13,7621,18,"D","1",NA,8,0,NA,NA,"",NA,NA,NA,"7621_13","control","alive",1,"Vegetative",0,NA,"0",NA,NA,0,NA,NA,NA
2025,13,7621,18,"D","0",NA,NA,NA,NA,NA,"NP",NA,NA,NA,"7621_13","control","dead",0,"Dead",NA,NA,NA,NA,NA,NA,0,NA,NA
2024,13,7622,14,"H","1",NA,12.5,0,NA,NA,"def not new recruit",NA,NA,NA,"7622_13","control","alive",1,"Vegetative",0,NA,"1",0,0,1,NA,NA,NA
2025,13,7622,14,"H","1",NA,17,0,NA,NA,"",NA,NA,NA,"7622_13","control","alive",1,"Vegetative",0,NA,"0",NA,NA,NA,0,NA,NA
2026,13,7622,14,"H","0",NA,NA,NA,NA,NA,"NP",NA,NA,NA,"7622_13","control",NA,NA,NA,NA,NA,NA,NA,NA,NA,0,NA,NA
2024,13,7623,19,"H","1",NA,9.5,0,NA,NA,"in moss; next to 3617",NA,NA,NA,"7623_13","control","alive",1,"Vegetative",0,NA,"2",0,0,1,NA,NA,NA
2025,13,7623,19,"H","2",NA,11,0,NA,NA,"in moss; next to 3617",NA,NA,NA,"7623_13","control","alive",1,"Vegetative",0,NA,"0",NA,NA,NA,0,NA,NA
2026,13,7623,19,"H","0",NA,NA,NA,NA,NA,"NP",NA,NA,NA,"7623_13","control",NA,NA,NA,NA,NA,NA,NA,NA,NA,0,NA,NA
2024,2,7624,12,"A","1",NA,8.5,NA,NA,NA,"RSP in phen; umbel(s) gone",NA,NA,NA,"7624_2","control","alive",1,NA,NA,NA,"2",1,1,1,NA,0,0
2025,2,7624,12,"A","2",19,14.5,1,"3",NA,"found this tag in 12A not 2, double check if it was a duplicate!",NA,1,1,"7624_2","control","alive",1,"Flowering",1,NA,"0",NA,NA,NA,NA,70,1
2026,2,7624,12,"A","0",NA,NA,NA,NA,NA,"tag in 12A. NP, maybe already sencesed",NA,1,NA,"7624_2","control",NA,NA,NA,NA,NA,NA,NA,NA,NA,1,NA,NA
2024,14,7625,2,"H","1",NA,25,0,NA,NA,"",NA,NA,NA,"7625_14","drought","alive",1,"Vegetative",0,NA,"1",0,0,1,NA,NA,NA
2025,14,7625,2,"H","1",NA,16,0,NA,NA,"",NA,NA,NA,"7625_14","drought","alive",1,"Vegetative",0,NA,"0",NA,NA,NA,0,NA,NA
2026,14,7625,2,"H","0",NA,NA,NA,NA,NA,"NP",NA,NA,NA,"7625_14","drought",NA,NA,NA,NA,NA,NA,NA,NA,NA,0,NA,NA
2024,14,7626,2,"E","1",NA,13.5,0,NA,NA,"",NA,NA,NA,"7626_14","drought","alive",1,"Vegetative",0,NA,"2",0,0,1,NA,NA,NA
2025,14,7626,2,"E","2",NA,15,0,NA,NA,"",NA,NA,NA,"7626_14","drought","alive",1,"Vegetative",0,NA,"0",NA,NA,NA,0,NA,NA
2026,14,7626,2,"E","0",NA,NA,NA,NA,NA,"NP",NA,NA,NA,"7626_14","drought",NA,NA,NA,NA,NA,NA,NA,NA,NA,0,NA,NA
2024,13,7627,13,"F","1",NA,4,0,NA,NA,"moss",NA,NA,NA,"7627_13","control","alive",1,"Vegetative",0,NA,"1",0,0,1,NA,NA,NA
2025,13,7627,13,"F","1",NA,11,0,NA,NA,"moss",NA,NA,NA,"7627_13","control","alive",1,"Vegetative",0,NA,"2",0,0,1,0,NA,NA
2026,13,7627,13,"F","2",NA,12.5,0,NA,NA,"",NA,NA,NA,"7627_13","control","alive",1,"Vegetative",0,NA,NA,NA,NA,NA,0,NA,NA
2024,13,7628,2,"D","2",21.5,8.5,1,"2.5",NA,"GSP in phen",NA,NA,NA,"7628_13","control","alive",1,"Flowering",1,NA,"2",1,1,1,NA,18,1
2025,13,7628,2,"D","2",23.5,15.5,1,"3.5",NA,"",NA,NA,NA,"7628_13","control","alive",1,"Flowering",1,NA,"3",NA,NA,1,1,NA,NA
2026,13,7628,2,"D","3",NA,23,NA,NA,NA,"",NA,NA,NA,"7628_13","control","alive",1,NA,NA,NA,NA,NA,NA,NA,1,NA,NA
2024,13,7629,13,"A","1",NA,6.5,0,NA,NA,"",NA,NA,NA,"7629_13","control","alive",1,"Vegetative",0,NA,"0",NA,NA,1,NA,NA,NA
2025,13,7629,13,"A","0",NA,NA,NA,NA,NA,"NP",NA,NA,NA,"7629_13","control","dormant",1,"Dormant",NA,NA,"1",0,0,1,0,NA,NA
2026,13,7629,13,"A","1",NA,10,0,NA,NA,"",NA,NA,NA,"7629_13","control","alive",1,"Vegetative",0,NA,NA,NA,NA,NA,NA,NA,NA
2024,1,7630,3,"E","1",NA,8,0,NA,NA,"",NA,NA,NA,"7630_1","irrigated","alive",1,"Vegetative",0,NA,"2",0,0,1,NA,NA,NA
2025,1,7630,3,"E","2",NA,16,0,NA,NA,"",NA,NA,NA,"7630_1","irrigated","alive",1,"Vegetative",0,NA,"1",0,0,1,0,NA,NA
2026,1,7630,3,"E","1",NA,18,0,NA,NA,"",NA,NA,NA,"7630_1","irrigated","alive",1,"Vegetative",0,NA,NA,NA,NA,NA,0,NA,NA
2024,7,7631,13,"J","2",33,21.5,1,"4.5",NA,"RSP in phen",NA,NA,NA,"7631_7","drought","alive",1,"Flowering",1,NA,"2",1,1,1,NA,0,0
2025,7,7631,13,"J","2",38,24,1,NA,NA,"umbel dead",NA,NA,NA,"7631_7","drought","alive",1,"Flowering",1,NA,"0",NA,NA,NA,1,NA,NA
2026,7,7631,13,"J","0",NA,NA,NA,NA,NA,"NP",NA,NA,NA,"7631_7","drought",NA,NA,NA,NA,NA,NA,NA,NA,NA,1,NA,NA
2024,13,7632,10,"F","3",22,12.5,1,"3",NA,"GTP in phen",NA,NA,NA,"7632_13","control","alive",1,"Flowering",1,NA,"0",NA,NA,0,NA,0,0
2025,13,7632,10,"F","0",NA,NA,NA,NA,NA,"NP",NA,NA,NA,"7632_13","control","dead",0,"Dead",NA,NA,NA,NA,NA,NA,1,NA,NA
2024,1,7633,5,"G","1",NA,5,0,NA,NA,"",NA,NA,NA,"7633_1","irrigated","alive",1,"Vegetative",0,NA,"0",NA,NA,0,NA,NA,NA
2025,1,7633,5,"G","0",NA,NA,NA,NA,NA,"NP",NA,NA,NA,"7633_1","irrigated","dead",0,"Dead",NA,NA,NA,NA,NA,NA,0,NA,NA
2024,13,7634,7,"J","2",20.5,12.5,1,"2",NA,"BSP in phen",NA,NA,NA,"7634_13","control","alive",1,"Flowering",1,NA,"1",0,0,1,NA,0,0
2025,13,7634,7,"J","1",NA,18,0,NA,NA,"",NA,NA,NA,"7634_13","control","alive",1,"Vegetative",0,NA,"0",NA,NA,NA,1,NA,NA
2026,13,7634,7,"J","0",NA,NA,NA,NA,NA,"NP",NA,NA,NA,"7634_13","control",NA,NA,NA,NA,NA,NA,NA,NA,NA,0,NA,NA
2024,13,7635,12,"D","1",NA,3,0,NA,NA,"",NA,NA,NA,"7635_13","control","alive",1,"Vegetative",0,NA,"1",0,0,1,NA,NA,NA
2025,13,7635,12,"D","1",NA,11.5,0,NA,NA,"",NA,NA,NA,"7635_13","control","alive",1,"Vegetative",0,NA,"1",0,0,1,0,NA,NA
2026,13,7635,12,"D","1",NA,13,0,NA,NA,"",NA,NA,NA,"7635_13","control","alive",1,"Vegetative",0,NA,NA,NA,NA,NA,0,NA,NA
2024,1,7636,4,"H","1",NA,6,0,NA,NA,"",NA,NA,NA,"7636_1","irrigated","alive",1,"Vegetative",0,NA,"1",0,0,1,NA,NA,NA
2025,1,7636,4,"H","1",NA,19,0,NA,NA,"",NA,NA,NA,"7636_1","irrigated","alive",1,"Vegetative",0,NA,"0",NA,NA,NA,0,NA,NA
2026,1,7636,4,"H","0",NA,NA,NA,NA,NA,"NP",NA,NA,NA,"7636_1","irrigated",NA,NA,NA,NA,NA,NA,NA,NA,NA,0,NA,NA
2024,13,7637,12,"B","1",NA,5,0,NA,NA,"",NA,NA,NA,"7637_13","control","alive",1,"Vegetative",0,NA,"1",0,0,1,NA,NA,NA
2025,13,7637,12,"B","1",NA,11,0,NA,NA,"",NA,NA,NA,"7637_13","control","alive",1,"Vegetative",0,NA,"1",0,0,1,0,NA,NA
2026,13,7637,12,"B","1",NA,15,0,NA,NA,"",NA,NA,NA,"7637_13","control","alive",1,"Vegetative",0,NA,NA,NA,NA,NA,0,NA,NA
2024,13,7638,15,"J","5",18,10,2,"5",NA,"YSP in phen",NA,NA,NA,"7638_13","control","alive",1,"Flowering",1,NA,"1",0,0,1,NA,86,1
2025,13,7638,15,"J","1",NA,16,0,NA,NA,"",NA,NA,NA,"7638_13","control","alive",1,"Vegetative",0,NA,"2",1,1,1,1,NA,NA
2026,13,7638,15,"J","2",20,16,1,"2.5",NA,"",NA,NA,NA,"7638_13","control","alive",1,"Flowering",1,NA,NA,NA,NA,NA,0,0,0
2024,7,7639,13,"J","1",34.5,23,1,"3",NA,"YSP in phen; next to 3406",NA,NA,NA,"7639_7","drought","alive",1,"Flowering",1,NA,"2",0,0,1,NA,0,0
2025,7,7639,13,"J","2",NA,27,0,NA,NA,"next to 3406",NA,NA,NA,"7639_7","drought","alive",1,"Vegetative",0,NA,"0",NA,NA,NA,1,NA,NA
2026,7,7639,13,"J","0",NA,NA,NA,NA,NA,"NP",NA,NA,NA,"7639_7","drought",NA,NA,NA,NA,NA,NA,NA,NA,NA,0,NA,NA
2024,13,7640,11,"D","1",NA,5,0,NA,NA,"",NA,NA,NA,"7640_13","control","alive",1,"Vegetative",0,NA,"1",0,0,1,NA,NA,NA
2025,13,7640,11,"D","1",NA,11,0,NA,NA,"",NA,NA,NA,"7640_13","control","alive",1,"Vegetative",0,NA,"1",0,0,1,0,NA,NA
2026,13,7640,11,"D","1",NA,15.5,0,NA,NA,"",NA,NA,NA,"7640_13","control","alive",1,"Vegetative",0,NA,NA,NA,NA,NA,0,NA,NA
2024,1,7641,4,"C","1",NA,9,0,NA,NA,"",NA,NA,NA,"7641_1","irrigated","alive",1,"Vegetative",0,NA,"1",0,0,1,NA,NA,NA
2025,1,7641,4,"C","1",NA,7,0,NA,NA,"",NA,NA,NA,"7641_1","irrigated","alive",1,"Vegetative",0,NA,"1",0,0,1,0,NA,NA
2026,1,7641,4,"C","1",NA,12.5,0,NA,NA,"",NA,NA,NA,"7641_1","irrigated","alive",1,"Vegetative",0,NA,NA,NA,NA,NA,0,NA,NA
2024,13,7642,17,"J","2",21.5,13,2,"4",NA,"BSP in phen",NA,NA,NA,"7642_13","control","alive",1,"Flowering",1,NA,"2",1,1,1,NA,64,1
2025,13,7642,17,"J","2",19,12,1,"3.5",NA,"next to 3154",NA,NA,NA,"7642_13","control","alive",1,"Flowering",1,NA,"3",1,1,1,1,NA,NA
2026,13,7642,17,"J","3",27,16,1,"4",NA,"",NA,NA,NA,"7642_13","control","alive",1,"Flowering",1,NA,NA,NA,NA,NA,1,70,1
2024,7,7643,13,"G","2",43.5,17.5,2,"3",NA,"one umbel dead and not measurable",NA,NA,NA,"7643_7","drought","alive",1,"Flowering",1,NA,"0",NA,NA,0,NA,0,0
2025,7,7643,13,"G","0",NA,NA,NA,NA,NA,"NP",NA,NA,NA,"7643_7","drought","dead",0,"Dead",NA,NA,NA,NA,NA,NA,1,NA,NA
2024,7,7644,3,"J","4",57.5,26.5,2,"6",NA,"",NA,NA,NA,"7644_7","drought","alive",1,"Flowering",1,NA,"1",1,1,1,NA,44,1
2025,7,7644,3,"J","1",32,25,1,NA,NA,"umbel dead",NA,NA,NA,"7644_7","drought","alive",1,"Flowering",1,NA,"0",NA,NA,NA,1,0,0
2026,7,7644,3,"J","0",NA,NA,NA,NA,NA,"NP",NA,NA,NA,"7644_7","drought",NA,NA,NA,NA,NA,NA,NA,NA,NA,1,NA,NA
2024,11,7645,7,"A","2",31.5,20,1,"3.5",NA,"",NA,NA,NA,"7645_11","control","alive",1,"Flowering",1,NA,"1",0,0,1,NA,0,0
2025,11,7645,7,"A","1",NA,32,0,NA,NA,"edge of plot, plant under thatch",NA,NA,NA,"7645_11","control","alive",1,"Vegetative",0,NA,"1",0,0,1,1,NA,NA
2026,11,7645,7,"A","1",NA,14.5,0,NA,NA,"dactylis",NA,NA,NA,"7645_11","control","alive",1,"Vegetative",0,NA,NA,NA,NA,NA,0,NA,NA
2024,10,7646,6,"A","1",NA,15,0,NA,NA,"",NA,NA,NA,"7646_10","drought","alive",1,"Vegetative",0,NA,"1",0,0,1,NA,NA,NA
2025,10,7646,6,"A","1",NA,14.5,0,NA,NA,"",NA,NA,NA,"7646_10","drought","alive",1,"Vegetative",0,NA,"0",NA,NA,NA,0,NA,NA
2026,10,7646,6,"A","0",NA,NA,NA,NA,NA,"NP",NA,NA,NA,"7646_10","drought",NA,NA,NA,NA,NA,NA,NA,NA,NA,0,NA,NA
2024,10,7647,6,"B","1",NA,20.5,0,NA,NA,"black spots on leaves",NA,NA,NA,"7647_10","drought","alive",1,"Vegetative",0,NA,"1",0,0,1,NA,NA,NA
2025,10,7647,6,"B","1",NA,18.5,0,NA,NA,"",NA,NA,NA,"7647_10","drought","alive",1,"Vegetative",0,NA,"0",NA,NA,NA,0,NA,NA
2026,10,7647,6,"B","0",NA,NA,NA,NA,NA,"NP",NA,NA,NA,"7647_10","drought",NA,NA,NA,NA,NA,NA,NA,NA,NA,0,NA,NA
2024,3,7648,2,"I","1",NA,8,0,NA,NA,"",NA,NA,NA,"7648_3","control","alive",1,"Vegetative",0,NA,"1",0,0,1,NA,NA,NA
2025,3,7648,2,"I","1",NA,12,0,NA,NA,"",NA,NA,NA,"7648_3","control","alive",1,"Vegetative",0,NA,"0",NA,NA,NA,0,NA,NA
2026,3,7648,2,"I","0",NA,NA,NA,NA,NA,"NP",NA,NA,NA,"7648_3","control",NA,NA,NA,NA,NA,NA,NA,NA,NA,0,NA,NA
2023,4,7649,2,"D","1",NA,11,0,NA,2023,"",NA,NA,NA,"7649_4","irrigated","alive",1,"Vegetative",0,NA,"2",0,0,1,NA,NA,NA
2024,4,7649,2,"D","2",NA,9,0,NA,NA,"",NA,NA,NA,"7649_4","irrigated","alive",1,"Vegetative",0,NA,"1",0,0,1,0,NA,NA
2025,4,7649,2,"D","1",NA,12.5,0,NA,NA,"",NA,NA,NA,"7649_4","irrigated","alive",1,"Vegetative",0,NA,"2",0,0,1,0,NA,NA
2026,4,7649,2,"D","2",NA,15,0,NA,NA,"",NA,NA,NA,"7649_4","irrigated","alive",1,"Vegetative",0,NA,NA,NA,NA,NA,0,NA,NA
2023,4,7650,4,"C","2",NA,4,0,NA,2023,"",NA,NA,NA,"7650_4","irrigated","alive",1,"Vegetative",0,NA,"1",0,0,1,NA,NA,NA
2024,4,7650,4,"C","1",NA,6.5,0,NA,NA,"",NA,NA,NA,"7650_4","irrigated","alive",1,"Vegetative",0,NA,"1",0,0,1,0,NA,NA
2025,4,7650,4,"C","1",NA,10.5,0,NA,NA,"",NA,NA,NA,"7650_4","irrigated","alive",1,"Vegetative",0,NA,"1",0,0,1,0,NA,NA
2026,4,7650,4,"C","1",NA,9,0,NA,NA,"",NA,NA,NA,"7650_4","irrigated","alive",1,"Vegetative",0,NA,NA,NA,NA,NA,0,NA,NA
2024,7,7651,0,"A","3",32.5,31.5,2,"7",NA,"RTP in phen",NA,NA,NA,"7651_7","drought","alive",1,"Flowering",1,NA,"1",1,1,1,NA,46,1
2025,7,7651,0,"A","1",14,26,1,NA,NA,"umbel dead",NA,NA,NA,"7651_7","drought","alive",1,"Flowering",1,NA,NA,NA,NA,NA,1,NA,NA
2026,7,7651,0,"A",NA,NA,NA,NA,NA,NA,"NPNT",NA,NA,NA,"7651_7","drought",NA,NA,NA,NA,NA,NA,NA,NA,NA,1,NA,NA
2023,15,7652,4,"G","1",NA,20,0,NA,2023,"",NA,NA,NA,"7652_15","drought","alive",1,"Vegetative",0,NA,NA,NA,NA,1,NA,NA,NA
2024,15,7652,4,"G",NA,NA,NA,NA,NA,NA,"NPNT",NA,NA,NA,"7652_15","drought",NA,1,NA,NA,NA,"1",0,0,1,0,NA,NA
2025,15,7652,4,"G","1",NA,23,0,NA,NA,"",NA,NA,NA,"7652_15","drought","alive",1,"Vegetative",0,NA,"3",1,1,1,NA,NA,NA
2026,15,7652,4,"G","3",34,18,1,"5",NA,"",NA,NA,NA,"7652_15","drought","alive",1,"Flowering",1,NA,NA,NA,NA,NA,0,12,1
2023,9,7653,16,"I","1",NA,5,0,NA,2023,"",NA,NA,NA,"7653_9","irrigated","alive",1,"Vegetative",0,NA,NA,NA,NA,NA,NA,NA,NA
2024,9,7653,16,"I",NA,NA,NA,NA,NA,NA,"NPNT",NA,NA,NA,"7653_9","irrigated",NA,NA,NA,NA,NA,NA,NA,NA,0,0,NA,NA
2025,9,7653,16,"I",NA,NA,NA,NA,NA,NA,"IN DIV. NP",NA,NA,NA,"7653_9","irrigated","dead",0,"Dead",NA,NA,NA,NA,NA,NA,NA,NA,NA
2024,3,7664,3,"I","1",NA,17,0,NA,NA,"",NA,NA,NA,"7654_3","control","alive",1,"Vegetative",0,NA,"2",0,0,1,NA,NA,NA
2025,3,7664,3,"I","2",NA,16.5,0,NA,NA,"tag is 7664",NA,1,NA,"7654_3","control","alive",1,"Vegetative",0,NA,"0",NA,NA,NA,0,NA,NA
2026,3,7664,3,"I","0",NA,NA,NA,NA,NA,"NP",NA,NA,NA,"7654_3","control",NA,NA,NA,NA,NA,NA,NA,NA,NA,0,NA,NA
2024,5,7654,14,"F","2",28,12,1,"5",NA,"BSP in phen",NA,NA,NA,"7654_5","drought","alive",1,"Flowering",1,NA,"1",1,1,1,NA,32,1
2025,5,7654,14,"F","1",14.5,10,1,"4",NA,"",NA,NA,NA,"7654_5","drought","alive",1,"Flowering",1,NA,"1",0,0,1,1,NA,NA
2026,5,7654,14,"F","1",NA,15,0,NA,NA,"",NA,NA,NA,"7654_5","drought","alive",1,"Vegetative",0,NA,NA,NA,NA,NA,1,NA,NA
2024,15,7655,5,"I","2",24.5,6.5,1,"1.5",NA,"BSP in phen; long leaf senesced",NA,NA,NA,"7655_15","drought","alive",1,"Flowering",1,NA,"0",NA,NA,0,NA,60,1
2025,15,7655,5,"I","0",NA,NA,NA,NA,NA,"NP",NA,NA,NA,"7655_15","drought","dead",0,"Dead",NA,NA,NA,NA,NA,NA,1,NA,NA
2024,7,7656,0,"J","4",36.5,12,3,"7.5",NA,"first umbel looks like aborted bud; leaves eaten",NA,NA,NA,"7656_7","drought","alive",1,"Flowering",1,NA,NA,NA,NA,NA,NA,22,1
2025,7,7656,0,"J",NA,NA,NA,NA,NA,NA,"NPNT",NA,NA,NA,"7656_7","drought",NA,NA,NA,NA,NA,NA,NA,NA,NA,1,NA,NA
2026,7,7656,0,"J",NA,NA,NA,NA,NA,NA,"NPNT 2 years",NA,NA,NA,"7656_7","drought",NA,NA,NA,NA,NA,NA,NA,NA,NA,NA,NA,NA
2024,15,7657,7,"F","4",44.5,23.5,1,"3",NA,"BSP in phen; spittlebug",NA,NA,NA,"7657_15","drought","alive",1,"Flowering",1,NA,"3",2,1,1,NA,88,1
2025,15,7657,7,"F","3",19,24.5,2,"1.5",NA,"",NA,NA,NA,"7657_15","drought","alive",1,"Flowering",1,NA,"4",0,0,1,1,NA,NA
2026,15,7657,7,"F","4",NA,24,0,NA,NA,"",NA,NA,NA,"7657_15","drought","alive",1,"Vegetative",0,NA,NA,NA,NA,NA,1,NA,NA
2023,4,7658,3,"C","1",NA,9,0,NA,2023,"",NA,NA,NA,"7658_4","irrigated","alive",1,"Vegetative",0,NA,"0",NA,NA,1,NA,NA,NA
2024,4,7658,3,"C","0",NA,NA,NA,NA,NA,"NP",NA,NA,NA,"7658_4","irrigated","dormant",1,"Dormant",NA,NA,"1",0,0,1,0,NA,NA
2025,4,7658,3,"C","1",NA,10,0,NA,NA,"",NA,NA,NA,"7658_4","irrigated","alive",1,"Vegetative",0,NA,"1",0,0,1,NA,NA,NA
2026,4,7658,3,"C","1",NA,11,0,NA,NA,"",NA,NA,NA,"7658_4","irrigated","alive",1,"Vegetative",0,NA,NA,NA,NA,NA,0,NA,NA
2023,4,7659,1,"B","1",NA,10,0,NA,2023,"",NA,NA,NA,"7659_4","irrigated","alive",1,"Vegetative",0,NA,"0",NA,NA,0,NA,NA,NA
2024,4,7659,1,"B","0",NA,NA,NA,NA,NA,"NP; in 4B",NA,NA,NA,"7659_4","irrigated","dead",0,"Dead",NA,NA,NA,NA,NA,NA,0,NA,NA
2024,4,7660,4,"A","3",NA,8,0,NA,NA,"",NA,NA,NA,"7660_4","irrigated","alive",1,"Vegetative",0,NA,"1",0,0,1,NA,NA,NA
2025,4,7660,4,"A","1",NA,11.5,0,NA,NA,"",NA,NA,NA,"7660_4","irrigated","alive",1,"Vegetative",0,NA,"1",0,0,1,0,NA,NA
2026,4,7660,4,"A","1",NA,13,0,NA,NA,"",NA,NA,NA,"7660_4","irrigated","alive",1,"Vegetative",0,NA,NA,NA,NA,NA,0,NA,NA
2024,4,7661,3,"D","1",NA,7,0,NA,NA,"",NA,NA,NA,"7661_4","irrigated","alive",1,"Vegetative",0,NA,"1",0,0,1,NA,NA,NA
2025,4,7661,3,"D","1",NA,10,0,NA,NA,"",NA,NA,NA,"7661_4","irrigated","alive",1,"Vegetative",0,NA,"2",0,0,1,0,NA,NA
2026,4,7661,3,"D","2",NA,12,0,NA,NA,"",NA,NA,NA,"7661_4","irrigated","alive",1,"Vegetative",0,NA,NA,NA,NA,NA,0,NA,NA
2024,3,7662,6,"C","1",NA,11,0,NA,NA,"",NA,NA,NA,"7662_3","control","alive",1,"Vegetative",0,NA,"1",0,0,1,NA,NA,NA
2025,3,7662,6,"C","1",NA,11,0,NA,NA,"",NA,NA,NA,"7662_3","control","alive",1,"Vegetative",0,NA,"0",NA,NA,NA,0,NA,NA
2026,3,7662,6,"C","0",NA,NA,NA,NA,NA,"NP",NA,NA,NA,"7662_3","control",NA,NA,NA,NA,NA,NA,NA,NA,NA,0,NA,NA
2024,5,7663,18,"E","1",22.5,16,1,"2.5",NA,"BSP in phen; might be 3178?",NA,NA,NA,"7663_5","drought","alive",1,"Flowering",1,NA,"2",0,0,1,NA,0,0
2025,5,7663,18,"E","2",NA,18,0,NA,NA,"",NA,NA,NA,"7663_5","drought","alive",1,"Vegetative",0,NA,"1",0,0,1,1,NA,NA
2026,5,7663,18,"E","1",NA,8,0,NA,NA,"",NA,NA,NA,"7663_5","drought","alive",1,"Vegetative",0,NA,NA,NA,NA,NA,0,NA,NA
2024,10,7665,7,"C","1",NA,10,0,NA,NA,"",NA,NA,NA,"7665_10","drought","alive",1,"Vegetative",0,NA,"1",0,0,1,NA,NA,NA
2025,10,7665,7,"C","1",NA,8,0,NA,NA,"",NA,NA,NA,"7665_10","drought","alive",1,"Vegetative",0,NA,"0",NA,NA,NA,0,NA,NA
2026,10,7665,7,"C","0",NA,NA,NA,NA,NA,"NP",NA,NA,NA,"7665_10","drought",NA,NA,NA,NA,NA,NA,NA,NA,NA,0,NA,NA
2023,4,7666,2,"C","2",NA,13,0,NA,2023,"",NA,NA,NA,"7666_4","irrigated","alive",1,"Vegetative",0,NA,"2",0,0,1,NA,NA,NA
2024,4,7666,2,"C","2",NA,6,0,NA,NA,"",NA,NA,NA,"7666_4","irrigated","alive",1,"Vegetative",0,NA,"1",0,0,1,0,NA,NA
2025,4,7666,2,"C","1",NA,6,0,NA,NA,"not part of the clump in 2C",NA,NA,NA,"7666_4","irrigated","alive",1,"Vegetative",0,NA,"2",0,0,1,0,NA,NA
2026,4,7666,2,"C","2",NA,11,0,NA,NA,"not part of the clump in 2C",NA,NA,NA,"7666_4","irrigated","alive",1,"Vegetative",0,NA,NA,NA,NA,NA,0,NA,NA
2023,4,7667,4,"B","1",NA,9,0,NA,2023,"",NA,NA,NA,"7667_4","irrigated","alive",1,"Vegetative",0,NA,"0",NA,NA,1,NA,NA,NA
2024,4,7667,4,"B","0",NA,NA,NA,NA,NA,"NP",NA,NA,NA,"7667_4","irrigated","dormant",1,"Dormant",NA,NA,"1",0,0,1,0,NA,NA
2025,4,7667,4,"B","1",NA,10.5,0,NA,NA,"",NA,NA,NA,"7667_4","irrigated","alive",1,"Vegetative",0,NA,"1",0,0,1,NA,NA,NA
2026,4,7667,4,"B","1",NA,11,0,NA,NA,"",NA,NA,NA,"7667_4","irrigated","alive",1,"Vegetative",0,NA,NA,NA,NA,NA,0,NA,NA
2023,12,7668,12,"G","1",NA,6,0,NA,2023,"",NA,NA,NA,"7668_12","irrigated","alive",1,"Vegetative",0,NA,"1",0,0,1,NA,NA,NA
2024,12,7668,12,"G","1",NA,6.5,0,NA,NA,"",NA,NA,NA,"7668_12","irrigated","alive",1,"Vegetative",0,NA,"0",NA,NA,0,0,NA,NA
2025,12,7668,12,"G","0",NA,NA,NA,NA,NA,"NP",NA,NA,NA,"7668_12","irrigated","dead",0,"Dead",NA,NA,NA,NA,NA,NA,0,NA,NA
2023,12,7669,13,"F","1",NA,5,0,NA,2023,"",NA,NA,NA,"7669_12","irrigated","alive",1,"Vegetative",0,NA,"1",0,0,1,NA,NA,NA
2024,12,7669,13,"F","1",NA,6.5,0,NA,NA,"",NA,NA,NA,"7669_12","irrigated","alive",1,"Vegetative",0,NA,"0",NA,NA,0,0,NA,NA
2025,12,7669,13,"F","0",NA,NA,NA,NA,NA,"NP",NA,NA,NA,"7669_12","irrigated","dead",0,"Dead",NA,NA,NA,NA,NA,NA,0,NA,NA
2023,3,7670,7,"I","3",46,17,1,"8.5",2023,"pink sword from phenology",NA,NA,NA,"7670_3","control","alive",1,"Flowering",1,NA,"2",1,1,1,NA,104,1
2024,3,7670,7,"I","2",27.5,27.5,1,"3",NA,"",NA,NA,NA,"7670_3","control","alive",1,"Flowering",1,NA,"4",1,1,1,1,0,0
2025,3,7670,7,"I","4",30,27,1,"3",NA,"",NA,NA,NA,"7670_3","control","alive",1,"Flowering",1,NA,"0",NA,NA,NA,1,152,1
2026,3,7670,7,"I","0",NA,NA,NA,NA,NA,"NP",NA,NA,NA,"7670_3","control",NA,NA,NA,NA,NA,NA,NA,NA,NA,1,NA,NA
2023,14,7671,0,"H","3",NA,10,0,NA,2023,"",NA,NA,NA,"7671_14","drought","alive",1,"Vegetative",0,NA,"1",0,0,1,NA,NA,NA
2024,14,7671,0,"H","1",NA,9,0,NA,NA,"in moss",NA,NA,NA,"7671_14","drought","alive",1,"Vegetative",0,NA,"3",0,0,1,0,NA,NA
2025,14,7671,0,"H","3",NA,14.5,0,NA,NA,"in moss",NA,NA,NA,"7671_14","drought","alive",1,"Vegetative",0,NA,"3",0,0,1,0,NA,NA
2026,14,7671,0,"H","3",NA,15,0,NA,NA,"",NA,NA,NA,"7671_14","drought","alive",1,"Vegetative",0,NA,NA,NA,NA,NA,0,NA,NA
2023,14,7672,0,"J","1",NA,10,0,NA,2023,"",NA,NA,NA,"7672_14","drought","alive",1,"Vegetative",0,NA,NA,NA,NA,1,NA,NA,NA
2024,14,7672,0,"J",NA,NA,NA,NA,NA,NA,"NPNT",NA,NA,NA,"7672_14","drought",NA,1,NA,NA,NA,"1",0,0,1,0,NA,NA
2025,14,7672,0,"J","1",NA,18.5,0,NA,NA,"",NA,NA,NA,"7672_14","drought","alive",1,"Vegetative",0,NA,"2",0,0,1,NA,NA,NA
2026,14,7672,0,"J","2",NA,19,0,NA,NA,"",NA,NA,NA,"7672_14","drought","alive",1,"Vegetative",0,NA,NA,NA,NA,NA,0,NA,NA
2023,12,7673,12,"F","1",NA,7,0,NA,2023,"",NA,NA,NA,"7673_12","irrigated","alive",1,"Vegetative",0,NA,"1",0,0,1,NA,NA,NA
2024,12,7673,12,"F","1",NA,8,0,NA,NA,"",NA,NA,NA,"7673_12","irrigated","alive",1,"Vegetative",0,NA,"1",0,0,1,0,NA,NA
2025,12,7673,12,"F","1",NA,7,0,NA,NA,"",NA,NA,NA,"7673_12","irrigated","alive",1,"Vegetative",0,NA,"2",0,0,1,0,NA,NA
2026,12,7673,12,"F","2",NA,9.5,0,NA,NA,"",NA,NA,NA,"7673_12","irrigated","alive",1,"Vegetative",0,NA,NA,NA,NA,NA,0,NA,NA
2023,12,7674,13,"J","1",NA,7,0,NA,2023,"",NA,NA,NA,"7674_12","irrigated","alive",1,"Vegetative",0,NA,"0",NA,NA,0,NA,NA,NA
2024,12,7674,13,"J","0",NA,NA,NA,NA,NA,"NP",NA,NA,NA,"7674_12","irrigated","dead",0,"Dead",NA,NA,NA,NA,NA,NA,0,NA,NA
2024,5,7675,10,"J","4",21,16.5,2,"4.5",NA,"RSP in phen; also is BSP in phen; merge phen records",NA,NA,NA,"7675_5","drought","alive",1,"Flowering",1,NA,"1",0,0,1,NA,0,0
2025,5,7675,10,"J","1",NA,12,0,NA,NA,"slightly in diversity plot",NA,NA,NA,"7675_5","drought","alive",1,"Vegetative",0,NA,"1",0,0,1,1,NA,NA
2026,5,7675,10,"J","1",NA,12,0,NA,NA,"slightly in div plot",NA,NA,NA,"7675_5","drought","alive",1,"Vegetative",0,NA,NA,NA,NA,NA,0,NA,NA
2024,5,7676,19,"F","2",23.5,12,1,"2",NA,"RTP in phen",NA,NA,NA,"7676_5","drought","alive",1,"Flowering",1,NA,NA,NA,NA,NA,NA,0,0
2025,5,7676,19,"F",NA,NA,NA,NA,NA,NA,"same plant as 3713, unearthed 3713 tag and they point at the same plant. Need to change in previous years",1,1,NA,"7676_5","drought",NA,NA,NA,NA,NA,NA,NA,NA,NA,1,NA,NA
2023,3,7677,5,"E","1",NA,15,0,NA,2023,"",NA,NA,NA,"7677_3","control","alive",1,"Vegetative",0,NA,"2",1,1,1,NA,NA,NA
2024,3,7677,5,"E","2",27,17,1,"4",NA,"",NA,NA,NA,"7677_3","control","alive",1,"Flowering",1,NA,"1",1,1,1,0,26,1
2025,3,7677,5,"E","1",21,11,1,"2.5",NA,"",NA,NA,1,"7677_3","control","alive",1,"Flowering",1,NA,"0",NA,NA,NA,1,0,0
2026,3,7677,5,"E","0",NA,NA,NA,NA,NA,"NP",NA,NA,NA,"7677_3","control",NA,NA,NA,NA,NA,NA,NA,NA,NA,1,NA,NA
2023,3,7678,5,"I","1",NA,18,0,NA,2023,"",NA,NA,NA,"7678_3","control","alive",1,"Vegetative",0,NA,"0",NA,NA,0,NA,NA,NA
2024,3,7678,5,"I","0",NA,NA,NA,NA,NA,"NP",NA,NA,NA,"7678_3","control","dead",0,"Dead",NA,NA,NA,NA,NA,NA,0,NA,NA
2023,14,7679,1,"G","1",NA,13,0,NA,2023,"",NA,NA,NA,"7679_14","drought","alive",1,"Vegetative",0,NA,"1",0,0,1,NA,NA,NA
2024,14,7679,1,"G","1",NA,14,0,NA,NA,"in moss",NA,NA,NA,"7679_14","drought","alive",1,"Vegetative",0,NA,"1",0,0,1,0,NA,NA
2025,14,7679,1,"G","1",NA,17.5,0,NA,NA,"in moss",NA,NA,NA,"7679_14","drought","alive",1,"Vegetative",0,NA,"1",0,0,1,0,NA,NA
2026,14,7679,1,"G","1",NA,16.5,0,NA,NA,"",NA,NA,NA,"7679_14","drought","alive",1,"Vegetative",0,NA,NA,NA,NA,NA,0,NA,NA
2023,14,7680,2,"I","1",NA,8,0,NA,2023,"",NA,NA,NA,"7680_14","drought","alive",1,"Vegetative",0,NA,NA,NA,NA,0,NA,NA,NA
2024,14,7680,2,"I",NA,NA,NA,NA,NA,NA,"NPNT; moss",NA,NA,NA,"7680_14","drought","dead",0,"Dead",NA,NA,NA,NA,NA,NA,0,NA,NA
2023,10,7681,8,"F","1",NA,20,0,NA,2023,"",NA,NA,NA,"7681_10","drought","alive",1,"Vegetative",0,NA,"2",1,1,1,NA,NA,NA
2024,10,7681,8,"F","2",59.5,20,1,"3",NA,"7692 in phen",NA,NA,NA,"7681_10","drought","alive",1,"Flowering",1,NA,"3",1,1,1,0,NA,NA
2025,10,7681,8,"F","3",52,24,1,"4",NA,"",NA,NA,NA,"7681_10","drought","alive",1,"Flowering",1,NA,"0",NA,NA,NA,1,58,1
2026,10,7681,8,"F","0",NA,NA,NA,NA,NA,"NP",NA,NA,NA,"7681_10","drought",NA,NA,NA,NA,NA,NA,NA,NA,NA,1,NA,NA
2023,10,7682,4,"E","1",NA,9,0,NA,2023,"",NA,NA,NA,"7682_10","drought","alive",1,"Vegetative",0,NA,"0",NA,NA,0,NA,NA,NA
2024,10,7682,4,"E","0",NA,NA,NA,NA,NA,"NP",NA,NA,NA,"7682_10","drought","dead",0,"Dead",NA,NA,NA,NA,NA,NA,0,NA,NA
2023,13,7683,11,"E","1",NA,7,0,NA,2023,"",NA,NA,NA,"7683_13","control","alive",1,"Vegetative",0,NA,"1",0,0,1,NA,NA,NA
2024,13,7683,11,"E","1",NA,6,0,NA,NA,"moss",NA,NA,NA,"7683_13","control","alive",1,"Vegetative",0,NA,"1",0,0,1,0,NA,NA
2025,13,7683,11,"E","1",NA,8,0,NA,NA,"moss",NA,NA,NA,"7683_13","control","alive",1,"Vegetative",0,NA,"1",0,0,1,0,NA,NA
2026,13,7683,11,"E","1",NA,8,0,NA,NA,"",NA,NA,NA,"7683_13","control","alive",1,"Vegetative",0,NA,NA,NA,NA,NA,0,NA,NA
2023,3,7684,14,"A","3",27.5,8.5,2,"4.5",2023,"",NA,NA,NA,"7684_3","control","alive",1,"Flowering",1,NA,"2",1,1,1,NA,0,0
2024,3,7684,14,"A","2",23,13,1,"4",NA,"",NA,NA,NA,"7684_3","control","alive",1,"Flowering",1,NA,"1",1,1,1,1,6,1
2025,3,7684,14,"A","1",13,10,1,NA,NA,"umbel dead",NA,NA,NA,"7684_3","control","alive",1,"Flowering",1,NA,"2",2,1,1,1,NA,NA
2026,3,7684,14,"A","2",29.5,18,2,"8",NA,"edge of plot",NA,NA,NA,"7684_3","control","alive",1,"Flowering",1,NA,NA,NA,NA,NA,1,0,0
2023,14,7685,1,"D","2",NA,28,0,NA,2023,"next to 7566",NA,NA,NA,"7685_14","drought","alive",1,"Vegetative",0,NA,"1",0,0,1,NA,NA,NA
2024,14,7685,1,"D","1",NA,21,0,NA,NA,"in moss",NA,NA,NA,"7685_14","drought","alive",1,"Vegetative",0,NA,"2",0,0,1,0,NA,NA
2025,14,7685,1,"D","2",NA,29,0,NA,NA,"in moss",NA,NA,NA,"7685_14","drought","alive",1,"Vegetative",0,NA,"0",NA,NA,NA,0,NA,NA
2026,14,7685,1,"D","0",NA,NA,NA,NA,NA,"NP",NA,NA,NA,"7685_14","drought",NA,NA,NA,NA,NA,NA,NA,NA,NA,0,NA,NA
2023,12,7686,12,"G","1",NA,8,0,NA,2023,"",NA,NA,NA,"7686_12","irrigated","alive",1,"Vegetative",0,NA,"1",0,0,1,NA,NA,NA
2024,12,7686,12,"G","1",NA,7.5,0,NA,NA,"",NA,NA,NA,"7686_12","irrigated","alive",1,"Vegetative",0,NA,"1",0,0,1,0,NA,NA
2025,12,7686,12,"G","1",NA,7,0,NA,NA,"",NA,NA,NA,"7686_12","irrigated","alive",1,"Vegetative",0,NA,"0",NA,NA,NA,0,NA,NA
2026,12,7686,12,"G","0",NA,NA,NA,NA,NA,"NP",NA,NA,NA,"7686_12","irrigated",NA,NA,NA,NA,NA,NA,NA,NA,NA,0,NA,NA
2023,3,7687,2,"A","1",NA,14,0,NA,2023,"",NA,NA,NA,"7687_3","control","alive",1,"Vegetative",0,NA,"1",0,0,1,NA,NA,NA
2024,3,7687,2,"A","1",NA,21,0,NA,NA,"",NA,NA,NA,"7687_3","control","alive",1,"Vegetative",0,NA,"1",0,0,1,0,NA,NA
2025,3,7687,2,"A","1",NA,19,0,NA,NA,"",NA,NA,NA,"7687_3","control","alive",1,"Vegetative",0,NA,"2",0,0,1,0,NA,NA
2026,3,7687,2,"A","2",NA,17.5,0,NA,NA,"",NA,NA,NA,"7687_3","control","alive",1,"Vegetative",0,NA,NA,NA,NA,NA,0,NA,NA
2023,12,7688,11,"G","1",NA,9,0,NA,2023,"",NA,NA,NA,"7688_12","irrigated","alive",1,"Vegetative",0,NA,"1",0,0,1,NA,NA,NA
2024,12,7688,11,"G","1",NA,7,0,NA,NA,"",NA,NA,NA,"7688_12","irrigated","alive",1,"Vegetative",0,NA,"1",0,0,1,0,NA,NA
2025,12,7688,11,"G","1",NA,7,0,NA,NA,"",NA,NA,NA,"7688_12","irrigated","alive",1,"Vegetative",0,NA,"0",NA,NA,NA,0,NA,NA
2026,12,7688,11,"G","0",NA,NA,NA,NA,NA,"NP",NA,NA,NA,"7688_12","irrigated",NA,NA,NA,NA,NA,NA,NA,NA,NA,0,NA,NA
2023,3,7689,1,"B","1",NA,13,0,NA,2023,"",NA,NA,NA,"7689_3","control","alive",1,"Vegetative",0,NA,"1",0,0,1,NA,NA,NA
2024,3,7689,1,"B","1",NA,18,0,NA,NA,"",NA,NA,NA,"7689_3","control","alive",1,"Vegetative",0,NA,"0",NA,NA,0,0,NA,NA
2025,3,7689,1,"B","0",NA,NA,NA,NA,NA,"NP",NA,NA,NA,"7689_3","control","dead",0,"Dead",NA,NA,NA,NA,NA,NA,0,NA,NA
2023,12,7690,14,"J","1",NA,7,0,NA,2023,"",NA,NA,NA,"7690_12","irrigated","alive",1,"Vegetative",0,NA,"1",0,0,1,NA,NA,NA
2024,12,7690,14,"J","1",NA,7.5,0,NA,NA,"",NA,NA,NA,"7690_12","irrigated","alive",1,"Vegetative",0,NA,"1",0,0,1,0,NA,NA
2025,12,7690,14,"J","1",NA,6,0,NA,NA,"",NA,NA,NA,"7690_12","irrigated","alive",1,"Vegetative",0,NA,"0",NA,NA,NA,0,NA,NA
2026,12,7690,14,"J","0",NA,NA,NA,NA,NA,"NP",NA,NA,NA,"7690_12","irrigated",NA,NA,NA,NA,NA,NA,NA,NA,NA,0,NA,NA
2024,5,7691,7,"J","5",33.5,18,4,"8",NA,"BSP in phen",NA,NA,NA,"7691_5","drought","alive",1,"Flowering",1,NA,NA,NA,NA,0,NA,64,1
2025,5,7691,7,"J",NA,NA,NA,NA,NA,NA,"NPNT - definitely no plants around 7J",NA,NA,NA,"7691_5","drought","dead",0,"Dead",NA,NA,NA,NA,NA,NA,1,NA,NA
2023,10,7692,8,"F","1",NA,22,0,NA,2023,"",NA,NA,NA,"7692_10","drought","alive",1,"Vegetative",0,NA,"1",0,0,1,NA,NA,NA
2024,10,7692,8,"F","1",NA,25.5,0,NA,NA,"",NA,NA,NA,"7692_10","drought","alive",1,"Vegetative",0,NA,"1",0,0,1,0,0,0
2025,10,7692,8,"F","1",NA,18,0,NA,NA,"",NA,NA,NA,"7692_10","drought","alive",1,"Vegetative",0,NA,"1",1,1,1,0,NA,NA
2026,10,7692,8,"F","1",29,17,1,"5",NA,"",NA,NA,NA,"7692_10","drought","alive",1,"Flowering",1,NA,NA,NA,NA,NA,0,30,1
2024,4,7693,2,"C","1",NA,11.5,0,NA,NA,"",NA,NA,NA,"7693_4","irrigated","alive",1,"Vegetative",0,NA,"1",0,0,1,NA,NA,NA
2025,4,7693,2,"C","1",NA,8,0,NA,NA,"",NA,NA,NA,"7693_4","irrigated","alive",1,"Vegetative",0,NA,"1",0,0,1,0,NA,NA
2026,4,7693,2,"C","1",NA,9,0,NA,NA,"",NA,NA,NA,"7693_4","irrigated","alive",1,"Vegetative",0,NA,NA,NA,NA,NA,0,NA,NA
2023,12,7694,11,"G","1",NA,6,0,NA,2023,"",NA,NA,NA,"7694_12","irrigated","alive",1,"Vegetative",0,NA,"0",NA,NA,0,NA,NA,NA
2024,12,7694,11,"G","0",NA,NA,NA,NA,NA,"NP",NA,NA,NA,"7694_12","irrigated","dead",0,"Dead",NA,NA,NA,NA,NA,NA,0,NA,NA
2023,13,7695,12,"E","1",NA,6,0,NA,2023,"",NA,NA,NA,"7695_13","control","alive",1,"Vegetative",0,NA,"0",NA,NA,0,NA,NA,NA
2024,13,7695,12,"E","0",NA,NA,NA,NA,NA,"NP",NA,NA,NA,"7695_13","control","dead",0,"Dead",NA,NA,NA,NA,NA,NA,0,NA,NA
2023,4,7696,0,"A","5",42.5,19,4,"19",2023,"",NA,NA,NA,"7696_4","irrigated","alive",1,"Flowering",1,NA,"4",3,1,1,NA,112,1
2024,4,7696,0,"A","4",28,13.5,3,"12",NA,"",NA,NA,NA,"7696_4","irrigated","alive",1,"Flowering",1,NA,"3",2,1,1,1,82,1
2025,4,7696,0,"A","3",28.5,21,2,"6",NA,"",NA,NA,1,"7696_4","irrigated","alive",1,"Flowering",1,NA,"3",1,1,1,1,22,1
2026,4,7696,0,"A","3",48,23,1,"7",NA,"right on nail",NA,NA,NA,"7696_4","irrigated","alive",1,"Flowering",1,NA,NA,NA,NA,NA,1,122,1
2023,13,7697,12,"D","1",NA,6,0,NA,2023,"",NA,NA,NA,"7697_13","control","alive",1,"Vegetative",0,NA,"0",NA,NA,0,NA,NA,NA
2024,13,7697,12,"D","0",NA,NA,NA,NA,NA,"NP; moss",NA,NA,NA,"7697_13","control","dead",0,"Dead",NA,NA,NA,NA,NA,NA,0,NA,NA
2023,10,7698,9,"D","3",65,24,2,NA,2023,"",NA,NA,NA,"7698_10","drought","alive",1,"Flowering",1,NA,"4",2,1,1,NA,160,1
2024,10,7698,9,"D","4",69.5,22.5,2,"12.5",NA,"",NA,NA,NA,"7698_10","drought","alive",1,"Flowering",1,NA,"3",2,1,1,1,190,1
2025,10,7698,9,"D","3",55,22.5,2,"5",NA,"",NA,NA,NA,"7698_10","drought","alive",1,"Flowering",1,NA,"2",0,0,1,1,136,1
2026,10,7698,9,"D","2",NA,22,0,NA,NA,"",NA,NA,NA,"7698_10","drought","alive",1,"Vegetative",0,NA,NA,NA,NA,NA,1,NA,NA
2023,12,7699,11,"I","1",NA,7,0,NA,2023,"",NA,NA,NA,"7699_12","irrigated","alive",1,"Vegetative",0,NA,"0",NA,NA,0,NA,NA,NA
2024,12,7699,11,"I","0",NA,NA,NA,NA,NA,"NP",NA,NA,NA,"7699_12","irrigated","dead",0,"Dead",NA,NA,NA,NA,NA,NA,0,NA,NA
2023,13,7700,11,"E","1",NA,7,0,NA,2023,"",NA,NA,NA,"7700_13","control","alive",1,"Vegetative",0,NA,"0",NA,NA,1,NA,NA,NA
2024,13,7700,11,"E","0",NA,NA,NA,NA,NA,"NP; moss",NA,NA,NA,"7700_13","control","dormant",1,"Dormant",NA,NA,"2",0,0,1,0,NA,NA
2025,13,7700,11,"E","2",NA,14.5,0,NA,NA,"moss",NA,NA,NA,"7700_13","control","alive",1,"Vegetative",0,NA,"1",0,0,1,NA,NA,NA
2026,13,7700,11,"E","1",NA,5,0,NA,NA,"",NA,NA,NA,"7700_13","control","alive",1,"Vegetative",0,NA,NA,NA,NA,NA,0,NA,NA
2025,12,7701,18,"D","2",NA,14,0,NA,2025,"",NA,NA,NA,"7701_12","irrigated","alive",1,"Vegetative",0,NA,"0",NA,NA,NA,NA,NA,NA
2026,12,7701,18,"D","0",NA,NA,NA,NA,2025,"NP",NA,NA,NA,"7701_12","irrigated",NA,NA,NA,NA,NA,NA,NA,NA,NA,0,NA,NA
2025,4,7703,1,"D","1",NA,13,0,NA,2025,"",NA,NA,NA,"7703_4","irrigated","alive",1,"Vegetative",0,NA,"1",0,0,1,NA,NA,NA
2026,4,7703,1,"D","1",NA,12,0,NA,2025,"",NA,NA,NA,"7703_4","irrigated","alive",1,"Vegetative",0,NA,NA,NA,NA,NA,0,NA,NA
2025,4,7704,0,"C","1",NA,11,0,NA,2025,"",NA,NA,NA,"7704_4","irrigated","alive",1,"Vegetative",0,NA,"1",0,0,1,NA,NA,NA
2026,4,7704,0,"C","1",NA,10,0,NA,2025,"",NA,NA,NA,"7704_4","irrigated","alive",1,"Vegetative",0,NA,NA,NA,NA,NA,0,NA,NA
2025,15,7705,8,"G","1",NA,8.5,0,NA,2025,"between 3760 and 3404",NA,NA,NA,"7705_15","drought","alive",1,"Vegetative",0,NA,"1",0,0,1,NA,NA,NA
2026,15,7705,8,"G","1",NA,6,0,NA,2025,"",NA,NA,NA,"7705_15","drought","alive",1,"Vegetative",0,NA,NA,NA,NA,NA,0,NA,NA
2025,15,7706,7,"E","2",NA,18,0,NA,2025,"",NA,NA,NA,"7706_15","drought","alive",1,"Vegetative",0,NA,"0",NA,NA,NA,NA,NA,NA
2026,15,7706,7,"E","0",NA,NA,NA,NA,2025,"NP",NA,NA,NA,"7706_15","drought",NA,NA,NA,NA,NA,NA,NA,NA,NA,0,NA,NA
2025,15,7707,5,"G","1",NA,18,0,NA,2025,"next to 7652",NA,NA,NA,"7707_15","drought","alive",1,"Vegetative",0,NA,"2",0,0,1,NA,NA,NA
2026,15,7707,5,"G","2",NA,16,0,NA,2025,"",NA,NA,NA,"7707_15","drought","alive",1,"Vegetative",0,NA,NA,NA,NA,NA,0,NA,NA
2025,15,7708,7,"E","2",NA,21,0,NA,2025,"",NA,NA,NA,"7708_15","drought","alive",1,"Vegetative",0,NA,"2",0,0,1,NA,NA,NA
2026,15,7708,7,"E","2",NA,12.5,0,NA,2025,"",NA,NA,NA,"7708_15","drought","alive",1,"Vegetative",0,NA,NA,NA,NA,NA,0,NA,NA
2025,14,7709,2,"B","1",NA,9.5,0,NA,2025,"",NA,NA,NA,"7709_14","drought","alive",1,"Vegetative",0,NA,"0",NA,NA,NA,NA,NA,NA
2026,14,7709,2,"B","0",NA,NA,NA,NA,2025,"NP",NA,NA,NA,"7709_14","drought",NA,NA,NA,NA,NA,NA,NA,NA,NA,0,NA,NA
2025,3,7710,5,"F","2",NA,19,0,NA,2025,"untagged blue toothpick from last year",NA,NA,NA,"7710_3","control","alive",1,"Vegetative",0,NA,"0",NA,NA,NA,NA,NA,NA
2026,3,7710,5,"F","0",NA,NA,NA,NA,2025,"NP",NA,NA,NA,"7710_3","control",NA,NA,NA,NA,NA,NA,NA,NA,NA,0,NA,NA
2025,15,7711,7,"D","1",NA,10.5,0,NA,2025,"",NA,NA,NA,"7711_15","drought","alive",1,"Vegetative",0,NA,"1",0,0,1,NA,NA,NA
2026,15,7711,7,"D","1",NA,7,0,NA,2025,"",NA,NA,NA,"7711_15","drought","alive",1,"Vegetative",0,NA,NA,NA,NA,NA,0,NA,NA
2025,12,7712,3,"E","2",NA,16,0,NA,2025,"",NA,NA,NA,"7712_12","irrigated","alive",1,"Vegetative",0,NA,"2",0,0,1,NA,NA,NA
2026,12,7712,3,"E","2",NA,15.5,0,NA,2025,"",NA,NA,NA,"7712_12","irrigated","alive",1,"Vegetative",0,NA,NA,NA,NA,NA,0,NA,NA
2025,12,7713,0,"B","2",NA,12,0,NA,2025,"edge of dactylis clump",NA,NA,NA,"7713_12","irrigated","alive",1,"Vegetative",0,NA,"0",NA,NA,NA,NA,NA,NA
2026,12,7713,0,"B","0",NA,NA,NA,NA,2025,"NP. Dactylis",NA,NA,NA,"7713_12","irrigated",NA,NA,NA,NA,NA,NA,NA,NA,NA,0,NA,NA
2025,12,7714,7,"A","1",NA,11,0,NA,2025,"",NA,NA,NA,"7714_12","irrigated","alive",1,"Vegetative",0,NA,"2",0,0,1,NA,NA,NA
2026,12,7714,7,"A","2",NA,14.5,0,NA,2025,"",NA,NA,NA,"7714_12","irrigated","alive",1,"Vegetative",0,NA,NA,NA,NA,NA,0,NA,NA
2025,15,7715,8,"J","3",NA,11.5,0,NA,2025,"vole hole",NA,NA,NA,"7715_15","drought","alive",1,"Vegetative",0,NA,"1",0,0,1,NA,NA,NA
2026,15,7715,8,"J","1",NA,15,0,NA,2025,"",NA,NA,NA,"7715_15","drought","alive",1,"Vegetative",0,NA,NA,NA,NA,NA,0,NA,NA
2025,15,7716,9,"G","2",NA,8,0,NA,2025,"",NA,NA,NA,"7716_15","drought","alive",1,"Vegetative",0,NA,"1",0,0,1,NA,NA,NA
2026,15,7716,9,"G","1",NA,9,0,NA,2025,"",NA,NA,NA,"7716_15","drought","alive",1,"Vegetative",0,NA,NA,NA,NA,NA,0,NA,NA
2025,15,7717,9,"D","1",NA,6,0,NA,2025,"",NA,NA,NA,"7717_15","drought","alive",1,"Vegetative",0,NA,"2",0,0,1,NA,NA,NA
2026,15,7717,9,"D","2",NA,9,0,NA,2025,"",NA,NA,NA,"7717_15","drought","alive",1,"Vegetative",0,NA,NA,NA,NA,NA,0,NA,NA
2025,15,7718,8,"D","1",NA,12.5,0,NA,2025,"",NA,NA,NA,"7718_15","drought","alive",1,"Vegetative",0,NA,"0",NA,NA,NA,NA,NA,NA
2026,15,7718,8,"D","0",NA,NA,NA,NA,2025,"NP",NA,NA,NA,"7718_15","drought",NA,NA,NA,NA,NA,NA,NA,NA,NA,0,NA,NA
2025,15,7719,9,"D","1",NA,7,0,NA,2025,"",NA,NA,NA,"7719_15","drought","alive",1,"Vegetative",0,NA,"1",0,0,1,NA,NA,NA
2026,15,7719,9,"D","1",NA,12,0,NA,2025,"",NA,NA,NA,"7719_15","drought","alive",1,"Vegetative",0,NA,NA,NA,NA,NA,0,NA,NA
2025,12,7720,0,"H","1",NA,10,0,NA,2025,"",NA,NA,NA,"7720_12","irrigated","alive",1,"Vegetative",0,NA,"1",0,0,1,NA,NA,NA
2026,12,7720,0,"H","1",NA,16,0,NA,2025,"",NA,NA,NA,"7720_12","irrigated","alive",1,"Vegetative",0,NA,NA,NA,NA,NA,0,NA,NA
2025,12,7721,1,"H","1",NA,9,0,NA,2025,"",NA,NA,NA,"7721_12","irrigated","alive",1,"Vegetative",0,NA,"1",0,0,1,NA,NA,NA
2026,12,7721,1,"H","1",NA,7.5,0,NA,2025,"",NA,NA,NA,"7721_12","irrigated","alive",1,"Vegetative",0,NA,NA,NA,NA,NA,0,NA,NA
2025,5,7722,5,"C","1",NA,11,0,NA,2025,"",NA,NA,NA,"7722_5","drought","alive",1,"Vegetative",0,NA,"1",0,0,1,NA,NA,NA
2026,5,7722,5,"C","1",NA,8,0,NA,2025,"",NA,NA,NA,"7722_5","drought","alive",1,"Vegetative",0,NA,NA,NA,NA,NA,0,NA,NA
2025,13,7723,6,"B","1",NA,10,0,NA,2025,"",NA,NA,NA,"7723_13","control","alive",1,"Vegetative",0,NA,"2",0,0,1,NA,NA,NA
2026,13,7723,6,"B","2",NA,14,0,NA,2025,"",NA,NA,NA,"7723_13","control","alive",1,"Vegetative",0,NA,NA,NA,NA,NA,0,NA,NA
2025,13,7724,8,"J","1",NA,9,0,NA,2025,"",NA,NA,NA,"7724_13","control","alive",1,"Vegetative",0,NA,"1",0,0,1,NA,NA,NA
2026,13,7724,8,"J","1",NA,16,0,NA,2025,"",NA,NA,NA,"7724_13","control","alive",1,"Vegetative",0,NA,NA,NA,NA,NA,0,NA,NA
2025,13,7725,4,"I","1",NA,13.5,0,NA,2025,"",NA,NA,NA,"7725_13","control","alive",1,"Vegetative",0,NA,"0",NA,NA,NA,NA,NA,NA
2026,13,7725,4,"I","0",NA,NA,NA,NA,2025,"NP",NA,NA,NA,"7725_13","control",NA,NA,NA,NA,NA,NA,NA,NA,NA,0,NA,NA
2025,13,7726,3,"I","1",NA,16,0,NA,2025,"",NA,NA,NA,"7726_13","control","alive",1,"Vegetative",0,NA,"0",NA,NA,NA,NA,NA,NA
2026,13,7726,3,"I","0",NA,NA,NA,NA,2025,"NP",NA,NA,NA,"7726_13","control",NA,NA,NA,NA,NA,NA,NA,NA,NA,0,NA,NA
2025,13,7727,0,"F","1",NA,9,0,NA,2025,"",NA,NA,NA,"7727_13","control","alive",1,"Vegetative",0,NA,"2",0,0,1,NA,NA,NA
2026,13,7727,0,"F","2",NA,15,0,NA,2025,"",NA,NA,NA,"7727_13","control","alive",1,"Vegetative",0,NA,NA,NA,NA,NA,0,NA,NA
2025,13,7728,3,"F","2",13,19,1,"1",2025,"",NA,NA,NA,"7728_13","control","alive",1,"Flowering",1,NA,"0",NA,NA,NA,NA,NA,NA
2026,13,7728,3,"F","0",NA,NA,NA,NA,2025,"NP",NA,NA,NA,"7728_13","control",NA,NA,NA,NA,NA,NA,NA,NA,NA,1,NA,NA
2025,13,7729,7,"E","2",NA,4,0,NA,2025,"",NA,NA,NA,"7729_13","control","alive",1,"Vegetative",0,NA,"0",NA,NA,NA,NA,NA,NA
2026,13,7729,7,"E","0",NA,NA,NA,NA,2025,"NP",NA,NA,NA,"7729_13","control",NA,NA,NA,NA,NA,NA,NA,NA,NA,0,NA,NA
2025,13,7730,7,"I","1",NA,15,0,NA,2025,"",NA,NA,NA,"7730_13","control","alive",1,"Vegetative",0,NA,"1",0,0,1,NA,NA,NA
2026,13,7730,7,"I","1",NA,11.5,0,NA,2025,"",NA,NA,NA,"7730_13","control","alive",1,"Vegetative",0,NA,NA,NA,NA,NA,0,NA,NA
2025,13,7731,5,"F","1",NA,13.5,0,NA,2025,"",NA,NA,NA,"7731_13","control","alive",1,"Vegetative",0,NA,"1",0,0,1,NA,NA,NA
2026,13,7731,5,"F","1",NA,16,0,NA,2025,"",NA,NA,NA,"7731_13","control","alive",1,"Vegetative",0,NA,NA,NA,NA,NA,0,NA,NA
2025,12,7732,19,"F","1",NA,11,0,NA,2025,"",NA,NA,NA,"7732_12","irrigated","alive",1,"Vegetative",0,NA,"0",NA,NA,NA,NA,NA,NA
2026,12,7732,19,"F","0",NA,NA,NA,NA,2025,"NP",NA,NA,NA,"7732_12","irrigated",NA,NA,NA,NA,NA,NA,NA,NA,NA,0,NA,NA
2025,12,7733,16,"C","1",NA,14,0,NA,2025,"",NA,NA,NA,"7733_12","irrigated","alive",1,"Vegetative",0,NA,"2",0,0,1,NA,NA,NA
2026,12,7733,16,"C","2",NA,20,0,NA,2025,"",NA,NA,NA,"7733_12","irrigated","alive",1,"Vegetative",0,NA,NA,NA,NA,NA,0,NA,NA
2025,13,7734,3,"E","1",NA,7,0,NA,2025,"",NA,NA,NA,"7734_13","control","alive",1,"Vegetative",0,NA,"2",0,0,1,NA,NA,NA
2026,13,7734,3,"E","2",NA,15.5,0,NA,2025,"",NA,NA,NA,"7734_13","control","alive",1,"Vegetative",0,NA,NA,NA,NA,NA,0,NA,NA
2025,13,7735,5,"J","1",NA,7,0,NA,2025,"",NA,NA,NA,"7735_13","control","alive",1,"Vegetative",0,NA,"0",NA,NA,NA,NA,NA,NA
2026,13,7735,5,"J","0",NA,NA,NA,NA,2025,"NP",NA,NA,NA,"7735_13","control",NA,NA,NA,NA,NA,NA,NA,NA,NA,0,NA,NA
2025,13,7736,6,"H","2",NA,14,0,NA,2025,"",NA,NA,NA,"7736_13","control","alive",1,"Vegetative",0,NA,"0",NA,NA,NA,NA,NA,NA
2026,13,7736,6,"H","0",NA,NA,NA,NA,2025,"NP",NA,NA,NA,"7736_13","control",NA,NA,NA,NA,NA,NA,NA,NA,NA,0,NA,NA
2025,12,7737,13,"E","2",NA,13,0,NA,2025,"could be 2 plants",NA,NA,NA,"7737_12","irrigated","alive",1,"Vegetative",0,NA,"1",0,0,1,NA,NA,NA
2026,12,7737,13,"E","1",NA,14,0,NA,2025,"",NA,NA,NA,"7737_12","irrigated","alive",1,"Vegetative",0,NA,NA,NA,NA,NA,0,NA,NA
2025,12,7738,13,"E","2",NA,9.5,0,NA,2025,"",NA,NA,NA,"7738_12","irrigated","alive",1,"Vegetative",0,NA,"0",NA,NA,NA,NA,NA,NA
2026,12,7738,13,"E","0",NA,NA,NA,NA,2025,"NP",NA,NA,NA,"7738_12","irrigated",NA,NA,NA,NA,NA,NA,NA,NA,NA,0,NA,NA
2025,4,7739,1,"J","1",NA,19,0,NA,2025,"",NA,NA,NA,"7739_4","irrigated","alive",1,"Vegetative",0,NA,"1",0,0,1,NA,NA,NA
2026,4,7739,1,"J","1",NA,19,0,NA,2025,"",NA,NA,NA,"7739_4","irrigated","alive",1,"Vegetative",0,NA,NA,NA,NA,NA,0,NA,NA
2025,4,7740,2,"J","1",NA,14,0,NA,2025,"close to 7740",NA,NA,NA,"7740_4","irrigated","alive",1,"Vegetative",0,NA,"1",0,0,1,NA,NA,NA
2026,4,7740,2,"J","1",NA,20.5,0,NA,2025,"close to 7948",NA,NA,NA,"7740_4","irrigated","alive",1,"Vegetative",0,NA,NA,NA,NA,NA,0,NA,NA
2025,14,7741,6,"B","1",NA,16,0,NA,2025,"",NA,NA,NA,"7741_14","drought","alive",1,"Vegetative",0,NA,"1",0,0,1,NA,NA,NA
2026,14,7741,6,"B","1",NA,16,0,NA,2025,"",NA,NA,NA,"7741_14","drought","alive",1,"Vegetative",0,NA,NA,NA,NA,NA,0,NA,NA
2025,14,7742,9,"E","1",NA,15,0,NA,2025,"",NA,NA,NA,"7742_14","drought","alive",1,"Vegetative",0,NA,"1",0,0,1,NA,NA,NA
2026,14,7742,9,"E","1",NA,12,0,NA,2025,"",NA,NA,NA,"7742_14","drought","alive",1,"Vegetative",0,NA,NA,NA,NA,NA,0,NA,NA
2025,12,7743,18,"D","1",NA,14,0,NA,2025,"",NA,NA,NA,"7743_12","irrigated","alive",1,"Vegetative",0,NA,"1",0,0,1,NA,NA,NA
2026,12,7743,18,"D","1",NA,9.5,0,NA,2025,"",NA,NA,NA,"7743_12","irrigated","alive",1,"Vegetative",0,NA,NA,NA,NA,NA,0,NA,NA
2025,3,7744,3,"I","1",NA,14,0,NA,2025,"",NA,NA,NA,"7744_3","control","alive",1,"Vegetative",0,NA,"0",NA,NA,NA,NA,NA,NA
2026,3,7744,3,"I","0",NA,NA,NA,NA,2025,"NP",NA,NA,NA,"7744_3","control",NA,NA,NA,NA,NA,NA,NA,NA,NA,0,NA,NA
2025,13,7746,5,"E","1",NA,6,0,NA,2025,"NEXT TO 7747",NA,NA,NA,"7746_13","control","alive",1,"Vegetative",0,NA,"2",0,0,1,NA,NA,NA
2026,13,7746,5,"E","2",NA,12,0,NA,2025,"",NA,NA,NA,"7746_13","control","alive",1,"Vegetative",0,NA,NA,NA,NA,NA,0,NA,NA
2025,13,7747,6,"E","1",NA,6,0,NA,2025,"next to 7746",NA,NA,NA,"7747_13","control","alive",1,"Vegetative",0,NA,"1",0,0,1,NA,NA,NA
2026,13,7747,6,"E","1",NA,6,0,NA,2025,"",NA,NA,NA,"7747_13","control","alive",1,"Vegetative",0,NA,NA,NA,NA,NA,0,NA,NA
2025,13,7748,4,"B","1",NA,10.5,0,NA,2025,"",NA,NA,NA,"7748_13","control","alive",1,"Vegetative",0,NA,"2",0,0,1,NA,NA,NA
2026,13,7748,4,"B","2",NA,15,0,NA,2025,"",NA,NA,NA,"7748_13","control","alive",1,"Vegetative",0,NA,NA,NA,NA,NA,0,NA,NA
2025,13,7749,5,"B","1",NA,7,0,NA,2025,"",NA,NA,NA,"7749_13","control","alive",1,"Vegetative",0,NA,"2",0,0,1,NA,NA,NA
2026,13,7749,5,"B","2",NA,8,0,NA,2025,"",NA,NA,NA,"7749_13","control","alive",1,"Vegetative",0,NA,NA,NA,NA,NA,0,NA,NA
2025,13,7750,6,"A","1",NA,14.5,0,NA,2025,"",NA,NA,NA,"7750_13","control","alive",1,"Vegetative",0,NA,"2",0,0,1,NA,NA,NA
2026,13,7750,6,"A","2",NA,8,0,NA,2025,"possible more than 1 plant but all coming out of the same spot",NA,NA,NA,"7750_13","control","alive",1,"Vegetative",0,NA,NA,NA,NA,NA,0,NA,NA
2025,13,7751,5,"B","2",NA,14,0,NA,2025,"",NA,NA,NA,"7751_13","control","alive",1,"Vegetative",0,NA,"2",0,0,1,NA,NA,NA
2026,13,7751,5,"B","2",NA,20.5,0,NA,2025,"",NA,NA,NA,"7751_13","control","alive",1,"Vegetative",0,NA,NA,NA,NA,NA,0,NA,NA
2025,13,7752,5,"C","1",NA,6,0,NA,2025,"",NA,NA,NA,"7752_13","control","alive",1,"Vegetative",0,NA,"1",0,0,1,NA,NA,NA
2026,13,7752,5,"C","1",NA,10,0,NA,2025,"",NA,NA,NA,"7752_13","control","alive",1,"Vegetative",0,NA,NA,NA,NA,NA,0,NA,NA
2025,13,7753,7,"B","2",NA,8,0,NA,2025,"",NA,NA,NA,"7753_13","control","alive",1,"Vegetative",0,NA,"0",NA,NA,NA,NA,NA,NA
2026,13,7753,7,"B","0",NA,NA,NA,NA,2025,"NP",NA,NA,NA,"7753_13","control",NA,NA,NA,NA,NA,NA,NA,NA,NA,0,NA,NA
2025,13,7754,2,"G","1",NA,15,0,NA,2025,"",NA,NA,NA,"7754_13","control","alive",1,"Vegetative",0,NA,NA,NA,NA,NA,NA,NA,NA
2026,13,7754,2,"G",NA,NA,NA,NA,NA,2025,"",NA,NA,NA,"7754_13","control",NA,NA,NA,NA,NA,NA,NA,NA,NA,0,NA,NA
2025,13,7755,3,"E","1",NA,15.5,0,NA,2025,"",NA,NA,NA,"7755_13","control","alive",1,"Vegetative",0,NA,"3",1,1,1,NA,NA,NA
2026,13,7755,3,"E","3",26.5,17,1,"4",2025,"",NA,NA,NA,"7755_13","control","alive",1,"Flowering",1,NA,NA,NA,NA,NA,0,44,1
2025,15,7756,7,"C","1",NA,10,0,NA,2025,"",NA,NA,NA,"7756_15","drought","alive",1,"Vegetative",0,NA,"1",0,0,1,NA,NA,NA
2026,15,7756,7,"C","1",NA,14,0,NA,2025,"",NA,NA,NA,"7756_15","drought","alive",1,"Vegetative",0,NA,NA,NA,NA,NA,0,NA,NA
2025,14,7757,0,"D","1",NA,14.5,0,NA,2025,"next to 7566",NA,NA,NA,"7757_14","drought","alive",1,"Vegetative",0,NA,"1",0,0,1,NA,NA,NA
2026,14,7757,0,"D","1",NA,14.5,0,NA,2025,"",NA,NA,NA,"7757_14","drought","alive",1,"Vegetative",0,NA,NA,NA,NA,NA,0,NA,NA
2025,15,7758,6,"A","1",NA,11.5,0,NA,2025,"",NA,NA,NA,"7758_15","drought","alive",1,"Vegetative",0,NA,"0",NA,NA,NA,NA,NA,NA
2026,15,7758,6,"A","0",NA,NA,NA,NA,2025,"NP",NA,NA,NA,"7758_15","drought",NA,NA,NA,NA,NA,NA,NA,NA,NA,0,NA,NA
2025,15,7759,3,"B","1",NA,4,0,NA,2025,"",NA,NA,NA,"7759_15","drought","alive",1,"Vegetative",0,NA,"0",NA,NA,NA,NA,NA,NA
2026,15,7759,3,"B","0",NA,NA,NA,NA,2025,"NP",NA,NA,NA,"7759_15","drought",NA,NA,NA,NA,NA,NA,NA,NA,NA,0,NA,NA
2025,12,7760,19,"B","1",NA,16,0,NA,2025,"",NA,NA,NA,"7760_12","irrigated","alive",1,"Vegetative",0,NA,"1",0,0,1,NA,NA,NA
2026,12,7760,19,"B","1",NA,17.5,0,NA,2025,"",NA,NA,NA,"7760_12","irrigated","alive",1,"Vegetative",0,NA,NA,NA,NA,NA,0,NA,NA
2025,12,7761,18,"B","1",NA,10,0,NA,2025,"",NA,NA,NA,"7761_12","irrigated","alive",1,"Vegetative",0,NA,"0",NA,NA,NA,NA,NA,NA
2026,12,7761,18,"B","0",NA,NA,NA,NA,2025,"NP",NA,NA,NA,"7761_12","irrigated",NA,NA,NA,NA,NA,NA,NA,NA,NA,0,NA,NA
2025,15,7762,7,"A","1",NA,8,0,NA,2025,"",NA,NA,NA,"7762_15","drought","alive",1,"Vegetative",0,NA,"1",0,0,1,NA,NA,NA
2026,15,7762,7,"A","1",NA,9.5,0,NA,2025,"",NA,NA,NA,"7762_15","drought","alive",1,"Vegetative",0,NA,NA,NA,NA,NA,0,NA,NA
2025,15,7763,6,"B","1",NA,8,0,NA,2025,"",NA,NA,NA,"7763_15","drought","alive",1,"Vegetative",0,NA,"1",0,0,1,NA,NA,NA
2026,15,7763,6,"B","1",NA,10.5,0,NA,2025,"",NA,NA,NA,"7763_15","drought","alive",1,"Vegetative",0,NA,NA,NA,NA,NA,0,NA,NA
2025,13,7764,8,"C","2",NA,12.5,0,NA,2025,"could be 2 plants",NA,NA,NA,"7764_13","control","alive",1,"Vegetative",0,NA,"0",NA,NA,NA,NA,NA,NA
2026,13,7764,8,"C","0",NA,NA,NA,NA,2025,"NP",NA,NA,NA,"7764_13","control",NA,NA,NA,NA,NA,NA,NA,NA,NA,0,NA,NA
2025,13,7765,8,"C","1",NA,9,0,NA,2025,"",NA,NA,NA,"7765_13","control","alive",1,"Vegetative",0,NA,"3",0,0,1,NA,NA,NA
2026,13,7765,8,"C","3",NA,15.5,0,NA,2025,"",NA,NA,NA,"7765_13","control","alive",1,"Vegetative",0,NA,NA,NA,NA,NA,0,NA,NA
2025,13,7766,9,"B","1",NA,5.5,0,NA,2025,"",NA,NA,NA,"7766_13","control","alive",1,"Vegetative",0,NA,"1",0,0,1,NA,NA,NA
2026,13,7766,9,"B","1",NA,7,0,NA,2025,"",NA,NA,NA,"7766_13","control","alive",1,"Vegetative",0,NA,NA,NA,NA,NA,0,NA,NA
2025,13,7767,7,"D","1",NA,2,0,NA,2025,"",NA,NA,NA,"7767_13","control","alive",1,"Vegetative",0,NA,"0",NA,NA,NA,NA,NA,NA
2026,13,7767,7,"D","0",NA,NA,NA,NA,2025,"NP",NA,NA,NA,"7767_13","control",NA,NA,NA,NA,NA,NA,NA,NA,NA,0,NA,NA
2025,13,7768,7,"D","1",NA,5.5,0,NA,2025,"",NA,NA,NA,"7768_13","control","alive",1,"Vegetative",0,NA,"1",0,0,1,NA,NA,NA
2026,13,7768,7,"D","1",NA,7,0,NA,2025,"",NA,NA,NA,"7768_13","control","alive",1,"Vegetative",0,NA,NA,NA,NA,NA,0,NA,NA
2025,13,7769,8,"J","2",NA,15,0,NA,2025,"",NA,NA,NA,"7769_13","control","alive",1,"Vegetative",0,NA,"4",0,0,1,NA,NA,NA
2026,13,7769,8,"J","4",NA,18.5,0,NA,2025,"",NA,NA,NA,"7769_13","control","alive",1,"Vegetative",0,NA,NA,NA,NA,NA,0,NA,NA
2025,13,7770,8,"F","1",NA,7,0,NA,2025,"",NA,NA,NA,"7770_13","control","alive",1,"Vegetative",0,NA,"1",0,0,1,NA,NA,NA
2026,13,7770,8,"F","1",NA,9.5,0,NA,2025,"",NA,NA,NA,"7770_13","control","alive",1,"Vegetative",0,NA,NA,NA,NA,NA,0,NA,NA
2025,13,7771,7,"E","1",NA,5,0,NA,2025,"",NA,NA,NA,"7771_13","control","alive",1,"Vegetative",0,NA,"0",NA,NA,NA,NA,NA,NA
2026,13,7771,7,"E","0",NA,NA,NA,NA,2025,"NP",NA,NA,NA,"7771_13","control",NA,NA,NA,NA,NA,NA,NA,NA,NA,0,NA,NA
2025,13,7772,7,"E","2",NA,7,0,NA,2025,"",NA,NA,NA,"7772_13","control","alive",1,"Vegetative",0,NA,"0",NA,NA,NA,NA,NA,NA
2026,13,7772,7,"E","0",NA,NA,NA,NA,2025,"NP",NA,NA,NA,"7772_13","control",NA,NA,NA,NA,NA,NA,NA,NA,NA,0,NA,NA
2025,13,7773,7,"A","1",NA,8,0,NA,2025,"",NA,NA,NA,"7773_13","control","alive",1,"Vegetative",0,NA,"2",0,0,1,NA,NA,NA
2026,13,7773,7,"A","2",NA,13,0,NA,2025,"",NA,NA,NA,"7773_13","control","alive",1,"Vegetative",0,NA,NA,NA,NA,NA,0,NA,NA
2025,13,7774,4,"C","1",NA,9.5,0,NA,2025,"",NA,NA,NA,"7774_13","control","alive",1,"Vegetative",0,NA,"1",0,0,1,NA,NA,NA
2026,13,7774,4,"C","1",NA,14,0,NA,2025,"",NA,NA,NA,"7774_13","control","alive",1,"Vegetative",0,NA,NA,NA,NA,NA,0,NA,NA
2025,15,7775,7,"C","1",NA,7,0,NA,2025,"",NA,NA,NA,"7775_15","drought","alive",1,"Vegetative",0,NA,"2",0,0,1,NA,NA,NA
2026,15,7775,7,"C","2",NA,7,0,NA,2025,"",NA,NA,NA,"7775_15","drought","alive",1,"Vegetative",0,NA,NA,NA,NA,NA,0,NA,NA
2025,12,7776,19,"G","1",NA,13,0,NA,2025,"",NA,NA,NA,"7776_12","irrigated","alive",1,"Vegetative",0,NA,"3",1,1,1,NA,NA,NA
2026,12,7776,19,"G","3",26,14.5,1,"3.5",2025,"",NA,NA,NA,"7776_12","irrigated","alive",1,"Flowering",1,NA,NA,NA,NA,NA,0,22,1
2025,12,7777,15,"I","1",NA,13,0,NA,2025,"",NA,NA,NA,"7777_12","irrigated","alive",1,"Vegetative",0,NA,"2",0,0,1,NA,NA,NA
2026,12,7777,15,"I","2",NA,7,0,NA,2025,"",NA,NA,NA,"7777_12","irrigated","alive",1,"Vegetative",0,NA,NA,NA,NA,NA,0,NA,NA
2025,12,7778,18,"D","1",NA,6.5,0,NA,2025,"",NA,NA,NA,"7778_12","irrigated","alive",1,"Vegetative",0,NA,"1",0,0,1,NA,NA,NA
2026,12,7778,18,"D","1",NA,15,0,NA,2025,"",NA,NA,NA,"7778_12","irrigated","alive",1,"Vegetative",0,NA,NA,NA,NA,NA,0,NA,NA
2025,12,7779,19,"E","1",NA,12.5,0,NA,2025,"",NA,NA,NA,"7779_12","irrigated","alive",1,"Vegetative",0,NA,"1",0,0,1,NA,NA,NA
2026,12,7779,19,"E","1",NA,14,0,NA,2025,"",NA,NA,NA,"7779_12","irrigated","alive",1,"Vegetative",0,NA,NA,NA,NA,NA,0,NA,NA
2025,15,7780,6,"B","1",NA,11,0,NA,2025,"",NA,NA,NA,"7780_15","drought","alive",1,"Vegetative",0,NA,"1",0,0,1,NA,NA,NA
2026,15,7780,6,"B","1",NA,8.5,0,NA,2025,"",NA,NA,NA,"7780_15","drought","alive",1,"Vegetative",0,NA,NA,NA,NA,NA,0,NA,NA
2025,15,7781,6,"D","2",NA,17,0,NA,2025,"",NA,NA,NA,"7781_15","drought","alive",1,"Vegetative",0,NA,"2",0,0,1,NA,NA,NA
2026,15,7781,6,"D","2",NA,11.5,0,NA,2025,"",NA,NA,NA,"7781_15","drought","alive",1,"Vegetative",0,NA,NA,NA,NA,NA,0,NA,NA
2025,15,7782,6,"D","1",NA,12,0,NA,2025,"",NA,NA,NA,"7782_15","drought","alive",1,"Vegetative",0,NA,"1",0,0,1,NA,NA,NA
2026,15,7782,6,"D","1",NA,11,0,NA,2025,"",NA,NA,NA,"7782_15","drought","alive",1,"Vegetative",0,NA,NA,NA,NA,NA,0,NA,NA
2025,15,7783,3,"B","1",NA,9,0,NA,2025,"",NA,NA,NA,"7783_15","drought","alive",1,"Vegetative",0,NA,"1",0,0,1,NA,NA,NA
2026,15,7783,3,"B","1",NA,6.5,0,NA,2025,"",NA,NA,NA,"7783_15","drought","alive",1,"Vegetative",0,NA,NA,NA,NA,NA,0,NA,NA
2025,13,7784,6,"B","1",NA,5.5,0,NA,2025,"",NA,NA,NA,"7784_13","control","alive",1,"Vegetative",0,NA,"0",NA,NA,NA,NA,NA,NA
2026,13,7784,6,"B","0",NA,NA,NA,NA,2025,"NP",NA,NA,NA,"7784_13","control",NA,NA,NA,NA,NA,NA,NA,NA,NA,0,NA,NA
2025,15,7785,7,"C","1",NA,3.5,0,NA,2025,"",NA,NA,NA,"7785_15","drought","alive",1,"Vegetative",0,NA,"1",0,0,1,NA,NA,NA
2026,15,7785,7,"C","1",NA,10,0,NA,2025,"",NA,NA,NA,"7785_15","drought","alive",1,"Vegetative",0,NA,NA,NA,NA,NA,0,NA,NA
2025,15,7786,5,"B","1",NA,9.5,0,NA,2025,"",NA,NA,NA,"7786_15","drought","alive",1,"Vegetative",0,NA,"2",0,0,1,NA,NA,NA
2026,15,7786,5,"B","2",NA,9,0,NA,2025,"",NA,NA,NA,"7786_15","drought","alive",1,"Vegetative",0,NA,NA,NA,NA,NA,0,NA,NA
2025,15,7787,7,"B","1",NA,9.5,0,NA,2025,"",NA,NA,NA,"7787_15","drought","alive",1,"Vegetative",0,NA,"1",0,0,1,NA,NA,NA
2026,15,7787,7,"B","1",NA,13,0,NA,2025,"",NA,NA,NA,"7787_15","drought","alive",1,"Vegetative",0,NA,NA,NA,NA,NA,0,NA,NA
2025,12,7788,7,"F","1",NA,8,0,NA,2025,"",NA,NA,NA,"7788_12","irrigated","alive",1,"Vegetative",0,NA,"2",0,0,1,NA,NA,NA
2026,12,7788,7,"F","2",NA,6.5,0,NA,2025,"",NA,NA,NA,"7788_12","irrigated","alive",1,"Vegetative",0,NA,NA,NA,NA,NA,0,NA,NA
2025,14,7789,5,"D","1",NA,11.5,0,NA,2025,"",NA,NA,NA,"7789_14","drought","alive",1,"Vegetative",0,NA,"2",0,0,1,NA,NA,NA
2026,14,7789,5,"D","2",NA,14,0,NA,2025,"",NA,NA,NA,"7789_14","drought","alive",1,"Vegetative",0,NA,NA,NA,NA,NA,0,NA,NA
2025,12,7790,7,"F","1",NA,10,0,NA,2025,"",NA,NA,NA,"7790_12","irrigated","alive",1,"Vegetative",0,NA,"1",0,0,1,NA,NA,NA
2026,12,7790,7,"F","1",NA,12,0,NA,2025,"",NA,NA,NA,"7790_12","irrigated","alive",1,"Vegetative",0,NA,NA,NA,NA,NA,0,NA,NA
2025,12,7791,8,"G","1",NA,7,0,NA,2025,"",NA,NA,NA,"7791_12","irrigated","alive",1,"Vegetative",0,NA,"1",0,0,1,NA,NA,NA
2026,12,7791,8,"G","1",NA,7,0,NA,2025,"",NA,NA,NA,"7791_12","irrigated","alive",1,"Vegetative",0,NA,NA,NA,NA,NA,0,NA,NA
2025,12,7792,17,"C","2",39,19,1,"4.5",2025,"next to hose",NA,NA,NA,"7792_12","irrigated","alive",1,"Flowering",1,NA,"0",NA,NA,NA,NA,NA,NA
2026,12,7792,17,"C","0",NA,NA,NA,NA,2025,"NP",NA,NA,NA,"7792_12","irrigated",NA,NA,NA,NA,NA,NA,NA,NA,NA,1,NA,NA
2025,13,7793,7,"B","1",NA,9,0,NA,2025,"",NA,NA,NA,"7793_13","control","alive",1,"Vegetative",0,NA,"1",0,0,1,NA,NA,NA
2026,13,7793,7,"B","1",NA,12,0,NA,2025,"",NA,NA,NA,"7793_13","control","alive",1,"Vegetative",0,NA,NA,NA,NA,NA,0,NA,NA
2025,13,7794,8,"B","1",NA,7.5,0,NA,2025,"",NA,NA,NA,"7794_13","control","alive",1,"Vegetative",0,NA,"2",0,0,1,NA,NA,NA
2026,13,7794,8,"B","2",NA,12.5,0,NA,2025,"",NA,NA,NA,"7794_13","control","alive",1,"Vegetative",0,NA,NA,NA,NA,NA,0,NA,NA
2025,13,7795,9,"B","1",NA,15,0,NA,2025,"",NA,NA,NA,"7795_13","control","alive",1,"Vegetative",0,NA,"4",2,1,1,NA,NA,NA
2026,13,7795,9,"B","4",24,10.5,2,"5",2025,"",NA,NA,NA,"7795_13","control","alive",1,"Flowering",1,NA,NA,NA,NA,NA,0,36,1
2025,13,7796,9,"B","1",NA,5.5,0,NA,2025,"",NA,NA,NA,"7796_13","control","alive",1,"Vegetative",0,NA,"0",NA,NA,NA,NA,NA,NA
2026,13,7796,9,"B","0",NA,NA,NA,NA,2025,"NP",NA,NA,NA,"7796_13","control",NA,NA,NA,NA,NA,NA,NA,NA,NA,0,NA,NA
2025,13,7797,9,"B","1",NA,5.5,0,NA,2025,"",NA,NA,NA,"7797_13","control","alive",1,"Vegetative",0,NA,"2",1,1,1,NA,NA,NA
2026,13,7797,9,"B","2",32,16,1,"3",2025,"",NA,NA,NA,"7797_13","control","alive",1,"Flowering",1,NA,NA,NA,NA,NA,0,0,0
2025,13,7798,6,"B","1",NA,10,0,NA,2025,"",NA,NA,NA,"7798_13","control","alive",1,"Vegetative",0,NA,"2",0,0,1,NA,NA,NA
2026,13,7798,6,"B","2",NA,12,0,NA,2025,"",NA,NA,NA,"7798_13","control","alive",1,"Vegetative",0,NA,NA,NA,NA,NA,0,NA,NA
2025,13,7799,5,"B","1",NA,9,0,NA,2025,"",NA,NA,NA,"7799_13","control","alive",1,"Vegetative",0,NA,"1",0,0,1,NA,NA,NA
2026,13,7799,5,"B","1",NA,10,0,NA,2025,"",NA,NA,NA,"7799_13","control","alive",1,"Vegetative",0,NA,NA,NA,NA,NA,0,NA,NA
2025,14,7800,1,"A","1",NA,13.5,0,NA,2025,"this is the ""small untagged plant"" next to 3495 that wasn’t tagged last year (new in 2024)",NA,NA,NA,"7800_14","drought","alive",1,"Vegetative",0,NA,"3",0,0,1,NA,NA,NA
2026,14,7800,1,"A","3",NA,19,0,NA,2025,"",NA,NA,NA,"7800_14","drought","alive",1,"Vegetative",0,NA,NA,NA,NA,NA,0,NA,NA
2026,14,7865,8,"D","1",NA,1,0,NA,2026,"",NA,NA,NA,"7865_14","drought","alive",1,"Vegetative",0,NA,NA,NA,NA,NA,NA,NA,NA
2026,14,7867,8,"B","1",NA,21,0,NA,2026,"",NA,NA,NA,"7867_14","drought","alive",1,"Vegetative",0,NA,NA,NA,NA,NA,NA,NA,NA
2026,14,7868,9,"A","1",NA,20,0,NA,2026,"",NA,NA,NA,"7868_14","drought","alive",1,"Vegetative",0,NA,NA,NA,NA,NA,NA,NA,NA
2026,14,7869,8,"A","1",NA,12,0,NA,2026,"",NA,NA,NA,"7869_14","drought","alive",1,"Vegetative",0,NA,NA,NA,NA,NA,NA,NA,NA
2026,14,7870,8,"F","1",NA,14.5,0,NA,2026,"",NA,NA,NA,"7870_14","drought","alive",1,"Vegetative",0,NA,NA,NA,NA,NA,NA,NA,NA
2026,14,7871,7,"D","3",NA,23.5,0,NA,2026,"",NA,NA,NA,"7871_14","drought","alive",1,"Vegetative",0,NA,NA,NA,NA,NA,NA,NA,NA
2026,13,7872,14,"E","1",NA,14,0,NA,2026,"",NA,NA,NA,"7872_13","control","alive",1,"Vegetative",0,NA,NA,NA,NA,NA,NA,NA,NA
2026,13,7873,16,"H","1",NA,14,0,NA,2026,"",NA,NA,NA,"7873_13","control","alive",1,"Vegetative",0,NA,NA,NA,NA,NA,NA,NA,NA
2026,13,7874,10,"C","1",NA,10,0,NA,2026,"",NA,NA,NA,"7874_13","control","alive",1,"Vegetative",0,NA,NA,NA,NA,NA,NA,NA,NA
2026,14,7875,0,"J","2",NA,13,0,NA,2026,"",NA,NA,NA,"7875_14","drought","alive",1,"Vegetative",0,NA,NA,NA,NA,NA,NA,NA,NA
2026,13,7876,12,"D","1",NA,13,0,NA,2026,"",NA,NA,NA,"7876_13","control","alive",1,"Vegetative",0,NA,NA,NA,NA,NA,NA,NA,NA
2026,13,7877,13,"D","1",NA,13,0,NA,2026,"",NA,NA,NA,"7877_13","control","alive",1,"Vegetative",0,NA,NA,NA,NA,NA,NA,NA,NA
2026,13,7878,13,"D","1",NA,6,0,NA,2026,"",NA,NA,NA,"7878_13","control","alive",1,"Vegetative",0,NA,NA,NA,NA,NA,NA,NA,NA
2026,13,7880,11,"E","1",NA,17,0,NA,2026,"",NA,NA,NA,"7880_13","control","alive",1,"Vegetative",0,NA,NA,NA,NA,NA,NA,NA,NA
2026,13,7881,10,"C","1",NA,3,0,NA,2026,"",NA,NA,NA,"7881_13","control","alive",1,"Vegetative",0,NA,NA,NA,NA,NA,NA,NA,NA
2026,13,7882,10,"D","2",NA,15.5,0,NA,2026,"",NA,NA,NA,"7882_13","control","alive",1,"Vegetative",0,NA,NA,NA,NA,NA,NA,NA,NA
2026,13,7883,10,"C","1",NA,9,0,NA,2026,"",NA,NA,NA,"7883_13","control","alive",1,"Vegetative",0,NA,NA,NA,NA,NA,NA,NA,NA
2026,13,7884,7,"A","1",NA,13,0,NA,2026,"",NA,NA,NA,"7884_13","control","alive",1,"Vegetative",0,NA,NA,NA,NA,NA,NA,NA,NA
2026,13,7885,10,"D","1",NA,15.5,0,NA,2026,"",NA,NA,NA,"7885_13","control","alive",1,"Vegetative",0,NA,NA,NA,NA,NA,NA,NA,NA
2026,13,7886,9,"B","3",32,18,1,"4",2026,"not a seedling",NA,NA,NA,"7886_13","control","alive",1,"Flowering",1,NA,NA,NA,NA,NA,NA,24,1
2026,13,7887,8,"A","1",NA,16.5,0,NA,2026,"",NA,NA,NA,"7887_13","control","alive",1,"Vegetative",0,NA,NA,NA,NA,NA,NA,NA,NA
2026,13,7888,7,"C","1",NA,14,0,NA,2026,"",NA,NA,NA,"7888_13","control","alive",1,"Vegetative",0,NA,NA,NA,NA,NA,NA,NA,NA
2026,13,7889,18,"I","2",NA,19,0,NA,2026,"",NA,NA,NA,"7889_13","control","alive",1,"Vegetative",0,NA,NA,NA,NA,NA,NA,NA,NA
2026,13,7890,15,"J","1",NA,11,0,NA,2026,"",NA,NA,NA,"7890_13","control","alive",1,"Vegetative",0,NA,NA,NA,NA,NA,NA,NA,NA
2026,13,7891,16,"F","1",NA,13.5,0,NA,2026,"",NA,NA,NA,"7891_13","control","alive",1,"Vegetative",0,NA,NA,NA,NA,NA,NA,NA,NA
2026,14,7899,2,"A","3",NA,19.5,0,NA,2026,"",NA,NA,NA,"7899_14","drought","alive",1,"Vegetative",0,NA,NA,NA,NA,NA,NA,NA,NA
2026,14,7900,1,"G","2",NA,17.5,0,NA,2026,"",NA,NA,NA,"7900_14","drought","alive",1,"Vegetative",0,NA,NA,NA,NA,NA,NA,NA,NA
2025,4,7901,0,"B","1",NA,9,0,NA,2025,"",NA,NA,NA,"7901_4","irrigated","alive",1,"Vegetative",0,NA,"1",0,0,1,NA,NA,NA
2026,4,7901,0,"B","1",NA,12,0,NA,2025,"",NA,NA,NA,"7901_4","irrigated","alive",1,"Vegetative",0,NA,NA,NA,NA,NA,0,NA,NA
2025,7,7905,6,"I","1",NA,18,0,NA,2025,"",NA,NA,NA,"7905_7","drought","alive",1,"Vegetative",0,NA,"0",NA,NA,NA,NA,NA,NA
2026,7,7905,6,"I","0",NA,NA,NA,NA,2025,"NP",NA,NA,NA,"7905_7","drought",NA,NA,NA,NA,NA,NA,NA,NA,NA,0,NA,NA
2025,1,7908,1,"B","2",NA,24,0,NA,2025,"",NA,NA,NA,"7908_1","irrigated","alive",1,"Vegetative",0,NA,"6",3,1,1,NA,NA,NA
2026,1,7908,1,"B","6",42.5,18.5,3,"7.5",2025,"older umbel dead",NA,NA,NA,"7908_1","irrigated","alive",1,"Flowering",1,NA,NA,NA,NA,NA,0,128,1
2025,1,7909,6,"F","2",NA,20,0,NA,2025,"",NA,NA,NA,"7909_1","irrigated","alive",1,"Vegetative",0,NA,"0",NA,NA,NA,NA,NA,NA
2026,1,7909,6,"F","0",NA,NA,NA,NA,2025,"NP",NA,NA,NA,"7909_1","irrigated",NA,NA,NA,NA,NA,NA,NA,NA,NA,0,NA,NA
2025,3,7917,6,"J","2",NA,13,0,NA,2025,"",NA,NA,NA,"7917_3","control","alive",1,"Vegetative",0,NA,"0",NA,NA,NA,NA,NA,NA
2026,3,7917,6,"J","0",NA,NA,NA,NA,2025,"NP",NA,NA,NA,"7917_3","control",NA,NA,NA,NA,NA,NA,NA,NA,NA,0,NA,NA
2025,4,7919,8,"J","2",NA,9,0,NA,2025,"in moss",NA,NA,NA,"7919_4","irrigated","alive",1,"Vegetative",0,NA,"0",NA,NA,NA,NA,NA,NA
2026,4,7919,8,"J","0",NA,NA,NA,NA,2025,"NP",NA,NA,NA,"7919_4","irrigated",NA,NA,NA,NA,NA,NA,NA,NA,NA,0,NA,NA
2025,3,7922,14,"B","1",14,7,1,NA,2025,"dead umbel",NA,NA,NA,"7922_3","control","alive",1,"Flowering",1,NA,"4",2,1,1,NA,NA,NA
2026,3,7922,14,"B","4",26.5,14,2,"6",2025,"",NA,NA,NA,"7922_3","control","alive",1,"Flowering",1,NA,NA,NA,NA,NA,1,0,0
2025,1,7923,1,"F","1",NA,16,0,NA,2025,"",NA,NA,NA,"7923_1","irrigated","alive",1,"Vegetative",0,NA,"1",0,0,1,NA,NA,NA
2026,1,7923,1,"F","1",NA,22,0,NA,2025,"",NA,NA,NA,"7923_1","irrigated","alive",1,"Vegetative",0,NA,NA,NA,NA,NA,0,NA,NA
2025,3,7925,6,"C","1",NA,8,0,NA,2025,"",NA,NA,NA,"7925_3","control","alive",1,"Vegetative",0,NA,"0",NA,NA,NA,NA,NA,NA
2026,3,7925,6,"C","0",NA,NA,NA,NA,2025,"NP",NA,NA,NA,"7925_3","control",NA,NA,NA,NA,NA,NA,NA,NA,NA,0,NA,NA
2025,4,7927,0,"B","1",NA,11,0,NA,2025,"",NA,NA,NA,"7927_4","irrigated","alive",1,"Vegetative",0,NA,"2",0,0,1,NA,NA,NA
2026,4,7927,0,"B","2",NA,9,0,NA,2025,"",NA,NA,NA,"7927_4","irrigated","alive",1,"Vegetative",0,NA,NA,NA,NA,NA,0,NA,NA
2025,4,7928,5,"I","1",NA,16.5,0,NA,2025,"",NA,NA,NA,"7928_4","irrigated","alive",1,"Vegetative",0,NA,"0",NA,NA,NA,NA,NA,NA
2026,4,7928,5,"I","0",NA,NA,NA,NA,2025,"NP",NA,NA,NA,"7928_4","irrigated",NA,NA,NA,NA,NA,NA,NA,NA,NA,0,NA,NA
2025,1,7929,8,"J","1",NA,18,0,NA,2025,"",NA,NA,NA,"7929_1","irrigated","alive",1,"Vegetative",0,NA,"3",1,1,1,NA,NA,NA
2026,1,7929,8,"J","3",33,19,1,"2.5",2025,"chewed off by rabbits",NA,NA,NA,"7929_1","irrigated","alive",1,"Flowering",1,NA,NA,NA,NA,NA,0,0,0
2025,7,7933,7,"I","1",NA,14,0,NA,2025,"",NA,NA,NA,"7933_7","drought","alive",1,"Vegetative",0,NA,"0",NA,NA,NA,NA,NA,NA
2026,7,7933,7,"I","0",NA,NA,NA,NA,2025,"NP",NA,NA,NA,"7933_7","drought",NA,NA,NA,NA,NA,NA,NA,NA,NA,0,NA,NA
2025,1,7934,8,"C","1",NA,15,0,NA,2025,"",NA,NA,NA,"7934_1","irrigated","alive",1,"Vegetative",0,NA,"0",NA,NA,NA,NA,NA,NA
2026,1,7934,8,"C","0",NA,NA,NA,NA,2025,"NP",NA,NA,NA,"7934_1","irrigated",NA,NA,NA,NA,NA,NA,NA,NA,NA,0,NA,NA
2025,1,7935,5,"I","1",NA,15,0,NA,2025,"",NA,NA,NA,"7935_1","irrigated","alive",1,"Vegetative",0,NA,"0",NA,NA,NA,NA,NA,NA
2026,1,7935,5,"I","0",NA,NA,NA,NA,2025,"NP",NA,NA,NA,"7935_1","irrigated",NA,NA,NA,NA,NA,NA,NA,NA,NA,0,NA,NA
2025,1,7939,3,"H","1",NA,21,0,NA,2025,"",NA,NA,NA,"7939_1","irrigated","alive",1,"Vegetative",0,NA,"2",0,0,1,NA,NA,NA
2026,1,7939,3,"H","2",NA,29,0,NA,2025,"",NA,NA,NA,"7939_1","irrigated","alive",1,"Vegetative",0,NA,NA,NA,NA,NA,0,NA,NA
2025,4,7940,0,"H","1",NA,7,0,NA,2025,"",NA,NA,NA,"7940_4","irrigated","alive",1,"Vegetative",0,NA,"0",NA,NA,NA,NA,NA,NA
2026,4,7940,0,"H","0",NA,NA,NA,NA,2025,"NP",NA,NA,NA,"7940_4","irrigated",NA,NA,NA,NA,NA,NA,NA,NA,NA,0,NA,NA
2025,4,7946,0,"C","1",NA,8.5,0,NA,2025,"",NA,NA,NA,"7946_4","irrigated","alive",1,"Vegetative",0,NA,"0",NA,NA,NA,NA,NA,NA
2026,4,7946,0,"C","0",NA,NA,NA,NA,2025,"NP",NA,NA,NA,"7946_4","irrigated",NA,NA,NA,NA,NA,NA,NA,NA,NA,0,NA,NA
2025,4,7947,3,"B","1",NA,11,0,NA,2025,"",NA,NA,NA,"7947_4","irrigated","alive",1,"Vegetative",0,NA,"2",0,0,1,NA,NA,NA
2026,4,7947,3,"B","2",NA,10,0,NA,2025,"",NA,NA,NA,"7947_4","irrigated","alive",1,"Vegetative",0,NA,NA,NA,NA,NA,0,NA,NA
2025,4,7948,2,"J","1",NA,12,0,NA,2025,"close to 7948",NA,NA,NA,"7948_4","irrigated","alive",1,"Vegetative",0,NA,"2",1,1,1,NA,NA,NA
2026,4,7948,2,"J","2",34,13,1,"4",2025,"close to 7740",NA,NA,NA,"7948_4","irrigated","alive",1,"Flowering",1,NA,NA,NA,NA,NA,0,12,1
2025,4,7949,2,"C","1",NA,7.5,0,NA,2025,"",NA,NA,NA,"7949_4","irrigated","alive",1,"Vegetative",0,NA,"2",0,0,1,NA,NA,NA
2026,4,7949,2,"C","2",NA,5,0,NA,2025,"",NA,NA,NA,"7949_4","irrigated","alive",1,"Vegetative",0,NA,NA,NA,NA,NA,0,NA,NA
2025,2,7963,2,"G","2",NA,20.5,0,NA,2025,"",NA,NA,NA,"7963_2","control","alive",1,"Vegetative",0,NA,"0",NA,NA,NA,NA,NA,NA
2026,2,7963,2,"G","0",NA,NA,NA,NA,2025,"NP",NA,NA,NA,"7963_2","control",NA,NA,NA,NA,NA,NA,NA,NA,NA,0,NA,NA
2025,4,7970,0,"I","1",NA,10.5,0,NA,2025,"",NA,NA,NA,"7970_4","irrigated","alive",1,"Vegetative",0,NA,"2",0,0,1,NA,NA,NA
2026,4,7970,0,"I","2",NA,19,0,NA,2025,"",NA,NA,NA,"7970_4","irrigated","alive",1,"Vegetative",0,NA,NA,NA,NA,NA,0,NA,NA
2025,4,7971,3,"B","2",NA,11,0,NA,2025,"",NA,NA,NA,"7971_4","irrigated","alive",1,"Vegetative",0,NA,"3",0,0,1,NA,NA,NA
2026,4,7971,3,"B","3",NA,10,0,NA,2025,"",NA,NA,NA,"7971_4","irrigated","alive",1,"Vegetative",0,NA,NA,NA,NA,NA,0,NA,NA
2025,14,7972,4,"H","1",NA,28,0,NA,2025,"",NA,NA,NA,"7972_14","drought","alive",1,"Vegetative",0,NA,"0",NA,NA,NA,NA,NA,NA
2026,14,7972,4,"H","0",NA,NA,NA,NA,2025,"NP",NA,NA,NA,"7972_14","drought",NA,NA,NA,NA,NA,NA,NA,NA,NA,0,NA,NA
2025,14,7973,2,"J","1",NA,16,0,NA,2025,"",NA,NA,NA,"7973_14","drought","alive",1,"Vegetative",0,NA,"0",NA,NA,NA,NA,NA,NA
2026,14,7973,2,"J","0",NA,NA,NA,NA,2025,"NP",NA,NA,NA,"7973_14","drought",NA,NA,NA,NA,NA,NA,NA,NA,NA,0,NA,NA
2025,14,7974,1,"J","1",NA,15,0,NA,2025,"",NA,NA,NA,"7974_14","drought","alive",1,"Vegetative",0,NA,"1",0,0,1,NA,NA,NA
2026,14,7974,1,"J","1",NA,10,0,NA,2025,"",NA,NA,NA,"7974_14","drought","alive",1,"Vegetative",0,NA,NA,NA,NA,NA,0,NA,NA
2025,14,7975,2,"I","1",NA,14.5,0,NA,2025,"",NA,NA,NA,"7975_14","drought","alive",1,"Vegetative",0,NA,"0",NA,NA,NA,NA,NA,NA
2026,14,7975,2,"I","0",NA,NA,NA,NA,2025,"NP",NA,NA,NA,"7975_14","drought",NA,NA,NA,NA,NA,NA,NA,NA,NA,0,NA,NA
2025,14,7976,2,"H","1",NA,19,0,NA,2025,"",NA,NA,NA,"7976_14","drought","alive",1,"Vegetative",0,NA,"2",0,0,1,NA,NA,NA
2026,14,7976,2,"H","2",NA,30,0,NA,2025,"",NA,NA,NA,"7976_14","drought","alive",1,"Vegetative",0,NA,NA,NA,NA,NA,0,NA,NA
2025,14,7977,1,"E","1",NA,18.5,0,NA,2025,"",NA,NA,NA,"7977_14","drought","alive",1,"Vegetative",0,NA,"0",NA,NA,NA,NA,NA,NA
2026,14,7977,1,"E","0",NA,NA,NA,NA,2025,"NP",NA,NA,NA,"7977_14","drought",NA,NA,NA,NA,NA,NA,NA,NA,NA,0,NA,NA
2025,14,7978,0,"H","1",NA,14,0,NA,2025,"",NA,NA,NA,"7978_14","drought","alive",1,"Vegetative",0,NA,"1",0,0,1,NA,NA,NA
2026,14,7978,0,"H","1",NA,14,0,NA,2025,"",NA,NA,NA,"7978_14","drought","alive",1,"Vegetative",0,NA,NA,NA,NA,NA,0,NA,NA
